2025-09-24 10:33:51,931 [INFO] Activator:176 - 


2025-09-24 10:33:51,937 [INFO] Activator:177 - !SESSION log4j initialized
2025-09-24 10:34:00,389 [INFO] LogOutputStream:77 - [STDOUT_REDIRECT] 
2025-09-24 10:34:09,810 [INFO] ApplicationProperties:184 - Using Application install path: C:\ST\STM32CubeIDE_1.19.0\STM32CubeIDE\plugins\com.st.stm32cube.common.mx_6.15.0.202507011659
2025-09-24 10:34:09,837 [INFO] DbMcusXml:78 - Set database path to: C:\ST\STM32CubeIDE_1.19.0\STM32CubeIDE\plugins\com.st.stm32cube.common.mx_6.15.0.202507011659\\db\/mcu/
2025-09-24 10:34:09,837 [INFO] ApiDb:274 - Set plugin database path to: C:\ST\STM32CubeIDE_1.19.0\STM32CubeIDE\plugins\com.st.stm32cube.common.mx_6.15.0.202507011659\\db\/plugins/boardmanager/
2025-09-24 10:34:09,838 [WARN] ApiDb:259 - Overriding images path with different value:  => C:\ST\STM32CubeIDE_1.19.0\STM32CubeIDE\plugins\com.st.stm32cube.common.mx_6.15.0.202507011659\\db\/plugins/mcufinder/images/
2025-09-24 10:34:09,848 [INFO] ApiDb:250 - Set database path to: C:\Users\train\.stmcufinder\plugins\mcufinder//mcu/
2025-09-24 10:34:09,850 [INFO] DbMcusAds:125 - Set database path to: C:\Users\train\.stmcufinder\plugins\mcufinder//mcu/
2025-09-24 10:34:09,854 [INFO] CrossReferenceDbSqlite:203 - Set database path to: C:\Users\train\.stmcufinder\plugins\mcufinder//mcu/cs/
2025-09-24 10:34:10,010 [INFO] RulesReader:64 - Compatibility file has been processed (317 Rules)
2025-09-24 10:34:10,130 [INFO] DbMcusXml:78 - Set database path to: C:\ST\STM32CubeIDE_1.19.0\STM32CubeIDE\plugins\com.st.stm32cube.common.mx_6.15.0.202507011659\\db\/mcu/
2025-09-24 10:34:10,130 [INFO] ApiDb:274 - Set plugin database path to: C:\ST\STM32CubeIDE_1.19.0\STM32CubeIDE\plugins\com.st.stm32cube.common.mx_6.15.0.202507011659\\db\/plugins/boardmanager/
2025-09-24 10:34:10,130 [INFO] ApiDb:261 - Set plugin images path to: C:\ST\STM32CubeIDE_1.19.0\STM32CubeIDE\plugins\com.st.stm32cube.common.mx_6.15.0.202507011659\\db\/plugins/mcufinder/images/
2025-09-24 10:34:10,130 [WARN] DbFile:41 - Overriding database path with different value: C:\Users\train\.stmcufinder\plugins\mcufinder/ => C:\Users\train\.stmcufinder\plugins\mcufinder
2025-09-24 10:34:10,130 [INFO] ApiDb:250 - Set database path to: C:\Users\train\.stmcufinder\plugins\mcufinder//mcu/
2025-09-24 10:34:10,130 [WARN] DbFile:41 - Overriding database path with different value: C:\Users\train\.stmcufinder\plugins\mcufinder/ => C:\Users\train\.stmcufinder\plugins\mcufinder
2025-09-24 10:34:10,131 [INFO] DbMcusAds:125 - Set database path to: C:\Users\train\.stmcufinder\plugins\mcufinder//mcu/
2025-09-24 10:34:10,131 [WARN] DbFile:41 - Overriding database path with different value: C:\Users\train\.stmcufinder\plugins\mcufinder/ => C:\Users\train\.stmcufinder\plugins\mcufinder
2025-09-24 10:34:10,131 [WARN] DbFile:41 - Overriding database path with different value: C:\Users\train\.stmcufinder\plugins\mcufinder/ => C:\Users\train\.stmcufinder\plugins\mcufinder
2025-09-24 10:34:10,131 [INFO] CrossReferenceDbSqlite:203 - Set database path to: C:\Users\train\.stmcufinder\plugins\mcufinder//mcu/cs/
2025-09-24 10:34:10,224 [INFO] MainPanel:274 - HeapMemory: 268435456
2025-09-24 10:34:10,369 [INFO] DbMcusXml:78 - Set database path to: C:\ST\STM32CubeIDE_1.19.0\STM32CubeIDE\plugins\com.st.stm32cube.common.mx_6.15.0.202507011659\\db\/mcu/
2025-09-24 10:34:10,369 [INFO] ApiDb:274 - Set plugin database path to: C:\ST\STM32CubeIDE_1.19.0\STM32CubeIDE\plugins\com.st.stm32cube.common.mx_6.15.0.202507011659\\db\/plugins/boardmanager/
2025-09-24 10:34:10,369 [INFO] ApiDb:261 - Set plugin images path to: C:\ST\STM32CubeIDE_1.19.0\STM32CubeIDE\plugins\com.st.stm32cube.common.mx_6.15.0.202507011659\\db\/plugins/mcufinder/images/
2025-09-24 10:34:10,369 [WARN] DbFile:41 - Overriding database path with different value: C:\Users\train\.stmcufinder\plugins\mcufinder/ => C:\Users\train\.stmcufinder\plugins\mcufinder
2025-09-24 10:34:10,369 [INFO] ApiDb:250 - Set database path to: C:\Users\train\.stmcufinder\plugins\mcufinder//mcu/
2025-09-24 10:34:10,369 [WARN] DbFile:41 - Overriding database path with different value: C:\Users\train\.stmcufinder\plugins\mcufinder/ => C:\Users\train\.stmcufinder\plugins\mcufinder
2025-09-24 10:34:10,369 [INFO] DbMcusAds:125 - Set database path to: C:\Users\train\.stmcufinder\plugins\mcufinder//mcu/
2025-09-24 10:34:10,371 [WARN] DbFile:41 - Overriding database path with different value: C:\Users\train\.stmcufinder\plugins\mcufinder/ => C:\Users\train\.stmcufinder\plugins\mcufinder
2025-09-24 10:34:10,371 [WARN] DbFile:41 - Overriding database path with different value: C:\Users\train\.stmcufinder\plugins\mcufinder/ => C:\Users\train\.stmcufinder\plugins\mcufinder
2025-09-24 10:34:10,371 [INFO] CrossReferenceDbSqlite:203 - Set database path to: C:\Users\train\.stmcufinder\plugins\mcufinder//mcu/cs/
2025-09-24 10:34:10,392 [INFO] ApplicationProperties:184 - Using Application install path: C:\ST\STM32CubeIDE_1.19.0\STM32CubeIDE\plugins\com.st.stm32cube.common.mx_6.15.0.202507011659
2025-09-24 10:34:10,393 [INFO] PluginManage:196 - Search for loadable plugins [exclusion list=, ]
2025-09-24 10:34:10,395 [INFO] PluginManage:310 - Check plugin analytics
2025-09-24 10:34:10,824 [INFO] AnalyticsPlugin:253 - Accepted Software Licenses: 
2025-09-24 10:34:10,824 [INFO] AnalyticsPlugin:255 - Accepted CMSIS Pack Licenses: 
2025-09-24 10:34:10,824 [INFO] AnalyticsPlugin:257 - Accepted Firmware Licenses: FW.F4.1.28.0
2025-09-24 10:34:10,831 [INFO] PluginManage:359 - Loaded plugin analytics (category:tool,tabindex:-1)
2025-09-24 10:34:10,832 [INFO] PluginManage:310 - Check plugin cadmodel
2025-09-24 10:34:10,842 [INFO] CADModel:105 - Init CAD model plugin
2025-09-24 10:34:10,842 [INFO] PluginManage:359 - Loaded plugin cadmodel (category:power,tabindex:5)
2025-09-24 10:34:10,842 [INFO] PluginManage:310 - Check plugin clock
2025-09-24 10:34:10,865 [INFO] PluginManage:359 - Loaded plugin clock (category:base,tabindex:2)
2025-09-24 10:34:10,865 [INFO] PluginManage:310 - Check plugin ddr
2025-09-24 10:34:10,872 [INFO] PluginManage:359 - Loaded plugin ddr (category:tool,tabindex:6)
2025-09-24 10:34:10,872 [INFO] PluginManage:310 - Check plugin filemanager
2025-09-24 10:34:11,097 [INFO] PluginManage:359 - Loaded plugin filemanager (category:base,tabindex:10)
2025-09-24 10:34:11,098 [INFO] PluginManage:310 - Check plugin ipmanager
2025-09-24 10:34:11,109 [INFO] PluginManage:359 - Loaded plugin ipmanager (category:base,tabindex:5)
2025-09-24 10:34:11,109 [INFO] PluginManage:310 - Check plugin lpbam
2025-09-24 10:34:11,118 [INFO] PluginManage:359 - Loaded plugin lpbam (category:base,tabindex:0)
2025-09-24 10:34:11,118 [INFO] PluginManage:310 - Check plugin memorymap
2025-09-24 10:34:11,136 [INFO] PluginManage:359 - Loaded plugin memorymap (category:base,tabindex:4)
2025-09-24 10:34:11,136 [INFO] PluginManage:310 - Check plugin pinoutandconfiguration
2025-09-24 10:34:11,148 [INFO] PluginManage:359 - Loaded plugin pinoutandconfiguration (category:base,tabindex:1)
2025-09-24 10:34:11,148 [INFO] PluginManage:310 - Check plugin pinoutconfig
2025-09-24 10:34:11,261 [WARN] SupportedApi:132 - Cannot load RTOS API schema: s4s-elt-must-match.1: The content of 'definitions' must match (annotation?, (simpleType | complexType)?, (unique | key | keyref)*)). A problem was found starting at: attribute.
2025-09-24 10:34:11,482 [INFO] PluginManage:359 - Loaded plugin pinoutconfig (category:base,tabindex:0)
2025-09-24 10:34:11,482 [INFO] PluginManage:310 - Check plugin power
2025-09-24 10:34:11,500 [INFO] PluginManage:359 - Loaded plugin power (category:power,tabindex:4)
2025-09-24 10:34:11,500 [INFO] PluginManage:310 - Check plugin projectmanager
2025-09-24 10:34:11,518 [INFO] PluginManage:359 - Loaded plugin projectmanager (category:projectmanager,tabindex:4)
2025-09-24 10:34:11,518 [INFO] PluginManage:310 - Check plugin rif
2025-09-24 10:34:11,534 [INFO] PluginManage:359 - Loaded plugin rif (category:base,tabindex:3)
2025-09-24 10:34:11,534 [INFO] PluginManage:310 - Check plugin thirdparty
2025-09-24 10:34:11,708 [INFO] PluginManage:359 - Loaded plugin thirdparty (category:base,tabindex:-1)
2025-09-24 10:34:11,708 [WARN] IntegrityCheckThread:84 - waiting for thirdparty lock release [integrity check]
2025-09-24 10:34:11,709 [INFO] IntegrityCheckThread:86 - entering critical section [integrity check]
2025-09-24 10:34:11,709 [INFO] PluginManage:310 - Check plugin tools
2025-09-24 10:34:11,709 [INFO] ThirdPartyUpdaterWithRetryManager:70 - Updater plugin not ready yet. [1/15]
2025-09-24 10:34:11,715 [INFO] PluginManage:359 - Loaded plugin tools (category:base,tabindex:7)
2025-09-24 10:34:11,716 [INFO] PluginManage:310 - Check plugin tutovideos
2025-09-24 10:34:11,982 [INFO] PluginManage:359 - Loaded plugin tutovideos (category:base,tabindex:-1)
2025-09-24 10:34:11,983 [INFO] PluginManage:310 - Check plugin updater
2025-09-24 10:34:12,009 [INFO] PluginManage:359 - Loaded plugin updater (category:base,tabindex:12)
2025-09-24 10:34:12,009 [INFO] PluginManage:310 - Check plugin userauth
2025-09-24 10:34:12,014 [INFO] UserAuth:118 - Init User Auth plugin
2025-09-24 10:34:12,015 [INFO] PluginManage:359 - Loaded plugin userauth (category:base,tabindex:14)
2025-09-24 10:34:12,015 [INFO] PluginManage:283 - PluginManage : Loaded plugins [18]
2025-09-24 10:34:12,390 [INFO] PinOutPanel:1589 - setPackage(No Configuration,No Configuration)
2025-09-24 10:34:12,551 [INFO] CADModel:165 - CPN selected for project level
2025-09-24 10:34:12,551 [INFO] CADModel:114 - Register for checkConnection events
2025-09-24 10:34:12,581 [INFO] IPUIPlugin:80 - create IPUIPlugin
2025-09-24 10:34:12,581 [INFO] PluginManager:220 - loadIPPluginJar : add adc
2025-09-24 10:34:12,584 [INFO] IPUIPlugin:80 - create IPUIPlugin
2025-09-24 10:34:12,584 [INFO] PluginManager:220 - loadIPPluginJar : add aes
2025-09-24 10:34:12,588 [INFO] IPUIPlugin:80 - create IPUIPlugin
2025-09-24 10:34:12,589 [INFO] PluginManager:220 - loadIPPluginJar : add can
2025-09-24 10:34:12,591 [INFO] IPUIPlugin:80 - create IPUIPlugin
2025-09-24 10:34:12,591 [INFO] PluginManager:220 - loadIPPluginJar : add comp
2025-09-24 10:34:12,596 [INFO] IPUIPlugin:80 - create IPUIPlugin
2025-09-24 10:34:12,597 [INFO] PluginManager:220 - loadIPPluginJar : add cryp
2025-09-24 10:34:12,603 [INFO] IPUIPlugin:80 - create IPUIPlugin
2025-09-24 10:34:12,603 [INFO] PluginManager:220 - loadIPPluginJar : add ddr_ctrl_phy
2025-09-24 10:34:12,608 [INFO] IPUIPlugin:80 - create IPUIPlugin
2025-09-24 10:34:12,608 [INFO] PluginManager:220 - loadIPPluginJar : add dfsdm
2025-09-24 10:34:12,617 [INFO] IPUIPlugin:80 - create IPUIPlugin
2025-09-24 10:34:12,618 [INFO] PluginManager:220 - loadIPPluginJar : add dma
2025-09-24 10:34:12,621 [INFO] IPUIPlugin:80 - create IPUIPlugin
2025-09-24 10:34:12,621 [INFO] PluginManager:220 - loadIPPluginJar : add dma3
2025-09-24 10:34:12,624 [INFO] IPUIPlugin:80 - create IPUIPlugin
2025-09-24 10:34:12,624 [INFO] PluginManager:220 - loadIPPluginJar : add extmemmanager
2025-09-24 10:34:12,627 [INFO] IPUIPlugin:80 - create IPUIPlugin
2025-09-24 10:34:12,628 [INFO] PluginManager:220 - loadIPPluginJar : add fatfs
2025-09-24 10:34:12,634 [INFO] IPUIPlugin:80 - create IPUIPlugin
2025-09-24 10:34:12,635 [INFO] PluginManager:220 - loadIPPluginJar : add fmc
2025-09-24 10:34:12,642 [INFO] IPUIPlugin:80 - create IPUIPlugin
2025-09-24 10:34:12,642 [INFO] PluginManager:220 - loadIPPluginJar : add freertos
2025-09-24 10:34:12,646 [INFO] IPUIPlugin:80 - create IPUIPlugin
2025-09-24 10:34:12,646 [INFO] PluginManager:220 - loadIPPluginJar : add genericplugin
2025-09-24 10:34:12,650 [INFO] IPUIPlugin:80 - create IPUIPlugin
2025-09-24 10:34:12,650 [INFO] PluginManager:220 - loadIPPluginJar : add gfxmmu
2025-09-24 10:34:12,656 [INFO] IPUIPlugin:80 - create IPUIPlugin
2025-09-24 10:34:12,656 [INFO] PluginManager:220 - loadIPPluginJar : add gic
2025-09-24 10:34:12,665 [INFO] IPUIPlugin:80 - create IPUIPlugin
2025-09-24 10:34:12,666 [INFO] PluginManager:220 - loadIPPluginJar : add gpio
2025-09-24 10:34:12,671 [INFO] IPUIPlugin:80 - create IPUIPlugin
2025-09-24 10:34:12,671 [INFO] PluginManager:220 - loadIPPluginJar : add gtzc
2025-09-24 10:34:12,674 [INFO] IPUIPlugin:80 - create IPUIPlugin
2025-09-24 10:34:12,675 [INFO] PluginManager:220 - loadIPPluginJar : add hash
2025-09-24 10:34:12,679 [INFO] IPUIPlugin:80 - create IPUIPlugin
2025-09-24 10:34:12,679 [INFO] PluginManager:220 - loadIPPluginJar : add i2c
2025-09-24 10:34:12,682 [INFO] IPUIPlugin:80 - create IPUIPlugin
2025-09-24 10:34:12,683 [INFO] PluginManager:220 - loadIPPluginJar : add i2s
2025-09-24 10:34:12,687 [INFO] IPUIPlugin:80 - create IPUIPlugin
2025-09-24 10:34:12,687 [INFO] PluginManager:220 - loadIPPluginJar : add i3c
2025-09-24 10:34:12,691 [INFO] IPUIPlugin:80 - create IPUIPlugin
2025-09-24 10:34:12,691 [INFO] PluginManager:220 - loadIPPluginJar : add ipddr
2025-09-24 10:34:12,701 [INFO] IPUIPlugin:80 - create IPUIPlugin
2025-09-24 10:34:12,702 [INFO] PluginManager:220 - loadIPPluginJar : add linkedlist
2025-09-24 10:34:12,705 [INFO] IPUIPlugin:80 - create IPUIPlugin
2025-09-24 10:34:12,705 [INFO] PluginManager:220 - loadIPPluginJar : add lorawan
2025-09-24 10:34:12,708 [INFO] IPUIPlugin:80 - create IPUIPlugin
2025-09-24 10:34:12,708 [INFO] PluginManager:220 - loadIPPluginJar : add ltdc
2025-09-24 10:34:12,716 [INFO] IPUIPlugin:80 - create IPUIPlugin
2025-09-24 10:34:12,716 [INFO] PluginManager:220 - loadIPPluginJar : add mdma
2025-09-24 10:34:12,721 [INFO] IPUIPlugin:80 - create IPUIPlugin
2025-09-24 10:34:12,721 [INFO] PluginManager:220 - loadIPPluginJar : add nvic
2025-09-24 10:34:12,724 [INFO] IPUIPlugin:80 - create IPUIPlugin
2025-09-24 10:34:12,725 [INFO] PluginManager:220 - loadIPPluginJar : add opamp
2025-09-24 10:34:12,730 [INFO] IPUIPlugin:80 - create IPUIPlugin
2025-09-24 10:34:12,730 [INFO] PluginManager:220 - loadIPPluginJar : add openamp
2025-09-24 10:34:12,735 [INFO] IPUIPlugin:80 - create IPUIPlugin
2025-09-24 10:34:12,735 [INFO] PluginManager:220 - loadIPPluginJar : add pdm2pcm
2025-09-24 10:34:12,742 [INFO] IPUIPlugin:80 - create IPUIPlugin
2025-09-24 10:34:12,745 [INFO] PluginManager:220 - loadIPPluginJar : add plateformsettings
2025-09-24 10:34:12,747 [INFO] IPUIPlugin:80 - create IPUIPlugin
2025-09-24 10:34:12,747 [INFO] PluginManager:220 - loadIPPluginJar : add quadspi
2025-09-24 10:34:12,750 [INFO] IPUIPlugin:80 - create IPUIPlugin
2025-09-24 10:34:12,751 [INFO] PluginManager:220 - loadIPPluginJar : add radio
2025-09-24 10:34:12,757 [INFO] IPUIPlugin:80 - create IPUIPlugin
2025-09-24 10:34:12,757 [INFO] PluginManager:220 - loadIPPluginJar : add resmgrutility
2025-09-24 10:34:12,761 [INFO] IPUIPlugin:80 - create IPUIPlugin
2025-09-24 10:34:12,761 [INFO] PluginManager:220 - loadIPPluginJar : add sai
2025-09-24 10:34:12,765 [INFO] IPUIPlugin:80 - create IPUIPlugin
2025-09-24 10:34:12,765 [INFO] PluginManager:220 - loadIPPluginJar : add spi
2025-09-24 10:34:12,771 [INFO] IPUIPlugin:80 - create IPUIPlugin
2025-09-24 10:34:12,772 [INFO] PluginManager:220 - loadIPPluginJar : add stm32_wpan
2025-09-24 10:34:12,774 [INFO] IPUIPlugin:80 - create IPUIPlugin
2025-09-24 10:34:12,774 [INFO] PluginManager:220 - loadIPPluginJar : add tim
2025-09-24 10:34:12,779 [INFO] IPUIPlugin:80 - create IPUIPlugin
2025-09-24 10:34:12,779 [INFO] PluginManager:220 - loadIPPluginJar : add touchsensing
2025-09-24 10:34:12,783 [INFO] IPUIPlugin:80 - create IPUIPlugin
2025-09-24 10:34:12,783 [INFO] PluginManager:220 - loadIPPluginJar : add tracer_emb
2025-09-24 10:34:12,785 [INFO] IPUIPlugin:80 - create IPUIPlugin
2025-09-24 10:34:12,786 [INFO] PluginManager:220 - loadIPPluginJar : add ts
2025-09-24 10:34:12,788 [INFO] IPUIPlugin:80 - create IPUIPlugin
2025-09-24 10:34:12,788 [INFO] PluginManager:220 - loadIPPluginJar : add tsc
2025-09-24 10:34:12,791 [INFO] IPUIPlugin:80 - create IPUIPlugin
2025-09-24 10:34:12,791 [INFO] PluginManager:220 - loadIPPluginJar : add ucpd
2025-09-24 10:34:12,794 [INFO] IPUIPlugin:80 - create IPUIPlugin
2025-09-24 10:34:12,794 [INFO] PluginManager:220 - loadIPPluginJar : add usart
2025-09-24 10:34:12,798 [INFO] IPUIPlugin:80 - create IPUIPlugin
2025-09-24 10:34:12,798 [INFO] PluginManager:220 - loadIPPluginJar : add usbx
2025-09-24 10:34:12,929 [FATAL] Updater:351 - Updater called before beeing initialized
2025-09-24 10:34:12,968 [INFO] RulesReader:64 - Compatibility file has been processed (317 Rules)
2025-09-24 10:34:12,981 [INFO] RulesReader:64 - Compatibility file has been processed (317 Rules)
2025-09-24 10:34:12,993 [INFO] CADModel:165 - CPN selected for project level
2025-09-24 10:34:12,994 [INFO] CADModel:114 - Register for checkConnection events
2025-09-24 10:34:12,994 [FATAL] Updater:351 - Updater called before beeing initialized
2025-09-24 10:34:12,994 [ERROR] CADModel:125 - Updater not yet initialized, retry later 
2025-09-24 10:34:13,213 [FATAL] Updater:351 - Updater called before beeing initialized
2025-09-24 10:34:13,216 [INFO] CADModel:165 - CPN selected for project level
2025-09-24 10:34:13,216 [INFO] CADModel:114 - Register for checkConnection events
2025-09-24 10:34:13,216 [FATAL] Updater:351 - Updater called before beeing initialized
2025-09-24 10:34:13,216 [ERROR] CADModel:125 - Updater not yet initialized, retry later 
2025-09-24 10:34:13,220 [FATAL] Updater:351 - Updater called before beeing initialized
2025-09-24 10:34:13,409 [FATAL] Updater:351 - Updater called before beeing initialized
2025-09-24 10:34:13,413 [INFO] DbMcusAds:53 - JSON generation date=Tue Jul 08 13:44:23 IST 2025 (1751962463582)
2025-09-24 10:34:13,413 [FATAL] Updater:351 - Updater called before beeing initialized
2025-09-24 10:34:13,455 [WARN] DetailPanel:346 - Failed to get advertising image, set to default
2025-09-24 10:34:13,545 [FATAL] Updater:351 - Updater called before beeing initialized
2025-09-24 10:34:13,547 [FATAL] Updater:351 - Updater called before beeing initialized
2025-09-24 10:34:13,547 [FATAL] Updater:351 - Updater called before beeing initialized
2025-09-24 10:34:13,547 [WARN] DetailPanel:346 - Failed to get advertising image, set to default
2025-09-24 10:34:13,547 [FATAL] Updater:351 - Updater called before beeing initialized
2025-09-24 10:34:13,601 [ERROR] Updater:1198 - MainUpdater not yet initialized. External WinMGr cannot be set.
2025-09-24 10:34:13,603 [INFO] Updater:1134 - Updater Version found : 6.15.0
2025-09-24 10:34:13,620 [INFO] ApplicationProperties:184 - Using Application install path: C:\ST\STM32CubeIDE_1.19.0\STM32CubeIDE\plugins\com.st.stm32cube.common.mx_6.15.0.202507011659
2025-09-24 10:34:14,711 [INFO] ThirdPartyUpdaterWithRetryManager:70 - Updater plugin not ready yet. [2/15]
2025-09-24 10:34:15,195 [ERROR] LogOutputStream:75 - [STDERR_REDIRECT] Sep 24, 2025 10:34:15 AM java.util.prefs.WindowsPreferences <init>
2025-09-24 10:34:15,198 [ERROR] LogOutputStream:75 - [STDERR_REDIRECT] WARNING: Could not open/create prefs root node Software\JavaSoft\Prefs at root 0xffffffff80000002. Windows RegCreateKeyEx(...) returned error code 5.
2025-09-24 10:34:15,198 [ERROR] LogOutputStream:75 - [STDERR_REDIRECT] 
2025-09-24 10:34:15,703 [INFO] MainUpdater:2872 - connection check result : 10
2025-09-24 10:34:15,703 [INFO] MainUpdater:3604 - Updater definition file requires update
2025-09-24 10:34:15,704 [INFO] MainUpdater:289 - Updater Check For Update Now.
2025-09-24 10:34:15,704 [INFO] MicroXplorer:498 - Change Database Version : DB.6.0.150
2025-09-24 10:34:15,712 [INFO] McuFinderGlobals:63 - Set McuFinder mode to 2 (CubeIDE integrated)
2025-09-24 10:34:15,713 [INFO] UserAuth:487 - Internet connection configuration mode: 1
2025-09-24 10:34:15,745 [INFO] JxBrowserEngine:152 - Initiate JxBrowser Engine with user profile folder
2025-09-24 10:34:15,749 [INFO] ServerAccessManage:452 - Complete download http(s) 200
2025-09-24 10:34:15,751 [INFO] ServerAccessManage:509 - Download File updaters.zip
2025-09-24 10:34:15,912 [INFO] FileExtend:248 - Unzip File : updaters.zip
2025-09-24 10:34:15,913 [INFO] FileExtend:263 - Standard Zip Deflate
2025-09-24 10:34:16,498 [INFO] ServerAccessManage:452 - Complete download http(s) 200
2025-09-24 10:34:16,498 [INFO] ServerAccessManage:509 - Download File PacksControlFlags.xml
2025-09-24 10:34:16,621 [INFO] ServerAccessManage:452 - Complete download http(s) 200
2025-09-24 10:34:16,621 [INFO] ServerAccessManage:509 - Download File cubemx.pidx
2025-09-24 10:34:16,829 [INFO] LoadServerUpdatesThread:375 - End of LoadServerUpdate Thread
2025-09-24 10:34:17,074 [INFO] CheckServerUpdateThread:120 - End of CheckServer Thread
2025-09-24 10:34:18,491 [WARN] PackLoader:240 - Cannot read IP mode file for STMicroelectronics.FP-SNS-MOTENVWB1.1.4.0
2025-09-24 10:34:18,513 [WARN] PackLoader:240 - Cannot read IP mode file for STMicroelectronics.FP-ATR-ASTRA1.2.0.2
2025-09-24 10:34:18,548 [WARN] PackLoader:240 - Cannot read IP mode file for STMicroelectronics.X-CUBE-SMBUS.2.1.0
2025-09-24 10:34:18,562 [WARN] PackLoader:240 - Cannot read IP mode file for STMicroelectronics.X-CUBE-ST60.1.0.0
2025-09-24 10:34:18,662 [WARN] PackLoader:240 - Cannot read IP mode file for STMicroelectronics.X-CUBE-AZRTOS-F7.1.1.0
2025-09-24 10:34:18,774 [WARN] PackLoader:240 - Cannot read IP mode file for Infineon.AIROC-Wi-Fi-Bluetooth-STM32.1.7.1
2025-09-24 10:34:18,865 [WARN] PackLoader:240 - Cannot read IP mode file for STMicroelectronics.X-CUBE-AZRTOS-H7.3.4.0
2025-09-24 10:34:18,915 [WARN] PackLoader:240 - Cannot read IP mode file for STMicroelectronics.X-CUBE-DISPLAY.3.0.0
2025-09-24 10:34:18,967 [WARN] PackLoader:240 - Cannot read IP mode file for STMicroelectronics.X-CUBE-NFC10.1.0.0
2025-09-24 10:34:18,987 [WARN] PackLoader:240 - Cannot read IP mode file for emotas.I-CUBE-CANOPEN.1.3.0
2025-09-24 10:34:19,007 [WARN] PackLoader:240 - Cannot read IP mode file for STMicroelectronics.FP-SNS-STBOX1.2.1.0
2025-09-24 10:34:19,022 [WARN] PackLoader:240 - Cannot read IP mode file for STMicroelectronics.FP-SNS-SMARTAG2.1.2.0
2025-09-24 10:34:19,031 [WARN] PackLoader:240 - Cannot read IP mode file for STMicroelectronics.FP-SNS-FLIGHT1.5.1.0
2025-09-24 10:34:19,053 [INFO] LogOutputStream:77 - [STDOUT_REDIRECT] 1 : Invalid condition id : UX_CORESTACK_Condition cause : null
2025-09-24 10:34:19,054 [INFO] LogOutputStream:77 - [STDOUT_REDIRECT] 1 : Invalid condition id : UX_CORESTACK_Condition cause : null
2025-09-24 10:34:19,060 [INFO] LogOutputStream:77 - [STDOUT_REDIRECT] 1 : Invalid condition id : UX_CORESTACK_Condition cause : null
2025-09-24 10:34:19,064 [INFO] LogOutputStream:77 - [STDOUT_REDIRECT] 1 : Invalid condition id : UX_CORESTACK_Condition cause : null
2025-09-24 10:34:19,072 [INFO] LogOutputStream:77 - [STDOUT_REDIRECT] 1 : Invalid condition id : UX_CORESTACK_Condition cause : null
2025-09-24 10:34:19,090 [WARN] PackLoader:240 - Cannot read IP mode file for STMicroelectronics.X-CUBE-AZRTOS-WL.2.0.0
2025-09-24 10:34:19,110 [WARN] PackLoader:240 - Cannot read IP mode file for STMicroelectronics.FP-SNS-MOTENV1.5.0.0
2025-09-24 10:34:19,142 [WARN] PackLoader:240 - Cannot read IP mode file for WES.I-CUBE-Cesium.1.3.0
2025-09-24 10:34:19,158 [WARN] PackLoader:240 - Cannot read IP mode file for STMicroelectronics.X-CUBE-BLE2.3.3.0
2025-09-24 10:34:19,179 [WARN] PackLoader:240 - Cannot read IP mode file for STMicroelectronics.X-CUBE-NFC9.1.0.0
2025-09-24 10:34:19,198 [WARN] PackLoader:240 - Cannot read IP mode file for wolfSSL.I-CUBE-wolfSSL.5.8.2
2025-09-24 10:34:19,207 [INFO] WebApp:169 - Instantiating new browser for Auth
2025-09-24 10:34:19,212 [WARN] PackLoader:240 - Cannot read IP mode file for STMicroelectronics.X-CUBE-BLE1.7.1.0
2025-09-24 10:34:19,223 [WARN] PackLoader:240 - Cannot read IP mode file for wolfSSL.I-CUBE-wolfMQTT.1.19.2
2025-09-24 10:34:19,241 [WARN] PackLoader:240 - Cannot read IP mode file for STMicroelectronics.X-CUBE-EEPRMA1.5.2.0
2025-09-24 10:34:19,404 [WARN] PackLoader:240 - Cannot read IP mode file for STMicroelectronics.X-CUBE-AZRTOS-G0.1.1.0
2025-09-24 10:34:19,429 [WARN] PackLoader:240 - Cannot read IP mode file for STMicroelectronics.X-CUBE-SAFEA1.1.2.2
2025-09-24 10:34:19,447 [WARN] PackLoader:240 - Cannot read IP mode file for STMicroelectronics.X-CUBE-NFC4.3.0.0
2025-09-24 10:34:19,482 [WARN] PackLoader:240 - Cannot read IP mode file for EmbeddedOffice.I-CUBE-FS-RTOS.1.0.1
2025-09-24 10:34:19,494 [WARN] PackLoader:240 - Cannot read IP mode file for STMicroelectronics.X-CUBE-WB05N.2.0.0
2025-09-24 10:34:19,506 [WARN] PackLoader:240 - Cannot read IP mode file for wolfSSL.I-CUBE-wolfTPM.3.8.0
2025-09-24 10:34:19,528 [WARN] PackLoader:240 - Cannot read IP mode file for STMicroelectronics.X-CUBE-TCPP.4.2.0
2025-09-24 10:34:19,550 [WARN] PackLoader:240 - Cannot read IP mode file for RealThread.X-CUBE-RT-Thread_Nano.4.1.1
2025-09-24 10:34:19,562 [WARN] PackLoader:240 - Cannot read IP mode file for STMicroelectronics.FP-ATR-SIGFOX1.3.2.0
2025-09-24 10:34:19,579 [WARN] PackLoader:240 - Cannot read IP mode file for ITTIA_DB.I-CUBE-ITTIADB.8.9.0
2025-09-24 10:34:19,597 [WARN] PackLoader:240 - Cannot read IP mode file for STMicroelectronics.X-CUBE-ST67W61.1.0.0
2025-09-24 10:34:19,608 [WARN] PackLoader:240 - Cannot read IP mode file for STMicroelectronics.X-CUBE-AI.10.2.0
2025-09-24 10:34:19,684 [WARN] PackLoader:240 - Cannot read IP mode file for SEGGER.I-CUBE-embOS.1.3.1
2025-09-24 10:34:19,793 [WARN] PackLoader:240 - Cannot read IP mode file for STMicroelectronics.X-CUBE-ALGOBUILD.1.4.0
2025-09-24 10:34:19,903 [WARN] PackLoader:240 - Cannot read IP mode file for STMicroelectronics.X-CUBE-MEMS1.11.3.0
2025-09-24 10:34:20,207 [WARN] PackLoader:240 - Cannot read IP mode file for STMicroelectronics.X-CUBE-PM33A1.1.0.0
2025-09-24 10:34:20,243 [WARN] PackLoader:240 - Cannot read IP mode file for STMicroelectronics.X-CUBE-AZRTOS-F4.1.1.0
2025-09-24 10:34:20,258 [WARN] PackLoader:240 - Cannot read IP mode file for STMicroelectronics.X-CUBE-ISPU.2.1.0
2025-09-24 10:34:20,272 [WARN] PackLoader:240 - Cannot read IP mode file for STMicroelectronics.X-CUBE-NFC12.1.0.0
2025-09-24 10:34:20,309 [WARN] PackLoader:240 - Cannot read IP mode file for STMicroelectronics.X-CUBE-AZRTOS-L5.2.0.0
2025-09-24 10:34:20,327 [WARN] PackLoader:240 - Cannot read IP mode file for STMicroelectronics.X-CUBE-NFC6.3.1.0
2025-09-24 10:34:20,342 [WARN] PackLoader:240 - Cannot read IP mode file for STMicroelectronics.X-CUBE-FREERTOS.1.3.1
2025-09-24 10:34:20,351 [WARN] PackLoader:240 - Cannot read IP mode file for STMicroelectronics.FP-SNS-STAIOTCFT.1.0.0
2025-09-24 10:34:20,361 [WARN] PackLoader:240 - Cannot read IP mode file for STMicroelectronics.X-CUBE-DPower.1.3.0
2025-09-24 10:34:20,398 [WARN] ConditionMgr:438 - getConditionDescription Invalid condition id : LAN8742 Phy interface Condition cause : null
2025-09-24 10:34:20,399 [WARN] PackLoader:240 - Cannot read IP mode file for STMicroelectronics.X-CUBE-AZRTOS-L4.2.0.0
2025-09-24 10:34:20,402 [WARN] ConditionMgr:1044 - genDependencies : Invalid condition id : LAN8742 Phy interface Condition cause : null
2025-09-24 10:34:20,403 [WARN] ConditionMgr:1044 - genDependencies : Invalid condition id : LAN8742 Phy interface Condition cause : null
2025-09-24 10:34:20,405 [WARN] ConditionMgr:1044 - genDependencies : Invalid condition id : LAN8742 Phy interface Condition cause : null
2025-09-24 10:34:20,419 [WARN] PackLoader:240 - Cannot read IP mode file for STMicroelectronics.X-CUBE-SFXS2LP1.4.0.0
2025-09-24 10:34:20,444 [WARN] PackLoader:240 - Cannot read IP mode file for STMicroelectronics.X-CUBE-BLEMGR.4.1.0
2025-09-24 10:34:20,471 [WARN] ConditionMgr:438 - getConditionDescription Invalid condition id : UX DEVICE CLASS RTOS Condition cause : null
2025-09-24 10:34:20,471 [WARN] ConditionMgr:438 - getConditionDescription Invalid condition id : UX DEVICE CLASS RTOS Condition cause : null
2025-09-24 10:34:20,475 [WARN] PackLoader:240 - Cannot read IP mode file for STMicroelectronics.X-CUBE-AZRTOS-WB.2.0.0
2025-09-24 10:34:20,475 [WARN] ConditionMgr:1044 - genDependencies : Invalid condition id : UX DEVICE CLASS RTOS Condition cause : null
2025-09-24 10:34:20,475 [WARN] ConditionMgr:1044 - genDependencies : Invalid condition id : UX DEVICE CLASS RTOS Condition cause : null
2025-09-24 10:34:20,477 [WARN] ConditionMgr:1044 - genDependencies : Invalid condition id : UX DEVICE CLASS RTOS Condition cause : null
2025-09-24 10:34:20,477 [WARN] ConditionMgr:1044 - genDependencies : Invalid condition id : UX DEVICE CLASS RTOS Condition cause : null
2025-09-24 10:34:20,478 [WARN] ConditionMgr:1044 - genDependencies : Invalid condition id : UX DEVICE CLASS RTOS Condition cause : null
2025-09-24 10:34:20,503 [WARN] PackLoader:240 - Cannot read IP mode file for STMicroelectronics.X-CUBE-GNSS1.7.0.1
2025-09-24 10:34:20,512 [WARN] PackLoader:240 - Cannot read IP mode file for STMicroelectronics.X-CUBE-TOUCHGFX.4.25.0
2025-09-24 10:34:20,519 [WARN] ConditionMgr:438 - getConditionDescription Invalid condition id : Cortex-A Device cause : null
2025-09-24 10:34:20,537 [WARN] ConditionMgr:1044 - genDependencies : Invalid condition id : Cortex-A Device cause : null
2025-09-24 10:34:20,538 [WARN] ConditionMgr:1044 - genDependencies : Invalid condition id : Cortex-A Device cause : null
2025-09-24 10:34:20,539 [WARN] ConditionMgr:1044 - genDependencies : Invalid condition id : Cortex-A Device cause : null
2025-09-24 10:34:20,580 [WARN] PackLoader:240 - Cannot read IP mode file for STMicroelectronics.X-CUBE-SUBG2.5.0.0
2025-09-24 10:34:20,630 [WARN] PackLoader:240 - Cannot read IP mode file for STMicroelectronics.X-CUBE-AZRTOS-H7RS.1.1.0
2025-09-24 10:34:20,644 [WARN] PackLoader:240 - Cannot read IP mode file for Cesanta.I-CUBE-Mongoose.7.13.0
2025-09-24 10:34:20,675 [WARN] PackLoader:240 - Cannot read IP mode file for STMicroelectronics.X-CUBE-AZRTOS-G4.2.0.0
2025-09-24 10:34:20,685 [WARN] PackLoader:240 - Cannot read IP mode file for wolfSSL.I-CUBE-wolfSSH.1.4.20
2025-09-24 10:34:20,696 [WARN] PackLoader:240 - Cannot read IP mode file for STMicroelectronics.X-CUBE-NFC7.2.0.0
2025-09-24 10:34:20,727 [WARN] PackLoader:240 - Cannot read IP mode file for STMicroelectronics.X-CUBE-IPS.3.1.0
2025-09-24 10:34:20,757 [WARN] PackLoader:240 - Cannot read IP mode file for STMicroelectronics.X-CUBE-ALS.1.0.2
2025-09-24 10:34:20,772 [WARN] PackLoader:240 - Cannot read IP mode file for STMicroelectronics.X-CUBE-STSE01.1.0.0
2025-09-24 10:34:20,784 [WARN] PackLoader:240 - Cannot read IP mode file for portGmbH.I-Cube-SoM-uGOAL.1.1.0
2025-09-24 10:34:20,818 [WARN] PackLoader:240 - Cannot read IP mode file for STMicroelectronics.X-CUBE-TOF1.3.4.3
2025-09-24 10:34:20,842 [INFO] ThirdParty:978 - Integrity check success = true
2025-09-24 10:34:20,842 [INFO] IntegrityCheckThread:100 - exiting critical section [integrity check]
2025-09-24 10:34:20,843 [INFO] IntegrityCheckThread:103 - End integrity checks thread
2025-09-24 10:34:21,662 [INFO] WebApp:463 - Apply proxy settings
2025-09-24 10:34:21,662 [INFO] WebApp:548 - Chromium requires no authentication
2025-09-24 10:34:21,679 [INFO] WebApp:491 - Direct internet connection detected
2025-09-24 10:34:21,730 [INFO] WebApp:900 - Register for checkConnection events
2025-09-24 10:34:21,730 [INFO] WebApp:463 - Apply proxy settings
2025-09-24 10:34:21,730 [INFO] WebApp:548 - Chromium requires no authentication
2025-09-24 10:34:21,731 [INFO] WebApp:491 - Direct internet connection detected
2025-09-24 10:34:22,044 [INFO] WebApp:225 - Starting web application
2025-09-24 10:34:22,044 [INFO] WebApp:593 - Web application path used C:\ST\STM32CubeIDE_1.19.0\STM32CubeIDE\plugins\com.st.stm32cube.common.mx_6.15.0.202507011659\db\plugins\mcufinder\reactClient1\index.html
2025-09-24 10:34:22,310 [INFO] UserAuth:487 - Internet connection configuration mode: 1
2025-09-24 10:34:22,394 [INFO] WebApp:191 - Connection restablished
2025-09-24 10:34:22,996 [ERROR] LogOutputStream:75 - [STDERR_REDIRECT] [Fatal Error] :1:1: Premature end of file.
2025-09-24 10:34:22,999 [ERROR] LogOutputStream:75 - [STDERR_REDIRECT] 
2025-09-24 10:34:23,441 [ERROR] LogOutputStream:75 - [STDERR_REDIRECT] [Fatal Error] :1:1: Premature end of file.
2025-09-24 10:34:23,442 [ERROR] LogOutputStream:75 - [STDERR_REDIRECT] 
2025-09-24 10:34:24,434 [ERROR] LogOutputStream:75 - [STDERR_REDIRECT] [Fatal Error] :1:1: Premature end of file.
2025-09-24 10:34:24,436 [ERROR] LogOutputStream:75 - [STDERR_REDIRECT] 
2025-09-24 10:34:25,419 [ERROR] LogOutputStream:75 - [STDERR_REDIRECT] [Fatal Error] :1:1: Premature end of file.
2025-09-24 10:34:25,420 [ERROR] LogOutputStream:75 - [STDERR_REDIRECT] 
2025-09-24 10:34:26,410 [ERROR] LogOutputStream:75 - [STDERR_REDIRECT] [Fatal Error] :1:1: Premature end of file.
2025-09-24 10:34:26,410 [ERROR] LogOutputStream:75 - [STDERR_REDIRECT] 
2025-09-24 10:34:27,405 [ERROR] LogOutputStream:75 - [STDERR_REDIRECT] [Fatal Error] :1:1: Premature end of file.
2025-09-24 10:34:27,406 [ERROR] LogOutputStream:75 - [STDERR_REDIRECT] 
2025-09-24 10:34:28,409 [ERROR] LogOutputStream:75 - [STDERR_REDIRECT] [Fatal Error] :1:1: Premature end of file.
2025-09-24 10:34:28,409 [ERROR] LogOutputStream:75 - [STDERR_REDIRECT] 
2025-09-24 10:34:29,408 [ERROR] LogOutputStream:75 - [STDERR_REDIRECT] [Fatal Error] :1:1: Premature end of file.
2025-09-24 10:34:29,408 [ERROR] LogOutputStream:75 - [STDERR_REDIRECT] 
2025-09-24 10:34:30,403 [ERROR] LogOutputStream:75 - [STDERR_REDIRECT] [Fatal Error] :1:1: Premature end of file.
2025-09-24 10:34:30,403 [ERROR] LogOutputStream:75 - [STDERR_REDIRECT] 
2025-09-24 10:34:31,417 [ERROR] LogOutputStream:75 - [STDERR_REDIRECT] [Fatal Error] :1:1: Premature end of file.
2025-09-24 10:34:31,418 [ERROR] LogOutputStream:75 - [STDERR_REDIRECT] 
2025-09-24 10:34:32,416 [ERROR] LogOutputStream:75 - [STDERR_REDIRECT] [Fatal Error] :1:1: Premature end of file.
2025-09-24 10:34:32,416 [ERROR] LogOutputStream:75 - [STDERR_REDIRECT] 
2025-09-24 10:34:33,409 [ERROR] LogOutputStream:75 - [STDERR_REDIRECT] [Fatal Error] :1:1: Premature end of file.
2025-09-24 10:34:33,409 [ERROR] LogOutputStream:75 - [STDERR_REDIRECT] 
2025-09-24 10:34:34,410 [ERROR] LogOutputStream:75 - [STDERR_REDIRECT] [Fatal Error] :1:1: Premature end of file.
2025-09-24 10:34:34,411 [ERROR] LogOutputStream:75 - [STDERR_REDIRECT] 
2025-09-24 10:34:35,417 [ERROR] LogOutputStream:75 - [STDERR_REDIRECT] [Fatal Error] :1:1: Premature end of file.
2025-09-24 10:34:35,418 [ERROR] LogOutputStream:75 - [STDERR_REDIRECT] 
2025-09-24 10:34:36,409 [ERROR] LogOutputStream:75 - [STDERR_REDIRECT] [Fatal Error] :1:1: Premature end of file.
2025-09-24 10:34:36,409 [ERROR] LogOutputStream:75 - [STDERR_REDIRECT] 
2025-09-24 10:34:37,415 [ERROR] LogOutputStream:75 - [STDERR_REDIRECT] [Fatal Error] :1:1: Premature end of file.
2025-09-24 10:34:37,415 [ERROR] LogOutputStream:75 - [STDERR_REDIRECT] 
2025-09-24 10:34:38,405 [ERROR] LogOutputStream:75 - [STDERR_REDIRECT] [Fatal Error] :1:1: Premature end of file.
2025-09-24 10:34:38,406 [ERROR] LogOutputStream:75 - [STDERR_REDIRECT] 
2025-09-24 10:34:39,418 [ERROR] LogOutputStream:75 - [STDERR_REDIRECT] [Fatal Error] :1:1: Premature end of file.
2025-09-24 10:34:39,418 [ERROR] LogOutputStream:75 - [STDERR_REDIRECT] 
2025-09-24 10:34:40,414 [ERROR] LogOutputStream:75 - [STDERR_REDIRECT] [Fatal Error] :1:1: Premature end of file.
2025-09-24 10:34:40,414 [ERROR] LogOutputStream:75 - [STDERR_REDIRECT] 
2025-09-24 10:34:41,413 [ERROR] LogOutputStream:75 - [STDERR_REDIRECT] [Fatal Error] :1:1: Premature end of file.
2025-09-24 10:34:41,413 [ERROR] LogOutputStream:75 - [STDERR_REDIRECT] 
2025-09-24 10:34:42,417 [ERROR] LogOutputStream:75 - [STDERR_REDIRECT] [Fatal Error] :1:1: Premature end of file.
2025-09-24 10:34:42,418 [ERROR] LogOutputStream:75 - [STDERR_REDIRECT] 
2025-09-24 10:34:43,422 [ERROR] LogOutputStream:75 - [STDERR_REDIRECT] [Fatal Error] :1:1: Premature end of file.
2025-09-24 10:34:43,422 [ERROR] LogOutputStream:75 - [STDERR_REDIRECT] 
2025-09-24 10:34:44,408 [ERROR] LogOutputStream:75 - [STDERR_REDIRECT] [Fatal Error] :1:1: Premature end of file.
2025-09-24 10:34:44,408 [ERROR] LogOutputStream:75 - [STDERR_REDIRECT] 
2025-09-24 10:34:45,411 [ERROR] LogOutputStream:75 - [STDERR_REDIRECT] [Fatal Error] :1:1: Premature end of file.
2025-09-24 10:34:45,411 [ERROR] LogOutputStream:75 - [STDERR_REDIRECT] 
2025-09-24 10:34:46,411 [ERROR] LogOutputStream:75 - [STDERR_REDIRECT] [Fatal Error] :1:1: Premature end of file.
2025-09-24 10:34:46,411 [ERROR] LogOutputStream:75 - [STDERR_REDIRECT] 
2025-09-24 10:34:47,399 [ERROR] LogOutputStream:75 - [STDERR_REDIRECT] [Fatal Error] :1:1: Premature end of file.
2025-09-24 10:34:47,399 [ERROR] LogOutputStream:75 - [STDERR_REDIRECT] 
2025-09-24 10:34:48,414 [ERROR] LogOutputStream:75 - [STDERR_REDIRECT] [Fatal Error] :1:1: Premature end of file.
2025-09-24 10:34:48,415 [ERROR] LogOutputStream:75 - [STDERR_REDIRECT] 
2025-09-24 10:34:49,406 [ERROR] LogOutputStream:75 - [STDERR_REDIRECT] [Fatal Error] :1:1: Premature end of file.
2025-09-24 10:34:49,406 [ERROR] LogOutputStream:75 - [STDERR_REDIRECT] 
2025-09-24 10:34:50,412 [ERROR] LogOutputStream:75 - [STDERR_REDIRECT] [Fatal Error] :1:1: Premature end of file.
2025-09-24 10:34:50,413 [ERROR] LogOutputStream:75 - [STDERR_REDIRECT] 
2025-09-24 10:34:51,408 [ERROR] LogOutputStream:75 - [STDERR_REDIRECT] [Fatal Error] :1:1: Premature end of file.
2025-09-24 10:34:51,408 [ERROR] LogOutputStream:75 - [STDERR_REDIRECT] 
2025-09-24 10:34:52,420 [ERROR] LogOutputStream:75 - [STDERR_REDIRECT] [Fatal Error] :1:1: Premature end of file.
2025-09-24 10:34:52,421 [ERROR] LogOutputStream:75 - [STDERR_REDIRECT] 
2025-09-24 10:34:53,420 [ERROR] LogOutputStream:75 - [STDERR_REDIRECT] [Fatal Error] :1:1: Premature end of file.
2025-09-24 10:34:53,421 [ERROR] LogOutputStream:75 - [STDERR_REDIRECT] 
2025-09-24 10:34:54,419 [ERROR] LogOutputStream:75 - [STDERR_REDIRECT] [Fatal Error] :1:1: Premature end of file.
2025-09-24 10:34:54,420 [ERROR] LogOutputStream:75 - [STDERR_REDIRECT] 
2025-09-24 10:34:55,410 [ERROR] LogOutputStream:75 - [STDERR_REDIRECT] [Fatal Error] :1:1: Premature end of file.
2025-09-24 10:34:55,411 [ERROR] LogOutputStream:75 - [STDERR_REDIRECT] 
2025-09-24 10:34:56,417 [ERROR] LogOutputStream:75 - [STDERR_REDIRECT] [Fatal Error] :1:1: Premature end of file.
2025-09-24 10:34:56,417 [ERROR] LogOutputStream:75 - [STDERR_REDIRECT] 
2025-09-24 10:34:57,415 [ERROR] LogOutputStream:75 - [STDERR_REDIRECT] [Fatal Error] :1:1: Premature end of file.
2025-09-24 10:34:57,416 [ERROR] LogOutputStream:75 - [STDERR_REDIRECT] 
2025-09-24 10:34:58,420 [ERROR] LogOutputStream:75 - [STDERR_REDIRECT] [Fatal Error] :1:1: Premature end of file.
2025-09-24 10:34:58,421 [ERROR] LogOutputStream:75 - [STDERR_REDIRECT] 
2025-09-24 10:34:59,406 [ERROR] LogOutputStream:75 - [STDERR_REDIRECT] [Fatal Error] :1:1: Premature end of file.
2025-09-24 10:34:59,407 [ERROR] LogOutputStream:75 - [STDERR_REDIRECT] 
2025-09-24 10:35:00,413 [ERROR] LogOutputStream:75 - [STDERR_REDIRECT] [Fatal Error] :1:1: Premature end of file.
2025-09-24 10:35:00,414 [ERROR] LogOutputStream:75 - [STDERR_REDIRECT] 
2025-09-24 10:35:01,289 [INFO] McuFinderGlobals:63 - Set McuFinder mode to 2 (CubeIDE integrated)
2025-09-24 10:35:01,290 [INFO] MainUpdater:2872 - connection check result : 10
2025-09-24 10:35:01,296 [INFO] McuFinderGlobals:76 - Set McuFinderConnectedMode to true
2025-09-24 10:35:01,448 [ERROR] LogOutputStream:75 - [STDERR_REDIRECT] [Fatal Error] :1:1: Premature end of file.
2025-09-24 10:35:01,448 [ERROR] LogOutputStream:75 - [STDERR_REDIRECT] 
2025-09-24 10:35:02,243 [INFO] ServerAccessManage:452 - Complete download http(s) 200
2025-09-24 10:35:02,243 [INFO] ServerAccessManage:509 - Download File mcusAds.json._tmp_
2025-09-24 10:35:02,399 [INFO] LoadUrlFilesThread:156 - End of LoadUrlFiles Thread
2025-09-24 10:35:02,476 [ERROR] LogOutputStream:75 - [STDERR_REDIRECT] [Fatal Error] :1:1: Premature end of file.
2025-09-24 10:35:02,477 [ERROR] LogOutputStream:75 - [STDERR_REDIRECT] 
2025-09-24 10:35:02,675 [INFO] ServerAccessManage:452 - Complete download http(s) 200
2025-09-24 10:35:02,676 [INFO] ServerAccessManage:509 - Download File cube-finder-db.zip
2025-09-24 10:35:03,411 [ERROR] LogOutputStream:75 - [STDERR_REDIRECT] [Fatal Error] :1:1: Premature end of file.
2025-09-24 10:35:03,411 [ERROR] LogOutputStream:75 - [STDERR_REDIRECT] 
2025-09-24 10:35:04,404 [ERROR] LogOutputStream:75 - [STDERR_REDIRECT] [Fatal Error] :1:1: Premature end of file.
2025-09-24 10:35:04,404 [ERROR] LogOutputStream:75 - [STDERR_REDIRECT] 
2025-09-24 10:35:05,435 [ERROR] LogOutputStream:75 - [STDERR_REDIRECT] [Fatal Error] :1:1: Premature end of file.
2025-09-24 10:35:05,436 [ERROR] LogOutputStream:75 - [STDERR_REDIRECT] 
2025-09-24 10:35:06,404 [ERROR] LogOutputStream:75 - [STDERR_REDIRECT] [Fatal Error] :1:1: Premature end of file.
2025-09-24 10:35:06,404 [ERROR] LogOutputStream:75 - [STDERR_REDIRECT] 
2025-09-24 10:35:06,596 [INFO] FileExtend:248 - Unzip File : cube-finder-db.zip
2025-09-24 10:35:06,596 [INFO] FileExtend:263 - Standard Zip Deflate
2025-09-24 10:35:07,409 [ERROR] LogOutputStream:75 - [STDERR_REDIRECT] [Fatal Error] :1:1: Premature end of file.
2025-09-24 10:35:07,409 [ERROR] LogOutputStream:75 - [STDERR_REDIRECT] 
2025-09-24 10:35:07,578 [INFO] LoadUrlFilesThread:156 - End of LoadUrlFiles Thread
2025-09-24 10:35:08,418 [ERROR] LogOutputStream:75 - [STDERR_REDIRECT] [Fatal Error] :1:1: Premature end of file.
2025-09-24 10:35:08,418 [ERROR] LogOutputStream:75 - [STDERR_REDIRECT] 
2025-09-24 10:35:09,402 [ERROR] LogOutputStream:75 - [STDERR_REDIRECT] [Fatal Error] :1:1: Premature end of file.
2025-09-24 10:35:09,402 [ERROR] LogOutputStream:75 - [STDERR_REDIRECT] 
2025-09-24 10:35:10,403 [ERROR] LogOutputStream:75 - [STDERR_REDIRECT] [Fatal Error] :1:1: Premature end of file.
2025-09-24 10:35:10,403 [ERROR] LogOutputStream:75 - [STDERR_REDIRECT] 
2025-09-24 10:35:11,405 [ERROR] LogOutputStream:75 - [STDERR_REDIRECT] [Fatal Error] :1:1: Premature end of file.
2025-09-24 10:35:11,406 [ERROR] LogOutputStream:75 - [STDERR_REDIRECT] 
2025-09-24 10:35:12,401 [ERROR] LogOutputStream:75 - [STDERR_REDIRECT] [Fatal Error] :1:1: Premature end of file.
2025-09-24 10:35:12,402 [ERROR] LogOutputStream:75 - [STDERR_REDIRECT] 
2025-09-24 10:35:13,402 [ERROR] LogOutputStream:75 - [STDERR_REDIRECT] [Fatal Error] :1:1: Premature end of file.
2025-09-24 10:35:13,402 [ERROR] LogOutputStream:75 - [STDERR_REDIRECT] 
2025-09-24 10:35:14,403 [ERROR] LogOutputStream:75 - [STDERR_REDIRECT] [Fatal Error] :1:1: Premature end of file.
2025-09-24 10:35:14,404 [ERROR] LogOutputStream:75 - [STDERR_REDIRECT] 
2025-09-24 10:35:15,407 [ERROR] LogOutputStream:75 - [STDERR_REDIRECT] [Fatal Error] :1:1: Premature end of file.
2025-09-24 10:35:15,407 [ERROR] LogOutputStream:75 - [STDERR_REDIRECT] 
2025-09-24 10:35:16,405 [ERROR] LogOutputStream:75 - [STDERR_REDIRECT] [Fatal Error] :1:1: Premature end of file.
2025-09-24 10:35:16,405 [ERROR] LogOutputStream:75 - [STDERR_REDIRECT] 
2025-09-24 10:35:17,402 [ERROR] LogOutputStream:75 - [STDERR_REDIRECT] [Fatal Error] :1:1: Premature end of file.
2025-09-24 10:35:17,402 [ERROR] LogOutputStream:75 - [STDERR_REDIRECT] 
2025-09-24 10:35:18,402 [ERROR] LogOutputStream:75 - [STDERR_REDIRECT] [Fatal Error] :1:1: Premature end of file.
2025-09-24 10:35:18,402 [ERROR] LogOutputStream:75 - [STDERR_REDIRECT] 
2025-09-24 10:35:19,402 [ERROR] LogOutputStream:75 - [STDERR_REDIRECT] [Fatal Error] :1:1: Premature end of file.
2025-09-24 10:35:19,403 [ERROR] LogOutputStream:75 - [STDERR_REDIRECT] 
2025-09-24 10:35:20,329 [INFO] ServerAccessManage:452 - Complete download http(s) 200
2025-09-24 10:35:20,330 [INFO] ServerAccessManage:509 - Download File crdb.zip
2025-09-24 10:35:20,401 [ERROR] LogOutputStream:75 - [STDERR_REDIRECT] [Fatal Error] :1:1: Premature end of file.
2025-09-24 10:35:20,402 [ERROR] LogOutputStream:75 - [STDERR_REDIRECT] 
2025-09-24 10:35:21,402 [ERROR] LogOutputStream:75 - [STDERR_REDIRECT] [Fatal Error] :1:1: Premature end of file.
2025-09-24 10:35:21,402 [ERROR] LogOutputStream:75 - [STDERR_REDIRECT] 
2025-09-24 10:35:21,466 [INFO] FileExtend:248 - Unzip File : crdb.zip
2025-09-24 10:35:21,466 [INFO] FileExtend:263 - Standard Zip Deflate
2025-09-24 10:35:21,615 [INFO] LoadUrlFilesThread:156 - End of LoadUrlFiles Thread
2025-09-24 10:35:21,880 [INFO] ServerAccessManage:452 - Complete download http(s) 200
2025-09-24 10:35:21,880 [INFO] ServerAccessManage:509 - Download File tutoVideoDB.zip
2025-09-24 10:35:21,951 [INFO] FileExtend:248 - Unzip File : tutoVideoDB.zip
2025-09-24 10:35:21,952 [INFO] FileExtend:263 - Standard Zip Deflate
2025-09-24 10:35:22,065 [INFO] LoadUrlFilesThread:156 - End of LoadUrlFiles Thread
2025-09-24 10:35:22,068 [WARN] DbFile:41 - Overriding database path with different value: C:\Users\train\.stmcufinder\plugins\mcufinder/ => C:\Users\train\.stmcufinder\plugins\mcufinder
2025-09-24 10:35:22,230 [INFO] ServerAccessManage:452 - Complete download http(s) 200
2025-09-24 10:35:22,231 [INFO] ServerAccessManage:509 - Download File api_config.json
2025-09-24 10:35:22,343 [INFO] LoadUrlFilesThread:156 - End of LoadUrlFiles Thread
2025-09-24 10:35:22,344 [INFO] DbMcusAds:53 - JSON generation date=Tue Jul 08 13:44:23 IST 2025 (1751962463524)
2025-09-24 10:35:22,367 [INFO] LoadUrlFilesThread:185 - End of LoadServerUrlFiles without Thread
2025-09-24 10:35:22,367 [INFO] TargetSelectorAdapter:259 - Refresh data is successful
2025-09-24 10:35:22,417 [ERROR] LogOutputStream:75 - [STDERR_REDIRECT] [Fatal Error] :1:1: Premature end of file.
2025-09-24 10:35:22,418 [ERROR] LogOutputStream:75 - [STDERR_REDIRECT] 
2025-09-24 10:35:22,580 [INFO] ApiDb:581 - Connected to CubeFinder SQLite database (C:\Users\train\.stmcufinder\plugins\mcufinder\mcu\cube-finder-db.db)
2025-09-24 10:35:22,673 [INFO] ApiDb:668 - CubeFinder database Data Model version=2.1
2025-09-24 10:35:22,673 [INFO] ApiDb:669 - CubeFinder database Configuration version=3.0.39
2025-09-24 10:35:22,673 [INFO] ApiDb:670 - CubeFinder database generation date=2025-08-25 (1756130511)
2025-09-24 10:35:22,673 [INFO] ApiDb:671 - CubeFinder database FW Pack versions=[FP-ATR-ASTRA1_V2.0.0, FP-SNS-FLIGHT1_V5.1.0, FP-SNS-MOTENV1_V5.0.0, FP-SNS-MOTENVWB1_V1.4.0, FP-SNS-SMARTAG2_V1.2.0, FP-SNS-STBOX1_V2.1.0, STM32Cube_FW_C0_V1.4.0, STM32Cube_FW_F4_V1.28.3, STM32Cube_FW_F7_V1.17.4, STM32Cube_FW_G0_V1.6.2, STM32Cube_FW_G4_V1.6.1, STM32Cube_FW_H5_V1.5.0, STM32Cube_FW_H7RS_V1.2.0, STM32Cube_FW_H7_V1.12.1, STM32Cube_FW_L0_V1.12.2, STM32Cube_FW_L4_V1.18.1, STM32Cube_FW_L5_V1.5.1, STM32Cube_FW_N6_V1.2.0, STM32Cube_FW_U0_V1.3.0, STM32Cube_FW_U3_V1.2.0, STM32Cube_FW_U5_V1.8.0, STM32Cube_FW_WB0_V1.3.0, STM32Cube_FW_WBA_V1.7.0, STM32Cube_FW_WB_V1.23.0, STM32Cube_FW_WL3_V1.2.0, STM32Cube_FW_WL_V1.3.1, X-CUBE-ALGOBUILD_V1.4.0, X-CUBE-ALS_V1.0.2, X-CUBE-AZRTOS-F4_V1.1.0, X-CUBE-AZRTOS-F7_V1.1.0, X-CUBE-AZRTOS-G0_V1.1.0, X-CUBE-AZRTOS-G4_V2.0.0, X-CUBE-AZRTOS-H7RS_V1.1.0, X-CUBE-AZRTOS-H7_V3.4.0, X-CUBE-AZRTOS-L4_V2.0.0, X-CUBE-AZRTOS-L5_V2.0.0, X-CUBE-AZRTOS-WB_V2.0.0, X-CUBE-AZRTOS-WL_V2.0.0, X-CUBE-BLE1_V7.1.0, X-CUBE-BLE2_V3.3.0, X-CUBE-BLEMGR_V4.1.0, X-CUBE-EEPRMA1_V5.2.0, X-CUBE-FREERTOS_V1.3.1, X-CUBE-GNSS1_V6.0.0, X-CUBE-MEMS1_V11.3.0, X-CUBE-NFC4_V3.0.0, X-CUBE-NFC7_V2.0.0, X-CUBE-SFXS2LP1_V4.0.0, X-CUBE-ST67W61_V1.0.0, X-CUBE-SUBG2_V5.0.0, X-CUBE-TOF1_V3.4.3]
2025-09-24 10:35:23,404 [ERROR] LogOutputStream:75 - [STDERR_REDIRECT] [Fatal Error] :1:1: Premature end of file.
2025-09-24 10:35:23,404 [ERROR] LogOutputStream:75 - [STDERR_REDIRECT] 
2025-09-24 10:35:24,407 [ERROR] LogOutputStream:75 - [STDERR_REDIRECT] [Fatal Error] :1:1: Premature end of file.
2025-09-24 10:35:24,407 [ERROR] LogOutputStream:75 - [STDERR_REDIRECT] 
2025-09-24 10:35:25,245 [INFO] ApiDb:240 - Found 880 in-development CPN: [B-G473E-ZEST1S, B-WB1M-WPAN1, B-WBA5M-WPAN, B-WL5M-SUBG1, NUCLEO-C031C6, NUCLEO-C051C8, NUCLEO-C071RB, NUCLEO-C092RC, NUCLEO-H503RB, NUCLEO-H533RE, NUCLEO-H563ZI, NUCLEO-H7S3L8, NUCLEO-N657X0-Q, NUCLEO-U031R8, NUCLEO-U083RC, NUCLEO-U385RG-Q, NUCLEO-U545RE-Q, NUCLEO-U5A5ZJ-Q, NUCLEO-WB05KZ, NUCLEO-WB07CC, NUCLEO-WB09KE, NUCLEO-WBA52CG, NUCLEO-WBA55CG, NUCLEO-WL33CC1, NUCLEO-WL33CC2, STEVAL-PROTEUS1, STEVAL-SMARTAG2, STEVAL-STWINBX1, STM320518-EVAL, STM32C0116-DK, STM32C011D6Y3TR, STM32C011D6Y6TR, STM32C011F4P3, STM32C011F4P6, STM32C011F4U3, STM32C011F4U6TR, STM32C011F6P3, STM32C011F6P6, STM32C011F6U3, STM32C011F6U6TR, STM32C011J4M3, STM32C011J4M6, STM32C011J6M3, STM32C011J6M6, STM32C0316-DK, STM32C031C4T3, STM32C031C4T6, STM32C031C4U3, STM32C031C4U6, STM32C031C6T3, STM32C031C6T6, STM32C031C6U3, STM32C031C6U6, STM32C031F4P3, STM32C031F4P6, STM32C031F6P3, STM32C031F6P6, STM32C031G4U3, STM32C031G4U6, STM32C031G6U3, STM32C031G6U6, STM32C031K4T3, STM32C031K4T6, STM32C031K4U3, STM32C031K4U6, STM32C031K6T3, STM32C031K6T6, STM32C031K6U3, STM32C031K6U6, STM32C051C6T6, STM32C051C6U6, STM32C051C8T6, STM32C051C8U6, STM32C051D8Y6TR, STM32C051F6P6, STM32C051F8P6, STM32C051G6U6, STM32C051G8U6, STM32C051K6T6, STM32C051K6U6, STM32C051K8T6, STM32C071C8T6, STM32C071C8T6N, STM32C071C8U6, STM32C071C8U6N, STM32C071CBT6, STM32C071CBT6N, STM32C071CBU6, STM32C071CBU6N, STM32C071F8P6, STM32C071F8P6N, STM32C071FBP6, STM32C071FBP6N, STM32C071FBY6TR, STM32C071G8U6, STM32C071G8U6N, STM32C071GBU6, STM32C071GBU6N, STM32C071K8T6, STM32C071K8T6N, STM32C071K8U6, STM32C071K8U6N, STM32C071KBT6, STM32C071KBT6N, STM32C071KBU6, STM32C071KBU6N, STM32C071R8T6, STM32C071R8T6N, STM32C071RBI6N, STM32C071RBT6, STM32C071RBT6N, STM32C091CBT6, STM32C091CBU6, STM32C091CCT6, STM32C091CCU6, STM32C091ECY6TR, STM32C091FBP6, STM32C091FCP6, STM32C091GBU6, STM32C091GCU6, STM32C091KBT6, STM32C091KBU6, STM32C091KCT6, STM32C091KCU6, STM32C091RBT6, STM32C091RCI6, STM32C091RCT6, STM32C092CBT6, STM32C092CBU6, STM32C092CCT6, STM32C092CCU6, STM32C092ECY6TR, STM32C092FBP6, STM32C092FCP6, STM32C092GBU6, STM32C092GCU6, STM32C092KBT6, STM32C092KBU6, STM32C092KCT6, STM32C092KCU6, STM32C092RBT6, STM32C092RCI6, STM32C092RCT6, STM32G071K8TXN, STM32G071K8UXN, STM32G081GBU6N, STM32G081KBT6N, STM32G081KBUXN, STM32G0B1CCT6N, STM32G0B1KCT6, STM32G0B1NEY6TR, STM32G0B1RCT6N, STM32G0C1CCT6, STM32G0C1CCT6N, STM32G0C1CCU6N, STM32G0C1CET6N, STM32G0C1CEU6N, STM32G0C1KCT6, STM32G0C1NEY6TR, STM32G0C1RCI6N, STM32G0C1RCT6N, STM32G0C1REI6N, STM32G0C1RET6N, STM32G0C1VCI6, STM32G0C1VEI6, STM32G411C6T3, STM32G411C6T6, STM32G411C6U3, STM32G411C6U6, STM32G411C8T3, STM32G411C8T6, STM32G411C8U3, STM32G411C8U6, STM32G411CBT3, STM32G411CBT6, STM32G411CBU3, STM32G411CBU6, STM32G411K6T3, STM32G411K6T6, STM32G411K6U3, STM32G411K6U6, STM32G411K8T3, STM32G411K8T6, STM32G411K8U3, STM32G411K8U6, STM32G411KBT3, STM32G411KBT6, STM32G411KBU3, STM32G411KBU6, STM32G411M6T3, STM32G411M6T6, STM32G411M8T3, STM32G411M8T6, STM32G411MBT3, STM32G411MBT6, STM32G411R6T3, STM32G411R6T6, STM32G411R8T3, STM32G411R8T6, STM32G411RBT3, STM32G411RBT6, STM32G414CBT3, STM32G414CBT6, STM32G414CBU3, STM32G414CBU6, STM32G414CCT3, STM32G414CCT6, STM32G414CCU3, STM32G414CCU6, STM32G414MBT3, STM32G414MBT6, STM32G414MCT3, STM32G414MCT6, STM32G414RBT3, STM32G414RBT6, STM32G414RCT3, STM32G414RCT6, STM32G414VBT3, STM32G414VBT6, STM32G414VCT3, STM32G414VCT6, STM32G431CBT3Z, STM32G431RBT3Z, STM32G471CCT6, STM32G471CCU6, STM32G471CET3, STM32G471CET6, STM32G471CEU3, STM32G471CEU6, STM32G471MCT6, STM32G471MET3, STM32G471MET6, STM32G471MEY6TR, STM32G471QCT6, STM32G471QET3, STM32G471RCT6, STM32G471RET3, STM32G471RET6, STM32G471VCH6, STM32G471VCI6, STM32G471VCT6, STM32G471VEH3, STM32G471VEH6, STM32G471VEI3, STM32G471VEI6, STM32G471VET3, STM32G471VET6, STM32G473QET3Z, STM32G473RET3Z, STM32G474CCT6, STM32G491RET3Z, STM32H503CBT6, STM32H503CBU6, STM32H503EBY6TR, STM32H503KBU6, STM32H503RBT6, STM32H523CCT6, STM32H523CCU6, STM32H523CET6, STM32H523CEU6, STM32H523HEY6TR, STM32H523RCT6, STM32H523RET6, STM32H523VCI6, STM32H523VCT6, STM32H523VEI6, STM32H523VET6, STM32H523ZCJ6, STM32H523ZCT6, STM32H523ZEJ6, STM32H523ZET6, STM32H533CET6, STM32H533CEU6, STM32H533HEY6TR, STM32H533RET6, STM32H533VEI6, STM32H533VET6, STM32H533ZEJ6, STM32H533ZET6, STM32H562AGI6, STM32H562AII6, STM32H562IGK6, STM32H562IGT6, STM32H562IIK6, STM32H562IIT6, STM32H562RGT6, STM32H562RGV6, STM32H562RIT6, STM32H562RIV6, STM32H562VGT6, STM32H562VIT6, STM32H562ZGT6, STM32H562ZIT6, STM32H563AGI6, STM32H563AII3Q, STM32H563AII6, STM32H563IGK6, STM32H563IGT6, STM32H563IIK3Q, STM32H563IIK6, STM32H563IIT3Q, STM32H563IIT6, STM32H563MIY3QTR, STM32H563RGT6, STM32H563RGV6, STM32H563RIT6, STM32H563RIV6, STM32H563VGT6, STM32H563VIT3Q, STM32H563VIT6, STM32H563ZGT6, STM32H563ZIT3Q, STM32H563ZIT6, STM32H573AII3Q, STM32H573AII6, STM32H573I-DK, STM32H573IIK3Q, STM32H573IIK6, STM32H573IIT3Q, STM32H573IIT6, STM32H573MIY3QTR, STM32H573RIT6, STM32H573RIV6, STM32H573VIT3Q, STM32H573VIT6, STM32H573ZIT3Q, STM32H573ZIT6, STM32H7R3A8I6, STM32H7R3I8K6, STM32H7R3I8T6, STM32H7R3L8H6, STM32H7R3L8H6H, STM32H7R3R8V6, STM32H7R3V8H6, STM32H7R3V8T6, STM32H7R3V8Y6TR, STM32H7R3Z8J6, STM32H7R3Z8T6, STM32H7R7A8I6, STM32H7R7I8K6, STM32H7R7I8T6, STM32H7R7L8H6, STM32H7R7L8H6H, STM32H7R7Z8J6, STM32H7S3A8I6, STM32H7S3I8K6, STM32H7S3I8T6, STM32H7S3L8H6, STM32H7S3L8H6H, STM32H7S3R8V6, STM32H7S3V8H6, STM32H7S3V8T6, STM32H7S3V8Y6TR, STM32H7S3Z8J6, STM32H7S3Z8T6, STM32H7S78-DK, STM32H7S7A8I6, STM32H7S7I8K6, STM32H7S7I8T6, STM32H7S7L8H6, STM32H7S7L8H6H, STM32H7S7Z8J6, STM32L4R5QGI6STR, STM32MP131AAE3, STM32MP131AAF3, STM32MP131AAG3, STM32MP131CAE3, STM32MP131CAF3, STM32MP131CAG3, STM32MP131DAE7, STM32MP131DAF7, STM32MP131DAG7, STM32MP131FAE7, STM32MP131FAF7, STM32MP131FAG7, STM32MP133AAE3, STM32MP133AAF3, STM32MP133AAG3, STM32MP133CAE3, STM32MP133CAF3, STM32MP133CAG3, STM32MP133DAE7, STM32MP133DAF7, STM32MP133DAG7, STM32MP133FAE7, STM32MP133FAF7, STM32MP133FAG7, STM32MP135AAE3, STM32MP135AAF3, STM32MP135AAG3, STM32MP135CAE3, STM32MP135CAF3, STM32MP135CAG3, STM32MP135DAE7, STM32MP135DAF7, STM32MP135DAG7, STM32MP135F-DK, STM32MP135FAE7, STM32MP135FAF7, STM32MP135FAF7T, STM32MP135FAF7U, STM32MP135FAG7, STM32MP211AAL3, STM32MP211AAM3, STM32MP211AAN3, STM32MP211AAO3, STM32MP211CAL3, STM32MP211CAM3, STM32MP211CAN3, STM32MP211CAO3, STM32MP211DAL3, STM32MP211DAM3, STM32MP211DAN3, STM32MP211DAO3, STM32MP211FAL3, STM32MP211FAM3, STM32MP211FAN3, STM32MP211FAO3, STM32MP213AAL3, STM32MP213AAM3, STM32MP213AAN3, STM32MP213AAO3, STM32MP213CAL3, STM32MP213CAM3, STM32MP213CAN3, STM32MP213CAO3, STM32MP213DAL3, STM32MP213DAM3, STM32MP213DAN3, STM32MP213DAO3, STM32MP213FAL3, STM32MP213FAM3, STM32MP213FAN3, STM32MP213FAO3, STM32MP215AAL3, STM32MP215AAM3, STM32MP215AAN3, STM32MP215AAO3, STM32MP215CAL3, STM32MP215CAM3, STM32MP215CAN3, STM32MP215CAO3, STM32MP215DAL3, STM32MP215DAM3, STM32MP215DAN3, STM32MP215DAO3, STM32MP215F-DK, STM32MP215FAL3, STM32MP215FAM3, STM32MP215FAN3, STM32MP215FAO3, STM32MP231AAJ3, STM32MP231AAK3, STM32MP231AAL3, STM32MP231CAJ3, STM32MP231CAK3, STM32MP231CAL3, STM32MP231DAJ3, STM32MP231DAK3, STM32MP231DAL3, STM32MP231FAJ3, STM32MP231FAK3, STM32MP231FAL3, STM32MP233AAJ3, STM32MP233AAK3, STM32MP233AAL3, STM32MP233CAJ3, STM32MP233CAK3, STM32MP233CAL3, STM32MP233DAJ3, STM32MP233DAK3, STM32MP233DAL3, STM32MP233FAJ3, STM32MP233FAK3, STM32MP233FAL3, STM32MP235AAJ3, STM32MP235AAK3, STM32MP235AAL3, STM32MP235CAJ3, STM32MP235CAK3, STM32MP235CAL3, STM32MP235DAJ3, STM32MP235DAK3, STM32MP235DAL3, STM32MP235FAJ3, STM32MP235FAK3, STM32MP235FAL3, STM32MP251AAI3, STM32MP251AAK3, STM32MP251AAL3, STM32MP251CAI3, STM32MP251CAK3, STM32MP251CAL3, STM32MP251DAI3, STM32MP251DAK3, STM32MP251DAL3, STM32MP251FAI3, STM32MP251FAK3, STM32MP251FAL3, STM32MP253AAI3, STM32MP253AAK3, STM32MP253AAL3, STM32MP253CAI3, STM32MP253CAK3, STM32MP253CAL3, STM32MP253DAI3, STM32MP253DAK3, STM32MP253DAL3, STM32MP253FAI3, STM32MP253FAK3, STM32MP253FAL3, STM32MP255AAI3, STM32MP255AAK3, STM32MP255AAL3, STM32MP255CAI3, STM32MP255CAK3, STM32MP255CAL3, STM32MP255DAI3, STM32MP255DAK3, STM32MP255DAL3, STM32MP255FAI3, STM32MP255FAK3, STM32MP255FAL3, STM32MP257AAI3, STM32MP257AAK3, STM32MP257AAL3, STM32MP257CAI3, STM32MP257CAK3, STM32MP257CAL3, STM32MP257DAI3, STM32MP257DAK3, STM32MP257DAL3, STM32MP257F-DK, STM32MP257F-EV1, STM32MP257FAI3, STM32MP257FAK3, STM32MP257FAL3, STM32N645A0H3Q, STM32N645B0H3Q, STM32N645I0H3Q, STM32N645L0H3Q, STM32N645X0H3Q, STM32N645Z0H3Q, STM32N647A0H3Q, STM32N647B0H3Q, STM32N647I0H3Q, STM32N647L0H3Q, STM32N647X0H3Q, STM32N647Z0H3Q, STM32N655A0H3Q, STM32N655B0H3Q, STM32N655I0H3Q, STM32N655L0H3Q, STM32N655X0H3Q, STM32N655Z0H3Q, STM32N6570-DK, STM32N657A0H3Q, STM32N657B0H3Q, STM32N657I0H3Q, STM32N657L0H3Q, STM32N657X0H3Q, STM32N657Z0H3Q, STM32U031C6T6, STM32U031C6U6, STM32U031C8T6, STM32U031C8U6, STM32U031F4P6, STM32U031F6P6, STM32U031F8P6, STM32U031G6Y6TR, STM32U031G8Y6TR, STM32U031K4U6, STM32U031K6U6, STM32U031K8U6, STM32U031R6I6, STM32U031R6T6, STM32U031R8I6, STM32U031R8T6, STM32U073C8T6, STM32U073C8U6, STM32U073CBT6, STM32U073CBU6, STM32U073CCT6, STM32U073CCU6, STM32U073H8Y6TR, STM32U073HBY6TR, STM32U073HCY6TR, STM32U073K8U6, STM32U073KBU6, STM32U073KCU6, STM32U073M8I6, STM32U073M8T6, STM32U073MBI6, STM32U073MBT6, STM32U073MCI6, STM32U073MCT6, STM32U073R8I6, STM32U073R8T6, STM32U073RBI6, STM32U073RBT6, STM32U073RCI6, STM32U073RCT6, STM32U083C-DK, STM32U083CCT6, STM32U083CCU6, STM32U083HCY6TR, STM32U083KCU6, STM32U083MCI6, STM32U083MCT6, STM32U083RCI6, STM32U083RCT6, STM32U375CET6, STM32U375CET6Q, STM32U375CEU6, STM32U375CEU6Q, STM32U375CEY6QTR, STM32U375CGT6, STM32U375CGT6Q, STM32U375CGU6, STM32U375CGU6Q, STM32U375CGY6QTR, STM32U375KEU6, STM32U375KGU6, STM32U375REI6, STM32U375REI6Q, STM32U375RET6, STM32U375RET6Q, STM32U375REY6GTR, STM32U375REY6QTR, STM32U375RGI6, STM32U375RGI6Q, STM32U375RGT6, STM32U375RGT6Q, STM32U375RGY6GTR, STM32U375RGY6QTR, STM32U375VEI6, STM32U375VEI6Q, STM32U375VET6, STM32U375VET6Q, STM32U375VGI6, STM32U375VGI6Q, STM32U375VGT6, STM32U375VGT6Q, STM32U385CGT6, STM32U385CGT6Q, STM32U385CGU6, STM32U385CGU6Q, STM32U385CGY6QTR, STM32U385KGU6, STM32U385RGI6, STM32U385RGI6Q, STM32U385RGT6, STM32U385RGT6Q, STM32U385RGY6GTR, STM32U385RGY6QTR, STM32U385VGI6, STM32U385VGI6Q, STM32U385VGT6, STM32U385VGT6Q, STM32U535CBT6, STM32U535CBT6Q, STM32U535CBU6, STM32U535CBU6Q, STM32U535CCT6, STM32U535CCT6Q, STM32U535CCU6, STM32U535CCU6Q, STM32U535CET6, STM32U535CET6Q, STM32U535CEU6, STM32U535CEU6Q, STM32U535JEY6QTR, STM32U535NCY6QTR, STM32U535NEY6QTR, STM32U535RBI6, STM32U535RBI6Q, STM32U535RBT6, STM32U535RBT6Q, STM32U535RCI6, STM32U535RCI6Q, STM32U535RCT6, STM32U535RCT6Q, STM32U535REI6, STM32U535REI6Q, STM32U535RET6, STM32U535RET6Q, STM32U535VCI6, STM32U535VCI6Q, STM32U535VCT6, STM32U535VCT6Q, STM32U535VEI6, STM32U535VEI6Q, STM32U535VET6, STM32U535VET6Q, STM32U545CET6, STM32U545CET6Q, STM32U545CEU6, STM32U545CEU6Q, STM32U545JEY6QTR, STM32U545NEY6QTR, STM32U545REI6, STM32U545REI6Q, STM32U545RET6, STM32U545RET6Q, STM32U545VEI6, STM32U545VEI6Q, STM32U545VET6, STM32U545VET6Q, STM32U595AIH6, STM32U595AIH6Q, STM32U595AJH6, STM32U595AJH6Q, STM32U595QII6, STM32U595QII6Q, STM32U595QJI6, STM32U595QJI6Q, STM32U595RIT6, STM32U595RIT6Q, STM32U595RJT6, STM32U595RJT6Q, STM32U595VIT6, STM32U595VIT6Q, STM32U595VJT6, STM32U595VJT6Q, STM32U595ZIT6, STM32U595ZIT6Q, STM32U595ZIY6QTR, STM32U595ZJT6, STM32U595ZJT6Q, STM32U595ZJY6QTR, STM32U599BJY6QTR, STM32U599NIH6Q, STM32U599NJH6Q, STM32U599VIT6Q, STM32U599VJT6, STM32U599VJT6Q, STM32U599ZIT6Q, STM32U599ZIY6QTR, STM32U599ZJT6Q, STM32U599ZJY6QTR, STM32U5A5AJH6, STM32U5A5AJH6Q, STM32U5A5QII3Q , STM32U5A5QJI6, STM32U5A5QJI6Q, STM32U5A5RJT6, STM32U5A5RJT6Q, STM32U5A5VJT6, STM32U5A5VJT6Q, STM32U5A5ZJT6, STM32U5A5ZJT6Q, STM32U5A5ZJY6QTR, STM32U5A9BJY6QTR, STM32U5A9J-DK, STM32U5A9NJH6Q, STM32U5A9VJT6Q, STM32U5A9ZJT6Q, STM32U5A9ZJY6QTR, STM32U5F7VIT6, STM32U5F7VIT6Q, STM32U5F7VJT6, STM32U5F7VJT6Q, STM32U5F9BJY6QTR, STM32U5F9NJH6Q, STM32U5F9VIT6Q, STM32U5F9VJT6Q, STM32U5F9ZIJ6QTR, STM32U5F9ZIT6Q, STM32U5F9ZJJ6QTR, STM32U5F9ZJT6Q, STM32U5G7VJT6, STM32U5G7VJT6Q, STM32U5G9BJY6QTR, STM32U5G9J-DK1, STM32U5G9J-DK2, STM32U5G9NJH6Q, STM32U5G9VJT6Q, STM32U5G9ZJJ6QTR, STM32U5G9ZJT6Q, STM32WB05KZV6TR, STM32WB05KZV7TR, STM32WB05TZF6TR, STM32WB05TZF7TR, STM32WB06CCF6TR, STM32WB06CCF7TR, STM32WB06CCV6TR, STM32WB06CCV7TR, STM32WB06KCV6TR, STM32WB06KCV7TR, STM32WB07CCF6TR, STM32WB07CCF7TR, STM32WB07CCV6TR, STM32WB07CCV7TR, STM32WB07KCV6TR, STM32WB07KCV7TR, STM32WB09KEV6TR, STM32WB09KEV7TR, STM32WB09TEF6TR, STM32WB09TEF7TR, STM32WB1MMCH6, STM32WBA50KGU6, STM32WBA50KGU6TR, STM32WBA52CEU6, STM32WBA52CEU6TR, STM32WBA52CEU7, STM32WBA52CEU7TR, STM32WBA52CGU6, STM32WBA52CGU6TR, STM32WBA52CGU6U, STM32WBA52CGU7, STM32WBA52CGU7TR, STM32WBA52KEU6, STM32WBA52KEU6TR, STM32WBA52KGU6, STM32WBA52KGU6TR, STM32WBA54CEU6, STM32WBA54CEU6TR, STM32WBA54CEU7, STM32WBA54CEU7TR, STM32WBA54CGU6, STM32WBA54CGU6TR, STM32WBA54CGU7, STM32WBA54CGU7TR, STM32WBA54KEU6, STM32WBA54KEU6TR, STM32WBA54KEU7, STM32WBA54KEU7TR, STM32WBA54KGU6, STM32WBA54KGU6TR, STM32WBA54KGU7, STM32WBA54KGU7TR, STM32WBA55CEU6, STM32WBA55CEU6TR, STM32WBA55CEU7, STM32WBA55CEU7TR, STM32WBA55CGU6, STM32WBA55CGU6TR, STM32WBA55CGU6U, STM32WBA55CGU7, STM32WBA55CGU7TR, STM32WBA55G-DK1, STM32WBA55HEF6, STM32WBA55HEF7, STM32WBA55HGF6, STM32WBA55HGF7, STM32WBA55UEI6, STM32WBA55UEI6TR, STM32WBA55UEI7, STM32WBA55UEI7TR, STM32WBA55UGI6, STM32WBA55UGI6TR, STM32WBA55UGI7, STM32WBA55UGI7TR, STM32WBA5MMGH6TR, STM32WBA62MGF6, STM32WBA62MIF6, STM32WBA65MGF7, STM32WBA65MIF6, STM32WBA65MIF7, STM32WL30K8V6, STM32WL30KBV6, STM32WL31C8V6, STM32WL31CBV6, STM32WL31K8V6, STM32WL31KBV6, STM32WL33C8V6, STM32WL33C8V6X, STM32WL33CBV6, STM32WL33CBV6X, STM32WL33CCV6, STM32WL33CCV6A, STM32WL33CCV6X, STM32WL33K8V7, STM32WL33K8V7X, STM32WL33KBV7 , STM32WL33KBV7X, STM32WL33KCV7, STM32WL33KCV7X, STM32WL5MOCH6, STM32WL5MOCH6TR]
2025-09-24 10:35:25,253 [INFO] DbMcus:218 - Found 4801 MCUs, 4801 are supported
2025-09-24 10:35:25,254 [INFO] ApiDb:423 - Load user favorites file C:\Users\train/.stm32cubeide/favorites.mcus.txt: 0 item(s)
2025-09-24 10:35:25,254 [INFO] ApiDb:427 - User favorites MCUs=[]
2025-09-24 10:35:25,254 [INFO] DbMcus:224 - Set 0 / 0 favorites MCUs
2025-09-24 10:35:25,419 [ERROR] LogOutputStream:75 - [STDERR_REDIRECT] [Fatal Error] :1:1: Premature end of file.
2025-09-24 10:35:25,420 [ERROR] LogOutputStream:75 - [STDERR_REDIRECT] 
2025-09-24 10:35:26,132 [INFO] ApiDb:668 - CubeFinder database Data Model version=2.1
2025-09-24 10:35:26,132 [INFO] ApiDb:669 - CubeFinder database Configuration version=3.0.39
2025-09-24 10:35:26,132 [INFO] ApiDb:670 - CubeFinder database generation date=2025-08-25 (1756130511)
2025-09-24 10:35:26,132 [INFO] ApiDb:671 - CubeFinder database FW Pack versions=[FP-ATR-ASTRA1_V2.0.0, FP-SNS-FLIGHT1_V5.1.0, FP-SNS-MOTENV1_V5.0.0, FP-SNS-MOTENVWB1_V1.4.0, FP-SNS-SMARTAG2_V1.2.0, FP-SNS-STBOX1_V2.1.0, STM32Cube_FW_C0_V1.4.0, STM32Cube_FW_F4_V1.28.3, STM32Cube_FW_F7_V1.17.4, STM32Cube_FW_G0_V1.6.2, STM32Cube_FW_G4_V1.6.1, STM32Cube_FW_H5_V1.5.0, STM32Cube_FW_H7RS_V1.2.0, STM32Cube_FW_H7_V1.12.1, STM32Cube_FW_L0_V1.12.2, STM32Cube_FW_L4_V1.18.1, STM32Cube_FW_L5_V1.5.1, STM32Cube_FW_N6_V1.2.0, STM32Cube_FW_U0_V1.3.0, STM32Cube_FW_U3_V1.2.0, STM32Cube_FW_U5_V1.8.0, STM32Cube_FW_WB0_V1.3.0, STM32Cube_FW_WBA_V1.7.0, STM32Cube_FW_WB_V1.23.0, STM32Cube_FW_WL3_V1.2.0, STM32Cube_FW_WL_V1.3.1, X-CUBE-ALGOBUILD_V1.4.0, X-CUBE-ALS_V1.0.2, X-CUBE-AZRTOS-F4_V1.1.0, X-CUBE-AZRTOS-F7_V1.1.0, X-CUBE-AZRTOS-G0_V1.1.0, X-CUBE-AZRTOS-G4_V2.0.0, X-CUBE-AZRTOS-H7RS_V1.1.0, X-CUBE-AZRTOS-H7_V3.4.0, X-CUBE-AZRTOS-L4_V2.0.0, X-CUBE-AZRTOS-L5_V2.0.0, X-CUBE-AZRTOS-WB_V2.0.0, X-CUBE-AZRTOS-WL_V2.0.0, X-CUBE-BLE1_V7.1.0, X-CUBE-BLE2_V3.3.0, X-CUBE-BLEMGR_V4.1.0, X-CUBE-EEPRMA1_V5.2.0, X-CUBE-FREERTOS_V1.3.1, X-CUBE-GNSS1_V6.0.0, X-CUBE-MEMS1_V11.3.0, X-CUBE-NFC4_V3.0.0, X-CUBE-NFC7_V2.0.0, X-CUBE-SFXS2LP1_V4.0.0, X-CUBE-ST67W61_V1.0.0, X-CUBE-SUBG2_V5.0.0, X-CUBE-TOF1_V3.4.3]
2025-09-24 10:35:26,211 [INFO] DbBoardsSqlite:226 - include board P-NUCLEO-WB55-NUCLEO as a kit item of type 'Nucleo-64'
2025-09-24 10:35:26,211 [INFO] DbBoardsSqlite:226 - include board P-NUCLEO-WB55-USBDONGLE as a kit item of type 'Nucleo USB Dongle'
2025-09-24 10:35:26,212 [INFO] DbBoardsSqlite:226 - include board STEVAL-IDP005V1 as a kit item of type 'Evaluation Board'
2025-09-24 10:35:26,212 [INFO] DbBoardsSqlite:226 - include board STEVAL-IDP005V2 as a kit item of type 'Evaluation Board'
2025-09-24 10:35:26,307 [INFO] ApiDb:240 - Found 880 in-development CPN: [B-G473E-ZEST1S, B-WB1M-WPAN1, B-WBA5M-WPAN, B-WL5M-SUBG1, NUCLEO-C031C6, NUCLEO-C051C8, NUCLEO-C071RB, NUCLEO-C092RC, NUCLEO-H503RB, NUCLEO-H533RE, NUCLEO-H563ZI, NUCLEO-H7S3L8, NUCLEO-N657X0-Q, NUCLEO-U031R8, NUCLEO-U083RC, NUCLEO-U385RG-Q, NUCLEO-U545RE-Q, NUCLEO-U5A5ZJ-Q, NUCLEO-WB05KZ, NUCLEO-WB07CC, NUCLEO-WB09KE, NUCLEO-WBA52CG, NUCLEO-WBA55CG, NUCLEO-WL33CC1, NUCLEO-WL33CC2, STEVAL-PROTEUS1, STEVAL-SMARTAG2, STEVAL-STWINBX1, STM320518-EVAL, STM32C0116-DK, STM32C011D6Y3TR, STM32C011D6Y6TR, STM32C011F4P3, STM32C011F4P6, STM32C011F4U3, STM32C011F4U6TR, STM32C011F6P3, STM32C011F6P6, STM32C011F6U3, STM32C011F6U6TR, STM32C011J4M3, STM32C011J4M6, STM32C011J6M3, STM32C011J6M6, STM32C0316-DK, STM32C031C4T3, STM32C031C4T6, STM32C031C4U3, STM32C031C4U6, STM32C031C6T3, STM32C031C6T6, STM32C031C6U3, STM32C031C6U6, STM32C031F4P3, STM32C031F4P6, STM32C031F6P3, STM32C031F6P6, STM32C031G4U3, STM32C031G4U6, STM32C031G6U3, STM32C031G6U6, STM32C031K4T3, STM32C031K4T6, STM32C031K4U3, STM32C031K4U6, STM32C031K6T3, STM32C031K6T6, STM32C031K6U3, STM32C031K6U6, STM32C051C6T6, STM32C051C6U6, STM32C051C8T6, STM32C051C8U6, STM32C051D8Y6TR, STM32C051F6P6, STM32C051F8P6, STM32C051G6U6, STM32C051G8U6, STM32C051K6T6, STM32C051K6U6, STM32C051K8T6, STM32C071C8T6, STM32C071C8T6N, STM32C071C8U6, STM32C071C8U6N, STM32C071CBT6, STM32C071CBT6N, STM32C071CBU6, STM32C071CBU6N, STM32C071F8P6, STM32C071F8P6N, STM32C071FBP6, STM32C071FBP6N, STM32C071FBY6TR, STM32C071G8U6, STM32C071G8U6N, STM32C071GBU6, STM32C071GBU6N, STM32C071K8T6, STM32C071K8T6N, STM32C071K8U6, STM32C071K8U6N, STM32C071KBT6, STM32C071KBT6N, STM32C071KBU6, STM32C071KBU6N, STM32C071R8T6, STM32C071R8T6N, STM32C071RBI6N, STM32C071RBT6, STM32C071RBT6N, STM32C091CBT6, STM32C091CBU6, STM32C091CCT6, STM32C091CCU6, STM32C091ECY6TR, STM32C091FBP6, STM32C091FCP6, STM32C091GBU6, STM32C091GCU6, STM32C091KBT6, STM32C091KBU6, STM32C091KCT6, STM32C091KCU6, STM32C091RBT6, STM32C091RCI6, STM32C091RCT6, STM32C092CBT6, STM32C092CBU6, STM32C092CCT6, STM32C092CCU6, STM32C092ECY6TR, STM32C092FBP6, STM32C092FCP6, STM32C092GBU6, STM32C092GCU6, STM32C092KBT6, STM32C092KBU6, STM32C092KCT6, STM32C092KCU6, STM32C092RBT6, STM32C092RCI6, STM32C092RCT6, STM32G071K8TXN, STM32G071K8UXN, STM32G081GBU6N, STM32G081KBT6N, STM32G081KBUXN, STM32G0B1CCT6N, STM32G0B1KCT6, STM32G0B1NEY6TR, STM32G0B1RCT6N, STM32G0C1CCT6, STM32G0C1CCT6N, STM32G0C1CCU6N, STM32G0C1CET6N, STM32G0C1CEU6N, STM32G0C1KCT6, STM32G0C1NEY6TR, STM32G0C1RCI6N, STM32G0C1RCT6N, STM32G0C1REI6N, STM32G0C1RET6N, STM32G0C1VCI6, STM32G0C1VEI6, STM32G411C6T3, STM32G411C6T6, STM32G411C6U3, STM32G411C6U6, STM32G411C8T3, STM32G411C8T6, STM32G411C8U3, STM32G411C8U6, STM32G411CBT3, STM32G411CBT6, STM32G411CBU3, STM32G411CBU6, STM32G411K6T3, STM32G411K6T6, STM32G411K6U3, STM32G411K6U6, STM32G411K8T3, STM32G411K8T6, STM32G411K8U3, STM32G411K8U6, STM32G411KBT3, STM32G411KBT6, STM32G411KBU3, STM32G411KBU6, STM32G411M6T3, STM32G411M6T6, STM32G411M8T3, STM32G411M8T6, STM32G411MBT3, STM32G411MBT6, STM32G411R6T3, STM32G411R6T6, STM32G411R8T3, STM32G411R8T6, STM32G411RBT3, STM32G411RBT6, STM32G414CBT3, STM32G414CBT6, STM32G414CBU3, STM32G414CBU6, STM32G414CCT3, STM32G414CCT6, STM32G414CCU3, STM32G414CCU6, STM32G414MBT3, STM32G414MBT6, STM32G414MCT3, STM32G414MCT6, STM32G414RBT3, STM32G414RBT6, STM32G414RCT3, STM32G414RCT6, STM32G414VBT3, STM32G414VBT6, STM32G414VCT3, STM32G414VCT6, STM32G431CBT3Z, STM32G431RBT3Z, STM32G471CCT6, STM32G471CCU6, STM32G471CET3, STM32G471CET6, STM32G471CEU3, STM32G471CEU6, STM32G471MCT6, STM32G471MET3, STM32G471MET6, STM32G471MEY6TR, STM32G471QCT6, STM32G471QET3, STM32G471RCT6, STM32G471RET3, STM32G471RET6, STM32G471VCH6, STM32G471VCI6, STM32G471VCT6, STM32G471VEH3, STM32G471VEH6, STM32G471VEI3, STM32G471VEI6, STM32G471VET3, STM32G471VET6, STM32G473QET3Z, STM32G473RET3Z, STM32G474CCT6, STM32G491RET3Z, STM32H503CBT6, STM32H503CBU6, STM32H503EBY6TR, STM32H503KBU6, STM32H503RBT6, STM32H523CCT6, STM32H523CCU6, STM32H523CET6, STM32H523CEU6, STM32H523HEY6TR, STM32H523RCT6, STM32H523RET6, STM32H523VCI6, STM32H523VCT6, STM32H523VEI6, STM32H523VET6, STM32H523ZCJ6, STM32H523ZCT6, STM32H523ZEJ6, STM32H523ZET6, STM32H533CET6, STM32H533CEU6, STM32H533HEY6TR, STM32H533RET6, STM32H533VEI6, STM32H533VET6, STM32H533ZEJ6, STM32H533ZET6, STM32H562AGI6, STM32H562AII6, STM32H562IGK6, STM32H562IGT6, STM32H562IIK6, STM32H562IIT6, STM32H562RGT6, STM32H562RGV6, STM32H562RIT6, STM32H562RIV6, STM32H562VGT6, STM32H562VIT6, STM32H562ZGT6, STM32H562ZIT6, STM32H563AGI6, STM32H563AII3Q, STM32H563AII6, STM32H563IGK6, STM32H563IGT6, STM32H563IIK3Q, STM32H563IIK6, STM32H563IIT3Q, STM32H563IIT6, STM32H563MIY3QTR, STM32H563RGT6, STM32H563RGV6, STM32H563RIT6, STM32H563RIV6, STM32H563VGT6, STM32H563VIT3Q, STM32H563VIT6, STM32H563ZGT6, STM32H563ZIT3Q, STM32H563ZIT6, STM32H573AII3Q, STM32H573AII6, STM32H573I-DK, STM32H573IIK3Q, STM32H573IIK6, STM32H573IIT3Q, STM32H573IIT6, STM32H573MIY3QTR, STM32H573RIT6, STM32H573RIV6, STM32H573VIT3Q, STM32H573VIT6, STM32H573ZIT3Q, STM32H573ZIT6, STM32H7R3A8I6, STM32H7R3I8K6, STM32H7R3I8T6, STM32H7R3L8H6, STM32H7R3L8H6H, STM32H7R3R8V6, STM32H7R3V8H6, STM32H7R3V8T6, STM32H7R3V8Y6TR, STM32H7R3Z8J6, STM32H7R3Z8T6, STM32H7R7A8I6, STM32H7R7I8K6, STM32H7R7I8T6, STM32H7R7L8H6, STM32H7R7L8H6H, STM32H7R7Z8J6, STM32H7S3A8I6, STM32H7S3I8K6, STM32H7S3I8T6, STM32H7S3L8H6, STM32H7S3L8H6H, STM32H7S3R8V6, STM32H7S3V8H6, STM32H7S3V8T6, STM32H7S3V8Y6TR, STM32H7S3Z8J6, STM32H7S3Z8T6, STM32H7S78-DK, STM32H7S7A8I6, STM32H7S7I8K6, STM32H7S7I8T6, STM32H7S7L8H6, STM32H7S7L8H6H, STM32H7S7Z8J6, STM32L4R5QGI6STR, STM32MP131AAE3, STM32MP131AAF3, STM32MP131AAG3, STM32MP131CAE3, STM32MP131CAF3, STM32MP131CAG3, STM32MP131DAE7, STM32MP131DAF7, STM32MP131DAG7, STM32MP131FAE7, STM32MP131FAF7, STM32MP131FAG7, STM32MP133AAE3, STM32MP133AAF3, STM32MP133AAG3, STM32MP133CAE3, STM32MP133CAF3, STM32MP133CAG3, STM32MP133DAE7, STM32MP133DAF7, STM32MP133DAG7, STM32MP133FAE7, STM32MP133FAF7, STM32MP133FAG7, STM32MP135AAE3, STM32MP135AAF3, STM32MP135AAG3, STM32MP135CAE3, STM32MP135CAF3, STM32MP135CAG3, STM32MP135DAE7, STM32MP135DAF7, STM32MP135DAG7, STM32MP135F-DK, STM32MP135FAE7, STM32MP135FAF7, STM32MP135FAF7T, STM32MP135FAF7U, STM32MP135FAG7, STM32MP211AAL3, STM32MP211AAM3, STM32MP211AAN3, STM32MP211AAO3, STM32MP211CAL3, STM32MP211CAM3, STM32MP211CAN3, STM32MP211CAO3, STM32MP211DAL3, STM32MP211DAM3, STM32MP211DAN3, STM32MP211DAO3, STM32MP211FAL3, STM32MP211FAM3, STM32MP211FAN3, STM32MP211FAO3, STM32MP213AAL3, STM32MP213AAM3, STM32MP213AAN3, STM32MP213AAO3, STM32MP213CAL3, STM32MP213CAM3, STM32MP213CAN3, STM32MP213CAO3, STM32MP213DAL3, STM32MP213DAM3, STM32MP213DAN3, STM32MP213DAO3, STM32MP213FAL3, STM32MP213FAM3, STM32MP213FAN3, STM32MP213FAO3, STM32MP215AAL3, STM32MP215AAM3, STM32MP215AAN3, STM32MP215AAO3, STM32MP215CAL3, STM32MP215CAM3, STM32MP215CAN3, STM32MP215CAO3, STM32MP215DAL3, STM32MP215DAM3, STM32MP215DAN3, STM32MP215DAO3, STM32MP215F-DK, STM32MP215FAL3, STM32MP215FAM3, STM32MP215FAN3, STM32MP215FAO3, STM32MP231AAJ3, STM32MP231AAK3, STM32MP231AAL3, STM32MP231CAJ3, STM32MP231CAK3, STM32MP231CAL3, STM32MP231DAJ3, STM32MP231DAK3, STM32MP231DAL3, STM32MP231FAJ3, STM32MP231FAK3, STM32MP231FAL3, STM32MP233AAJ3, STM32MP233AAK3, STM32MP233AAL3, STM32MP233CAJ3, STM32MP233CAK3, STM32MP233CAL3, STM32MP233DAJ3, STM32MP233DAK3, STM32MP233DAL3, STM32MP233FAJ3, STM32MP233FAK3, STM32MP233FAL3, STM32MP235AAJ3, STM32MP235AAK3, STM32MP235AAL3, STM32MP235CAJ3, STM32MP235CAK3, STM32MP235CAL3, STM32MP235DAJ3, STM32MP235DAK3, STM32MP235DAL3, STM32MP235FAJ3, STM32MP235FAK3, STM32MP235FAL3, STM32MP251AAI3, STM32MP251AAK3, STM32MP251AAL3, STM32MP251CAI3, STM32MP251CAK3, STM32MP251CAL3, STM32MP251DAI3, STM32MP251DAK3, STM32MP251DAL3, STM32MP251FAI3, STM32MP251FAK3, STM32MP251FAL3, STM32MP253AAI3, STM32MP253AAK3, STM32MP253AAL3, STM32MP253CAI3, STM32MP253CAK3, STM32MP253CAL3, STM32MP253DAI3, STM32MP253DAK3, STM32MP253DAL3, STM32MP253FAI3, STM32MP253FAK3, STM32MP253FAL3, STM32MP255AAI3, STM32MP255AAK3, STM32MP255AAL3, STM32MP255CAI3, STM32MP255CAK3, STM32MP255CAL3, STM32MP255DAI3, STM32MP255DAK3, STM32MP255DAL3, STM32MP255FAI3, STM32MP255FAK3, STM32MP255FAL3, STM32MP257AAI3, STM32MP257AAK3, STM32MP257AAL3, STM32MP257CAI3, STM32MP257CAK3, STM32MP257CAL3, STM32MP257DAI3, STM32MP257DAK3, STM32MP257DAL3, STM32MP257F-DK, STM32MP257F-EV1, STM32MP257FAI3, STM32MP257FAK3, STM32MP257FAL3, STM32N645A0H3Q, STM32N645B0H3Q, STM32N645I0H3Q, STM32N645L0H3Q, STM32N645X0H3Q, STM32N645Z0H3Q, STM32N647A0H3Q, STM32N647B0H3Q, STM32N647I0H3Q, STM32N647L0H3Q, STM32N647X0H3Q, STM32N647Z0H3Q, STM32N655A0H3Q, STM32N655B0H3Q, STM32N655I0H3Q, STM32N655L0H3Q, STM32N655X0H3Q, STM32N655Z0H3Q, STM32N6570-DK, STM32N657A0H3Q, STM32N657B0H3Q, STM32N657I0H3Q, STM32N657L0H3Q, STM32N657X0H3Q, STM32N657Z0H3Q, STM32U031C6T6, STM32U031C6U6, STM32U031C8T6, STM32U031C8U6, STM32U031F4P6, STM32U031F6P6, STM32U031F8P6, STM32U031G6Y6TR, STM32U031G8Y6TR, STM32U031K4U6, STM32U031K6U6, STM32U031K8U6, STM32U031R6I6, STM32U031R6T6, STM32U031R8I6, STM32U031R8T6, STM32U073C8T6, STM32U073C8U6, STM32U073CBT6, STM32U073CBU6, STM32U073CCT6, STM32U073CCU6, STM32U073H8Y6TR, STM32U073HBY6TR, STM32U073HCY6TR, STM32U073K8U6, STM32U073KBU6, STM32U073KCU6, STM32U073M8I6, STM32U073M8T6, STM32U073MBI6, STM32U073MBT6, STM32U073MCI6, STM32U073MCT6, STM32U073R8I6, STM32U073R8T6, STM32U073RBI6, STM32U073RBT6, STM32U073RCI6, STM32U073RCT6, STM32U083C-DK, STM32U083CCT6, STM32U083CCU6, STM32U083HCY6TR, STM32U083KCU6, STM32U083MCI6, STM32U083MCT6, STM32U083RCI6, STM32U083RCT6, STM32U375CET6, STM32U375CET6Q, STM32U375CEU6, STM32U375CEU6Q, STM32U375CEY6QTR, STM32U375CGT6, STM32U375CGT6Q, STM32U375CGU6, STM32U375CGU6Q, STM32U375CGY6QTR, STM32U375KEU6, STM32U375KGU6, STM32U375REI6, STM32U375REI6Q, STM32U375RET6, STM32U375RET6Q, STM32U375REY6GTR, STM32U375REY6QTR, STM32U375RGI6, STM32U375RGI6Q, STM32U375RGT6, STM32U375RGT6Q, STM32U375RGY6GTR, STM32U375RGY6QTR, STM32U375VEI6, STM32U375VEI6Q, STM32U375VET6, STM32U375VET6Q, STM32U375VGI6, STM32U375VGI6Q, STM32U375VGT6, STM32U375VGT6Q, STM32U385CGT6, STM32U385CGT6Q, STM32U385CGU6, STM32U385CGU6Q, STM32U385CGY6QTR, STM32U385KGU6, STM32U385RGI6, STM32U385RGI6Q, STM32U385RGT6, STM32U385RGT6Q, STM32U385RGY6GTR, STM32U385RGY6QTR, STM32U385VGI6, STM32U385VGI6Q, STM32U385VGT6, STM32U385VGT6Q, STM32U535CBT6, STM32U535CBT6Q, STM32U535CBU6, STM32U535CBU6Q, STM32U535CCT6, STM32U535CCT6Q, STM32U535CCU6, STM32U535CCU6Q, STM32U535CET6, STM32U535CET6Q, STM32U535CEU6, STM32U535CEU6Q, STM32U535JEY6QTR, STM32U535NCY6QTR, STM32U535NEY6QTR, STM32U535RBI6, STM32U535RBI6Q, STM32U535RBT6, STM32U535RBT6Q, STM32U535RCI6, STM32U535RCI6Q, STM32U535RCT6, STM32U535RCT6Q, STM32U535REI6, STM32U535REI6Q, STM32U535RET6, STM32U535RET6Q, STM32U535VCI6, STM32U535VCI6Q, STM32U535VCT6, STM32U535VCT6Q, STM32U535VEI6, STM32U535VEI6Q, STM32U535VET6, STM32U535VET6Q, STM32U545CET6, STM32U545CET6Q, STM32U545CEU6, STM32U545CEU6Q, STM32U545JEY6QTR, STM32U545NEY6QTR, STM32U545REI6, STM32U545REI6Q, STM32U545RET6, STM32U545RET6Q, STM32U545VEI6, STM32U545VEI6Q, STM32U545VET6, STM32U545VET6Q, STM32U595AIH6, STM32U595AIH6Q, STM32U595AJH6, STM32U595AJH6Q, STM32U595QII6, STM32U595QII6Q, STM32U595QJI6, STM32U595QJI6Q, STM32U595RIT6, STM32U595RIT6Q, STM32U595RJT6, STM32U595RJT6Q, STM32U595VIT6, STM32U595VIT6Q, STM32U595VJT6, STM32U595VJT6Q, STM32U595ZIT6, STM32U595ZIT6Q, STM32U595ZIY6QTR, STM32U595ZJT6, STM32U595ZJT6Q, STM32U595ZJY6QTR, STM32U599BJY6QTR, STM32U599NIH6Q, STM32U599NJH6Q, STM32U599VIT6Q, STM32U599VJT6, STM32U599VJT6Q, STM32U599ZIT6Q, STM32U599ZIY6QTR, STM32U599ZJT6Q, STM32U599ZJY6QTR, STM32U5A5AJH6, STM32U5A5AJH6Q, STM32U5A5QII3Q , STM32U5A5QJI6, STM32U5A5QJI6Q, STM32U5A5RJT6, STM32U5A5RJT6Q, STM32U5A5VJT6, STM32U5A5VJT6Q, STM32U5A5ZJT6, STM32U5A5ZJT6Q, STM32U5A5ZJY6QTR, STM32U5A9BJY6QTR, STM32U5A9J-DK, STM32U5A9NJH6Q, STM32U5A9VJT6Q, STM32U5A9ZJT6Q, STM32U5A9ZJY6QTR, STM32U5F7VIT6, STM32U5F7VIT6Q, STM32U5F7VJT6, STM32U5F7VJT6Q, STM32U5F9BJY6QTR, STM32U5F9NJH6Q, STM32U5F9VIT6Q, STM32U5F9VJT6Q, STM32U5F9ZIJ6QTR, STM32U5F9ZIT6Q, STM32U5F9ZJJ6QTR, STM32U5F9ZJT6Q, STM32U5G7VJT6, STM32U5G7VJT6Q, STM32U5G9BJY6QTR, STM32U5G9J-DK1, STM32U5G9J-DK2, STM32U5G9NJH6Q, STM32U5G9VJT6Q, STM32U5G9ZJJ6QTR, STM32U5G9ZJT6Q, STM32WB05KZV6TR, STM32WB05KZV7TR, STM32WB05TZF6TR, STM32WB05TZF7TR, STM32WB06CCF6TR, STM32WB06CCF7TR, STM32WB06CCV6TR, STM32WB06CCV7TR, STM32WB06KCV6TR, STM32WB06KCV7TR, STM32WB07CCF6TR, STM32WB07CCF7TR, STM32WB07CCV6TR, STM32WB07CCV7TR, STM32WB07KCV6TR, STM32WB07KCV7TR, STM32WB09KEV6TR, STM32WB09KEV7TR, STM32WB09TEF6TR, STM32WB09TEF7TR, STM32WB1MMCH6, STM32WBA50KGU6, STM32WBA50KGU6TR, STM32WBA52CEU6, STM32WBA52CEU6TR, STM32WBA52CEU7, STM32WBA52CEU7TR, STM32WBA52CGU6, STM32WBA52CGU6TR, STM32WBA52CGU6U, STM32WBA52CGU7, STM32WBA52CGU7TR, STM32WBA52KEU6, STM32WBA52KEU6TR, STM32WBA52KGU6, STM32WBA52KGU6TR, STM32WBA54CEU6, STM32WBA54CEU6TR, STM32WBA54CEU7, STM32WBA54CEU7TR, STM32WBA54CGU6, STM32WBA54CGU6TR, STM32WBA54CGU7, STM32WBA54CGU7TR, STM32WBA54KEU6, STM32WBA54KEU6TR, STM32WBA54KEU7, STM32WBA54KEU7TR, STM32WBA54KGU6, STM32WBA54KGU6TR, STM32WBA54KGU7, STM32WBA54KGU7TR, STM32WBA55CEU6, STM32WBA55CEU6TR, STM32WBA55CEU7, STM32WBA55CEU7TR, STM32WBA55CGU6, STM32WBA55CGU6TR, STM32WBA55CGU6U, STM32WBA55CGU7, STM32WBA55CGU7TR, STM32WBA55G-DK1, STM32WBA55HEF6, STM32WBA55HEF7, STM32WBA55HGF6, STM32WBA55HGF7, STM32WBA55UEI6, STM32WBA55UEI6TR, STM32WBA55UEI7, STM32WBA55UEI7TR, STM32WBA55UGI6, STM32WBA55UGI6TR, STM32WBA55UGI7, STM32WBA55UGI7TR, STM32WBA5MMGH6TR, STM32WBA62MGF6, STM32WBA62MIF6, STM32WBA65MGF7, STM32WBA65MIF6, STM32WBA65MIF7, STM32WL30K8V6, STM32WL30KBV6, STM32WL31C8V6, STM32WL31CBV6, STM32WL31K8V6, STM32WL31KBV6, STM32WL33C8V6, STM32WL33C8V6X, STM32WL33CBV6, STM32WL33CBV6X, STM32WL33CCV6, STM32WL33CCV6A, STM32WL33CCV6X, STM32WL33K8V7, STM32WL33K8V7X, STM32WL33KBV7 , STM32WL33KBV7X, STM32WL33KCV7, STM32WL33KCV7X, STM32WL5MOCH6, STM32WL5MOCH6TR]
2025-09-24 10:35:26,414 [ERROR] LogOutputStream:75 - [STDERR_REDIRECT] [Fatal Error] :1:1: Premature end of file.
2025-09-24 10:35:26,416 [ERROR] LogOutputStream:75 - [STDERR_REDIRECT] 
2025-09-24 10:35:26,797 [INFO] BoardInfo:889 - No configuration file found for board P-NUCLEO-WB55
2025-09-24 10:35:26,801 [INFO] DbBoards:161 - Kit is not supported: P-NUCLEO-WB55
2025-09-24 10:35:26,815 [INFO] BoardInfo:889 - No configuration file found for board STEVAL-BFA001V1B
2025-09-24 10:35:26,818 [INFO] DbBoards:161 - Kit is not supported: STEVAL-BFA001V1B
2025-09-24 10:35:26,819 [INFO] BoardInfo:889 - No configuration file found for board STEVAL-BFA001V2B
2025-09-24 10:35:26,822 [INFO] DbBoards:161 - Kit is not supported: STEVAL-BFA001V2B
2025-09-24 10:35:27,235 [INFO] DbBoards:168 - Found 212 boards, 209 are supported
2025-09-24 10:35:27,235 [INFO] DbBoards:169 - Found 212 boards, 43 of them is supported for  Bsp
2025-09-24 10:35:27,237 [INFO] ApiDb:423 - Load user favorites file C:\Users\train/.stm32cubeide/favorites.boards.txt: 1 item(s)
2025-09-24 10:35:27,238 [INFO] ApiDb:427 - User favorites Boards=[STM32F407G-DISC1]
2025-09-24 10:35:27,238 [INFO] DbBoards:198 - Set 1 / 1 favorites Boards
2025-09-24 10:35:27,240 [INFO] ApiDb:668 - CubeFinder database Data Model version=2.1
2025-09-24 10:35:27,240 [INFO] ApiDb:669 - CubeFinder database Configuration version=3.0.39
2025-09-24 10:35:27,240 [INFO] ApiDb:670 - CubeFinder database generation date=2025-08-25 (1756130511)
2025-09-24 10:35:27,241 [INFO] ApiDb:671 - CubeFinder database FW Pack versions=[FP-ATR-ASTRA1_V2.0.0, FP-SNS-FLIGHT1_V5.1.0, FP-SNS-MOTENV1_V5.0.0, FP-SNS-MOTENVWB1_V1.4.0, FP-SNS-SMARTAG2_V1.2.0, FP-SNS-STBOX1_V2.1.0, STM32Cube_FW_C0_V1.4.0, STM32Cube_FW_F4_V1.28.3, STM32Cube_FW_F7_V1.17.4, STM32Cube_FW_G0_V1.6.2, STM32Cube_FW_G4_V1.6.1, STM32Cube_FW_H5_V1.5.0, STM32Cube_FW_H7RS_V1.2.0, STM32Cube_FW_H7_V1.12.1, STM32Cube_FW_L0_V1.12.2, STM32Cube_FW_L4_V1.18.1, STM32Cube_FW_L5_V1.5.1, STM32Cube_FW_N6_V1.2.0, STM32Cube_FW_U0_V1.3.0, STM32Cube_FW_U3_V1.2.0, STM32Cube_FW_U5_V1.8.0, STM32Cube_FW_WB0_V1.3.0, STM32Cube_FW_WBA_V1.7.0, STM32Cube_FW_WB_V1.23.0, STM32Cube_FW_WL3_V1.2.0, STM32Cube_FW_WL_V1.3.1, X-CUBE-ALGOBUILD_V1.4.0, X-CUBE-ALS_V1.0.2, X-CUBE-AZRTOS-F4_V1.1.0, X-CUBE-AZRTOS-F7_V1.1.0, X-CUBE-AZRTOS-G0_V1.1.0, X-CUBE-AZRTOS-G4_V2.0.0, X-CUBE-AZRTOS-H7RS_V1.1.0, X-CUBE-AZRTOS-H7_V3.4.0, X-CUBE-AZRTOS-L4_V2.0.0, X-CUBE-AZRTOS-L5_V2.0.0, X-CUBE-AZRTOS-WB_V2.0.0, X-CUBE-AZRTOS-WL_V2.0.0, X-CUBE-BLE1_V7.1.0, X-CUBE-BLE2_V3.3.0, X-CUBE-BLEMGR_V4.1.0, X-CUBE-EEPRMA1_V5.2.0, X-CUBE-FREERTOS_V1.3.1, X-CUBE-GNSS1_V6.0.0, X-CUBE-MEMS1_V11.3.0, X-CUBE-NFC4_V3.0.0, X-CUBE-NFC7_V2.0.0, X-CUBE-SFXS2LP1_V4.0.0, X-CUBE-ST67W61_V1.0.0, X-CUBE-SUBG2_V5.0.0, X-CUBE-TOF1_V3.4.3]
2025-09-24 10:35:27,410 [ERROR] LogOutputStream:75 - [STDERR_REDIRECT] [Fatal Error] :1:1: Premature end of file.
2025-09-24 10:35:27,410 [ERROR] LogOutputStream:75 - [STDERR_REDIRECT] 
2025-09-24 10:35:28,390 [ERROR] DbExamplesSqlite:437 - Missing JSON key: board_cpn
2025-09-24 10:35:28,390 [ERROR] DbExamplesSqlite:437 - Missing JSON key: board_cpn
2025-09-24 10:35:28,391 [ERROR] DbExamplesSqlite:437 - Missing JSON key: board_cpn
2025-09-24 10:35:28,392 [ERROR] DbExamplesSqlite:437 - Missing JSON key: board_cpn
2025-09-24 10:35:28,426 [ERROR] LogOutputStream:75 - [STDERR_REDIRECT] [Fatal Error] :1:1: Premature end of file.
2025-09-24 10:35:28,426 [ERROR] LogOutputStream:75 - [STDERR_REDIRECT] 
2025-09-24 10:35:28,937 [ERROR] DbExamplesSqlite:437 - Missing JSON key: board_cpn
2025-09-24 10:35:28,938 [ERROR] DbExamplesSqlite:437 - Missing JSON key: board_cpn
2025-09-24 10:35:28,941 [INFO] DbExamplesSqlite:395 - Ignored 33 examples not supported by CubeIDE
2025-09-24 10:35:28,942 [INFO] DbExamplesSqlite:396 - Found 10871 examples active
2025-09-24 10:35:28,942 [INFO] DbExamplesSqlite:397 - Found 0 examples obsolete
2025-09-24 10:35:28,942 [INFO] DbExamplesSqlite:398 - Found 0 examples under development
2025-09-24 10:35:28,942 [INFO] DbExamplesSqlite:399 - Found 65 examples not building
2025-09-24 10:35:28,944 [INFO] DbExamples:125 - Found 10903 examples
2025-09-24 10:35:28,965 [INFO] DbExamples:222 - Found 134 boards with related examples
2025-09-24 10:35:28,968 [INFO] DbExamples:235 - Found 111 MCUs with related examples
2025-09-24 10:35:28,995 [INFO] ApiDb:414 - User favorites file not found: C:\Users\train/.stm32cubeide/favorites.examples.txt
2025-09-24 10:35:28,995 [INFO] DbExamples:250 - Set 0 / 0 favorites Examples
2025-09-24 10:35:29,250 [INFO] McuFinderGlobals:76 - Set McuFinderConnectedMode to true
2025-09-24 10:35:29,265 [INFO] MultiScanPanel:200 - Auto-refresh data requested => check proxy status ongoing
2025-09-24 10:35:29,271 [INFO] FinderPluginLoader:96 - Searching for filters in installed packs
2025-09-24 10:35:29,438 [ERROR] LogOutputStream:75 - [STDERR_REDIRECT] [Fatal Error] :1:1: Premature end of file.
2025-09-24 10:35:29,438 [ERROR] LogOutputStream:75 - [STDERR_REDIRECT] 
2025-09-24 10:35:30,423 [ERROR] LogOutputStream:75 - [STDERR_REDIRECT] [Fatal Error] :1:1: Premature end of file.
2025-09-24 10:35:30,424 [ERROR] LogOutputStream:75 - [STDERR_REDIRECT] 
2025-09-24 10:35:31,419 [ERROR] LogOutputStream:75 - [STDERR_REDIRECT] [Fatal Error] :1:1: Premature end of file.
2025-09-24 10:35:31,419 [ERROR] LogOutputStream:75 - [STDERR_REDIRECT] 
2025-09-24 10:35:31,554 [INFO] LoadUrlFilesThread:185 - End of LoadServerUrlFiles without Thread
2025-09-24 10:35:31,692 [INFO] DetailPanel:341 - Set advertising image to C:/Users/train/STM32Cube/Repository/\en.2400x1350px.jpeg
2025-09-24 10:35:32,422 [ERROR] LogOutputStream:75 - [STDERR_REDIRECT] [Fatal Error] :1:1: Premature end of file.
2025-09-24 10:35:32,423 [ERROR] LogOutputStream:75 - [STDERR_REDIRECT] 
2025-09-24 10:35:33,473 [ERROR] LogOutputStream:75 - [STDERR_REDIRECT] [Fatal Error] :1:1: Premature end of file.
2025-09-24 10:35:33,473 [ERROR] LogOutputStream:75 - [STDERR_REDIRECT] 
2025-09-24 10:35:34,438 [ERROR] LogOutputStream:75 - [STDERR_REDIRECT] [Fatal Error] :1:1: Premature end of file.
2025-09-24 10:35:34,438 [ERROR] LogOutputStream:75 - [STDERR_REDIRECT] 
2025-09-24 10:36:19,154 [INFO] Activator:176 - 


2025-09-24 10:36:19,160 [INFO] Activator:177 - !SESSION log4j initialized
2025-09-24 10:36:33,305 [INFO] LogOutputStream:77 - [STDOUT_REDIRECT] 
2025-09-24 10:36:35,453 [INFO] ApplicationProperties:184 - Using Application install path: C:\ST\STM32CubeIDE_1.19.0\STM32CubeIDE\plugins\com.st.stm32cube.common.mx_6.15.0.202507011659
2025-09-24 10:36:35,478 [INFO] DbMcusXml:78 - Set database path to: C:\ST\STM32CubeIDE_1.19.0\STM32CubeIDE\plugins\com.st.stm32cube.common.mx_6.15.0.202507011659\\db\/mcu/
2025-09-24 10:36:35,479 [INFO] ApiDb:274 - Set plugin database path to: C:\ST\STM32CubeIDE_1.19.0\STM32CubeIDE\plugins\com.st.stm32cube.common.mx_6.15.0.202507011659\\db\/plugins/boardmanager/
2025-09-24 10:36:35,479 [WARN] ApiDb:259 - Overriding images path with different value:  => C:\ST\STM32CubeIDE_1.19.0\STM32CubeIDE\plugins\com.st.stm32cube.common.mx_6.15.0.202507011659\\db\/plugins/mcufinder/images/
2025-09-24 10:36:35,487 [INFO] ApiDb:250 - Set database path to: C:\Users\train\.stmcufinder\plugins\mcufinder//mcu/
2025-09-24 10:36:35,489 [INFO] DbMcusAds:125 - Set database path to: C:\Users\train\.stmcufinder\plugins\mcufinder//mcu/
2025-09-24 10:36:35,492 [INFO] CrossReferenceDbSqlite:203 - Set database path to: C:\Users\train\.stmcufinder\plugins\mcufinder//mcu/cs/
2025-09-24 10:36:35,758 [INFO] RulesReader:64 - Compatibility file has been processed (317 Rules)
2025-09-24 10:36:35,907 [INFO] DbMcusXml:78 - Set database path to: C:\ST\STM32CubeIDE_1.19.0\STM32CubeIDE\plugins\com.st.stm32cube.common.mx_6.15.0.202507011659\\db\/mcu/
2025-09-24 10:36:35,907 [INFO] ApiDb:274 - Set plugin database path to: C:\ST\STM32CubeIDE_1.19.0\STM32CubeIDE\plugins\com.st.stm32cube.common.mx_6.15.0.202507011659\\db\/plugins/boardmanager/
2025-09-24 10:36:35,908 [INFO] ApiDb:261 - Set plugin images path to: C:\ST\STM32CubeIDE_1.19.0\STM32CubeIDE\plugins\com.st.stm32cube.common.mx_6.15.0.202507011659\\db\/plugins/mcufinder/images/
2025-09-24 10:36:35,908 [WARN] DbFile:41 - Overriding database path with different value: C:\Users\train\.stmcufinder\plugins\mcufinder/ => C:\Users\train\.stmcufinder\plugins\mcufinder
2025-09-24 10:36:35,908 [INFO] ApiDb:250 - Set database path to: C:\Users\train\.stmcufinder\plugins\mcufinder//mcu/
2025-09-24 10:36:35,908 [WARN] DbFile:41 - Overriding database path with different value: C:\Users\train\.stmcufinder\plugins\mcufinder/ => C:\Users\train\.stmcufinder\plugins\mcufinder
2025-09-24 10:36:35,908 [INFO] DbMcusAds:125 - Set database path to: C:\Users\train\.stmcufinder\plugins\mcufinder//mcu/
2025-09-24 10:36:35,909 [WARN] DbFile:41 - Overriding database path with different value: C:\Users\train\.stmcufinder\plugins\mcufinder/ => C:\Users\train\.stmcufinder\plugins\mcufinder
2025-09-24 10:36:35,909 [WARN] DbFile:41 - Overriding database path with different value: C:\Users\train\.stmcufinder\plugins\mcufinder/ => C:\Users\train\.stmcufinder\plugins\mcufinder
2025-09-24 10:36:35,909 [INFO] CrossReferenceDbSqlite:203 - Set database path to: C:\Users\train\.stmcufinder\plugins\mcufinder//mcu/cs/
2025-09-24 10:36:36,039 [INFO] MainPanel:274 - HeapMemory: 268435456
2025-09-24 10:36:36,157 [INFO] DbMcusXml:78 - Set database path to: C:\ST\STM32CubeIDE_1.19.0\STM32CubeIDE\plugins\com.st.stm32cube.common.mx_6.15.0.202507011659\\db\/mcu/
2025-09-24 10:36:36,157 [INFO] ApiDb:274 - Set plugin database path to: C:\ST\STM32CubeIDE_1.19.0\STM32CubeIDE\plugins\com.st.stm32cube.common.mx_6.15.0.202507011659\\db\/plugins/boardmanager/
2025-09-24 10:36:36,157 [INFO] ApiDb:261 - Set plugin images path to: C:\ST\STM32CubeIDE_1.19.0\STM32CubeIDE\plugins\com.st.stm32cube.common.mx_6.15.0.202507011659\\db\/plugins/mcufinder/images/
2025-09-24 10:36:36,158 [WARN] DbFile:41 - Overriding database path with different value: C:\Users\train\.stmcufinder\plugins\mcufinder/ => C:\Users\train\.stmcufinder\plugins\mcufinder
2025-09-24 10:36:36,158 [INFO] ApiDb:250 - Set database path to: C:\Users\train\.stmcufinder\plugins\mcufinder//mcu/
2025-09-24 10:36:36,158 [WARN] DbFile:41 - Overriding database path with different value: C:\Users\train\.stmcufinder\plugins\mcufinder/ => C:\Users\train\.stmcufinder\plugins\mcufinder
2025-09-24 10:36:36,158 [INFO] DbMcusAds:125 - Set database path to: C:\Users\train\.stmcufinder\plugins\mcufinder//mcu/
2025-09-24 10:36:36,158 [WARN] DbFile:41 - Overriding database path with different value: C:\Users\train\.stmcufinder\plugins\mcufinder/ => C:\Users\train\.stmcufinder\plugins\mcufinder
2025-09-24 10:36:36,159 [WARN] DbFile:41 - Overriding database path with different value: C:\Users\train\.stmcufinder\plugins\mcufinder/ => C:\Users\train\.stmcufinder\plugins\mcufinder
2025-09-24 10:36:36,159 [INFO] CrossReferenceDbSqlite:203 - Set database path to: C:\Users\train\.stmcufinder\plugins\mcufinder//mcu/cs/
2025-09-24 10:36:36,189 [INFO] ApplicationProperties:184 - Using Application install path: C:\ST\STM32CubeIDE_1.19.0\STM32CubeIDE\plugins\com.st.stm32cube.common.mx_6.15.0.202507011659
2025-09-24 10:36:36,191 [INFO] PluginManage:196 - Search for loadable plugins [exclusion list=, ]
2025-09-24 10:36:36,194 [INFO] PluginManage:310 - Check plugin analytics
2025-09-24 10:36:36,665 [INFO] AnalyticsPlugin:253 - Accepted Software Licenses: 
2025-09-24 10:36:36,666 [INFO] AnalyticsPlugin:255 - Accepted CMSIS Pack Licenses: 
2025-09-24 10:36:36,666 [INFO] AnalyticsPlugin:257 - Accepted Firmware Licenses: FW.F4.1.28.0
2025-09-24 10:36:36,675 [INFO] PluginManage:359 - Loaded plugin analytics (category:tool,tabindex:-1)
2025-09-24 10:36:36,675 [INFO] PluginManage:310 - Check plugin cadmodel
2025-09-24 10:36:36,681 [INFO] CADModel:105 - Init CAD model plugin
2025-09-24 10:36:36,681 [INFO] PluginManage:359 - Loaded plugin cadmodel (category:power,tabindex:5)
2025-09-24 10:36:36,682 [INFO] PluginManage:310 - Check plugin clock
2025-09-24 10:36:36,702 [INFO] PluginManage:359 - Loaded plugin clock (category:base,tabindex:2)
2025-09-24 10:36:36,702 [INFO] PluginManage:310 - Check plugin ddr
2025-09-24 10:36:36,713 [INFO] PluginManage:359 - Loaded plugin ddr (category:tool,tabindex:6)
2025-09-24 10:36:36,713 [INFO] PluginManage:310 - Check plugin filemanager
2025-09-24 10:36:36,941 [INFO] PluginManage:359 - Loaded plugin filemanager (category:base,tabindex:10)
2025-09-24 10:36:36,941 [INFO] PluginManage:310 - Check plugin ipmanager
2025-09-24 10:36:36,950 [INFO] PluginManage:359 - Loaded plugin ipmanager (category:base,tabindex:5)
2025-09-24 10:36:36,950 [INFO] PluginManage:310 - Check plugin lpbam
2025-09-24 10:36:36,962 [INFO] PluginManage:359 - Loaded plugin lpbam (category:base,tabindex:0)
2025-09-24 10:36:36,962 [INFO] PluginManage:310 - Check plugin memorymap
2025-09-24 10:36:36,983 [INFO] PluginManage:359 - Loaded plugin memorymap (category:base,tabindex:4)
2025-09-24 10:36:36,983 [INFO] PluginManage:310 - Check plugin pinoutandconfiguration
2025-09-24 10:36:37,000 [INFO] PluginManage:359 - Loaded plugin pinoutandconfiguration (category:base,tabindex:1)
2025-09-24 10:36:37,001 [INFO] PluginManage:310 - Check plugin pinoutconfig
2025-09-24 10:36:37,168 [WARN] SupportedApi:132 - Cannot load RTOS API schema: s4s-elt-must-match.1: The content of 'definitions' must match (annotation?, (simpleType | complexType)?, (unique | key | keyref)*)). A problem was found starting at: attribute.
2025-09-24 10:36:37,387 [INFO] PluginManage:359 - Loaded plugin pinoutconfig (category:base,tabindex:0)
2025-09-24 10:36:37,388 [INFO] PluginManage:310 - Check plugin power
2025-09-24 10:36:37,409 [INFO] PluginManage:359 - Loaded plugin power (category:power,tabindex:4)
2025-09-24 10:36:37,409 [INFO] PluginManage:310 - Check plugin projectmanager
2025-09-24 10:36:37,435 [INFO] PluginManage:359 - Loaded plugin projectmanager (category:projectmanager,tabindex:4)
2025-09-24 10:36:37,435 [INFO] PluginManage:310 - Check plugin rif
2025-09-24 10:36:37,459 [INFO] PluginManage:359 - Loaded plugin rif (category:base,tabindex:3)
2025-09-24 10:36:37,460 [INFO] PluginManage:310 - Check plugin thirdparty
2025-09-24 10:36:37,680 [WARN] IntegrityCheckThread:84 - waiting for thirdparty lock release [integrity check]
2025-09-24 10:36:37,681 [INFO] IntegrityCheckThread:86 - entering critical section [integrity check]
2025-09-24 10:36:37,681 [INFO] PluginManage:359 - Loaded plugin thirdparty (category:base,tabindex:-1)
2025-09-24 10:36:37,681 [INFO] PluginManage:310 - Check plugin tools
2025-09-24 10:36:37,682 [INFO] ThirdPartyUpdaterWithRetryManager:70 - Updater plugin not ready yet. [1/15]
2025-09-24 10:36:37,685 [INFO] PluginManage:359 - Loaded plugin tools (category:base,tabindex:7)
2025-09-24 10:36:37,686 [INFO] PluginManage:310 - Check plugin tutovideos
2025-09-24 10:36:37,937 [INFO] PluginManage:359 - Loaded plugin tutovideos (category:base,tabindex:-1)
2025-09-24 10:36:37,937 [INFO] PluginManage:310 - Check plugin updater
2025-09-24 10:36:37,963 [INFO] PluginManage:359 - Loaded plugin updater (category:base,tabindex:12)
2025-09-24 10:36:37,963 [INFO] PluginManage:310 - Check plugin userauth
2025-09-24 10:36:37,968 [INFO] UserAuth:118 - Init User Auth plugin
2025-09-24 10:36:37,969 [INFO] PluginManage:359 - Loaded plugin userauth (category:base,tabindex:14)
2025-09-24 10:36:37,972 [INFO] PluginManage:283 - PluginManage : Loaded plugins [18]
2025-09-24 10:36:38,234 [INFO] PinOutPanel:1589 - setPackage(No Configuration,No Configuration)
2025-09-24 10:36:38,341 [INFO] CADModel:165 - CPN selected for project level
2025-09-24 10:36:38,342 [INFO] CADModel:114 - Register for checkConnection events
2025-09-24 10:36:38,363 [INFO] IPUIPlugin:80 - create IPUIPlugin
2025-09-24 10:36:38,363 [INFO] PluginManager:220 - loadIPPluginJar : add adc
2025-09-24 10:36:38,366 [INFO] IPUIPlugin:80 - create IPUIPlugin
2025-09-24 10:36:38,366 [INFO] PluginManager:220 - loadIPPluginJar : add aes
2025-09-24 10:36:38,370 [INFO] IPUIPlugin:80 - create IPUIPlugin
2025-09-24 10:36:38,370 [INFO] PluginManager:220 - loadIPPluginJar : add can
2025-09-24 10:36:38,372 [INFO] IPUIPlugin:80 - create IPUIPlugin
2025-09-24 10:36:38,372 [INFO] PluginManager:220 - loadIPPluginJar : add comp
2025-09-24 10:36:38,375 [INFO] IPUIPlugin:80 - create IPUIPlugin
2025-09-24 10:36:38,375 [INFO] PluginManager:220 - loadIPPluginJar : add cryp
2025-09-24 10:36:38,378 [INFO] IPUIPlugin:80 - create IPUIPlugin
2025-09-24 10:36:38,379 [INFO] PluginManager:220 - loadIPPluginJar : add ddr_ctrl_phy
2025-09-24 10:36:38,382 [INFO] IPUIPlugin:80 - create IPUIPlugin
2025-09-24 10:36:38,382 [INFO] PluginManager:220 - loadIPPluginJar : add dfsdm
2025-09-24 10:36:38,390 [INFO] IPUIPlugin:80 - create IPUIPlugin
2025-09-24 10:36:38,391 [INFO] PluginManager:220 - loadIPPluginJar : add dma
2025-09-24 10:36:38,395 [INFO] IPUIPlugin:80 - create IPUIPlugin
2025-09-24 10:36:38,395 [INFO] PluginManager:220 - loadIPPluginJar : add dma3
2025-09-24 10:36:38,398 [INFO] IPUIPlugin:80 - create IPUIPlugin
2025-09-24 10:36:38,398 [INFO] PluginManager:220 - loadIPPluginJar : add extmemmanager
2025-09-24 10:36:38,400 [INFO] IPUIPlugin:80 - create IPUIPlugin
2025-09-24 10:36:38,400 [INFO] PluginManager:220 - loadIPPluginJar : add fatfs
2025-09-24 10:36:38,405 [INFO] IPUIPlugin:80 - create IPUIPlugin
2025-09-24 10:36:38,406 [INFO] PluginManager:220 - loadIPPluginJar : add fmc
2025-09-24 10:36:38,414 [INFO] IPUIPlugin:80 - create IPUIPlugin
2025-09-24 10:36:38,414 [INFO] PluginManager:220 - loadIPPluginJar : add freertos
2025-09-24 10:36:38,417 [INFO] IPUIPlugin:80 - create IPUIPlugin
2025-09-24 10:36:38,417 [INFO] PluginManager:220 - loadIPPluginJar : add genericplugin
2025-09-24 10:36:38,420 [INFO] IPUIPlugin:80 - create IPUIPlugin
2025-09-24 10:36:38,420 [INFO] PluginManager:220 - loadIPPluginJar : add gfxmmu
2025-09-24 10:36:38,426 [INFO] IPUIPlugin:80 - create IPUIPlugin
2025-09-24 10:36:38,426 [INFO] PluginManager:220 - loadIPPluginJar : add gic
2025-09-24 10:36:38,430 [INFO] IPUIPlugin:80 - create IPUIPlugin
2025-09-24 10:36:38,430 [INFO] PluginManager:220 - loadIPPluginJar : add gpio
2025-09-24 10:36:38,433 [INFO] IPUIPlugin:80 - create IPUIPlugin
2025-09-24 10:36:38,434 [INFO] PluginManager:220 - loadIPPluginJar : add gtzc
2025-09-24 10:36:38,437 [INFO] IPUIPlugin:80 - create IPUIPlugin
2025-09-24 10:36:38,437 [INFO] PluginManager:220 - loadIPPluginJar : add hash
2025-09-24 10:36:38,452 [INFO] IPUIPlugin:80 - create IPUIPlugin
2025-09-24 10:36:38,454 [INFO] PluginManager:220 - loadIPPluginJar : add i2c
2025-09-24 10:36:38,457 [INFO] IPUIPlugin:80 - create IPUIPlugin
2025-09-24 10:36:38,458 [INFO] PluginManager:220 - loadIPPluginJar : add i2s
2025-09-24 10:36:38,465 [INFO] IPUIPlugin:80 - create IPUIPlugin
2025-09-24 10:36:38,465 [INFO] PluginManager:220 - loadIPPluginJar : add i3c
2025-09-24 10:36:38,470 [INFO] IPUIPlugin:80 - create IPUIPlugin
2025-09-24 10:36:38,471 [INFO] PluginManager:220 - loadIPPluginJar : add ipddr
2025-09-24 10:36:38,480 [INFO] IPUIPlugin:80 - create IPUIPlugin
2025-09-24 10:36:38,480 [INFO] PluginManager:220 - loadIPPluginJar : add linkedlist
2025-09-24 10:36:38,485 [INFO] IPUIPlugin:80 - create IPUIPlugin
2025-09-24 10:36:38,485 [INFO] PluginManager:220 - loadIPPluginJar : add lorawan
2025-09-24 10:36:38,487 [INFO] IPUIPlugin:80 - create IPUIPlugin
2025-09-24 10:36:38,488 [INFO] PluginManager:220 - loadIPPluginJar : add ltdc
2025-09-24 10:36:38,494 [INFO] IPUIPlugin:80 - create IPUIPlugin
2025-09-24 10:36:38,494 [INFO] PluginManager:220 - loadIPPluginJar : add mdma
2025-09-24 10:36:38,498 [INFO] IPUIPlugin:80 - create IPUIPlugin
2025-09-24 10:36:38,498 [INFO] PluginManager:220 - loadIPPluginJar : add nvic
2025-09-24 10:36:38,501 [INFO] IPUIPlugin:80 - create IPUIPlugin
2025-09-24 10:36:38,501 [INFO] PluginManager:220 - loadIPPluginJar : add opamp
2025-09-24 10:36:38,505 [INFO] IPUIPlugin:80 - create IPUIPlugin
2025-09-24 10:36:38,506 [INFO] PluginManager:220 - loadIPPluginJar : add openamp
2025-09-24 10:36:38,511 [INFO] IPUIPlugin:80 - create IPUIPlugin
2025-09-24 10:36:38,511 [INFO] PluginManager:220 - loadIPPluginJar : add pdm2pcm
2025-09-24 10:36:38,521 [INFO] IPUIPlugin:80 - create IPUIPlugin
2025-09-24 10:36:38,524 [INFO] PluginManager:220 - loadIPPluginJar : add plateformsettings
2025-09-24 10:36:38,527 [INFO] IPUIPlugin:80 - create IPUIPlugin
2025-09-24 10:36:38,527 [INFO] PluginManager:220 - loadIPPluginJar : add quadspi
2025-09-24 10:36:38,531 [INFO] IPUIPlugin:80 - create IPUIPlugin
2025-09-24 10:36:38,533 [INFO] PluginManager:220 - loadIPPluginJar : add radio
2025-09-24 10:36:38,539 [INFO] IPUIPlugin:80 - create IPUIPlugin
2025-09-24 10:36:38,539 [INFO] PluginManager:220 - loadIPPluginJar : add resmgrutility
2025-09-24 10:36:38,543 [INFO] IPUIPlugin:80 - create IPUIPlugin
2025-09-24 10:36:38,543 [INFO] PluginManager:220 - loadIPPluginJar : add sai
2025-09-24 10:36:38,546 [INFO] IPUIPlugin:80 - create IPUIPlugin
2025-09-24 10:36:38,546 [INFO] PluginManager:220 - loadIPPluginJar : add spi
2025-09-24 10:36:38,553 [INFO] IPUIPlugin:80 - create IPUIPlugin
2025-09-24 10:36:38,553 [INFO] PluginManager:220 - loadIPPluginJar : add stm32_wpan
2025-09-24 10:36:38,557 [INFO] IPUIPlugin:80 - create IPUIPlugin
2025-09-24 10:36:38,557 [INFO] PluginManager:220 - loadIPPluginJar : add tim
2025-09-24 10:36:38,562 [INFO] IPUIPlugin:80 - create IPUIPlugin
2025-09-24 10:36:38,562 [INFO] PluginManager:220 - loadIPPluginJar : add touchsensing
2025-09-24 10:36:38,564 [INFO] IPUIPlugin:80 - create IPUIPlugin
2025-09-24 10:36:38,565 [INFO] PluginManager:220 - loadIPPluginJar : add tracer_emb
2025-09-24 10:36:38,566 [INFO] IPUIPlugin:80 - create IPUIPlugin
2025-09-24 10:36:38,567 [INFO] PluginManager:220 - loadIPPluginJar : add ts
2025-09-24 10:36:38,568 [INFO] IPUIPlugin:80 - create IPUIPlugin
2025-09-24 10:36:38,569 [INFO] PluginManager:220 - loadIPPluginJar : add tsc
2025-09-24 10:36:38,571 [INFO] IPUIPlugin:80 - create IPUIPlugin
2025-09-24 10:36:38,571 [INFO] PluginManager:220 - loadIPPluginJar : add ucpd
2025-09-24 10:36:38,574 [INFO] IPUIPlugin:80 - create IPUIPlugin
2025-09-24 10:36:38,575 [INFO] PluginManager:220 - loadIPPluginJar : add usart
2025-09-24 10:36:38,579 [INFO] IPUIPlugin:80 - create IPUIPlugin
2025-09-24 10:36:38,579 [INFO] PluginManager:220 - loadIPPluginJar : add usbx
2025-09-24 10:36:38,730 [FATAL] Updater:351 - Updater called before beeing initialized
2025-09-24 10:36:38,769 [INFO] RulesReader:64 - Compatibility file has been processed (317 Rules)
2025-09-24 10:36:38,787 [INFO] RulesReader:64 - Compatibility file has been processed (317 Rules)
2025-09-24 10:36:38,805 [INFO] CADModel:165 - CPN selected for project level
2025-09-24 10:36:38,805 [INFO] CADModel:114 - Register for checkConnection events
2025-09-24 10:36:38,805 [FATAL] Updater:351 - Updater called before beeing initialized
2025-09-24 10:36:38,805 [ERROR] CADModel:125 - Updater not yet initialized, retry later 
2025-09-24 10:36:38,904 [INFO] McuFinderGlobals:63 - Set McuFinder mode to 2 (CubeIDE integrated)
2025-09-24 10:36:39,051 [FATAL] Updater:351 - Updater called before beeing initialized
2025-09-24 10:36:39,055 [INFO] CADModel:165 - CPN selected for project level
2025-09-24 10:36:39,055 [INFO] CADModel:114 - Register for checkConnection events
2025-09-24 10:36:39,055 [FATAL] Updater:351 - Updater called before beeing initialized
2025-09-24 10:36:39,055 [ERROR] CADModel:125 - Updater not yet initialized, retry later 
2025-09-24 10:36:39,060 [FATAL] Updater:351 - Updater called before beeing initialized
2025-09-24 10:36:39,277 [FATAL] Updater:351 - Updater called before beeing initialized
2025-09-24 10:36:39,282 [INFO] DbMcusAds:53 - JSON generation date=Tue Jul 08 13:44:23 IST 2025 (1751962463524)
2025-09-24 10:36:39,282 [FATAL] Updater:351 - Updater called before beeing initialized
2025-09-24 10:36:39,329 [WARN] DetailPanel:346 - Failed to get advertising image, set to default
2025-09-24 10:36:39,446 [FATAL] Updater:351 - Updater called before beeing initialized
2025-09-24 10:36:39,447 [FATAL] Updater:351 - Updater called before beeing initialized
2025-09-24 10:36:39,448 [FATAL] Updater:351 - Updater called before beeing initialized
2025-09-24 10:36:39,448 [WARN] DetailPanel:346 - Failed to get advertising image, set to default
2025-09-24 10:36:39,449 [FATAL] Updater:351 - Updater called before beeing initialized
2025-09-24 10:36:39,511 [ERROR] Updater:1198 - MainUpdater not yet initialized. External WinMGr cannot be set.
2025-09-24 10:36:39,513 [INFO] Updater:1134 - Updater Version found : 6.15.0
2025-09-24 10:36:39,529 [INFO] ApplicationProperties:184 - Using Application install path: C:\ST\STM32CubeIDE_1.19.0\STM32CubeIDE\plugins\com.st.stm32cube.common.mx_6.15.0.202507011659
2025-09-24 10:36:40,683 [INFO] ThirdPartyUpdaterWithRetryManager:70 - Updater plugin not ready yet. [2/15]
2025-09-24 10:36:41,102 [ERROR] LogOutputStream:75 - [STDERR_REDIRECT] Sep 24, 2025 10:36:41 AM java.util.prefs.WindowsPreferences <init>
2025-09-24 10:36:41,104 [ERROR] LogOutputStream:75 - [STDERR_REDIRECT] WARNING: Could not open/create prefs root node Software\JavaSoft\Prefs at root 0xffffffff80000002. Windows RegCreateKeyEx(...) returned error code 5.
2025-09-24 10:36:41,104 [ERROR] LogOutputStream:75 - [STDERR_REDIRECT] 
2025-09-24 10:36:41,545 [INFO] MainUpdater:2872 - connection check result : 10
2025-09-24 10:36:41,545 [INFO] MainUpdater:289 - Updater Check For Update Now.
2025-09-24 10:36:41,545 [INFO] MicroXplorer:498 - Change Database Version : DB.6.0.150
2025-09-24 10:36:41,554 [INFO] McuFinderGlobals:63 - Set McuFinder mode to 2 (CubeIDE integrated)
2025-09-24 10:36:41,556 [INFO] UserAuth:487 - Internet connection configuration mode: 1
2025-09-24 10:36:41,588 [INFO] JxBrowserEngine:152 - Initiate JxBrowser Engine with user profile folder
2025-09-24 10:36:41,765 [INFO] CheckServerUpdateThread:120 - End of CheckServer Thread
2025-09-24 10:36:41,963 [INFO] MainUpdater:2872 - connection check result : 10
2025-09-24 10:36:42,602 [INFO] ApiDb:581 - Connected to CubeFinder SQLite database (C:\Users\train\.stmcufinder\plugins\mcufinder\mcu\cube-finder-db.db)
2025-09-24 10:36:42,844 [INFO] ApiDb:668 - CubeFinder database Data Model version=2.1
2025-09-24 10:36:42,844 [INFO] ApiDb:669 - CubeFinder database Configuration version=3.0.39
2025-09-24 10:36:42,846 [INFO] ApiDb:670 - CubeFinder database generation date=2025-08-25 (1756130511)
2025-09-24 10:36:42,846 [INFO] ApiDb:671 - CubeFinder database FW Pack versions=[FP-ATR-ASTRA1_V2.0.0, FP-SNS-FLIGHT1_V5.1.0, FP-SNS-MOTENV1_V5.0.0, FP-SNS-MOTENVWB1_V1.4.0, FP-SNS-SMARTAG2_V1.2.0, FP-SNS-STBOX1_V2.1.0, STM32Cube_FW_C0_V1.4.0, STM32Cube_FW_F4_V1.28.3, STM32Cube_FW_F7_V1.17.4, STM32Cube_FW_G0_V1.6.2, STM32Cube_FW_G4_V1.6.1, STM32Cube_FW_H5_V1.5.0, STM32Cube_FW_H7RS_V1.2.0, STM32Cube_FW_H7_V1.12.1, STM32Cube_FW_L0_V1.12.2, STM32Cube_FW_L4_V1.18.1, STM32Cube_FW_L5_V1.5.1, STM32Cube_FW_N6_V1.2.0, STM32Cube_FW_U0_V1.3.0, STM32Cube_FW_U3_V1.2.0, STM32Cube_FW_U5_V1.8.0, STM32Cube_FW_WB0_V1.3.0, STM32Cube_FW_WBA_V1.7.0, STM32Cube_FW_WB_V1.23.0, STM32Cube_FW_WL3_V1.2.0, STM32Cube_FW_WL_V1.3.1, X-CUBE-ALGOBUILD_V1.4.0, X-CUBE-ALS_V1.0.2, X-CUBE-AZRTOS-F4_V1.1.0, X-CUBE-AZRTOS-F7_V1.1.0, X-CUBE-AZRTOS-G0_V1.1.0, X-CUBE-AZRTOS-G4_V2.0.0, X-CUBE-AZRTOS-H7RS_V1.1.0, X-CUBE-AZRTOS-H7_V3.4.0, X-CUBE-AZRTOS-L4_V2.0.0, X-CUBE-AZRTOS-L5_V2.0.0, X-CUBE-AZRTOS-WB_V2.0.0, X-CUBE-AZRTOS-WL_V2.0.0, X-CUBE-BLE1_V7.1.0, X-CUBE-BLE2_V3.3.0, X-CUBE-BLEMGR_V4.1.0, X-CUBE-EEPRMA1_V5.2.0, X-CUBE-FREERTOS_V1.3.1, X-CUBE-GNSS1_V6.0.0, X-CUBE-MEMS1_V11.3.0, X-CUBE-NFC4_V3.0.0, X-CUBE-NFC7_V2.0.0, X-CUBE-SFXS2LP1_V4.0.0, X-CUBE-ST67W61_V1.0.0, X-CUBE-SUBG2_V5.0.0, X-CUBE-TOF1_V3.4.3]
2025-09-24 10:36:42,898 [INFO] WebApp:169 - Instantiating new browser for Auth
2025-09-24 10:36:44,148 [WARN] PackLoader:240 - Cannot read IP mode file for STMicroelectronics.FP-SNS-MOTENVWB1.1.4.0
2025-09-24 10:36:44,175 [WARN] PackLoader:240 - Cannot read IP mode file for STMicroelectronics.FP-ATR-ASTRA1.2.0.2
2025-09-24 10:36:44,216 [WARN] PackLoader:240 - Cannot read IP mode file for STMicroelectronics.X-CUBE-SMBUS.2.1.0
2025-09-24 10:36:44,227 [WARN] PackLoader:240 - Cannot read IP mode file for STMicroelectronics.X-CUBE-ST60.1.0.0
2025-09-24 10:36:44,298 [WARN] PackLoader:240 - Cannot read IP mode file for STMicroelectronics.X-CUBE-AZRTOS-F7.1.1.0
2025-09-24 10:36:44,374 [WARN] PackLoader:240 - Cannot read IP mode file for Infineon.AIROC-Wi-Fi-Bluetooth-STM32.1.7.1
2025-09-24 10:36:44,454 [WARN] PackLoader:240 - Cannot read IP mode file for STMicroelectronics.X-CUBE-AZRTOS-H7.3.4.0
2025-09-24 10:36:44,478 [WARN] PackLoader:240 - Cannot read IP mode file for STMicroelectronics.X-CUBE-DISPLAY.3.0.0
2025-09-24 10:36:44,501 [WARN] PackLoader:240 - Cannot read IP mode file for STMicroelectronics.X-CUBE-NFC10.1.0.0
2025-09-24 10:36:44,515 [WARN] PackLoader:240 - Cannot read IP mode file for emotas.I-CUBE-CANOPEN.1.3.0
2025-09-24 10:36:44,530 [WARN] PackLoader:240 - Cannot read IP mode file for STMicroelectronics.FP-SNS-STBOX1.2.1.0
2025-09-24 10:36:44,543 [WARN] PackLoader:240 - Cannot read IP mode file for STMicroelectronics.FP-SNS-SMARTAG2.1.2.0
2025-09-24 10:36:44,552 [WARN] PackLoader:240 - Cannot read IP mode file for STMicroelectronics.FP-SNS-FLIGHT1.5.1.0
2025-09-24 10:36:44,571 [INFO] LogOutputStream:77 - [STDOUT_REDIRECT] 1 : Invalid condition id : UX_CORESTACK_Condition cause : null
2025-09-24 10:36:44,575 [INFO] LogOutputStream:77 - [STDOUT_REDIRECT] 1 : Invalid condition id : UX_CORESTACK_Condition cause : null
2025-09-24 10:36:44,578 [INFO] LogOutputStream:77 - [STDOUT_REDIRECT] 1 : Invalid condition id : UX_CORESTACK_Condition cause : null
2025-09-24 10:36:44,582 [INFO] LogOutputStream:77 - [STDOUT_REDIRECT] 1 : Invalid condition id : UX_CORESTACK_Condition cause : null
2025-09-24 10:36:44,585 [INFO] LogOutputStream:77 - [STDOUT_REDIRECT] 1 : Invalid condition id : UX_CORESTACK_Condition cause : null
2025-09-24 10:36:44,591 [WARN] PackLoader:240 - Cannot read IP mode file for STMicroelectronics.X-CUBE-AZRTOS-WL.2.0.0
2025-09-24 10:36:44,601 [WARN] PackLoader:240 - Cannot read IP mode file for STMicroelectronics.FP-SNS-MOTENV1.5.0.0
2025-09-24 10:36:44,621 [WARN] PackLoader:240 - Cannot read IP mode file for WES.I-CUBE-Cesium.1.3.0
2025-09-24 10:36:44,631 [WARN] PackLoader:240 - Cannot read IP mode file for STMicroelectronics.X-CUBE-BLE2.3.3.0
2025-09-24 10:36:44,644 [WARN] PackLoader:240 - Cannot read IP mode file for STMicroelectronics.X-CUBE-NFC9.1.0.0
2025-09-24 10:36:44,678 [WARN] PackLoader:240 - Cannot read IP mode file for wolfSSL.I-CUBE-wolfSSL.5.8.2
2025-09-24 10:36:44,689 [WARN] PackLoader:240 - Cannot read IP mode file for STMicroelectronics.X-CUBE-BLE1.7.1.0
2025-09-24 10:36:44,696 [WARN] PackLoader:240 - Cannot read IP mode file for wolfSSL.I-CUBE-wolfMQTT.1.19.2
2025-09-24 10:36:44,709 [WARN] PackLoader:240 - Cannot read IP mode file for STMicroelectronics.X-CUBE-EEPRMA1.5.2.0
2025-09-24 10:36:44,745 [WARN] PackLoader:240 - Cannot read IP mode file for STMicroelectronics.X-CUBE-AZRTOS-G0.1.1.0
2025-09-24 10:36:44,772 [WARN] PackLoader:240 - Cannot read IP mode file for STMicroelectronics.X-CUBE-SAFEA1.1.2.2
2025-09-24 10:36:44,782 [WARN] PackLoader:240 - Cannot read IP mode file for STMicroelectronics.X-CUBE-NFC4.3.0.0
2025-09-24 10:36:44,814 [WARN] PackLoader:240 - Cannot read IP mode file for EmbeddedOffice.I-CUBE-FS-RTOS.1.0.1
2025-09-24 10:36:44,846 [WARN] PackLoader:240 - Cannot read IP mode file for STMicroelectronics.X-CUBE-WB05N.2.0.0
2025-09-24 10:36:44,859 [WARN] PackLoader:240 - Cannot read IP mode file for wolfSSL.I-CUBE-wolfTPM.3.8.0
2025-09-24 10:36:44,870 [WARN] PackLoader:240 - Cannot read IP mode file for STMicroelectronics.X-CUBE-TCPP.4.2.0
2025-09-24 10:36:44,883 [WARN] PackLoader:240 - Cannot read IP mode file for RealThread.X-CUBE-RT-Thread_Nano.4.1.1
2025-09-24 10:36:44,939 [WARN] PackLoader:240 - Cannot read IP mode file for STMicroelectronics.FP-ATR-SIGFOX1.3.2.0
2025-09-24 10:36:45,031 [WARN] PackLoader:240 - Cannot read IP mode file for ITTIA_DB.I-CUBE-ITTIADB.8.9.0
2025-09-24 10:36:45,050 [WARN] PackLoader:240 - Cannot read IP mode file for STMicroelectronics.X-CUBE-ST67W61.1.0.0
2025-09-24 10:36:45,064 [WARN] PackLoader:240 - Cannot read IP mode file for STMicroelectronics.X-CUBE-AI.10.2.0
2025-09-24 10:36:45,188 [WARN] PackLoader:240 - Cannot read IP mode file for SEGGER.I-CUBE-embOS.1.3.1
2025-09-24 10:36:45,319 [WARN] PackLoader:240 - Cannot read IP mode file for STMicroelectronics.X-CUBE-ALGOBUILD.1.4.0
2025-09-24 10:36:45,478 [WARN] PackLoader:240 - Cannot read IP mode file for STMicroelectronics.X-CUBE-MEMS1.11.3.0
2025-09-24 10:36:45,806 [INFO] WebApp:463 - Apply proxy settings
2025-09-24 10:36:45,808 [INFO] WebApp:548 - Chromium requires no authentication
2025-09-24 10:36:45,829 [INFO] WebApp:491 - Direct internet connection detected
2025-09-24 10:36:45,925 [WARN] PackLoader:240 - Cannot read IP mode file for STMicroelectronics.X-CUBE-PM33A1.1.0.0
2025-09-24 10:36:45,964 [INFO] WebApp:900 - Register for checkConnection events
2025-09-24 10:36:45,964 [INFO] WebApp:463 - Apply proxy settings
2025-09-24 10:36:45,964 [INFO] WebApp:548 - Chromium requires no authentication
2025-09-24 10:36:45,966 [WARN] PackLoader:240 - Cannot read IP mode file for STMicroelectronics.X-CUBE-AZRTOS-F4.1.1.0
2025-09-24 10:36:45,968 [INFO] WebApp:491 - Direct internet connection detected
2025-09-24 10:36:45,980 [WARN] PackLoader:240 - Cannot read IP mode file for STMicroelectronics.X-CUBE-ISPU.2.1.0
2025-09-24 10:36:45,993 [WARN] PackLoader:240 - Cannot read IP mode file for STMicroelectronics.X-CUBE-NFC12.1.0.0
2025-09-24 10:36:46,032 [WARN] PackLoader:240 - Cannot read IP mode file for STMicroelectronics.X-CUBE-AZRTOS-L5.2.0.0
2025-09-24 10:36:46,054 [WARN] PackLoader:240 - Cannot read IP mode file for STMicroelectronics.X-CUBE-NFC6.3.1.0
2025-09-24 10:36:46,070 [WARN] PackLoader:240 - Cannot read IP mode file for STMicroelectronics.X-CUBE-FREERTOS.1.3.1
2025-09-24 10:36:46,081 [WARN] PackLoader:240 - Cannot read IP mode file for STMicroelectronics.FP-SNS-STAIOTCFT.1.0.0
2025-09-24 10:36:46,091 [WARN] PackLoader:240 - Cannot read IP mode file for STMicroelectronics.X-CUBE-DPower.1.3.0
2025-09-24 10:36:46,133 [WARN] ConditionMgr:438 - getConditionDescription Invalid condition id : LAN8742 Phy interface Condition cause : null
2025-09-24 10:36:46,135 [WARN] PackLoader:240 - Cannot read IP mode file for STMicroelectronics.X-CUBE-AZRTOS-L4.2.0.0
2025-09-24 10:36:46,138 [WARN] ConditionMgr:1044 - genDependencies : Invalid condition id : LAN8742 Phy interface Condition cause : null
2025-09-24 10:36:46,138 [WARN] ConditionMgr:1044 - genDependencies : Invalid condition id : LAN8742 Phy interface Condition cause : null
2025-09-24 10:36:46,142 [WARN] ConditionMgr:1044 - genDependencies : Invalid condition id : LAN8742 Phy interface Condition cause : null
2025-09-24 10:36:46,158 [WARN] PackLoader:240 - Cannot read IP mode file for STMicroelectronics.X-CUBE-SFXS2LP1.4.0.0
2025-09-24 10:36:46,182 [WARN] PackLoader:240 - Cannot read IP mode file for STMicroelectronics.X-CUBE-BLEMGR.4.1.0
2025-09-24 10:36:46,212 [WARN] ConditionMgr:438 - getConditionDescription Invalid condition id : UX DEVICE CLASS RTOS Condition cause : null
2025-09-24 10:36:46,212 [WARN] ConditionMgr:438 - getConditionDescription Invalid condition id : UX DEVICE CLASS RTOS Condition cause : null
2025-09-24 10:36:46,216 [WARN] PackLoader:240 - Cannot read IP mode file for STMicroelectronics.X-CUBE-AZRTOS-WB.2.0.0
2025-09-24 10:36:46,217 [WARN] ConditionMgr:1044 - genDependencies : Invalid condition id : UX DEVICE CLASS RTOS Condition cause : null
2025-09-24 10:36:46,218 [WARN] ConditionMgr:1044 - genDependencies : Invalid condition id : UX DEVICE CLASS RTOS Condition cause : null
2025-09-24 10:36:46,219 [WARN] ConditionMgr:1044 - genDependencies : Invalid condition id : UX DEVICE CLASS RTOS Condition cause : null
2025-09-24 10:36:46,219 [WARN] ConditionMgr:1044 - genDependencies : Invalid condition id : UX DEVICE CLASS RTOS Condition cause : null
2025-09-24 10:36:46,220 [WARN] ConditionMgr:1044 - genDependencies : Invalid condition id : UX DEVICE CLASS RTOS Condition cause : null
2025-09-24 10:36:46,230 [WARN] PackLoader:240 - Cannot read IP mode file for STMicroelectronics.X-CUBE-GNSS1.7.0.1
2025-09-24 10:36:46,239 [WARN] PackLoader:240 - Cannot read IP mode file for STMicroelectronics.X-CUBE-TOUCHGFX.4.25.0
2025-09-24 10:36:46,246 [WARN] ConditionMgr:438 - getConditionDescription Invalid condition id : Cortex-A Device cause : null
2025-09-24 10:36:46,267 [WARN] ConditionMgr:1044 - genDependencies : Invalid condition id : Cortex-A Device cause : null
2025-09-24 10:36:46,267 [WARN] ConditionMgr:1044 - genDependencies : Invalid condition id : Cortex-A Device cause : null
2025-09-24 10:36:46,267 [WARN] ConditionMgr:1044 - genDependencies : Invalid condition id : Cortex-A Device cause : null
2025-09-24 10:36:46,282 [WARN] PackLoader:240 - Cannot read IP mode file for STMicroelectronics.X-CUBE-SUBG2.5.0.0
2025-09-24 10:36:46,314 [WARN] PackLoader:240 - Cannot read IP mode file for STMicroelectronics.X-CUBE-AZRTOS-H7RS.1.1.0
2025-09-24 10:36:46,325 [WARN] PackLoader:240 - Cannot read IP mode file for Cesanta.I-CUBE-Mongoose.7.13.0
2025-09-24 10:36:46,346 [WARN] PackLoader:240 - Cannot read IP mode file for STMicroelectronics.X-CUBE-AZRTOS-G4.2.0.0
2025-09-24 10:36:46,356 [WARN] PackLoader:240 - Cannot read IP mode file for wolfSSL.I-CUBE-wolfSSH.1.4.20
2025-09-24 10:36:46,368 [WARN] PackLoader:240 - Cannot read IP mode file for STMicroelectronics.X-CUBE-NFC7.2.0.0
2025-09-24 10:36:46,392 [WARN] PackLoader:240 - Cannot read IP mode file for STMicroelectronics.X-CUBE-IPS.3.1.0
2025-09-24 10:36:46,408 [WARN] PackLoader:240 - Cannot read IP mode file for STMicroelectronics.X-CUBE-ALS.1.0.2
2025-09-24 10:36:46,422 [WARN] PackLoader:240 - Cannot read IP mode file for STMicroelectronics.X-CUBE-STSE01.1.0.0
2025-09-24 10:36:46,434 [WARN] PackLoader:240 - Cannot read IP mode file for portGmbH.I-Cube-SoM-uGOAL.1.1.0
2025-09-24 10:36:46,469 [WARN] PackLoader:240 - Cannot read IP mode file for STMicroelectronics.X-CUBE-TOF1.3.4.3
2025-09-24 10:36:46,492 [INFO] ThirdParty:978 - Integrity check success = true
2025-09-24 10:36:46,492 [INFO] IntegrityCheckThread:100 - exiting critical section [integrity check]
2025-09-24 10:36:46,492 [INFO] IntegrityCheckThread:103 - End integrity checks thread
2025-09-24 10:36:46,597 [INFO] WebApp:225 - Starting web application
2025-09-24 10:36:46,597 [INFO] WebApp:593 - Web application path used C:\ST\STM32CubeIDE_1.19.0\STM32CubeIDE\plugins\com.st.stm32cube.common.mx_6.15.0.202507011659\db\plugins\mcufinder\reactClient1\index.html
2025-09-24 10:36:46,824 [INFO] UserAuth:487 - Internet connection configuration mode: 1
2025-09-24 10:36:46,998 [INFO] WebApp:191 - Connection restablished
2025-09-24 10:36:47,300 [ERROR] LogOutputStream:75 - [STDERR_REDIRECT] [Fatal Error] :1:1: Premature end of file.
2025-09-24 10:36:47,301 [ERROR] LogOutputStream:75 - [STDERR_REDIRECT] 
2025-09-24 10:36:47,914 [ERROR] LogOutputStream:75 - [STDERR_REDIRECT] [Fatal Error] :1:1: Premature end of file.
2025-09-24 10:36:47,914 [ERROR] LogOutputStream:75 - [STDERR_REDIRECT] 
2025-09-24 10:36:48,359 [INFO] ApiDb:240 - Found 880 in-development CPN: [B-G473E-ZEST1S, B-WB1M-WPAN1, B-WBA5M-WPAN, B-WL5M-SUBG1, NUCLEO-C031C6, NUCLEO-C051C8, NUCLEO-C071RB, NUCLEO-C092RC, NUCLEO-H503RB, NUCLEO-H533RE, NUCLEO-H563ZI, NUCLEO-H7S3L8, NUCLEO-N657X0-Q, NUCLEO-U031R8, NUCLEO-U083RC, NUCLEO-U385RG-Q, NUCLEO-U545RE-Q, NUCLEO-U5A5ZJ-Q, NUCLEO-WB05KZ, NUCLEO-WB07CC, NUCLEO-WB09KE, NUCLEO-WBA52CG, NUCLEO-WBA55CG, NUCLEO-WL33CC1, NUCLEO-WL33CC2, STEVAL-PROTEUS1, STEVAL-SMARTAG2, STEVAL-STWINBX1, STM320518-EVAL, STM32C0116-DK, STM32C011D6Y3TR, STM32C011D6Y6TR, STM32C011F4P3, STM32C011F4P6, STM32C011F4U3, STM32C011F4U6TR, STM32C011F6P3, STM32C011F6P6, STM32C011F6U3, STM32C011F6U6TR, STM32C011J4M3, STM32C011J4M6, STM32C011J6M3, STM32C011J6M6, STM32C0316-DK, STM32C031C4T3, STM32C031C4T6, STM32C031C4U3, STM32C031C4U6, STM32C031C6T3, STM32C031C6T6, STM32C031C6U3, STM32C031C6U6, STM32C031F4P3, STM32C031F4P6, STM32C031F6P3, STM32C031F6P6, STM32C031G4U3, STM32C031G4U6, STM32C031G6U3, STM32C031G6U6, STM32C031K4T3, STM32C031K4T6, STM32C031K4U3, STM32C031K4U6, STM32C031K6T3, STM32C031K6T6, STM32C031K6U3, STM32C031K6U6, STM32C051C6T6, STM32C051C6U6, STM32C051C8T6, STM32C051C8U6, STM32C051D8Y6TR, STM32C051F6P6, STM32C051F8P6, STM32C051G6U6, STM32C051G8U6, STM32C051K6T6, STM32C051K6U6, STM32C051K8T6, STM32C071C8T6, STM32C071C8T6N, STM32C071C8U6, STM32C071C8U6N, STM32C071CBT6, STM32C071CBT6N, STM32C071CBU6, STM32C071CBU6N, STM32C071F8P6, STM32C071F8P6N, STM32C071FBP6, STM32C071FBP6N, STM32C071FBY6TR, STM32C071G8U6, STM32C071G8U6N, STM32C071GBU6, STM32C071GBU6N, STM32C071K8T6, STM32C071K8T6N, STM32C071K8U6, STM32C071K8U6N, STM32C071KBT6, STM32C071KBT6N, STM32C071KBU6, STM32C071KBU6N, STM32C071R8T6, STM32C071R8T6N, STM32C071RBI6N, STM32C071RBT6, STM32C071RBT6N, STM32C091CBT6, STM32C091CBU6, STM32C091CCT6, STM32C091CCU6, STM32C091ECY6TR, STM32C091FBP6, STM32C091FCP6, STM32C091GBU6, STM32C091GCU6, STM32C091KBT6, STM32C091KBU6, STM32C091KCT6, STM32C091KCU6, STM32C091RBT6, STM32C091RCI6, STM32C091RCT6, STM32C092CBT6, STM32C092CBU6, STM32C092CCT6, STM32C092CCU6, STM32C092ECY6TR, STM32C092FBP6, STM32C092FCP6, STM32C092GBU6, STM32C092GCU6, STM32C092KBT6, STM32C092KBU6, STM32C092KCT6, STM32C092KCU6, STM32C092RBT6, STM32C092RCI6, STM32C092RCT6, STM32G071K8TXN, STM32G071K8UXN, STM32G081GBU6N, STM32G081KBT6N, STM32G081KBUXN, STM32G0B1CCT6N, STM32G0B1KCT6, STM32G0B1NEY6TR, STM32G0B1RCT6N, STM32G0C1CCT6, STM32G0C1CCT6N, STM32G0C1CCU6N, STM32G0C1CET6N, STM32G0C1CEU6N, STM32G0C1KCT6, STM32G0C1NEY6TR, STM32G0C1RCI6N, STM32G0C1RCT6N, STM32G0C1REI6N, STM32G0C1RET6N, STM32G0C1VCI6, STM32G0C1VEI6, STM32G411C6T3, STM32G411C6T6, STM32G411C6U3, STM32G411C6U6, STM32G411C8T3, STM32G411C8T6, STM32G411C8U3, STM32G411C8U6, STM32G411CBT3, STM32G411CBT6, STM32G411CBU3, STM32G411CBU6, STM32G411K6T3, STM32G411K6T6, STM32G411K6U3, STM32G411K6U6, STM32G411K8T3, STM32G411K8T6, STM32G411K8U3, STM32G411K8U6, STM32G411KBT3, STM32G411KBT6, STM32G411KBU3, STM32G411KBU6, STM32G411M6T3, STM32G411M6T6, STM32G411M8T3, STM32G411M8T6, STM32G411MBT3, STM32G411MBT6, STM32G411R6T3, STM32G411R6T6, STM32G411R8T3, STM32G411R8T6, STM32G411RBT3, STM32G411RBT6, STM32G414CBT3, STM32G414CBT6, STM32G414CBU3, STM32G414CBU6, STM32G414CCT3, STM32G414CCT6, STM32G414CCU3, STM32G414CCU6, STM32G414MBT3, STM32G414MBT6, STM32G414MCT3, STM32G414MCT6, STM32G414RBT3, STM32G414RBT6, STM32G414RCT3, STM32G414RCT6, STM32G414VBT3, STM32G414VBT6, STM32G414VCT3, STM32G414VCT6, STM32G431CBT3Z, STM32G431RBT3Z, STM32G471CCT6, STM32G471CCU6, STM32G471CET3, STM32G471CET6, STM32G471CEU3, STM32G471CEU6, STM32G471MCT6, STM32G471MET3, STM32G471MET6, STM32G471MEY6TR, STM32G471QCT6, STM32G471QET3, STM32G471RCT6, STM32G471RET3, STM32G471RET6, STM32G471VCH6, STM32G471VCI6, STM32G471VCT6, STM32G471VEH3, STM32G471VEH6, STM32G471VEI3, STM32G471VEI6, STM32G471VET3, STM32G471VET6, STM32G473QET3Z, STM32G473RET3Z, STM32G474CCT6, STM32G491RET3Z, STM32H503CBT6, STM32H503CBU6, STM32H503EBY6TR, STM32H503KBU6, STM32H503RBT6, STM32H523CCT6, STM32H523CCU6, STM32H523CET6, STM32H523CEU6, STM32H523HEY6TR, STM32H523RCT6, STM32H523RET6, STM32H523VCI6, STM32H523VCT6, STM32H523VEI6, STM32H523VET6, STM32H523ZCJ6, STM32H523ZCT6, STM32H523ZEJ6, STM32H523ZET6, STM32H533CET6, STM32H533CEU6, STM32H533HEY6TR, STM32H533RET6, STM32H533VEI6, STM32H533VET6, STM32H533ZEJ6, STM32H533ZET6, STM32H562AGI6, STM32H562AII6, STM32H562IGK6, STM32H562IGT6, STM32H562IIK6, STM32H562IIT6, STM32H562RGT6, STM32H562RGV6, STM32H562RIT6, STM32H562RIV6, STM32H562VGT6, STM32H562VIT6, STM32H562ZGT6, STM32H562ZIT6, STM32H563AGI6, STM32H563AII3Q, STM32H563AII6, STM32H563IGK6, STM32H563IGT6, STM32H563IIK3Q, STM32H563IIK6, STM32H563IIT3Q, STM32H563IIT6, STM32H563MIY3QTR, STM32H563RGT6, STM32H563RGV6, STM32H563RIT6, STM32H563RIV6, STM32H563VGT6, STM32H563VIT3Q, STM32H563VIT6, STM32H563ZGT6, STM32H563ZIT3Q, STM32H563ZIT6, STM32H573AII3Q, STM32H573AII6, STM32H573I-DK, STM32H573IIK3Q, STM32H573IIK6, STM32H573IIT3Q, STM32H573IIT6, STM32H573MIY3QTR, STM32H573RIT6, STM32H573RIV6, STM32H573VIT3Q, STM32H573VIT6, STM32H573ZIT3Q, STM32H573ZIT6, STM32H7R3A8I6, STM32H7R3I8K6, STM32H7R3I8T6, STM32H7R3L8H6, STM32H7R3L8H6H, STM32H7R3R8V6, STM32H7R3V8H6, STM32H7R3V8T6, STM32H7R3V8Y6TR, STM32H7R3Z8J6, STM32H7R3Z8T6, STM32H7R7A8I6, STM32H7R7I8K6, STM32H7R7I8T6, STM32H7R7L8H6, STM32H7R7L8H6H, STM32H7R7Z8J6, STM32H7S3A8I6, STM32H7S3I8K6, STM32H7S3I8T6, STM32H7S3L8H6, STM32H7S3L8H6H, STM32H7S3R8V6, STM32H7S3V8H6, STM32H7S3V8T6, STM32H7S3V8Y6TR, STM32H7S3Z8J6, STM32H7S3Z8T6, STM32H7S78-DK, STM32H7S7A8I6, STM32H7S7I8K6, STM32H7S7I8T6, STM32H7S7L8H6, STM32H7S7L8H6H, STM32H7S7Z8J6, STM32L4R5QGI6STR, STM32MP131AAE3, STM32MP131AAF3, STM32MP131AAG3, STM32MP131CAE3, STM32MP131CAF3, STM32MP131CAG3, STM32MP131DAE7, STM32MP131DAF7, STM32MP131DAG7, STM32MP131FAE7, STM32MP131FAF7, STM32MP131FAG7, STM32MP133AAE3, STM32MP133AAF3, STM32MP133AAG3, STM32MP133CAE3, STM32MP133CAF3, STM32MP133CAG3, STM32MP133DAE7, STM32MP133DAF7, STM32MP133DAG7, STM32MP133FAE7, STM32MP133FAF7, STM32MP133FAG7, STM32MP135AAE3, STM32MP135AAF3, STM32MP135AAG3, STM32MP135CAE3, STM32MP135CAF3, STM32MP135CAG3, STM32MP135DAE7, STM32MP135DAF7, STM32MP135DAG7, STM32MP135F-DK, STM32MP135FAE7, STM32MP135FAF7, STM32MP135FAF7T, STM32MP135FAF7U, STM32MP135FAG7, STM32MP211AAL3, STM32MP211AAM3, STM32MP211AAN3, STM32MP211AAO3, STM32MP211CAL3, STM32MP211CAM3, STM32MP211CAN3, STM32MP211CAO3, STM32MP211DAL3, STM32MP211DAM3, STM32MP211DAN3, STM32MP211DAO3, STM32MP211FAL3, STM32MP211FAM3, STM32MP211FAN3, STM32MP211FAO3, STM32MP213AAL3, STM32MP213AAM3, STM32MP213AAN3, STM32MP213AAO3, STM32MP213CAL3, STM32MP213CAM3, STM32MP213CAN3, STM32MP213CAO3, STM32MP213DAL3, STM32MP213DAM3, STM32MP213DAN3, STM32MP213DAO3, STM32MP213FAL3, STM32MP213FAM3, STM32MP213FAN3, STM32MP213FAO3, STM32MP215AAL3, STM32MP215AAM3, STM32MP215AAN3, STM32MP215AAO3, STM32MP215CAL3, STM32MP215CAM3, STM32MP215CAN3, STM32MP215CAO3, STM32MP215DAL3, STM32MP215DAM3, STM32MP215DAN3, STM32MP215DAO3, STM32MP215F-DK, STM32MP215FAL3, STM32MP215FAM3, STM32MP215FAN3, STM32MP215FAO3, STM32MP231AAJ3, STM32MP231AAK3, STM32MP231AAL3, STM32MP231CAJ3, STM32MP231CAK3, STM32MP231CAL3, STM32MP231DAJ3, STM32MP231DAK3, STM32MP231DAL3, STM32MP231FAJ3, STM32MP231FAK3, STM32MP231FAL3, STM32MP233AAJ3, STM32MP233AAK3, STM32MP233AAL3, STM32MP233CAJ3, STM32MP233CAK3, STM32MP233CAL3, STM32MP233DAJ3, STM32MP233DAK3, STM32MP233DAL3, STM32MP233FAJ3, STM32MP233FAK3, STM32MP233FAL3, STM32MP235AAJ3, STM32MP235AAK3, STM32MP235AAL3, STM32MP235CAJ3, STM32MP235CAK3, STM32MP235CAL3, STM32MP235DAJ3, STM32MP235DAK3, STM32MP235DAL3, STM32MP235FAJ3, STM32MP235FAK3, STM32MP235FAL3, STM32MP251AAI3, STM32MP251AAK3, STM32MP251AAL3, STM32MP251CAI3, STM32MP251CAK3, STM32MP251CAL3, STM32MP251DAI3, STM32MP251DAK3, STM32MP251DAL3, STM32MP251FAI3, STM32MP251FAK3, STM32MP251FAL3, STM32MP253AAI3, STM32MP253AAK3, STM32MP253AAL3, STM32MP253CAI3, STM32MP253CAK3, STM32MP253CAL3, STM32MP253DAI3, STM32MP253DAK3, STM32MP253DAL3, STM32MP253FAI3, STM32MP253FAK3, STM32MP253FAL3, STM32MP255AAI3, STM32MP255AAK3, STM32MP255AAL3, STM32MP255CAI3, STM32MP255CAK3, STM32MP255CAL3, STM32MP255DAI3, STM32MP255DAK3, STM32MP255DAL3, STM32MP255FAI3, STM32MP255FAK3, STM32MP255FAL3, STM32MP257AAI3, STM32MP257AAK3, STM32MP257AAL3, STM32MP257CAI3, STM32MP257CAK3, STM32MP257CAL3, STM32MP257DAI3, STM32MP257DAK3, STM32MP257DAL3, STM32MP257F-DK, STM32MP257F-EV1, STM32MP257FAI3, STM32MP257FAK3, STM32MP257FAL3, STM32N645A0H3Q, STM32N645B0H3Q, STM32N645I0H3Q, STM32N645L0H3Q, STM32N645X0H3Q, STM32N645Z0H3Q, STM32N647A0H3Q, STM32N647B0H3Q, STM32N647I0H3Q, STM32N647L0H3Q, STM32N647X0H3Q, STM32N647Z0H3Q, STM32N655A0H3Q, STM32N655B0H3Q, STM32N655I0H3Q, STM32N655L0H3Q, STM32N655X0H3Q, STM32N655Z0H3Q, STM32N6570-DK, STM32N657A0H3Q, STM32N657B0H3Q, STM32N657I0H3Q, STM32N657L0H3Q, STM32N657X0H3Q, STM32N657Z0H3Q, STM32U031C6T6, STM32U031C6U6, STM32U031C8T6, STM32U031C8U6, STM32U031F4P6, STM32U031F6P6, STM32U031F8P6, STM32U031G6Y6TR, STM32U031G8Y6TR, STM32U031K4U6, STM32U031K6U6, STM32U031K8U6, STM32U031R6I6, STM32U031R6T6, STM32U031R8I6, STM32U031R8T6, STM32U073C8T6, STM32U073C8U6, STM32U073CBT6, STM32U073CBU6, STM32U073CCT6, STM32U073CCU6, STM32U073H8Y6TR, STM32U073HBY6TR, STM32U073HCY6TR, STM32U073K8U6, STM32U073KBU6, STM32U073KCU6, STM32U073M8I6, STM32U073M8T6, STM32U073MBI6, STM32U073MBT6, STM32U073MCI6, STM32U073MCT6, STM32U073R8I6, STM32U073R8T6, STM32U073RBI6, STM32U073RBT6, STM32U073RCI6, STM32U073RCT6, STM32U083C-DK, STM32U083CCT6, STM32U083CCU6, STM32U083HCY6TR, STM32U083KCU6, STM32U083MCI6, STM32U083MCT6, STM32U083RCI6, STM32U083RCT6, STM32U375CET6, STM32U375CET6Q, STM32U375CEU6, STM32U375CEU6Q, STM32U375CEY6QTR, STM32U375CGT6, STM32U375CGT6Q, STM32U375CGU6, STM32U375CGU6Q, STM32U375CGY6QTR, STM32U375KEU6, STM32U375KGU6, STM32U375REI6, STM32U375REI6Q, STM32U375RET6, STM32U375RET6Q, STM32U375REY6GTR, STM32U375REY6QTR, STM32U375RGI6, STM32U375RGI6Q, STM32U375RGT6, STM32U375RGT6Q, STM32U375RGY6GTR, STM32U375RGY6QTR, STM32U375VEI6, STM32U375VEI6Q, STM32U375VET6, STM32U375VET6Q, STM32U375VGI6, STM32U375VGI6Q, STM32U375VGT6, STM32U375VGT6Q, STM32U385CGT6, STM32U385CGT6Q, STM32U385CGU6, STM32U385CGU6Q, STM32U385CGY6QTR, STM32U385KGU6, STM32U385RGI6, STM32U385RGI6Q, STM32U385RGT6, STM32U385RGT6Q, STM32U385RGY6GTR, STM32U385RGY6QTR, STM32U385VGI6, STM32U385VGI6Q, STM32U385VGT6, STM32U385VGT6Q, STM32U535CBT6, STM32U535CBT6Q, STM32U535CBU6, STM32U535CBU6Q, STM32U535CCT6, STM32U535CCT6Q, STM32U535CCU6, STM32U535CCU6Q, STM32U535CET6, STM32U535CET6Q, STM32U535CEU6, STM32U535CEU6Q, STM32U535JEY6QTR, STM32U535NCY6QTR, STM32U535NEY6QTR, STM32U535RBI6, STM32U535RBI6Q, STM32U535RBT6, STM32U535RBT6Q, STM32U535RCI6, STM32U535RCI6Q, STM32U535RCT6, STM32U535RCT6Q, STM32U535REI6, STM32U535REI6Q, STM32U535RET6, STM32U535RET6Q, STM32U535VCI6, STM32U535VCI6Q, STM32U535VCT6, STM32U535VCT6Q, STM32U535VEI6, STM32U535VEI6Q, STM32U535VET6, STM32U535VET6Q, STM32U545CET6, STM32U545CET6Q, STM32U545CEU6, STM32U545CEU6Q, STM32U545JEY6QTR, STM32U545NEY6QTR, STM32U545REI6, STM32U545REI6Q, STM32U545RET6, STM32U545RET6Q, STM32U545VEI6, STM32U545VEI6Q, STM32U545VET6, STM32U545VET6Q, STM32U595AIH6, STM32U595AIH6Q, STM32U595AJH6, STM32U595AJH6Q, STM32U595QII6, STM32U595QII6Q, STM32U595QJI6, STM32U595QJI6Q, STM32U595RIT6, STM32U595RIT6Q, STM32U595RJT6, STM32U595RJT6Q, STM32U595VIT6, STM32U595VIT6Q, STM32U595VJT6, STM32U595VJT6Q, STM32U595ZIT6, STM32U595ZIT6Q, STM32U595ZIY6QTR, STM32U595ZJT6, STM32U595ZJT6Q, STM32U595ZJY6QTR, STM32U599BJY6QTR, STM32U599NIH6Q, STM32U599NJH6Q, STM32U599VIT6Q, STM32U599VJT6, STM32U599VJT6Q, STM32U599ZIT6Q, STM32U599ZIY6QTR, STM32U599ZJT6Q, STM32U599ZJY6QTR, STM32U5A5AJH6, STM32U5A5AJH6Q, STM32U5A5QII3Q , STM32U5A5QJI6, STM32U5A5QJI6Q, STM32U5A5RJT6, STM32U5A5RJT6Q, STM32U5A5VJT6, STM32U5A5VJT6Q, STM32U5A5ZJT6, STM32U5A5ZJT6Q, STM32U5A5ZJY6QTR, STM32U5A9BJY6QTR, STM32U5A9J-DK, STM32U5A9NJH6Q, STM32U5A9VJT6Q, STM32U5A9ZJT6Q, STM32U5A9ZJY6QTR, STM32U5F7VIT6, STM32U5F7VIT6Q, STM32U5F7VJT6, STM32U5F7VJT6Q, STM32U5F9BJY6QTR, STM32U5F9NJH6Q, STM32U5F9VIT6Q, STM32U5F9VJT6Q, STM32U5F9ZIJ6QTR, STM32U5F9ZIT6Q, STM32U5F9ZJJ6QTR, STM32U5F9ZJT6Q, STM32U5G7VJT6, STM32U5G7VJT6Q, STM32U5G9BJY6QTR, STM32U5G9J-DK1, STM32U5G9J-DK2, STM32U5G9NJH6Q, STM32U5G9VJT6Q, STM32U5G9ZJJ6QTR, STM32U5G9ZJT6Q, STM32WB05KZV6TR, STM32WB05KZV7TR, STM32WB05TZF6TR, STM32WB05TZF7TR, STM32WB06CCF6TR, STM32WB06CCF7TR, STM32WB06CCV6TR, STM32WB06CCV7TR, STM32WB06KCV6TR, STM32WB06KCV7TR, STM32WB07CCF6TR, STM32WB07CCF7TR, STM32WB07CCV6TR, STM32WB07CCV7TR, STM32WB07KCV6TR, STM32WB07KCV7TR, STM32WB09KEV6TR, STM32WB09KEV7TR, STM32WB09TEF6TR, STM32WB09TEF7TR, STM32WB1MMCH6, STM32WBA50KGU6, STM32WBA50KGU6TR, STM32WBA52CEU6, STM32WBA52CEU6TR, STM32WBA52CEU7, STM32WBA52CEU7TR, STM32WBA52CGU6, STM32WBA52CGU6TR, STM32WBA52CGU6U, STM32WBA52CGU7, STM32WBA52CGU7TR, STM32WBA52KEU6, STM32WBA52KEU6TR, STM32WBA52KGU6, STM32WBA52KGU6TR, STM32WBA54CEU6, STM32WBA54CEU6TR, STM32WBA54CEU7, STM32WBA54CEU7TR, STM32WBA54CGU6, STM32WBA54CGU6TR, STM32WBA54CGU7, STM32WBA54CGU7TR, STM32WBA54KEU6, STM32WBA54KEU6TR, STM32WBA54KEU7, STM32WBA54KEU7TR, STM32WBA54KGU6, STM32WBA54KGU6TR, STM32WBA54KGU7, STM32WBA54KGU7TR, STM32WBA55CEU6, STM32WBA55CEU6TR, STM32WBA55CEU7, STM32WBA55CEU7TR, STM32WBA55CGU6, STM32WBA55CGU6TR, STM32WBA55CGU6U, STM32WBA55CGU7, STM32WBA55CGU7TR, STM32WBA55G-DK1, STM32WBA55HEF6, STM32WBA55HEF7, STM32WBA55HGF6, STM32WBA55HGF7, STM32WBA55UEI6, STM32WBA55UEI6TR, STM32WBA55UEI7, STM32WBA55UEI7TR, STM32WBA55UGI6, STM32WBA55UGI6TR, STM32WBA55UGI7, STM32WBA55UGI7TR, STM32WBA5MMGH6TR, STM32WBA62MGF6, STM32WBA62MIF6, STM32WBA65MGF7, STM32WBA65MIF6, STM32WBA65MIF7, STM32WL30K8V6, STM32WL30KBV6, STM32WL31C8V6, STM32WL31CBV6, STM32WL31K8V6, STM32WL31KBV6, STM32WL33C8V6, STM32WL33C8V6X, STM32WL33CBV6, STM32WL33CBV6X, STM32WL33CCV6, STM32WL33CCV6A, STM32WL33CCV6X, STM32WL33K8V7, STM32WL33K8V7X, STM32WL33KBV7 , STM32WL33KBV7X, STM32WL33KCV7, STM32WL33KCV7X, STM32WL5MOCH6, STM32WL5MOCH6TR]
2025-09-24 10:36:48,365 [INFO] DbMcus:218 - Found 4801 MCUs, 4801 are supported
2025-09-24 10:36:48,367 [INFO] ApiDb:423 - Load user favorites file C:\Users\train/.stm32cubeide/favorites.mcus.txt: 0 item(s)
2025-09-24 10:36:48,368 [INFO] ApiDb:427 - User favorites MCUs=[]
2025-09-24 10:36:48,368 [INFO] DbMcus:224 - Set 0 / 0 favorites MCUs
2025-09-24 10:36:48,935 [ERROR] LogOutputStream:75 - [STDERR_REDIRECT] [Fatal Error] :1:1: Premature end of file.
2025-09-24 10:36:48,936 [ERROR] LogOutputStream:75 - [STDERR_REDIRECT] 
2025-09-24 10:36:49,779 [INFO] ApiDb:668 - CubeFinder database Data Model version=2.1
2025-09-24 10:36:49,779 [INFO] ApiDb:669 - CubeFinder database Configuration version=3.0.39
2025-09-24 10:36:49,779 [INFO] ApiDb:670 - CubeFinder database generation date=2025-08-25 (1756130511)
2025-09-24 10:36:49,779 [INFO] ApiDb:671 - CubeFinder database FW Pack versions=[FP-ATR-ASTRA1_V2.0.0, FP-SNS-FLIGHT1_V5.1.0, FP-SNS-MOTENV1_V5.0.0, FP-SNS-MOTENVWB1_V1.4.0, FP-SNS-SMARTAG2_V1.2.0, FP-SNS-STBOX1_V2.1.0, STM32Cube_FW_C0_V1.4.0, STM32Cube_FW_F4_V1.28.3, STM32Cube_FW_F7_V1.17.4, STM32Cube_FW_G0_V1.6.2, STM32Cube_FW_G4_V1.6.1, STM32Cube_FW_H5_V1.5.0, STM32Cube_FW_H7RS_V1.2.0, STM32Cube_FW_H7_V1.12.1, STM32Cube_FW_L0_V1.12.2, STM32Cube_FW_L4_V1.18.1, STM32Cube_FW_L5_V1.5.1, STM32Cube_FW_N6_V1.2.0, STM32Cube_FW_U0_V1.3.0, STM32Cube_FW_U3_V1.2.0, STM32Cube_FW_U5_V1.8.0, STM32Cube_FW_WB0_V1.3.0, STM32Cube_FW_WBA_V1.7.0, STM32Cube_FW_WB_V1.23.0, STM32Cube_FW_WL3_V1.2.0, STM32Cube_FW_WL_V1.3.1, X-CUBE-ALGOBUILD_V1.4.0, X-CUBE-ALS_V1.0.2, X-CUBE-AZRTOS-F4_V1.1.0, X-CUBE-AZRTOS-F7_V1.1.0, X-CUBE-AZRTOS-G0_V1.1.0, X-CUBE-AZRTOS-G4_V2.0.0, X-CUBE-AZRTOS-H7RS_V1.1.0, X-CUBE-AZRTOS-H7_V3.4.0, X-CUBE-AZRTOS-L4_V2.0.0, X-CUBE-AZRTOS-L5_V2.0.0, X-CUBE-AZRTOS-WB_V2.0.0, X-CUBE-AZRTOS-WL_V2.0.0, X-CUBE-BLE1_V7.1.0, X-CUBE-BLE2_V3.3.0, X-CUBE-BLEMGR_V4.1.0, X-CUBE-EEPRMA1_V5.2.0, X-CUBE-FREERTOS_V1.3.1, X-CUBE-GNSS1_V6.0.0, X-CUBE-MEMS1_V11.3.0, X-CUBE-NFC4_V3.0.0, X-CUBE-NFC7_V2.0.0, X-CUBE-SFXS2LP1_V4.0.0, X-CUBE-ST67W61_V1.0.0, X-CUBE-SUBG2_V5.0.0, X-CUBE-TOF1_V3.4.3]
2025-09-24 10:36:49,885 [INFO] DbBoardsSqlite:226 - include board P-NUCLEO-WB55-NUCLEO as a kit item of type 'Nucleo-64'
2025-09-24 10:36:49,885 [INFO] DbBoardsSqlite:226 - include board P-NUCLEO-WB55-USBDONGLE as a kit item of type 'Nucleo USB Dongle'
2025-09-24 10:36:49,886 [INFO] DbBoardsSqlite:226 - include board STEVAL-IDP005V1 as a kit item of type 'Evaluation Board'
2025-09-24 10:36:49,886 [INFO] DbBoardsSqlite:226 - include board STEVAL-IDP005V2 as a kit item of type 'Evaluation Board'
2025-09-24 10:36:49,907 [ERROR] LogOutputStream:75 - [STDERR_REDIRECT] [Fatal Error] :1:1: Premature end of file.
2025-09-24 10:36:49,907 [ERROR] LogOutputStream:75 - [STDERR_REDIRECT] 
2025-09-24 10:36:50,000 [INFO] ApiDb:240 - Found 880 in-development CPN: [B-G473E-ZEST1S, B-WB1M-WPAN1, B-WBA5M-WPAN, B-WL5M-SUBG1, NUCLEO-C031C6, NUCLEO-C051C8, NUCLEO-C071RB, NUCLEO-C092RC, NUCLEO-H503RB, NUCLEO-H533RE, NUCLEO-H563ZI, NUCLEO-H7S3L8, NUCLEO-N657X0-Q, NUCLEO-U031R8, NUCLEO-U083RC, NUCLEO-U385RG-Q, NUCLEO-U545RE-Q, NUCLEO-U5A5ZJ-Q, NUCLEO-WB05KZ, NUCLEO-WB07CC, NUCLEO-WB09KE, NUCLEO-WBA52CG, NUCLEO-WBA55CG, NUCLEO-WL33CC1, NUCLEO-WL33CC2, STEVAL-PROTEUS1, STEVAL-SMARTAG2, STEVAL-STWINBX1, STM320518-EVAL, STM32C0116-DK, STM32C011D6Y3TR, STM32C011D6Y6TR, STM32C011F4P3, STM32C011F4P6, STM32C011F4U3, STM32C011F4U6TR, STM32C011F6P3, STM32C011F6P6, STM32C011F6U3, STM32C011F6U6TR, STM32C011J4M3, STM32C011J4M6, STM32C011J6M3, STM32C011J6M6, STM32C0316-DK, STM32C031C4T3, STM32C031C4T6, STM32C031C4U3, STM32C031C4U6, STM32C031C6T3, STM32C031C6T6, STM32C031C6U3, STM32C031C6U6, STM32C031F4P3, STM32C031F4P6, STM32C031F6P3, STM32C031F6P6, STM32C031G4U3, STM32C031G4U6, STM32C031G6U3, STM32C031G6U6, STM32C031K4T3, STM32C031K4T6, STM32C031K4U3, STM32C031K4U6, STM32C031K6T3, STM32C031K6T6, STM32C031K6U3, STM32C031K6U6, STM32C051C6T6, STM32C051C6U6, STM32C051C8T6, STM32C051C8U6, STM32C051D8Y6TR, STM32C051F6P6, STM32C051F8P6, STM32C051G6U6, STM32C051G8U6, STM32C051K6T6, STM32C051K6U6, STM32C051K8T6, STM32C071C8T6, STM32C071C8T6N, STM32C071C8U6, STM32C071C8U6N, STM32C071CBT6, STM32C071CBT6N, STM32C071CBU6, STM32C071CBU6N, STM32C071F8P6, STM32C071F8P6N, STM32C071FBP6, STM32C071FBP6N, STM32C071FBY6TR, STM32C071G8U6, STM32C071G8U6N, STM32C071GBU6, STM32C071GBU6N, STM32C071K8T6, STM32C071K8T6N, STM32C071K8U6, STM32C071K8U6N, STM32C071KBT6, STM32C071KBT6N, STM32C071KBU6, STM32C071KBU6N, STM32C071R8T6, STM32C071R8T6N, STM32C071RBI6N, STM32C071RBT6, STM32C071RBT6N, STM32C091CBT6, STM32C091CBU6, STM32C091CCT6, STM32C091CCU6, STM32C091ECY6TR, STM32C091FBP6, STM32C091FCP6, STM32C091GBU6, STM32C091GCU6, STM32C091KBT6, STM32C091KBU6, STM32C091KCT6, STM32C091KCU6, STM32C091RBT6, STM32C091RCI6, STM32C091RCT6, STM32C092CBT6, STM32C092CBU6, STM32C092CCT6, STM32C092CCU6, STM32C092ECY6TR, STM32C092FBP6, STM32C092FCP6, STM32C092GBU6, STM32C092GCU6, STM32C092KBT6, STM32C092KBU6, STM32C092KCT6, STM32C092KCU6, STM32C092RBT6, STM32C092RCI6, STM32C092RCT6, STM32G071K8TXN, STM32G071K8UXN, STM32G081GBU6N, STM32G081KBT6N, STM32G081KBUXN, STM32G0B1CCT6N, STM32G0B1KCT6, STM32G0B1NEY6TR, STM32G0B1RCT6N, STM32G0C1CCT6, STM32G0C1CCT6N, STM32G0C1CCU6N, STM32G0C1CET6N, STM32G0C1CEU6N, STM32G0C1KCT6, STM32G0C1NEY6TR, STM32G0C1RCI6N, STM32G0C1RCT6N, STM32G0C1REI6N, STM32G0C1RET6N, STM32G0C1VCI6, STM32G0C1VEI6, STM32G411C6T3, STM32G411C6T6, STM32G411C6U3, STM32G411C6U6, STM32G411C8T3, STM32G411C8T6, STM32G411C8U3, STM32G411C8U6, STM32G411CBT3, STM32G411CBT6, STM32G411CBU3, STM32G411CBU6, STM32G411K6T3, STM32G411K6T6, STM32G411K6U3, STM32G411K6U6, STM32G411K8T3, STM32G411K8T6, STM32G411K8U3, STM32G411K8U6, STM32G411KBT3, STM32G411KBT6, STM32G411KBU3, STM32G411KBU6, STM32G411M6T3, STM32G411M6T6, STM32G411M8T3, STM32G411M8T6, STM32G411MBT3, STM32G411MBT6, STM32G411R6T3, STM32G411R6T6, STM32G411R8T3, STM32G411R8T6, STM32G411RBT3, STM32G411RBT6, STM32G414CBT3, STM32G414CBT6, STM32G414CBU3, STM32G414CBU6, STM32G414CCT3, STM32G414CCT6, STM32G414CCU3, STM32G414CCU6, STM32G414MBT3, STM32G414MBT6, STM32G414MCT3, STM32G414MCT6, STM32G414RBT3, STM32G414RBT6, STM32G414RCT3, STM32G414RCT6, STM32G414VBT3, STM32G414VBT6, STM32G414VCT3, STM32G414VCT6, STM32G431CBT3Z, STM32G431RBT3Z, STM32G471CCT6, STM32G471CCU6, STM32G471CET3, STM32G471CET6, STM32G471CEU3, STM32G471CEU6, STM32G471MCT6, STM32G471MET3, STM32G471MET6, STM32G471MEY6TR, STM32G471QCT6, STM32G471QET3, STM32G471RCT6, STM32G471RET3, STM32G471RET6, STM32G471VCH6, STM32G471VCI6, STM32G471VCT6, STM32G471VEH3, STM32G471VEH6, STM32G471VEI3, STM32G471VEI6, STM32G471VET3, STM32G471VET6, STM32G473QET3Z, STM32G473RET3Z, STM32G474CCT6, STM32G491RET3Z, STM32H503CBT6, STM32H503CBU6, STM32H503EBY6TR, STM32H503KBU6, STM32H503RBT6, STM32H523CCT6, STM32H523CCU6, STM32H523CET6, STM32H523CEU6, STM32H523HEY6TR, STM32H523RCT6, STM32H523RET6, STM32H523VCI6, STM32H523VCT6, STM32H523VEI6, STM32H523VET6, STM32H523ZCJ6, STM32H523ZCT6, STM32H523ZEJ6, STM32H523ZET6, STM32H533CET6, STM32H533CEU6, STM32H533HEY6TR, STM32H533RET6, STM32H533VEI6, STM32H533VET6, STM32H533ZEJ6, STM32H533ZET6, STM32H562AGI6, STM32H562AII6, STM32H562IGK6, STM32H562IGT6, STM32H562IIK6, STM32H562IIT6, STM32H562RGT6, STM32H562RGV6, STM32H562RIT6, STM32H562RIV6, STM32H562VGT6, STM32H562VIT6, STM32H562ZGT6, STM32H562ZIT6, STM32H563AGI6, STM32H563AII3Q, STM32H563AII6, STM32H563IGK6, STM32H563IGT6, STM32H563IIK3Q, STM32H563IIK6, STM32H563IIT3Q, STM32H563IIT6, STM32H563MIY3QTR, STM32H563RGT6, STM32H563RGV6, STM32H563RIT6, STM32H563RIV6, STM32H563VGT6, STM32H563VIT3Q, STM32H563VIT6, STM32H563ZGT6, STM32H563ZIT3Q, STM32H563ZIT6, STM32H573AII3Q, STM32H573AII6, STM32H573I-DK, STM32H573IIK3Q, STM32H573IIK6, STM32H573IIT3Q, STM32H573IIT6, STM32H573MIY3QTR, STM32H573RIT6, STM32H573RIV6, STM32H573VIT3Q, STM32H573VIT6, STM32H573ZIT3Q, STM32H573ZIT6, STM32H7R3A8I6, STM32H7R3I8K6, STM32H7R3I8T6, STM32H7R3L8H6, STM32H7R3L8H6H, STM32H7R3R8V6, STM32H7R3V8H6, STM32H7R3V8T6, STM32H7R3V8Y6TR, STM32H7R3Z8J6, STM32H7R3Z8T6, STM32H7R7A8I6, STM32H7R7I8K6, STM32H7R7I8T6, STM32H7R7L8H6, STM32H7R7L8H6H, STM32H7R7Z8J6, STM32H7S3A8I6, STM32H7S3I8K6, STM32H7S3I8T6, STM32H7S3L8H6, STM32H7S3L8H6H, STM32H7S3R8V6, STM32H7S3V8H6, STM32H7S3V8T6, STM32H7S3V8Y6TR, STM32H7S3Z8J6, STM32H7S3Z8T6, STM32H7S78-DK, STM32H7S7A8I6, STM32H7S7I8K6, STM32H7S7I8T6, STM32H7S7L8H6, STM32H7S7L8H6H, STM32H7S7Z8J6, STM32L4R5QGI6STR, STM32MP131AAE3, STM32MP131AAF3, STM32MP131AAG3, STM32MP131CAE3, STM32MP131CAF3, STM32MP131CAG3, STM32MP131DAE7, STM32MP131DAF7, STM32MP131DAG7, STM32MP131FAE7, STM32MP131FAF7, STM32MP131FAG7, STM32MP133AAE3, STM32MP133AAF3, STM32MP133AAG3, STM32MP133CAE3, STM32MP133CAF3, STM32MP133CAG3, STM32MP133DAE7, STM32MP133DAF7, STM32MP133DAG7, STM32MP133FAE7, STM32MP133FAF7, STM32MP133FAG7, STM32MP135AAE3, STM32MP135AAF3, STM32MP135AAG3, STM32MP135CAE3, STM32MP135CAF3, STM32MP135CAG3, STM32MP135DAE7, STM32MP135DAF7, STM32MP135DAG7, STM32MP135F-DK, STM32MP135FAE7, STM32MP135FAF7, STM32MP135FAF7T, STM32MP135FAF7U, STM32MP135FAG7, STM32MP211AAL3, STM32MP211AAM3, STM32MP211AAN3, STM32MP211AAO3, STM32MP211CAL3, STM32MP211CAM3, STM32MP211CAN3, STM32MP211CAO3, STM32MP211DAL3, STM32MP211DAM3, STM32MP211DAN3, STM32MP211DAO3, STM32MP211FAL3, STM32MP211FAM3, STM32MP211FAN3, STM32MP211FAO3, STM32MP213AAL3, STM32MP213AAM3, STM32MP213AAN3, STM32MP213AAO3, STM32MP213CAL3, STM32MP213CAM3, STM32MP213CAN3, STM32MP213CAO3, STM32MP213DAL3, STM32MP213DAM3, STM32MP213DAN3, STM32MP213DAO3, STM32MP213FAL3, STM32MP213FAM3, STM32MP213FAN3, STM32MP213FAO3, STM32MP215AAL3, STM32MP215AAM3, STM32MP215AAN3, STM32MP215AAO3, STM32MP215CAL3, STM32MP215CAM3, STM32MP215CAN3, STM32MP215CAO3, STM32MP215DAL3, STM32MP215DAM3, STM32MP215DAN3, STM32MP215DAO3, STM32MP215F-DK, STM32MP215FAL3, STM32MP215FAM3, STM32MP215FAN3, STM32MP215FAO3, STM32MP231AAJ3, STM32MP231AAK3, STM32MP231AAL3, STM32MP231CAJ3, STM32MP231CAK3, STM32MP231CAL3, STM32MP231DAJ3, STM32MP231DAK3, STM32MP231DAL3, STM32MP231FAJ3, STM32MP231FAK3, STM32MP231FAL3, STM32MP233AAJ3, STM32MP233AAK3, STM32MP233AAL3, STM32MP233CAJ3, STM32MP233CAK3, STM32MP233CAL3, STM32MP233DAJ3, STM32MP233DAK3, STM32MP233DAL3, STM32MP233FAJ3, STM32MP233FAK3, STM32MP233FAL3, STM32MP235AAJ3, STM32MP235AAK3, STM32MP235AAL3, STM32MP235CAJ3, STM32MP235CAK3, STM32MP235CAL3, STM32MP235DAJ3, STM32MP235DAK3, STM32MP235DAL3, STM32MP235FAJ3, STM32MP235FAK3, STM32MP235FAL3, STM32MP251AAI3, STM32MP251AAK3, STM32MP251AAL3, STM32MP251CAI3, STM32MP251CAK3, STM32MP251CAL3, STM32MP251DAI3, STM32MP251DAK3, STM32MP251DAL3, STM32MP251FAI3, STM32MP251FAK3, STM32MP251FAL3, STM32MP253AAI3, STM32MP253AAK3, STM32MP253AAL3, STM32MP253CAI3, STM32MP253CAK3, STM32MP253CAL3, STM32MP253DAI3, STM32MP253DAK3, STM32MP253DAL3, STM32MP253FAI3, STM32MP253FAK3, STM32MP253FAL3, STM32MP255AAI3, STM32MP255AAK3, STM32MP255AAL3, STM32MP255CAI3, STM32MP255CAK3, STM32MP255CAL3, STM32MP255DAI3, STM32MP255DAK3, STM32MP255DAL3, STM32MP255FAI3, STM32MP255FAK3, STM32MP255FAL3, STM32MP257AAI3, STM32MP257AAK3, STM32MP257AAL3, STM32MP257CAI3, STM32MP257CAK3, STM32MP257CAL3, STM32MP257DAI3, STM32MP257DAK3, STM32MP257DAL3, STM32MP257F-DK, STM32MP257F-EV1, STM32MP257FAI3, STM32MP257FAK3, STM32MP257FAL3, STM32N645A0H3Q, STM32N645B0H3Q, STM32N645I0H3Q, STM32N645L0H3Q, STM32N645X0H3Q, STM32N645Z0H3Q, STM32N647A0H3Q, STM32N647B0H3Q, STM32N647I0H3Q, STM32N647L0H3Q, STM32N647X0H3Q, STM32N647Z0H3Q, STM32N655A0H3Q, STM32N655B0H3Q, STM32N655I0H3Q, STM32N655L0H3Q, STM32N655X0H3Q, STM32N655Z0H3Q, STM32N6570-DK, STM32N657A0H3Q, STM32N657B0H3Q, STM32N657I0H3Q, STM32N657L0H3Q, STM32N657X0H3Q, STM32N657Z0H3Q, STM32U031C6T6, STM32U031C6U6, STM32U031C8T6, STM32U031C8U6, STM32U031F4P6, STM32U031F6P6, STM32U031F8P6, STM32U031G6Y6TR, STM32U031G8Y6TR, STM32U031K4U6, STM32U031K6U6, STM32U031K8U6, STM32U031R6I6, STM32U031R6T6, STM32U031R8I6, STM32U031R8T6, STM32U073C8T6, STM32U073C8U6, STM32U073CBT6, STM32U073CBU6, STM32U073CCT6, STM32U073CCU6, STM32U073H8Y6TR, STM32U073HBY6TR, STM32U073HCY6TR, STM32U073K8U6, STM32U073KBU6, STM32U073KCU6, STM32U073M8I6, STM32U073M8T6, STM32U073MBI6, STM32U073MBT6, STM32U073MCI6, STM32U073MCT6, STM32U073R8I6, STM32U073R8T6, STM32U073RBI6, STM32U073RBT6, STM32U073RCI6, STM32U073RCT6, STM32U083C-DK, STM32U083CCT6, STM32U083CCU6, STM32U083HCY6TR, STM32U083KCU6, STM32U083MCI6, STM32U083MCT6, STM32U083RCI6, STM32U083RCT6, STM32U375CET6, STM32U375CET6Q, STM32U375CEU6, STM32U375CEU6Q, STM32U375CEY6QTR, STM32U375CGT6, STM32U375CGT6Q, STM32U375CGU6, STM32U375CGU6Q, STM32U375CGY6QTR, STM32U375KEU6, STM32U375KGU6, STM32U375REI6, STM32U375REI6Q, STM32U375RET6, STM32U375RET6Q, STM32U375REY6GTR, STM32U375REY6QTR, STM32U375RGI6, STM32U375RGI6Q, STM32U375RGT6, STM32U375RGT6Q, STM32U375RGY6GTR, STM32U375RGY6QTR, STM32U375VEI6, STM32U375VEI6Q, STM32U375VET6, STM32U375VET6Q, STM32U375VGI6, STM32U375VGI6Q, STM32U375VGT6, STM32U375VGT6Q, STM32U385CGT6, STM32U385CGT6Q, STM32U385CGU6, STM32U385CGU6Q, STM32U385CGY6QTR, STM32U385KGU6, STM32U385RGI6, STM32U385RGI6Q, STM32U385RGT6, STM32U385RGT6Q, STM32U385RGY6GTR, STM32U385RGY6QTR, STM32U385VGI6, STM32U385VGI6Q, STM32U385VGT6, STM32U385VGT6Q, STM32U535CBT6, STM32U535CBT6Q, STM32U535CBU6, STM32U535CBU6Q, STM32U535CCT6, STM32U535CCT6Q, STM32U535CCU6, STM32U535CCU6Q, STM32U535CET6, STM32U535CET6Q, STM32U535CEU6, STM32U535CEU6Q, STM32U535JEY6QTR, STM32U535NCY6QTR, STM32U535NEY6QTR, STM32U535RBI6, STM32U535RBI6Q, STM32U535RBT6, STM32U535RBT6Q, STM32U535RCI6, STM32U535RCI6Q, STM32U535RCT6, STM32U535RCT6Q, STM32U535REI6, STM32U535REI6Q, STM32U535RET6, STM32U535RET6Q, STM32U535VCI6, STM32U535VCI6Q, STM32U535VCT6, STM32U535VCT6Q, STM32U535VEI6, STM32U535VEI6Q, STM32U535VET6, STM32U535VET6Q, STM32U545CET6, STM32U545CET6Q, STM32U545CEU6, STM32U545CEU6Q, STM32U545JEY6QTR, STM32U545NEY6QTR, STM32U545REI6, STM32U545REI6Q, STM32U545RET6, STM32U545RET6Q, STM32U545VEI6, STM32U545VEI6Q, STM32U545VET6, STM32U545VET6Q, STM32U595AIH6, STM32U595AIH6Q, STM32U595AJH6, STM32U595AJH6Q, STM32U595QII6, STM32U595QII6Q, STM32U595QJI6, STM32U595QJI6Q, STM32U595RIT6, STM32U595RIT6Q, STM32U595RJT6, STM32U595RJT6Q, STM32U595VIT6, STM32U595VIT6Q, STM32U595VJT6, STM32U595VJT6Q, STM32U595ZIT6, STM32U595ZIT6Q, STM32U595ZIY6QTR, STM32U595ZJT6, STM32U595ZJT6Q, STM32U595ZJY6QTR, STM32U599BJY6QTR, STM32U599NIH6Q, STM32U599NJH6Q, STM32U599VIT6Q, STM32U599VJT6, STM32U599VJT6Q, STM32U599ZIT6Q, STM32U599ZIY6QTR, STM32U599ZJT6Q, STM32U599ZJY6QTR, STM32U5A5AJH6, STM32U5A5AJH6Q, STM32U5A5QII3Q , STM32U5A5QJI6, STM32U5A5QJI6Q, STM32U5A5RJT6, STM32U5A5RJT6Q, STM32U5A5VJT6, STM32U5A5VJT6Q, STM32U5A5ZJT6, STM32U5A5ZJT6Q, STM32U5A5ZJY6QTR, STM32U5A9BJY6QTR, STM32U5A9J-DK, STM32U5A9NJH6Q, STM32U5A9VJT6Q, STM32U5A9ZJT6Q, STM32U5A9ZJY6QTR, STM32U5F7VIT6, STM32U5F7VIT6Q, STM32U5F7VJT6, STM32U5F7VJT6Q, STM32U5F9BJY6QTR, STM32U5F9NJH6Q, STM32U5F9VIT6Q, STM32U5F9VJT6Q, STM32U5F9ZIJ6QTR, STM32U5F9ZIT6Q, STM32U5F9ZJJ6QTR, STM32U5F9ZJT6Q, STM32U5G7VJT6, STM32U5G7VJT6Q, STM32U5G9BJY6QTR, STM32U5G9J-DK1, STM32U5G9J-DK2, STM32U5G9NJH6Q, STM32U5G9VJT6Q, STM32U5G9ZJJ6QTR, STM32U5G9ZJT6Q, STM32WB05KZV6TR, STM32WB05KZV7TR, STM32WB05TZF6TR, STM32WB05TZF7TR, STM32WB06CCF6TR, STM32WB06CCF7TR, STM32WB06CCV6TR, STM32WB06CCV7TR, STM32WB06KCV6TR, STM32WB06KCV7TR, STM32WB07CCF6TR, STM32WB07CCF7TR, STM32WB07CCV6TR, STM32WB07CCV7TR, STM32WB07KCV6TR, STM32WB07KCV7TR, STM32WB09KEV6TR, STM32WB09KEV7TR, STM32WB09TEF6TR, STM32WB09TEF7TR, STM32WB1MMCH6, STM32WBA50KGU6, STM32WBA50KGU6TR, STM32WBA52CEU6, STM32WBA52CEU6TR, STM32WBA52CEU7, STM32WBA52CEU7TR, STM32WBA52CGU6, STM32WBA52CGU6TR, STM32WBA52CGU6U, STM32WBA52CGU7, STM32WBA52CGU7TR, STM32WBA52KEU6, STM32WBA52KEU6TR, STM32WBA52KGU6, STM32WBA52KGU6TR, STM32WBA54CEU6, STM32WBA54CEU6TR, STM32WBA54CEU7, STM32WBA54CEU7TR, STM32WBA54CGU6, STM32WBA54CGU6TR, STM32WBA54CGU7, STM32WBA54CGU7TR, STM32WBA54KEU6, STM32WBA54KEU6TR, STM32WBA54KEU7, STM32WBA54KEU7TR, STM32WBA54KGU6, STM32WBA54KGU6TR, STM32WBA54KGU7, STM32WBA54KGU7TR, STM32WBA55CEU6, STM32WBA55CEU6TR, STM32WBA55CEU7, STM32WBA55CEU7TR, STM32WBA55CGU6, STM32WBA55CGU6TR, STM32WBA55CGU6U, STM32WBA55CGU7, STM32WBA55CGU7TR, STM32WBA55G-DK1, STM32WBA55HEF6, STM32WBA55HEF7, STM32WBA55HGF6, STM32WBA55HGF7, STM32WBA55UEI6, STM32WBA55UEI6TR, STM32WBA55UEI7, STM32WBA55UEI7TR, STM32WBA55UGI6, STM32WBA55UGI6TR, STM32WBA55UGI7, STM32WBA55UGI7TR, STM32WBA5MMGH6TR, STM32WBA62MGF6, STM32WBA62MIF6, STM32WBA65MGF7, STM32WBA65MIF6, STM32WBA65MIF7, STM32WL30K8V6, STM32WL30KBV6, STM32WL31C8V6, STM32WL31CBV6, STM32WL31K8V6, STM32WL31KBV6, STM32WL33C8V6, STM32WL33C8V6X, STM32WL33CBV6, STM32WL33CBV6X, STM32WL33CCV6, STM32WL33CCV6A, STM32WL33CCV6X, STM32WL33K8V7, STM32WL33K8V7X, STM32WL33KBV7 , STM32WL33KBV7X, STM32WL33KCV7, STM32WL33KCV7X, STM32WL5MOCH6, STM32WL5MOCH6TR]
2025-09-24 10:36:50,540 [INFO] BoardInfo:889 - No configuration file found for board P-NUCLEO-WB55
2025-09-24 10:36:50,543 [INFO] DbBoards:161 - Kit is not supported: P-NUCLEO-WB55
2025-09-24 10:36:50,558 [INFO] BoardInfo:889 - No configuration file found for board STEVAL-BFA001V1B
2025-09-24 10:36:50,561 [INFO] DbBoards:161 - Kit is not supported: STEVAL-BFA001V1B
2025-09-24 10:36:50,562 [INFO] BoardInfo:889 - No configuration file found for board STEVAL-BFA001V2B
2025-09-24 10:36:50,565 [INFO] DbBoards:161 - Kit is not supported: STEVAL-BFA001V2B
2025-09-24 10:36:50,901 [ERROR] LogOutputStream:75 - [STDERR_REDIRECT] [Fatal Error] :1:1: Premature end of file.
2025-09-24 10:36:50,901 [ERROR] LogOutputStream:75 - [STDERR_REDIRECT] 
2025-09-24 10:36:50,953 [INFO] DbBoards:168 - Found 212 boards, 209 are supported
2025-09-24 10:36:50,954 [INFO] DbBoards:169 - Found 212 boards, 43 of them is supported for  Bsp
2025-09-24 10:36:50,956 [INFO] ApiDb:423 - Load user favorites file C:\Users\train/.stm32cubeide/favorites.boards.txt: 1 item(s)
2025-09-24 10:36:50,956 [INFO] ApiDb:427 - User favorites Boards=[STM32F407G-DISC1]
2025-09-24 10:36:50,956 [INFO] DbBoards:198 - Set 1 / 1 favorites Boards
2025-09-24 10:36:50,956 [INFO] McuFinderGlobals:76 - Set McuFinderConnectedMode to true
2025-09-24 10:36:50,962 [INFO] MultiScanPanel:200 - Auto-refresh data requested => check proxy status ongoing
2025-09-24 10:36:50,965 [INFO] FinderPluginLoader:96 - Searching for filters in installed packs
2025-09-24 10:36:51,916 [ERROR] LogOutputStream:75 - [STDERR_REDIRECT] [Fatal Error] :1:1: Premature end of file.
2025-09-24 10:36:51,917 [ERROR] LogOutputStream:75 - [STDERR_REDIRECT] 
2025-09-24 10:36:52,827 [INFO] LoadUrlFilesThread:185 - End of LoadServerUrlFiles without Thread
2025-09-24 10:36:52,939 [ERROR] LogOutputStream:75 - [STDERR_REDIRECT] [Fatal Error] :1:1: Premature end of file.
2025-09-24 10:36:52,939 [ERROR] LogOutputStream:75 - [STDERR_REDIRECT] 
2025-09-24 10:36:53,067 [INFO] DetailPanel:341 - Set advertising image to C:/Users/train/STM32Cube/Repository/\en.2400x1350px.jpeg
2025-09-24 10:36:53,924 [ERROR] LogOutputStream:75 - [STDERR_REDIRECT] [Fatal Error] :1:1: Premature end of file.
2025-09-24 10:36:53,924 [ERROR] LogOutputStream:75 - [STDERR_REDIRECT] 
2025-09-24 10:36:54,963 [ERROR] LogOutputStream:75 - [STDERR_REDIRECT] [Fatal Error] :1:1: Premature end of file.
2025-09-24 10:36:54,966 [ERROR] LogOutputStream:75 - [STDERR_REDIRECT] 
2025-09-24 10:36:55,934 [ERROR] LogOutputStream:75 - [STDERR_REDIRECT] [Fatal Error] :1:1: Premature end of file.
2025-09-24 10:36:55,935 [ERROR] LogOutputStream:75 - [STDERR_REDIRECT] 
2025-09-24 10:36:56,945 [ERROR] LogOutputStream:75 - [STDERR_REDIRECT] [Fatal Error] :1:1: Premature end of file.
2025-09-24 10:36:56,946 [ERROR] LogOutputStream:75 - [STDERR_REDIRECT] 
2025-09-24 10:36:57,904 [ERROR] LogOutputStream:75 - [STDERR_REDIRECT] [Fatal Error] :1:1: Premature end of file.
2025-09-24 10:36:57,905 [ERROR] LogOutputStream:75 - [STDERR_REDIRECT] 
2025-09-24 10:36:58,871 [INFO] MultiScanPanel:200 - Auto-refresh data requested => check proxy status ongoing
2025-09-24 10:36:58,899 [ERROR] LogOutputStream:75 - [STDERR_REDIRECT] [Fatal Error] :1:1: Premature end of file.
2025-09-24 10:36:58,899 [ERROR] LogOutputStream:75 - [STDERR_REDIRECT] 
2025-09-24 10:36:59,087 [INFO] LoadUrlFilesThread:185 - End of LoadServerUrlFiles without Thread
2025-09-24 10:36:59,088 [INFO] DetailPanel:341 - Set advertising image to C:/Users/train/STM32Cube/Repository/\en.2400x1350px.jpeg
2025-09-24 10:36:59,103 [INFO] DbBoards:642 - Loading board mini-images...
2025-09-24 10:36:59,918 [ERROR] LogOutputStream:75 - [STDERR_REDIRECT] [Fatal Error] :1:1: Premature end of file.
2025-09-24 10:36:59,919 [ERROR] LogOutputStream:75 - [STDERR_REDIRECT] 
2025-09-24 10:37:00,922 [ERROR] LogOutputStream:75 - [STDERR_REDIRECT] [Fatal Error] :1:1: Premature end of file.
2025-09-24 10:37:00,923 [ERROR] LogOutputStream:75 - [STDERR_REDIRECT] 
2025-09-24 10:37:01,905 [ERROR] LogOutputStream:75 - [STDERR_REDIRECT] [Fatal Error] :1:1: Premature end of file.
2025-09-24 10:37:01,906 [ERROR] LogOutputStream:75 - [STDERR_REDIRECT] 
2025-09-24 10:37:01,962 [ERROR] DbBoards:659 - Image file not found for board STM32MP215F-DK: C:\Users\train\.stmcufinder\plugins\mcufinder//mcu//boards_images/STM32MP215F-DK.jpg
2025-09-24 10:37:02,121 [INFO] DbBoards:665 - Loaded 211 board mini-images
2025-09-24 10:37:02,904 [ERROR] LogOutputStream:75 - [STDERR_REDIRECT] [Fatal Error] :1:1: Premature end of file.
2025-09-24 10:37:02,904 [ERROR] LogOutputStream:75 - [STDERR_REDIRECT] 
2025-09-24 10:37:03,901 [ERROR] LogOutputStream:75 - [STDERR_REDIRECT] [Fatal Error] :1:1: Premature end of file.
2025-09-24 10:37:03,901 [ERROR] LogOutputStream:75 - [STDERR_REDIRECT] 
2025-09-24 10:37:04,900 [ERROR] LogOutputStream:75 - [STDERR_REDIRECT] [Fatal Error] :1:1: Premature end of file.
2025-09-24 10:37:04,900 [ERROR] LogOutputStream:75 - [STDERR_REDIRECT] 
2025-09-24 10:37:05,903 [ERROR] LogOutputStream:75 - [STDERR_REDIRECT] [Fatal Error] :1:1: Premature end of file.
2025-09-24 10:37:05,903 [ERROR] LogOutputStream:75 - [STDERR_REDIRECT] 
2025-09-24 10:37:06,897 [ERROR] LogOutputStream:75 - [STDERR_REDIRECT] [Fatal Error] :1:1: Premature end of file.
2025-09-24 10:37:06,897 [ERROR] LogOutputStream:75 - [STDERR_REDIRECT] 
2025-09-24 10:37:07,915 [ERROR] LogOutputStream:75 - [STDERR_REDIRECT] [Fatal Error] :1:1: Premature end of file.
2025-09-24 10:37:07,915 [ERROR] LogOutputStream:75 - [STDERR_REDIRECT] 
2025-09-24 10:37:08,920 [ERROR] LogOutputStream:75 - [STDERR_REDIRECT] [Fatal Error] :1:1: Premature end of file.
2025-09-24 10:37:08,921 [ERROR] LogOutputStream:75 - [STDERR_REDIRECT] 
2025-09-24 10:37:09,912 [ERROR] LogOutputStream:75 - [STDERR_REDIRECT] [Fatal Error] :1:1: Premature end of file.
2025-09-24 10:37:09,913 [ERROR] LogOutputStream:75 - [STDERR_REDIRECT] 
2025-09-24 10:37:10,901 [ERROR] LogOutputStream:75 - [STDERR_REDIRECT] [Fatal Error] :1:1: Premature end of file.
2025-09-24 10:37:10,901 [ERROR] LogOutputStream:75 - [STDERR_REDIRECT] 
2025-09-24 10:37:11,903 [ERROR] LogOutputStream:75 - [STDERR_REDIRECT] [Fatal Error] :1:1: Premature end of file.
2025-09-24 10:37:11,903 [ERROR] LogOutputStream:75 - [STDERR_REDIRECT] 
2025-09-24 10:37:12,904 [ERROR] LogOutputStream:75 - [STDERR_REDIRECT] [Fatal Error] :1:1: Premature end of file.
2025-09-24 10:37:12,905 [ERROR] LogOutputStream:75 - [STDERR_REDIRECT] 
2025-09-24 10:37:13,906 [ERROR] LogOutputStream:75 - [STDERR_REDIRECT] [Fatal Error] :1:1: Premature end of file.
2025-09-24 10:37:13,906 [ERROR] LogOutputStream:75 - [STDERR_REDIRECT] 
2025-09-24 10:37:14,940 [ERROR] LogOutputStream:75 - [STDERR_REDIRECT] [Fatal Error] :1:1: Premature end of file.
2025-09-24 10:37:14,940 [ERROR] LogOutputStream:75 - [STDERR_REDIRECT] 
2025-09-24 10:37:15,915 [ERROR] LogOutputStream:75 - [STDERR_REDIRECT] [Fatal Error] :1:1: Premature end of file.
2025-09-24 10:37:15,915 [ERROR] LogOutputStream:75 - [STDERR_REDIRECT] 
2025-09-24 10:37:16,902 [ERROR] LogOutputStream:75 - [STDERR_REDIRECT] [Fatal Error] :1:1: Premature end of file.
2025-09-24 10:37:16,902 [ERROR] LogOutputStream:75 - [STDERR_REDIRECT] 
2025-09-24 10:37:17,315 [INFO] MainUpdater:2872 - connection check result : 10
2025-09-24 10:37:17,316 [INFO] MainUpdater:2872 - connection check result : 10
2025-09-24 10:37:17,358 [INFO] MicroXplorer:468 - Change Database Path : 
2025-09-24 10:37:17,359 [INFO] MicroXplorer:498 - Change Database Version : DB.6.0.150
2025-09-24 10:37:17,372 [WARN] ThirdParty:871 - waiting for thirdparty lock release [close project]
2025-09-24 10:37:17,372 [INFO] ThirdParty:873 - entering critical section [close project]
2025-09-24 10:37:17,377 [INFO] ThirdParty:883 - exiting critical section [close project]
2025-09-24 10:37:17,382 [INFO] PinOutPanel:1589 - setPackage(No Configuration,No Configuration)
2025-09-24 10:37:17,384 [INFO] UtilMem:75 - Begin LoadConfig() Used Memory: 702220344 Bytes (902823936)
2025-09-24 10:37:17,392 [INFO] OpenFileManager:355 - Change cursor
2025-09-24 10:37:17,448 [INFO] ProjectFactory:514 - No CPN specified for board STM32F407G-DISC1 => set CPN to STM32F407VGT6
2025-09-24 10:37:17,450 [INFO] Mcu:2029 - Initializing MCU STM32F407V(E-G)Tx STM32F407VGTx STM32F407VGT6
2025-09-24 10:37:18,054 [ERROR] LogOutputStream:75 - [STDERR_REDIRECT] [Fatal Error] :1:1: Premature end of file.
2025-09-24 10:37:18,055 [ERROR] LogOutputStream:75 - [STDERR_REDIRECT] 
2025-09-24 10:37:18,999 [ERROR] LogOutputStream:75 - [STDERR_REDIRECT] [Fatal Error] :1:1: Premature end of file.
2025-09-24 10:37:18,999 [ERROR] LogOutputStream:75 - [STDERR_REDIRECT] 
2025-09-24 10:37:19,971 [ERROR] LogOutputStream:75 - [STDERR_REDIRECT] [Fatal Error] :1:1: Premature end of file.
2025-09-24 10:37:19,971 [ERROR] LogOutputStream:75 - [STDERR_REDIRECT] 
2025-09-24 10:37:20,939 [ERROR] LogOutputStream:75 - [STDERR_REDIRECT] [Fatal Error] :1:1: Premature end of file.
2025-09-24 10:37:20,940 [ERROR] LogOutputStream:75 - [STDERR_REDIRECT] 
2025-09-24 10:37:21,113 [INFO] Context:786 - Trying to add GPIOservice into a context  which must be forbidden
2025-09-24 10:37:22,095 [ERROR] LogOutputStream:75 - [STDERR_REDIRECT] [Fatal Error] :1:1: Premature end of file.
2025-09-24 10:37:22,095 [ERROR] LogOutputStream:75 - [STDERR_REDIRECT] 
2025-09-24 10:37:22,357 [INFO] Rule:233 - rule 117617 - U5Cobra4M][GTZC] default value MPCBB3 and MPCBB5 - Not Secured memory - MPCBB1 is applicable
2025-09-24 10:37:22,358 [INFO] Rule:233 - rule 117617 - U5Cobra4M][GTZC] default value MPCBB3 and MPCBB5 - Not Secured memory - MPCBB1 is applicable
2025-09-24 10:37:22,358 [INFO] Rule:233 - rule 117617 - U5Cobra4M][GTZC] default value MPCBB3 and MPCBB5 - Not Secured memory - MPCBB2 is applicable
2025-09-24 10:37:22,358 [INFO] Rule:233 - rule 117617 - U5Cobra4M][GTZC] default value MPCBB3 and MPCBB5 - Not Secured memory - MPCBB2 is applicable
2025-09-24 10:37:22,358 [INFO] Rule:233 - rule 117617 - U5Cobra4M][GTZC] default value MPCBB3 and MPCBB5 - Not Secured memory - MPCBB3 is applicable
2025-09-24 10:37:22,359 [INFO] Rule:233 - rule 117617 - U5Cobra4M][GTZC] default value MPCBB3 and MPCBB5 - Not Secured memory - MPCBB3 is applicable
2025-09-24 10:37:22,359 [INFO] Rule:233 - rule 117617 - U5Cobra4M][GTZC] default value MPCBB3 and MPCBB5 - Not Secured memory - MPCBB4 is applicable
2025-09-24 10:37:22,359 [INFO] Rule:233 - rule 117617 - U5Cobra4M][GTZC] default value MPCBB3 and MPCBB5 - Not Secured memory - MPCBB4 is applicable
2025-09-24 10:37:22,359 [INFO] Rule:233 - rule 117617 - U5Cobra4M][GTZC] default value MPCBB3 and MPCBB5 - Secured memory - MPCBB1 is applicable
2025-09-24 10:37:22,359 [INFO] Rule:233 - rule 117617 - U5Cobra4M][GTZC] default value MPCBB3 and MPCBB5 - Secured memory - MPCBB2 is applicable
2025-09-24 10:37:22,359 [INFO] Rule:233 - rule 117617 - U5Cobra4M][GTZC] default value MPCBB3 and MPCBB5 - Secured memory - MPCBB3 is applicable
2025-09-24 10:37:22,359 [INFO] Rule:233 - rule 117617 - U5Cobra4M][GTZC] default value MPCBB3 and MPCBB5 - Secured memory - MPCBB4 is applicable
2025-09-24 10:37:22,359 [INFO] Rule:233 - rule 117617 - U5Cobra4M][GTZC] default value MPCBB3 and MPCBB5 - Privileged memory - MPCBB1 is applicable
2025-09-24 10:37:22,360 [INFO] Rule:233 - rule 117617 - U5Cobra4M][GTZC] default value MPCBB3 and MPCBB5 - Privileged memory - MPCBB2 is applicable
2025-09-24 10:37:22,360 [INFO] Rule:233 - rule 117617 - U5Cobra4M][GTZC] default value MPCBB3 and MPCBB5 - Privileged memory - MPCBB3 is applicable
2025-09-24 10:37:22,360 [INFO] Rule:233 - rule 117617 - U5Cobra4M][GTZC] default value MPCBB3 and MPCBB5 - Privileged memory - MPCBB4 is applicable
2025-09-24 10:37:22,360 [INFO] Rule:233 - rule 117617 - U5Cobra4M][GTZC] default value MPCBB3 and MPCBB5 - Not Privileged memory - MPCBB1 is applicable
2025-09-24 10:37:22,360 [INFO] Rule:233 - rule 117617 - U5Cobra4M][GTZC] default value MPCBB3 and MPCBB5 - Not Privileged memory - MPCBB2 is applicable
2025-09-24 10:37:22,360 [INFO] Rule:233 - rule 117617 - U5Cobra4M][GTZC] default value MPCBB3 and MPCBB5 - Not Privileged memory - MPCBB3 is applicable
2025-09-24 10:37:22,361 [INFO] Rule:233 - rule 117617 - U5Cobra4M][GTZC] default value MPCBB3 and MPCBB5 - Not Privileged memory - MPCBB4 is applicable
2025-09-24 10:37:22,361 [INFO] Rule:233 - rule 117617 - U5Cobra4M][GTZC] default value MPCBB3 and MPCBB5 - Privileged memory - MPCBB1 is applicable
2025-09-24 10:37:22,361 [INFO] Rule:233 - rule 117617 - U5Cobra4M][GTZC] default value MPCBB3 and MPCBB5 - Privileged memory - MPCBB2 is applicable
2025-09-24 10:37:22,361 [INFO] Rule:233 - rule 117617 - U5Cobra4M][GTZC] default value MPCBB3 and MPCBB5 - Privileged memory - MPCBB3 is applicable
2025-09-24 10:37:22,361 [INFO] Rule:233 - rule 117617 - U5Cobra4M][GTZC] default value MPCBB3 and MPCBB5 - Privileged memory - MPCBB4 is applicable
2025-09-24 10:37:22,361 [INFO] Rule:233 - rule 117617 - U5Cobra4M][GTZC] default value MPCBB3 and MPCBB5 - Privileged memory - MPCBB1 is applicable
2025-09-24 10:37:22,361 [INFO] Rule:233 - rule 117617 - U5Cobra4M][GTZC] default value MPCBB3 and MPCBB5 - Privileged memory - MPCBB2 is applicable
2025-09-24 10:37:22,362 [INFO] Rule:233 - rule 117617 - U5Cobra4M][GTZC] default value MPCBB3 and MPCBB5 - Privileged memory - MPCBB3 is applicable
2025-09-24 10:37:22,362 [INFO] Rule:233 - rule 117617 - U5Cobra4M][GTZC] default value MPCBB3 and MPCBB5 - Privileged memory - MPCBB4 is applicable
2025-09-24 10:37:22,362 [INFO] Rule:233 - rule 117617 - U5Cobra4M][GTZC] default value MPCBB3 and MPCBB5 - Not Privileged memory - MPCBB1 is applicable
2025-09-24 10:37:22,362 [INFO] Rule:233 - rule 117617 - U5Cobra4M][GTZC] default value MPCBB3 and MPCBB5 - Not Privileged memory - MPCBB2 is applicable
2025-09-24 10:37:22,362 [INFO] Rule:233 - rule 117617 - U5Cobra4M][GTZC] default value MPCBB3 and MPCBB5 - Not Privileged memory - MPCBB3 is applicable
2025-09-24 10:37:22,362 [INFO] Rule:233 - rule 117617 - U5Cobra4M][GTZC] default value MPCBB3 and MPCBB5 - Not Privileged memory - MPCBB4 is applicable
2025-09-24 10:37:22,363 [INFO] Rule:233 - rule 117617 - U5Cobra4M][GTZC] default value MPCBB3 and MPCBB5 - Privileged memory - MPCBB1 is applicable
2025-09-24 10:37:22,363 [INFO] Rule:233 - rule 117617 - U5Cobra4M][GTZC] default value MPCBB3 and MPCBB5 - Privileged memory - MPCBB2 is applicable
2025-09-24 10:37:22,363 [INFO] Rule:233 - rule 117617 - U5Cobra4M][GTZC] default value MPCBB3 and MPCBB5 - Privileged memory - MPCBB3 is applicable
2025-09-24 10:37:22,363 [INFO] Rule:233 - rule 117617 - U5Cobra4M][GTZC] default value MPCBB3 and MPCBB5 - Privileged memory - MPCBB4 is applicable
2025-09-24 10:37:22,363 [INFO] Rule:233 - rule Rename SubGHz_Phy SUBGHZ_APPLICATION SUBGHZ_PINGPONG to SUBGHZ_ADV_APPLICATION is applicable
2025-09-24 10:37:22,363 [INFO] Rule:233 - rule Rename Enabled to IBEACON is applicable
2025-09-24 10:37:22,364 [INFO] Rule:233 - rule GTZC_S instance for project manager is applicable
2025-09-24 10:37:22,364 [INFO] Rule:233 - rule GTZC_S instance for context M33S is applicable
2025-09-24 10:37:22,364 [INFO] Rule:233 - rule GTZC_S instance value for IP GTZC is applicable
2025-09-24 10:37:22,364 [INFO] Rule:233 - rule GTZC_S instance for mcu.IP is applicable
2025-09-24 10:37:22,364 [INFO] Rule:233 - rule GTZC_S instance for VP is applicable
2025-09-24 10:37:22,364 [INFO] Rule:233 - rule GTZC_S instance for signal is applicable
2025-09-24 10:37:22,364 [INFO] Rule:233 - rule GTZC_S instance for mcu.Pin is applicable
2025-09-24 10:37:22,365 [INFO] Rule:233 - rule GTZC_S instance for VP is applicable
2025-09-24 10:37:22,365 [INFO] Rule:233 - rule GTZC_S instance for signal is applicable
2025-09-24 10:37:22,365 [INFO] Rule:233 - rule GTZC_S instance for mcu is applicable
2025-09-24 10:37:22,365 [INFO] Rule:233 - rule GTZC_S instance for mcu.Pin is applicable
2025-09-24 10:37:22,365 [INFO] Rule:233 - rule GTZC_S instance value for IP GTZC is applicable
2025-09-24 10:37:22,365 [INFO] Rule:233 - rule GTZC_S instance for project manager is applicable
2025-09-24 10:37:22,365 [INFO] Rule:233 - rule GTZC_S instance for context M33S is applicable
2025-09-24 10:37:22,365 [INFO] Rule:233 - rule GTZC_S instance for VP is applicable
2025-09-24 10:37:22,365 [INFO] Rule:233 - rule GTZC_S instance for signal is applicable
2025-09-24 10:37:22,365 [INFO] Rule:233 - rule SPDIFRX instance for mcu is applicable
2025-09-24 10:37:22,365 [INFO] Rule:233 - rule Rename Tracer Mode is applicable
2025-09-24 10:37:22,366 [INFO] Rule:233 - rule SPDIFRX instance value for IP SPDIFRX is applicable
2025-09-24 10:37:22,366 [INFO] Rule:233 - rule SPDIFRX instance for signal is applicable
2025-09-24 10:37:22,366 [INFO] Rule:233 - rule SPDIFRX instance for project manager is applicable
2025-09-24 10:37:22,366 [INFO] Rule:233 - rule SPDIFRX instance for project manager is applicable
2025-09-24 10:37:22,367 [INFO] Rule:233 - rule ADC Scan  fix with FW F7 is applicable
2025-09-24 10:37:22,367 [INFO] Rule:233 - rule ADC Scan  fix with FW F7 is applicable
2025-09-24 10:37:22,367 [INFO] Rule:233 - rule WakeUp0 Mode is applicable
2025-09-24 10:37:22,368 [INFO] Rule:233 - rule WakeUp0 SIGNAL is applicable
2025-09-24 10:37:22,368 [INFO] Rule:233 - rule WakeUp1 Mode is applicable
2025-09-24 10:37:22,368 [INFO] Rule:233 - rule WakeUp1 SIGNAL is applicable
2025-09-24 10:37:22,368 [INFO] Rule:233 - rule WakeUp2 Mode is applicable
2025-09-24 10:37:22,368 [INFO] Rule:233 - rule WakeUp2 SIGNAL is applicable
2025-09-24 10:37:22,369 [INFO] Rule:233 - rule WakeUp4 Mode is applicable
2025-09-24 10:37:22,369 [INFO] Rule:233 - rule WakeUp4 SIGNAL is applicable
2025-09-24 10:37:22,369 [INFO] Rule:233 - rule WakeUp5 Mode is applicable
2025-09-24 10:37:22,369 [INFO] Rule:233 - rule WakeUp5 SIGNAL is applicable
2025-09-24 10:37:22,369 [INFO] Rule:233 - rule Add RTC Activate Clock Source is applicable
2025-09-24 10:37:22,369 [INFO] Rule:233 - rule Add RTC Activate Calendar 1 is applicable
2025-09-24 10:37:22,370 [INFO] Rule:233 - rule Add RTC Activate Calendar 2 is applicable
2025-09-24 10:37:22,370 [INFO] Rule:233 - rule Add RTC Activate Calendar 3 is applicable
2025-09-24 10:37:22,370 [INFO] Rule:233 - rule UART/USART TX Mode is applicable
2025-09-24 10:37:22,370 [INFO] Rule:233 - rule UART/USART RX Mode is applicable
2025-09-24 10:37:22,370 [INFO] Rule:233 - rule UART/USART RX TX Mode is applicable
2025-09-24 10:37:22,370 [INFO] Rule:233 - rule UART/USART PARITY NONE is applicable
2025-09-24 10:37:22,370 [INFO] Rule:233 - rule UART/USART PARITY EVEN is applicable
2025-09-24 10:37:22,371 [INFO] Rule:233 - rule UART/USART PARITY ODD is applicable
2025-09-24 10:37:22,372 [INFO] Rule:233 - rule USART StopBits 1 is applicable
2025-09-24 10:37:22,372 [INFO] Rule:233 - rule USART StopBits 2 is applicable
2025-09-24 10:37:22,373 [INFO] Rule:233 - rule USART StopBits 1.5 is applicable
2025-09-24 10:37:22,373 [INFO] Rule:233 - rule USART StopBits 0.5 is applicable
2025-09-24 10:37:22,373 [INFO] Rule:233 - rule UART/USART WORD LENGTH 7 is applicable
2025-09-24 10:37:22,373 [INFO] Rule:233 - rule UART/USART WORD LENGTH 8 is applicable
2025-09-24 10:37:22,374 [INFO] Rule:233 - rule UART/USART WORD LENGTH 9 is applicable
2025-09-24 10:37:22,374 [INFO] Rule:233 - rule Rename FMC NAND NCE signal is applicable
2025-09-24 10:37:22,374 [INFO] Rule:233 - rule Rename FMC NAND INT signal is applicable
2025-09-24 10:37:22,374 [INFO] Rule:233 - rule Change Default Value for LSE Drive Capability for WB family is applicable
2025-09-24 10:37:22,374 [INFO] Rule:233 - rule Change Default Value for ADC Clock Prescaler G0 family is applicable
2025-09-24 10:37:22,374 [INFO] Rule:233 - rule Change Default Value for ADC ExternalTrigConv L4 family is applicable
2025-09-24 10:37:22,374 [INFO] Rule:233 - rule Change Default Value for ADC ExternalTrigInjecConv L4 family is applicable
2025-09-24 10:37:22,374 [INFO] Rule:233 - rule Change Default Value for ADC ExternalTrigConv F3 family is applicable
2025-09-24 10:37:22,375 [INFO] Rule:233 - rule Change Default Value for ADC ExternalTrigInjecConv F3 family is applicable
2025-09-24 10:37:22,375 [INFO] Rule:233 - rule Change Default Value for ADC ExternalTrigConv Goldfish serie is applicable
2025-09-24 10:37:22,375 [INFO] Rule:233 - rule Change Default Value for ADC ExternalTrigInjecConv Goldfish serie is applicable
2025-09-24 10:37:22,375 [INFO] Rule:233 - rule Change Default Value for ADC ExternalTrigConv L0 family is applicable
2025-09-24 10:37:22,375 [INFO] Rule:233 - rule Change Default Value for ADC ExternalTrigConv F0 family is applicable
2025-09-24 10:37:22,375 [INFO] Rule:233 - rule Change Default Value for ADC ExternalTrigConvn L1 family is applicable
2025-09-24 10:37:22,375 [INFO] Rule:233 - rule Change Default Value for ADC ExternalTrigInjecConv L1 family is applicable
2025-09-24 10:37:22,375 [INFO] Rule:233 - rule Change Default Value for ADC ExternalTrigConv F1 family is applicable
2025-09-24 10:37:22,375 [INFO] Rule:233 - rule Change Default Value for ADC ExternalTrigInjecConv F1 family is applicable
2025-09-24 10:37:22,375 [INFO] Rule:233 - rule Change Default Value for ADC ExternalTrigConv F7 family is applicable
2025-09-24 10:37:22,375 [INFO] Rule:233 - rule Change Default Value for ADC ExternalTrigInjecConv F7 family is applicable
2025-09-24 10:37:22,375 [INFO] Rule:233 - rule Change Default Value for ADC ExternalTrigConv F4 and F2 family is applicable
2025-09-24 10:37:22,375 [INFO] Rule:233 - rule Change Default Value for ADC ExternalTrigInjecConv F4 and F2 family is applicable
2025-09-24 10:37:22,376 [INFO] Rule:233 - rule ADC SamplingTime fix with FW L0  is applicable
2025-09-24 10:37:22,376 [INFO] Rule:233 - rule ADC SamplingTime fix with FW L0  is applicable
2025-09-24 10:37:22,376 [INFO] Rule:233 - rule ADC SamplingTime fix with FW L0 is applicable
2025-09-24 10:37:22,376 [INFO] Rule:233 - rule ADC SamplingTime fix with FW L0 is applicable
2025-09-24 10:37:22,377 [INFO] Rule:233 - rule ADC SamplingTime fix with FW L0  is applicable
2025-09-24 10:37:22,377 [INFO] Rule:233 - rule ADC SamplingTime fix with FW L0 is applicable
2025-09-24 10:37:22,377 [INFO] Rule:233 - rule Rename USB_OE Signal is applicable
2025-09-24 10:37:22,377 [INFO] Rule:233 - rule Rename Activate_OE Mode is applicable
2025-09-24 10:37:22,377 [INFO] Rule:233 - rule Rename DIE462/DIE415 pin PC14/OSC32_IN -> PC14-OSC32_IN (PC14) is applicable
2025-09-24 10:37:22,377 [INFO] Rule:233 - rule Rename DIE462/DIE415 pin PC15/OSC32_OUT -> PC15-OSC32_OUT (PC15) is applicable
2025-09-24 10:37:22,377 [INFO] Rule:233 - rule Rename DIE462/DIE415 pin PH0/OSC_IN -> PH0-OSC_IN (PH0) is applicable
2025-09-24 10:37:22,378 [INFO] Rule:233 - rule Rename DIE462/DIE415 pin PH1/OSC_OUT -> PH1-OSC_OUT (PH1) is applicable
2025-09-24 10:37:22,378 [INFO] Rule:233 - rule Rename DIE462 pin PA13 -> PA13 (JTMS/SWDIO) is applicable
2025-09-24 10:37:22,378 [INFO] Rule:233 - rule Rename DIE415 pin PA13 -> PA13 (JTMS/SWDIO) is applicable
2025-09-24 10:37:22,378 [INFO] Rule:233 - rule Rename DIE462 pin PA14 -> PA14 (JTCK/SWCLK) is applicable
2025-09-24 10:37:22,378 [INFO] Rule:233 - rule Rename DIE415 pin PA14 -> PA14 (JTCK/SWCLK) is applicable
2025-09-24 10:37:22,379 [INFO] Rule:233 - rule Rename DIE462/DIE415 pin PA15 -> PA15 (JTDI) is applicable
2025-09-24 10:37:22,379 [INFO] Rule:233 - rule Rename DIE462 pin PB3 -> PB3 (JTD0/TRACESWO) is applicable
2025-09-24 10:37:22,379 [INFO] Rule:233 - rule Rename DIE415 pin PB3 -> PB3 (JTD0-TRACESWO) is applicable
2025-09-24 10:37:22,379 [INFO] Rule:233 - rule Rename DIE462/DIE415 pin PB4 -> PB4 (NJTRST) is applicable
2025-09-24 10:37:22,379 [INFO] Rule:233 - rule Rename DIE462 pin PH3/BOOT0 -> PH3-BOOT0 (BOOT0) is applicable
2025-09-24 10:37:22,379 [INFO] Rule:233 - rule Rename CRYP DataEncryptionTypesList to Algorithm is applicable
2025-09-24 10:37:22,380 [INFO] Rule:233 - rule Rename AES DataEncryptionTypesList to Algorithm is applicable
2025-09-24 10:37:22,380 [INFO] Rule:233 - rule Rename TDESECB to CRYP_TDES_ECB is applicable
2025-09-24 10:37:22,380 [INFO] Rule:233 - rule Rename TDESCBC to CRYP_TDES_CBC is applicable
2025-09-24 10:37:22,380 [INFO] Rule:233 - rule Rename DESECB to CRYP_DES_ECB is applicable
2025-09-24 10:37:22,380 [INFO] Rule:233 - rule Rename DESCBC to CRYP_DES_CBC is applicable
2025-09-24 10:37:22,380 [INFO] Rule:233 - rule Rename AESECB to CRYP_AES_ECB is applicable
2025-09-24 10:37:22,380 [INFO] Rule:233 - rule Rename AESCBC to CRYP_AES_CBC is applicable
2025-09-24 10:37:22,380 [INFO] Rule:233 - rule Rename AESCTR to CRYP_AES_CTR is applicable
2025-09-24 10:37:22,381 [INFO] Rule:233 - rule Rename AESGCM to CRYP_AES_GCM is applicable
2025-09-24 10:37:22,381 [INFO] Rule:233 - rule Rename AESCCM to CRYP_AES_CCM is applicable
2025-09-24 10:37:22,381 [INFO] Rule:233 - rule Rename CAN TimeSeg1 to BS1 is applicable
2025-09-24 10:37:22,381 [INFO] Rule:233 - rule Rename CAN TimeSeg2 to BS2 is applicable
2025-09-24 10:37:22,381 [INFO] Rule:233 - rule Rename CAN SyncJumpWidth to SJW is applicable
2025-09-24 10:37:22,381 [INFO] Rule:233 - rule TimeTriggeredMode to TTCM is applicable
2025-09-24 10:37:22,381 [INFO] Rule:233 - rule Rename CAN AutoBusOff to ABOM is applicable
2025-09-24 10:37:22,381 [INFO] Rule:233 - rule Rename CAN AutoWakeUp to AWUM is applicable
2025-09-24 10:37:22,381 [INFO] Rule:233 - rule Rename CAN AutoRetransmission to NART is applicable
2025-09-24 10:37:22,381 [INFO] Rule:233 - rule Rename CAN ReceiveFifoLocked to RFLM is applicable
2025-09-24 10:37:22,381 [INFO] Rule:233 - rule Rename CAN TransmitFifoPriority to TXFP is applicable
2025-09-24 10:37:22,382 [INFO] Rule:233 - rule Rename HRTIMER HRTIM_OUTPUTFAULTLEVEL_HIGH in HRTIMER HRTIM_OUTPUTFAULTLEVEL_HIGHZ is applicable
2025-09-24 10:37:22,382 [INFO] Rule:233 - rule Rename TIMER TIM_CLEARINPUTSOURCE_OCREFCLR in  TIMER TIM_CLEARINPUTSOURCE_NONE for F7 family is applicable
2025-09-24 10:37:22,382 [INFO] Rule:233 - rule FDCAN_R1 - Rename FDCAN mode Master into Classic is applicable
2025-09-24 10:37:22,382 [INFO] Rule:233 - rule FDCAN_R2 - Rename FDCAN mode Slave into Classic is applicable
2025-09-24 10:37:22,382 [INFO] Rule:233 - rule FDCAN1_R3 - if PA10.Mode=FullDuplex, add Pin PA12 is applicable
2025-09-24 10:37:22,382 [INFO] Rule:233 - rule FDCAN1_R3 - if PA9.Mode=FullDuplex, add Pin PA11 is applicable
2025-09-24 10:37:22,382 [INFO] Rule:233 - rule FDCAN1_R3 - Alternatepin_1 - if PE1.Mode=FullDuplex, add Pin PB9 is applicable
2025-09-24 10:37:22,382 [INFO] Rule:233 - rule FDCAN1_R3 - Alternatepin_1 - if PE0.Mode=FullDuplex, add Pin PB8 is applicable
2025-09-24 10:37:22,383 [INFO] Rule:233 - rule FDCAN1_R3 - Alternatepin_2 - if PD5.Mode=FullDuplex, add Pin PD1 is applicable
2025-09-24 10:37:22,383 [INFO] Rule:233 - rule FDCAN1_R3 - Alternatepin_2 - if PD4.Mode=FullDuplex, add Pin PD0 is applicable
2025-09-24 10:37:22,383 [INFO] Rule:233 - rule FDCAN1_R4 - Rename Mode FullDuplex into Enable FDCAN_TXFD for pin PA10 is applicable
2025-09-24 10:37:22,383 [INFO] Rule:233 - rule FDCAN1_R4 - Rename Mode FullDuplex into Enable FDCAN_TXFD for pin PA9 is applicable
2025-09-24 10:37:22,383 [INFO] Rule:233 - rule FDCAN1_R4 - Alternatepin_1 - Rename Mode FullDuplex into Enable FDCAN_TXFD for pin PE1 is applicable
2025-09-24 10:37:22,384 [INFO] Rule:233 - rule FDCAN1_R4 - Alternatepin_1 - Rename Mode FullDuplex into Enable FDCAN_TXFD for pin PE0 is applicable
2025-09-24 10:37:22,384 [INFO] Rule:233 - rule FDCAN1_R4 - Alternatepin_2 - Rename Mode FullDuplex into Enable FDCAN_TXFD for pin PD5 is applicable
2025-09-24 10:37:22,384 [INFO] Rule:233 - rule FDCAN1_R4 - Alternatepin_2 - Rename Mode FullDuplex into Enable FDCAN_TXFD for pin PD4 is applicable
2025-09-24 10:37:22,384 [INFO] Rule:233 - rule FDCAN2_R3 - if PD10.Mode=FullDuplex, add Pin PB13 is applicable
2025-09-24 10:37:22,384 [INFO] Rule:233 - rule FDCAN2_R3 - if PD9.Mode=FullDuplex, add Pin PB12 is applicable
2025-09-24 10:37:22,384 [INFO] Rule:233 - rule FDCAN2_R3 - Alternatepin_1 - if PB7.Mode=FullDuplex, add Pin PB6 is applicable
2025-09-24 10:37:22,384 [INFO] Rule:233 - rule FDCAN2_R3 - Alternatepin_1 - if PD9.Mode=FullDuplex, add Pin PB12 is applicable
2025-09-24 10:37:22,384 [INFO] Rule:233 - rule FDCAN2_R4 - Rename Mode FullDuplex into Enable FDCAN_TXFD for pin PD10 is applicable
2025-09-24 10:37:22,384 [INFO] Rule:233 - rule FDCAN2_R4 - Rename Mode FullDuplex into Enable FDCAN_TXFD for pin PD9 is applicable
2025-09-24 10:37:22,385 [INFO] Rule:233 - rule FDCAN2_R4 - Alternatepin_1 - Rename Mode FullDuplex into Enable FDCAN_TXFD for pin PB7 is applicable
2025-09-24 10:37:22,385 [INFO] Rule:233 - rule FDCAN2_R4 - Alternatepin_1 - Rename Mode FullDuplex into Enable FDCAN_TXFD for pin PD6 is applicable
2025-09-24 10:37:22,385 [INFO] Rule:233 - rule USART TxPinLevelInvertParam Mode is applicable
2025-09-24 10:37:22,385 [INFO] Rule:233 - rule USART RxPinLevelInvertParam Mode is applicable
2025-09-24 10:37:22,385 [INFO] Rule:233 - rule USART DataInvertParam Mode is applicable
2025-09-24 10:37:22,385 [INFO] Rule:233 - rule USART SwapParam Mode is applicable
2025-09-24 10:37:22,385 [INFO] Rule:233 - rule USART OverrunDisableParam Mode is applicable
2025-09-24 10:37:22,385 [INFO] Rule:233 - rule USART DMADisableonRxErrorParam Mode is applicable
2025-09-24 10:37:22,385 [INFO] Rule:233 - rule USART MSBFirstParam Mode is applicable
2025-09-24 10:37:22,385 [INFO] Rule:233 - rule Update MwName for USB_DEVICE is applicable
2025-09-24 10:37:22,386 [INFO] Rule:233 - rule Change PWR_Regulator_Voltage_Scale Default Value for RCC  H7 family is applicable
2025-09-24 10:37:22,386 [INFO] Rule:233 - rule UART/USART IPParameter rename Prescaler parameter to ClockPrescaler is applicable
2025-09-24 10:37:22,386 [INFO] Rule:233 - rule UART/USART Prescaler rename Prescaler parameter to ClockPrescaler is applicable
2025-09-24 10:37:22,387 [INFO] Rule:233 - rule TIM1CLockSelection is applicable
2025-09-24 10:37:22,387 [INFO] Rule:233 - rule TIM15CLockSelection is applicable
2025-09-24 10:37:22,387 [INFO] Rule:233 - rule align RCC SDMMC3CLockSelection default value on MP1 is applicable
2025-09-24 10:37:22,387 [INFO] Rule:233 - rule align RCC SDMMC12CLockSelection default value on MP1 is applicable
2025-09-24 10:37:22,387 [INFO] Rule:233 - rule align RCC QSPICLockSelection default value on MP1 is applicable
2025-09-24 10:37:22,387 [INFO] Rule:233 - rule align RCC QSPICLockSelection default value on MP1 is applicable
2025-09-24 10:37:22,388 [INFO] Rule:233 - rule align RCC SPI6CLockSelection default value on MP1 is applicable
2025-09-24 10:37:22,388 [INFO] Rule:233 - rule align RCC LPTIM23CLockSelection default value on MP1 is applicable
2025-09-24 10:37:22,389 [INFO] Rule:233 - rule align RCC LPTIM1CLockSelection default value on MP1 is applicable
2025-09-24 10:37:22,390 [INFO] Rule:233 - rule align RCC USART1CLockSelection default value on MP1 is applicable
2025-09-24 10:37:22,390 [INFO] Rule:233 - rule align RCC USART24CLockSelection default value on MP1 is applicable
2025-09-24 10:37:22,390 [INFO] Rule:233 - rule align RCC USART6CLockSelection default value on MP1 is applicable
2025-09-24 10:37:22,390 [INFO] Rule:233 - rule align RCC UART78CLockSelection default value on MP1 is applicable
2025-09-24 10:37:22,391 [INFO] Rule:233 - rule align RCC USART35CLockSelection default value on MP1 is applicable
2025-09-24 10:37:22,391 [INFO] Rule:233 - rule align RCC SPI45CLockSelection default value on MP1 is applicable
2025-09-24 10:37:22,391 [INFO] Rule:233 - rule align RCC I2C46CLockSelection BCLK value on MP1 is applicable
2025-09-24 10:37:22,391 [INFO] Rule:233 - rule align RCC SPI45CLockSelection default value on MP1 is applicable
2025-09-24 10:37:22,391 [INFO] Rule:233 - rule align RCC I2C12CLockSelection default value on MP1 is applicable
2025-09-24 10:37:22,391 [INFO] Rule:233 - rule align RCC I2C35CLockSelection default value on MP1 is applicable
2025-09-24 10:37:22,391 [INFO] Rule:233 - rule align RCC LPTIM45CLockSelection default value on MP1 is applicable
2025-09-24 10:37:22,391 [INFO] Rule:233 - rule Rename DCMI PIXCK signal is applicable
2025-09-24 10:37:22,392 [INFO] Rule:233 - rule Change Default Value for I2C46CLockSelection MP1 family is applicable
2025-09-24 10:37:22,392 [INFO] Rule:233 - rule Change Default Value for UART for G4, G0 and WB families is applicable
2025-09-24 10:37:22,392 [INFO] Rule:233 - rule Change Default Value for USART for G4, G0 and WB families is applicable
2025-09-24 10:37:22,392 [INFO] Rule:233 - rule Change Default Value for USART for G4 family is applicable
2025-09-24 10:37:22,392 [INFO] Rule:233 - rule Change USART1CLockSelection refparam name for MP1 is applicable
2025-09-24 10:37:22,392 [INFO] Rule:233 - rule Change USART2CLockSelection refparam name for MP1 is applicable
2025-09-24 10:37:22,392 [INFO] Rule:233 - rule Change USART3CLockSelection refparam name for MP1 is applicable
2025-09-24 10:37:22,393 [INFO] Rule:233 - rule Change UART4CLockSelection refparam name for MP1 is applicable
2025-09-24 10:37:22,393 [INFO] Rule:233 - rule Change UART5CLockSelection refparam name for MP1 is applicable
2025-09-24 10:37:22,393 [INFO] Rule:233 - rule Change LPUART1CLockSelection refparam name for MP1 is applicable
2025-09-24 10:37:22,393 [INFO] Rule:233 - rule Change LPTIM1CLockSelection refparam name for MP1 is applicable
2025-09-24 10:37:22,393 [INFO] Rule:233 - rule Change LPTIM2CLockSelection refparam name for MP1 is applicable
2025-09-24 10:37:22,393 [INFO] Rule:233 - rule Change RCC_MCO1Source refparam name for MP1 is applicable
2025-09-24 10:37:22,393 [INFO] Rule:233 - rule Change LSCOSource1 refparam name for MP1 is applicable
2025-09-24 10:37:22,393 [INFO] Rule:233 - rule Change SMPSCLockSelection refparam name for MP1 is applicable
2025-09-24 10:37:22,394 [INFO] Rule:233 - rule Change LPTIM3CLockSelection refparam name for MP1 is applicable
2025-09-24 10:37:22,394 [INFO] Rule:233 - rule Change MPCBB* Default Template Mode to Parameters is applicable
2025-09-24 10:37:22,394 [INFO] Rule:233 - rule Change MPCWM* or MPCBB* Secure Mode to Parameters is applicable
2025-09-24 10:37:22,394 [INFO] Rule:233 - rule Change MPCWM* or MPCBB* No Secure Mode to Parameters is applicable
2025-09-24 10:37:22,394 [INFO] Rule:233 - rule Change TZSC IP Secure Mode to Parameters is applicable
2025-09-24 10:37:22,394 [INFO] Rule:233 - rule Change TZSC IP No Secure Mode to Parameters is applicable
2025-09-24 10:37:22,395 [INFO] Rule:233 - rule Change TZSC IP Privilege Mode to Parameters is applicable
2025-09-24 10:37:22,395 [INFO] Rule:233 - rule Change TZSC IP No Privilege Mode to Parameters is applicable
2025-09-24 10:37:22,395 [INFO] Rule:233 - rule Change TZIC IT Secure Mode to Parameters is applicable
2025-09-24 10:37:22,395 [INFO] Rule:233 - rule Change TZIC IT No Secure Mode to Parameters is applicable
2025-09-24 10:37:22,395 [INFO] Rule:233 - rule Add MPCBB1_NonSecureArea_Start_Address value with referenced to MPCBB1_NonSecureArea_Start value is applicable
2025-09-24 10:37:22,395 [INFO] Rule:233 - rule Add MPCBB2_NonSecureArea_Start_Address value with referenced to MPCBB2_NonSecureArea_Start value is applicable
2025-09-24 10:37:22,395 [INFO] Rule:233 - rule Add MPCWM1_NonSecureArea*_Start_Address value with referenced to MPCWM1_NonSecureArea*_Start value is applicable
2025-09-24 10:37:22,395 [INFO] Rule:233 - rule Add MPCWM2_NonSecureArea*_Start_Address value with referenced to MPCWM2_NonSecureArea*_Start value is applicable
2025-09-24 10:37:22,395 [INFO] Rule:233 - rule Add MPCWM3_NonSecureArea_Start_Address value with referenced to MPCWM3_NonSecureArea_Start value is applicable
2025-09-24 10:37:22,395 [INFO] Rule:233 - rule Change Default Value for PLL1UserDefinedConfig is applicable
2025-09-24 10:37:22,395 [INFO] Rule:233 - rule Change GPIO_PuPd Default Value for USART in async mode is applicable
2025-09-24 10:37:22,396 [INFO] Rule:233 - rule Change SMPSDivider Default Value is applicable
2025-09-24 10:37:22,396 [INFO] Rule:233 - rule OPAMP is applicable
2025-09-24 10:37:22,396 [INFO] Rule:233 - rule LPUART IPParameter rename Prescaler parameter to ClockPrescaler for STM32H7 is applicable
2025-09-24 10:37:22,397 [INFO] Rule:233 - rule LPUART IPParameter rename Prescaler parameter to ClockPrescaler for STM32H7 is applicable
2025-09-24 10:37:22,397 [INFO] Rule:233 - rule LPUART IPParameter rename Prescaler parameter to ClockPrescaler for STM32WB is applicable
2025-09-24 10:37:22,397 [INFO] Rule:233 - rule LPUART IPParameter rename Prescaler parameter to ClockPrescaler for STM32WB is applicable
2025-09-24 10:37:22,397 [INFO] Rule:233 - rule LPUART IPParameter rename Prescaler parameter to ClockPrescaler for STM32G4 is applicable
2025-09-24 10:37:22,397 [INFO] Rule:233 - rule LPUART IPParameter rename Prescaler parameter to ClockPrescaler for STM32G4 is applicable
2025-09-24 10:37:22,397 [INFO] Rule:233 - rule LPUART IPParameter rename Prescaler parameter to ClockPrescaler for STM32L5 is applicable
2025-09-24 10:37:22,398 [INFO] Rule:233 - rule LPUART IPParameter rename Prescaler parameter to ClockPrescaler for STM32L5 is applicable
2025-09-24 10:37:22,398 [INFO] Rule:233 - rule LPUART IPParameter rename Prescaler parameter to ClockPrescaler for STM32G4 is applicable
2025-09-24 10:37:22,398 [INFO] Rule:233 - rule LPUART IPParameter rename Prescaler parameter to ClockPrescaler for STM32G4 is applicable
2025-09-24 10:37:22,398 [INFO] Rule:233 - rule USB device lib V2.5.3 for L0 rename USBD_SUPPORT_USER_STRING parameter to USBD_SUPPORT_USER_STRING_DESC4 is applicable
2025-09-24 10:37:22,398 [INFO] Rule:233 - rule I2SCLockSelection clock entry align is applicable
2025-09-24 10:37:22,398 [INFO] Rule:233 - rule Assign TIMx context if used as SYS timebase is applicable
2025-09-24 10:37:22,398 [INFO] Rule:233 - rule Change GPIO_Pu Default Value for I2C is applicable
2025-09-24 10:37:22,398 [INFO] Rule:233 - rule Change GPIO_Pu Default Value for SMBus is applicable
2025-09-24 10:37:22,399 [INFO] Rule:233 - rule change FDCAN default value is applicable
2025-09-24 10:37:22,399 [INFO] Rule:233 - rule Change mode sai is applicable
2025-09-24 10:37:22,399 [INFO] Rule:233 - rule **Change sai mode is applicable
2025-09-24 10:37:22,399 [INFO] Rule:233 - rule Rename STM32WPAN CFG_BLE_IRK to CFG_BLE_IR is applicable
2025-09-24 10:37:22,399 [INFO] Rule:233 - rule Rename STM32WPAN CFG_BLE_ERK to CFG_BLE_ER is applicable
2025-09-24 10:37:22,399 [INFO] Rule:233 - rule Rename STM32WPAN CFG_BLE_IRK_HEX to CFG_BLE_IR_HEX is applicable
2025-09-24 10:37:22,399 [INFO] Rule:233 - rule Rename STM32WPAN CFG_BLE_ERK_HEX to CFG_BLE_ER_HEX is applicable
2025-09-24 10:37:22,400 [INFO] Rule:233 - rule Adapt Old IOC before rework replace old CORTEX_M33/CORTEX_M55 attributes by the new one. is applicable
2025-09-24 10:37:22,400 [INFO] Rule:233 - rule Rename parametre of RCC RCC_APBDBG_DIV2 to RCC_TIMPRES_DIV2 is applicable
2025-09-24 10:37:22,400 [INFO] Rule:233 - rule Rename DIE493 pin PA10 [PA12] -> PA10 is applicable
2025-09-24 10:37:22,400 [INFO] Rule:233 - rule Rename DIE493 pin PA9 [PA11] -> PA9 is applicable
2025-09-24 10:37:22,401 [INFO] Rule:233 - rule Rename DIE492 PartNumber CPN STM32WBA5MJGHx -> STM32WBA5MMGHx is applicable
2025-09-24 10:37:22,401 [INFO] Rule:233 - rule Rename DIE492 PartNumber  Name STM32WBA5MJGHx -> STM32WBA5MMGHx is applicable
2025-09-24 10:37:22,401 [INFO] Rule:233 - rule Rename DIE492 PartNumber UserName STM32WBA5MJGHx -> STM32WBA5MMGHx is applicable
2025-09-24 10:37:22,401 [INFO] Rule:233 - rule Rename DIE492 PartNumber DeviceId STM32WBA5MJGHx -> STM32WBA5MMGHx is applicable
2025-09-24 10:37:22,401 [INFO] Rule:233 - rule Adapt Old IOC CSI. is applicable
2025-09-24 10:37:22,401 [INFO] Rule:233 - rule Adapt Old IOC DCMIPP. is applicable
2025-09-24 10:37:22,402 [INFO] Rule:233 - rule Adapt Old IOC DCMIPP Mode Parallel. is applicable
2025-09-24 10:37:22,402 [INFO] Rule:233 - rule Adapt Old IOC LTDC. is applicable
2025-09-24 10:37:22,402 [INFO] Rule:233 - rule Rename STM32MP2 RIF Peripheral LTDC RIF.RISUP.LTDC_L0L1.Privilege -> RIF.RISUP.LTDC_L1L2.Privilege is applicable
2025-09-24 10:37:22,402 [INFO] Rule:233 - rule Rename STM32MP2 RIF Peripheral LTDC RIF.RISUP.LTDC_L0L1.Privilege -> RIF.RISUP.LTDC_L1L2.Privilege is applicable
2025-09-24 10:37:22,402 [INFO] Rule:233 - rule Rename STM32MP2 RIF Peripheral LTDC RIF.RISUP.LTDC_L0L1.Lock -> RIF.RISUP.LTDC_L1L2.Lock is applicable
2025-09-24 10:37:22,402 [INFO] Rule:233 - rule Rename STM32MP2 RIF Peripheral LTDC RIF.RISUP.LTDC_L2.Lock -> RIF.RISUP.LTDC_L3.Lock is applicable
2025-09-24 10:37:22,402 [INFO] Rule:233 - rule Adapt the old IOC example for updating the SYS when it is misconfigured. is applicable
2025-09-24 10:37:22,402 [INFO] Rule:233 - rule Rename STM32C09 Mcu.Package LQFP64 -> LQFP48 is applicable
2025-09-24 10:37:22,403 [INFO] Rule:233 - rule Adapt the old IOC example for updating the SYS when it is misconfigured. is applicable
2025-09-24 10:37:22,403 [INFO] Rule:233 - rule Adapt the old IOC example for updating the SYS when it is misconfigured. is applicable
2025-09-24 10:37:22,510 [INFO] DbConfProperties:307 - Apply Compatibility (54/282 Rules)
2025-09-24 10:37:22,568 [INFO] ImportTextPane:234 - (OptionalMessage_ERROR) Unable to find key (Mcu.ThirdPartyNb) in loaded IOC file
2025-09-24 10:37:22,578 [INFO] ImportTextPane:234 - (OptionalMessage_ERROR) Pin35 (VP_RIF_VS_RIF1) cannot be retrieved for this MCU
2025-09-24 10:37:22,797 [INFO] RtosManager:558 - Registered RTOS mode: class=CMSIS, group=RTOS, mode=CMSIS_V1, owner=FREERTOS
2025-09-24 10:37:22,798 [INFO] RtosManager:558 - Registered RTOS mode: class=CMSIS, group=RTOS2, mode=CMSIS_V2, owner=FREERTOS
2025-09-24 10:37:22,798 [INFO] RtosManager:558 - Registered RTOS mode: class=RTOS, group=Core, mode=CMSIS_V1, owner=FREERTOS
2025-09-24 10:37:22,798 [INFO] RtosManager:558 - Registered RTOS mode: class=RTOS, group=Core, mode=CMSIS_V2, owner=FREERTOS
2025-09-24 10:37:22,798 [WARN] ModelIntegratedComponent:184 - Missing modes for component STMicroelectronics:FreeRTOS:0.0.1:STMicroelectronics:RTOS:FreeRTOS:Core:::10.2.0:
2025-09-24 10:37:22,856 [WARN] ModelIntegratedComponent:63 - No mode defined for component null
2025-09-24 10:37:22,856 [WARN] ModelIntegratedComponent:63 - No mode defined for component null
2025-09-24 10:37:22,856 [WARN] ModelIntegratedComponent:63 - No mode defined for component null
2025-09-24 10:37:22,856 [WARN] ModelIntegratedComponent:63 - No mode defined for component null
2025-09-24 10:37:22,856 [WARN] ModelIntegratedComponent:63 - No mode defined for component null
2025-09-24 10:37:22,857 [WARN] ModelIntegratedComponent:63 - No mode defined for component null
2025-09-24 10:37:22,857 [WARN] ModelIntegratedComponent:63 - No mode defined for component null
2025-09-24 10:37:22,857 [WARN] ModelIntegratedComponent:63 - No mode defined for component null
2025-09-24 10:37:22,857 [WARN] ModelIntegratedComponent:63 - No mode defined for component null
2025-09-24 10:37:22,857 [WARN] ModelIntegratedComponent:63 - No mode defined for component null
2025-09-24 10:37:22,857 [WARN] ModelIntegratedComponent:63 - No mode defined for component null
2025-09-24 10:37:22,857 [WARN] ModelIntegratedComponent:63 - No mode defined for component null
2025-09-24 10:37:22,858 [WARN] ModelIntegratedComponent:63 - No mode defined for component null
2025-09-24 10:37:22,858 [WARN] ModelIntegratedComponent:63 - No mode defined for component null
2025-09-24 10:37:22,858 [WARN] ModelIntegratedComponent:63 - No mode defined for component null
2025-09-24 10:37:22,858 [WARN] ModelIntegratedComponent:63 - No mode defined for component null
2025-09-24 10:37:22,858 [WARN] ModelIntegratedComponent:63 - No mode defined for component null
2025-09-24 10:37:22,858 [WARN] ModelIntegratedComponent:63 - No mode defined for component null
2025-09-24 10:37:22,858 [WARN] ModelIntegratedComponent:63 - No mode defined for component null
2025-09-24 10:37:22,859 [WARN] ModelIntegratedComponent:63 - No mode defined for component null
2025-09-24 10:37:22,859 [WARN] ModelIntegratedComponent:63 - No mode defined for component null
2025-09-24 10:37:22,859 [WARN] ModelIntegratedComponent:63 - No mode defined for component null
2025-09-24 10:37:22,859 [WARN] ModelIntegratedComponent:63 - No mode defined for component null
2025-09-24 10:37:22,859 [WARN] ModelIntegratedComponent:63 - No mode defined for component null
2025-09-24 10:37:22,859 [WARN] ModelIntegratedComponent:63 - No mode defined for component null
2025-09-24 10:37:22,859 [WARN] ModelIntegratedComponent:63 - No mode defined for component null
2025-09-24 10:37:22,860 [WARN] ModelIntegratedComponent:63 - No mode defined for component null
2025-09-24 10:37:22,860 [WARN] ModelIntegratedComponent:63 - No mode defined for component null
2025-09-24 10:37:22,860 [WARN] ModelIntegratedComponent:63 - No mode defined for component null
2025-09-24 10:37:22,860 [WARN] ModelIntegratedComponent:63 - No mode defined for component null
2025-09-24 10:37:22,860 [WARN] ModelIntegratedComponent:63 - No mode defined for component null
2025-09-24 10:37:22,860 [WARN] ModelIntegratedComponent:63 - No mode defined for component null
2025-09-24 10:37:22,860 [WARN] ModelIntegratedComponent:63 - No mode defined for component null
2025-09-24 10:37:22,860 [WARN] ModelIntegratedComponent:63 - No mode defined for component null
2025-09-24 10:37:22,860 [WARN] ModelIntegratedComponent:63 - No mode defined for component null
2025-09-24 10:37:22,861 [WARN] ModelPack:524 - Component already loaded: STMicroelectronics:HAL Drivers:0.0.0:STMicroelectronics:Device:STMicro_Driver:XSPI:HAL::0.0.1:HAL_XSPI
2025-09-24 10:37:22,949 [ERROR] LogOutputStream:75 - [STDERR_REDIRECT] [Fatal Error] :1:1: Premature end of file.
2025-09-24 10:37:22,949 [ERROR] LogOutputStream:75 - [STDERR_REDIRECT] 
2025-09-24 10:37:23,162 [INFO] ThirdPartyModel:298 - Start build external matchings
2025-09-24 10:37:23,911 [ERROR] LogOutputStream:75 - [STDERR_REDIRECT] [Fatal Error] :1:1: Premature end of file.
2025-09-24 10:37:23,912 [ERROR] LogOutputStream:75 - [STDERR_REDIRECT] 
2025-09-24 10:37:24,050 [INFO] ThirdPartyModel:316 - End build external matchings
2025-09-24 10:37:24,070 [INFO] ImportTextPane:234 - (OptionalMessage_ERROR) IP (RCC) : Parameter (RTCHSEDivFreq_Value) has invalid value (4000000)
2025-09-24 10:37:24,654 [INFO] UtilMem:75 - End LoadConfig() Used Memory: 612515296 Bytes (1001390080)
2025-09-24 10:37:24,952 [ERROR] LogOutputStream:75 - [STDERR_REDIRECT] [Fatal Error] :1:1: Premature end of file.
2025-09-24 10:37:24,953 [ERROR] LogOutputStream:75 - [STDERR_REDIRECT] 
2025-09-24 10:37:25,008 [WARN] ThirdParty:833 - waiting for thirdparty lock release [change project]
2025-09-24 10:37:25,008 [INFO] ThirdParty:835 - entering critical section [change project]
2025-09-24 10:37:25,008 [INFO] ThirdParty:1030 - CMSIS Pack Vendor :STMicroelectronics X-CUBE-PM33A1 1.0.0
2025-09-24 10:37:25,009 [INFO] ThirdParty:1030 - CMSIS Pack Vendor :STMicroelectronics USBPD 4.1
2025-09-24 10:37:25,009 [INFO] ThirdParty:1030 - CMSIS Pack Vendor :STMicroelectronics X-CUBE-NFC9 1.0.0
2025-09-24 10:37:25,009 [INFO] ThirdParty:1030 - CMSIS Pack Vendor :STMicroelectronics USB_HOST 2.0.0
2025-09-24 10:37:25,009 [INFO] ThirdParty:1030 - CMSIS Pack Vendor :STMicroelectronics FP-SNS-MOTENVWB1 1.4.0
2025-09-24 10:37:25,009 [INFO] ThirdParty:1030 - CMSIS Pack Vendor :STMicroelectronics X-CUBE-AZRTOS-F4 1.1.0
2025-09-24 10:37:25,009 [INFO] ThirdParty:1030 - CMSIS Pack Vendor :STMicroelectronics LIBJPEG 8.0.0
2025-09-24 10:37:25,009 [INFO] ThirdParty:1030 - CMSIS Pack Vendor :STMicroelectronics FP-ATR-ASTRA1 2.0.2
2025-09-24 10:37:25,009 [INFO] ThirdParty:1030 - CMSIS Pack Vendor :wolfSSL I-CUBE-wolfSSL 5.8.2
2025-09-24 10:37:25,009 [INFO] ThirdParty:1030 - CMSIS Pack Vendor :STMicroelectronics X-CUBE-BLE1 7.1.0
2025-09-24 10:37:25,009 [INFO] ThirdParty:1030 - CMSIS Pack Vendor :STMicroelectronics X-CUBE-SMBUS 2.1.0
2025-09-24 10:37:25,010 [INFO] ThirdParty:1030 - CMSIS Pack Vendor :wolfSSL I-CUBE-wolfMQTT 1.19.2
2025-09-24 10:37:25,010 [INFO] ThirdParty:1030 - CMSIS Pack Vendor :STMicroelectronics USB_DEVICE 3.0.0
2025-09-24 10:37:25,010 [INFO] ThirdParty:1030 - CMSIS Pack Vendor :STMicroelectronics X-CUBE-ISPU 2.1.0
2025-09-24 10:37:25,010 [INFO] ThirdParty:1030 - CMSIS Pack Vendor :STMicroelectronics X-CUBE-EEPRMA1 5.2.0
2025-09-24 10:37:25,010 [INFO] ThirdParty:1030 - CMSIS Pack Vendor :STMicroelectronics X-CUBE-BLEMGR 4.1.0
2025-09-24 10:37:25,010 [INFO] ThirdParty:1030 - CMSIS Pack Vendor :STMicroelectronics X-CUBE-AZRTOS-WB 2.0.0
2025-09-24 10:37:25,010 [INFO] ThirdParty:1030 - CMSIS Pack Vendor :STMicroelectronics X-CUBE-ST60 1.0.0
2025-09-24 10:37:25,010 [INFO] ThirdParty:1030 - CMSIS Pack Vendor :STMicroelectronics X-CUBE-GNSS1 7.0.1
2025-09-24 10:37:25,010 [INFO] ThirdParty:1030 - CMSIS Pack Vendor :STMicroelectronics X-CUBE-NFC12 1.0.0
2025-09-24 10:37:25,010 [INFO] ThirdParty:1030 - CMSIS Pack Vendor :STMicroelectronics X-CUBE-AZRTOS-F7 1.1.0
2025-09-24 10:37:25,011 [INFO] ThirdParty:1030 - CMSIS Pack Vendor :STMicroelectronics X-CUBE-AZRTOS-L5 2.0.0
2025-09-24 10:37:25,011 [INFO] ThirdParty:1030 - CMSIS Pack Vendor :STMicroelectronics X-CUBE-TOUCHGFX 4.25.0
2025-09-24 10:37:25,011 [INFO] ThirdParty:1030 - CMSIS Pack Vendor :STMicroelectronics USB_DEVICE 2.0.0
2025-09-24 10:37:25,011 [INFO] ThirdParty:1030 - CMSIS Pack Vendor :STMicroelectronics X-CUBE-NFC6 3.1.0
2025-09-24 10:37:25,011 [INFO] ThirdParty:1030 - CMSIS Pack Vendor :quantropi X-CUBE-qispace-sdk-base 2.1.0
2025-09-24 10:37:25,011 [INFO] ThirdParty:1030 - CMSIS Pack Vendor :STMicroelectronics FreeRTOS 0.0.1
2025-09-24 10:37:25,011 [INFO] ThirdParty:1030 - CMSIS Pack Vendor :STMicroelectronics X-CUBE-AZRTOS-G0 1.1.0
2025-09-24 10:37:25,011 [INFO] ThirdParty:1030 - CMSIS Pack Vendor :STMicroelectronics X-CUBE-SAFEA1 1.2.2
2025-09-24 10:37:25,011 [INFO] ThirdParty:1030 - CMSIS Pack Vendor :STMicroelectronics X-CUBE-NFC4 3.0.0
2025-09-24 10:37:25,011 [INFO] ThirdParty:1030 - CMSIS Pack Vendor :STMicroelectronics X-CUBE-SUBG2 5.0.0
2025-09-24 10:37:25,012 [INFO] ThirdParty:1030 - CMSIS Pack Vendor :STMicroelectronics X-CUBE-AZRTOS-H7RS 1.1.0
2025-09-24 10:37:25,012 [INFO] ThirdParty:1030 - CMSIS Pack Vendor :STMicroelectronics STM32_WPAN 1.0.0
2025-09-24 10:37:25,012 [INFO] ThirdParty:1030 - CMSIS Pack Vendor :EmbeddedOffice I-CUBE-FS-RTOS 1.0.1
2025-09-24 10:37:25,012 [INFO] ThirdParty:1030 - CMSIS Pack Vendor :STMicroelectronics lwIP 2.0.3
2025-09-24 10:37:25,012 [INFO] ThirdParty:1030 - CMSIS Pack Vendor :Cesanta I-CUBE-Mongoose 7.13.0
2025-09-24 10:37:25,012 [INFO] ThirdParty:1030 - CMSIS Pack Vendor :STMicroelectronics USB_HOST 1.0.0
2025-09-24 10:37:25,012 [INFO] ThirdParty:1030 - CMSIS Pack Vendor :Infineon AIROC-Wi-Fi-Bluetooth-STM32 1.7.1
2025-09-24 10:37:25,012 [INFO] ThirdParty:1030 - CMSIS Pack Vendor :STMicroelectronics X-CUBE-AZRTOS-G4 2.0.0
2025-09-24 10:37:25,012 [INFO] ThirdParty:1030 - CMSIS Pack Vendor :STMicroelectronics X-CUBE-WB05N 2.0.0
2025-09-24 10:37:25,013 [INFO] ThirdParty:1030 - CMSIS Pack Vendor :STMicroelectronics PDM2PCM 3.1.0
2025-09-24 10:37:25,013 [INFO] ThirdParty:1030 - CMSIS Pack Vendor :STMicroelectronics PDM2PCM 3.3.0
2025-09-24 10:37:25,013 [INFO] ThirdParty:1030 - CMSIS Pack Vendor :wolfSSL I-CUBE-wolfTPM 3.8.0
2025-09-24 10:37:25,013 [INFO] ThirdParty:1030 - CMSIS Pack Vendor :STMicroelectronics X-CUBE-AZRTOS-H7 3.4.0
2025-09-24 10:37:25,013 [INFO] ThirdParty:1030 - CMSIS Pack Vendor :STMicroelectronics X-CUBE-DISPLAY 3.0.0
2025-09-24 10:37:25,013 [INFO] ThirdParty:1030 - CMSIS Pack Vendor :wolfSSL I-CUBE-wolfSSH 1.4.20
2025-09-24 10:37:25,013 [INFO] ThirdParty:1030 - CMSIS Pack Vendor :STMicroelectronics X-CUBE-NFC7 2.0.0
2025-09-24 10:37:25,013 [INFO] ThirdParty:1030 - CMSIS Pack Vendor :STMicroelectronics X-CUBE-TCPP 4.2.0
2025-09-24 10:37:25,013 [INFO] ThirdParty:1030 - CMSIS Pack Vendor :RealThread X-CUBE-RT-Thread_Nano 4.1.1
2025-09-24 10:37:25,014 [INFO] ThirdParty:1030 - CMSIS Pack Vendor :STMicroelectronics FP-ATR-SIGFOX1 3.2.0
2025-09-24 10:37:25,014 [INFO] ThirdParty:1030 - CMSIS Pack Vendor :STMicroelectronics X-CUBE-NFC10 1.0.0
2025-09-24 10:37:25,014 [INFO] ThirdParty:1030 - CMSIS Pack Vendor :STMicroelectronics X-CUBE-FREERTOS 1.3.1
2025-09-24 10:37:25,014 [INFO] ThirdParty:1030 - CMSIS Pack Vendor :STMicroelectronics HAL Drivers 0.0.0
2025-09-24 10:37:25,014 [INFO] ThirdParty:1030 - CMSIS Pack Vendor :STMicroelectronics MBEDTLS 2.16.2
2025-09-24 10:37:25,014 [INFO] ThirdParty:1030 - CMSIS Pack Vendor :STMicroelectronics X-CUBE-IPS 3.1.0
2025-09-24 10:37:25,014 [INFO] ThirdParty:1030 - CMSIS Pack Vendor :STMicroelectronics X-CUBE-ALS 1.0.2
2025-09-24 10:37:25,014 [INFO] ThirdParty:1030 - CMSIS Pack Vendor :emotas I-CUBE-CANOPEN 1.3.0
2025-09-24 10:37:25,014 [INFO] ThirdParty:1030 - CMSIS Pack Vendor :STMicroelectronics MBEDTLS 2.14.1
2025-09-24 10:37:25,014 [INFO] ThirdParty:1030 - CMSIS Pack Vendor :ITTIA_DB I-CUBE-ITTIADB 8.9.0
2025-09-24 10:37:25,014 [INFO] ThirdParty:1030 - CMSIS Pack Vendor :STMicroelectronics X-CUBE-STSE01 1.0.0
2025-09-24 10:37:25,014 [INFO] ThirdParty:1030 - CMSIS Pack Vendor :portGmbH I-Cube-SoM-uGOAL 1.1.0
2025-09-24 10:37:25,015 [INFO] ThirdParty:1030 - CMSIS Pack Vendor :STMicroelectronics X-CUBE-ST67W61 1.0.0
2025-09-24 10:37:25,015 [INFO] ThirdParty:1030 - CMSIS Pack Vendor :STMicroelectronics FP-SNS-STBOX1 2.1.0
2025-09-24 10:37:25,015 [INFO] ThirdParty:1030 - CMSIS Pack Vendor :STMicroelectronics X-CUBE-AI 10.2.0
2025-09-24 10:37:25,015 [INFO] ThirdParty:1030 - CMSIS Pack Vendor :STMicroelectronics FP-SNS-STAIOTCFT 1.0.0
2025-09-24 10:37:25,015 [INFO] ThirdParty:1030 - CMSIS Pack Vendor :STMicroelectronics ThreadX 1.0.0
2025-09-24 10:37:25,015 [INFO] ThirdParty:1030 - CMSIS Pack Vendor :STMicroelectronics FP-SNS-SMARTAG2 1.2.0
2025-09-24 10:37:25,015 [INFO] ThirdParty:1030 - CMSIS Pack Vendor :STMicroelectronics FP-SNS-FLIGHT1 5.1.0
2025-09-24 10:37:25,015 [INFO] ThirdParty:1030 - CMSIS Pack Vendor :STMicroelectronics X-CUBE-AZRTOS-WL 2.0.0
2025-09-24 10:37:25,015 [INFO] ThirdParty:1030 - CMSIS Pack Vendor :SEGGER I-CUBE-embOS 1.3.1
2025-09-24 10:37:25,015 [INFO] ThirdParty:1030 - CMSIS Pack Vendor :STMicroelectronics X-CUBE-ALGOBUILD 1.4.0
2025-09-24 10:37:25,015 [INFO] ThirdParty:1030 - CMSIS Pack Vendor :STMicroelectronics X-CUBE-DPower 1.3.0
2025-09-24 10:37:25,015 [INFO] ThirdParty:1030 - CMSIS Pack Vendor :STMicroelectronics X-CUBE-MEMS1 11.3.0
2025-09-24 10:37:25,015 [INFO] ThirdParty:1030 - CMSIS Pack Vendor :STMicroelectronics FP-SNS-MOTENV1 5.0.0
2025-09-24 10:37:25,015 [INFO] ThirdParty:1030 - CMSIS Pack Vendor :STMicroelectronics USB_DEVICE 1.0.0
2025-09-24 10:37:25,015 [INFO] ThirdParty:1030 - CMSIS Pack Vendor :STMicroelectronics X-CUBE-AZRTOS-L4 2.0.0
2025-09-24 10:37:25,015 [INFO] ThirdParty:1030 - CMSIS Pack Vendor :STMicroelectronics ThreadX 0.0.2
2025-09-24 10:37:25,015 [INFO] ThirdParty:1030 - CMSIS Pack Vendor :WES I-CUBE-Cesium 1.3.0
2025-09-24 10:37:25,016 [INFO] ThirdParty:1030 - CMSIS Pack Vendor :STMicroelectronics lwIP 2.1.2
2025-09-24 10:37:25,016 [INFO] ThirdParty:1030 - CMSIS Pack Vendor :STMicroelectronics X-CUBE-SFXS2LP1 4.0.0
2025-09-24 10:37:25,016 [INFO] ThirdParty:1030 - CMSIS Pack Vendor :STMicroelectronics X-CUBE-BLE2 3.3.0
2025-09-24 10:37:25,016 [INFO] ThirdParty:1030 - CMSIS Pack Vendor :STMicroelectronics X-CUBE-TOF1 3.4.3
2025-09-24 10:37:25,016 [INFO] ThirdParty:1030 - CMSIS Pack Vendor :STMicroelectronics PDM2PCM 3.2.0
2025-09-24 10:37:25,017 [INFO] ThirdParty:841 - exiting critical section [change project]
2025-09-24 10:37:25,827 [INFO] PinOutPanel:1589 - setPackage(No Configuration,No Configuration)
2025-09-24 10:37:25,831 [INFO] PinOutPanel:1589 - setPackage(STM32F407VGTx,LQFP100)
2025-09-24 10:37:25,929 [ERROR] LogOutputStream:75 - [STDERR_REDIRECT] [Fatal Error] :1:1: Premature end of file.
2025-09-24 10:37:25,930 [ERROR] LogOutputStream:75 - [STDERR_REDIRECT] 
2025-09-24 10:37:26,862 [INFO] UtilMem:75 - Before build in PCC Used Memory: 684172352 Bytes (1055916032)
2025-09-24 10:37:26,935 [ERROR] LogOutputStream:75 - [STDERR_REDIRECT] [Fatal Error] :1:1: Premature end of file.
2025-09-24 10:37:26,936 [ERROR] LogOutputStream:75 - [STDERR_REDIRECT] 
2025-09-24 10:37:27,932 [ERROR] LogOutputStream:75 - [STDERR_REDIRECT] [Fatal Error] :1:1: Premature end of file.
2025-09-24 10:37:27,934 [ERROR] LogOutputStream:75 - [STDERR_REDIRECT] 
2025-09-24 10:37:28,656 [INFO] UtilMem:75 - After build in PCC Used Memory: 907519040 Bytes (1055916032)
2025-09-24 10:37:28,926 [ERROR] LogOutputStream:75 - [STDERR_REDIRECT] [Fatal Error] :1:1: Premature end of file.
2025-09-24 10:37:28,928 [ERROR] LogOutputStream:75 - [STDERR_REDIRECT] 
2025-09-24 10:37:29,097 [INFO] ApiDbMcu:532 - Load IP Config File for USB_HOST
2025-09-24 10:37:29,101 [WARN] BspModel:444 - BSP dependency skipped because of component: name='IOExpander', api='Unknown'
2025-09-24 10:37:29,238 [INFO] IPUIPlugin:80 - create IPUIPlugin
2025-09-24 10:37:29,238 [INFO] IPUIPlugin:80 - create IPUIPlugin
2025-09-24 10:37:29,238 [INFO] IPUIPlugin:80 - create IPUIPlugin
2025-09-24 10:37:29,238 [INFO] IPUIPlugin:80 - create IPUIPlugin
2025-09-24 10:37:29,238 [INFO] IPUIPlugin:80 - create IPUIPlugin
2025-09-24 10:37:29,239 [INFO] IPUIPlugin:80 - create IPUIPlugin
2025-09-24 10:37:29,239 [INFO] IPUIPlugin:80 - create IPUIPlugin
2025-09-24 10:37:29,239 [INFO] IPUIPlugin:80 - create IPUIPlugin
2025-09-24 10:37:29,239 [INFO] IPUIPlugin:80 - create IPUIPlugin
2025-09-24 10:37:29,239 [INFO] IPUIPlugin:80 - create IPUIPlugin
2025-09-24 10:37:29,240 [INFO] IPUIPlugin:80 - create IPUIPlugin
2025-09-24 10:37:29,240 [INFO] IPUIPlugin:80 - create IPUIPlugin
2025-09-24 10:37:29,240 [INFO] IPUIPlugin:80 - create IPUIPlugin
2025-09-24 10:37:29,240 [INFO] IPUIPlugin:80 - create IPUIPlugin
2025-09-24 10:37:29,240 [INFO] IPUIPlugin:80 - create IPUIPlugin
2025-09-24 10:37:29,240 [INFO] IPUIPlugin:80 - create IPUIPlugin
2025-09-24 10:37:29,240 [INFO] IPUIPlugin:80 - create IPUIPlugin
2025-09-24 10:37:29,240 [INFO] IPUIPlugin:80 - create IPUIPlugin
2025-09-24 10:37:29,241 [INFO] IPUIPlugin:80 - create IPUIPlugin
2025-09-24 10:37:29,241 [INFO] IPUIPlugin:80 - create IPUIPlugin
2025-09-24 10:37:29,241 [INFO] IPUIPlugin:80 - create IPUIPlugin
2025-09-24 10:37:29,241 [INFO] IPUIPlugin:80 - create IPUIPlugin
2025-09-24 10:37:29,242 [INFO] IPUIPlugin:80 - create IPUIPlugin
2025-09-24 10:37:29,242 [INFO] IPUIPlugin:80 - create IPUIPlugin
2025-09-24 10:37:29,242 [INFO] IPUIPlugin:80 - create IPUIPlugin
2025-09-24 10:37:29,242 [INFO] IPUIPlugin:80 - create IPUIPlugin
2025-09-24 10:37:29,243 [INFO] IPUIPlugin:80 - create IPUIPlugin
2025-09-24 10:37:29,243 [INFO] IPUIPlugin:80 - create IPUIPlugin
2025-09-24 10:37:29,244 [INFO] IPUIPlugin:80 - create IPUIPlugin
2025-09-24 10:37:29,245 [INFO] IPUIPlugin:80 - create IPUIPlugin
2025-09-24 10:37:29,245 [INFO] IPUIPlugin:80 - create IPUIPlugin
2025-09-24 10:37:29,245 [INFO] IPUIPlugin:80 - create IPUIPlugin
2025-09-24 10:37:29,246 [INFO] IPUIPlugin:80 - create IPUIPlugin
2025-09-24 10:37:29,246 [INFO] IPUIPlugin:80 - create IPUIPlugin
2025-09-24 10:37:29,247 [INFO] IPUIPlugin:80 - create IPUIPlugin
2025-09-24 10:37:29,248 [INFO] IPUIPlugin:80 - create IPUIPlugin
2025-09-24 10:37:29,248 [INFO] IPUIPlugin:80 - create IPUIPlugin
2025-09-24 10:37:29,248 [INFO] IPUIPlugin:80 - create IPUIPlugin
2025-09-24 10:37:29,250 [INFO] IPUIPlugin:80 - create IPUIPlugin
2025-09-24 10:37:29,251 [INFO] IPUIPlugin:80 - create IPUIPlugin
2025-09-24 10:37:29,251 [INFO] IPUIPlugin:80 - create IPUIPlugin
2025-09-24 10:37:29,252 [INFO] IPUIPlugin:80 - create IPUIPlugin
2025-09-24 10:37:29,252 [INFO] IPUIPlugin:80 - create IPUIPlugin
2025-09-24 10:37:29,253 [INFO] IPUIPlugin:80 - create IPUIPlugin
2025-09-24 10:37:29,253 [INFO] IPUIPlugin:80 - create IPUIPlugin
2025-09-24 10:37:29,254 [INFO] IPUIPlugin:80 - create IPUIPlugin
2025-09-24 10:37:29,255 [INFO] IPUIPlugin:80 - create IPUIPlugin
2025-09-24 10:37:29,255 [INFO] IPUIPlugin:80 - create IPUIPlugin
2025-09-24 10:37:29,256 [INFO] IPUIPlugin:80 - create IPUIPlugin
2025-09-24 10:37:29,256 [INFO] IPUIPlugin:80 - create IPUIPlugin
2025-09-24 10:37:29,257 [INFO] IPUIPlugin:80 - create IPUIPlugin
2025-09-24 10:37:29,257 [INFO] IPUIPlugin:80 - create IPUIPlugin
2025-09-24 10:37:29,258 [INFO] IPUIPlugin:80 - create IPUIPlugin
2025-09-24 10:37:29,258 [INFO] IPUIPlugin:80 - create IPUIPlugin
2025-09-24 10:37:29,259 [INFO] IPUIPlugin:80 - create IPUIPlugin
2025-09-24 10:37:29,259 [INFO] IPUIPlugin:80 - create IPUIPlugin
2025-09-24 10:37:29,260 [INFO] IPUIPlugin:80 - create IPUIPlugin
2025-09-24 10:37:29,260 [INFO] IPUIPlugin:80 - create IPUIPlugin
2025-09-24 10:37:29,289 [INFO] ApiDbMcu:532 - Load IP Config File for PDM2PCM
2025-09-24 10:37:29,311 [WARN] IP:2250 - I2C_Coeff_DF not found: check if there is a RefParameter without a condition.
2025-09-24 10:37:29,312 [WARN] IP:2250 - Analog_Filter not found: check if there is a RefParameter without a condition.
2025-09-24 10:37:29,338 [INFO] I2sManager:658 - 9.6E7
2025-09-24 10:37:29,339 [INFO] I2sManager:195 - I2S Clock Value : 9.6E7
2025-09-24 10:37:29,346 [INFO] I2sManager:553 - AudioClock : 93750Divider : 2Odd : 0
2025-09-24 10:37:29,826 [INFO] CADModel:165 - CPN selected for project levelSTM32F407VGT6
2025-09-24 10:37:29,826 [INFO] CADModel:114 - Register for checkConnection events
2025-09-24 10:37:29,886 [INFO] OpenFileManager:386 - Restore cursor
2025-09-24 10:37:29,926 [ERROR] LogOutputStream:75 - [STDERR_REDIRECT] [Fatal Error] :1:1: Premature end of file.
2025-09-24 10:37:29,926 [ERROR] LogOutputStream:75 - [STDERR_REDIRECT] 
2025-09-24 10:37:30,241 [WARN] IP:2250 - I2C_Coeff_DF not found: check if there is a RefParameter without a condition.
2025-09-24 10:37:30,241 [WARN] IP:2250 - Analog_Filter not found: check if there is a RefParameter without a condition.
2025-09-24 10:37:30,243 [WARN] IP:2250 - I2C_Coeff_DF not found: check if there is a RefParameter without a condition.
2025-09-24 10:37:30,243 [WARN] IP:2250 - Analog_Filter not found: check if there is a RefParameter without a condition.
2025-09-24 10:37:30,955 [ERROR] LogOutputStream:75 - [STDERR_REDIRECT] [Fatal Error] :1:1: Premature end of file.
2025-09-24 10:37:30,955 [ERROR] LogOutputStream:75 - [STDERR_REDIRECT] 
2025-09-24 10:37:31,957 [INFO] UtilMem:75 - End SaveConfig() Used Memory: 648437712 Bytes (1055916032)
2025-09-24 10:37:32,154 [ERROR] LogOutputStream:75 - [STDERR_REDIRECT] [Fatal Error] :1:1: Premature end of file.
2025-09-24 10:37:32,154 [ERROR] LogOutputStream:75 - [STDERR_REDIRECT] 
2025-09-24 10:37:32,323 [INFO] UtilMem:75 - End SaveConfig() Used Memory: 690380752 Bytes (1073741824)
2025-09-24 10:37:32,937 [ERROR] LogOutputStream:75 - [STDERR_REDIRECT] [Fatal Error] :1:1: Premature end of file.
2025-09-24 10:37:32,938 [ERROR] LogOutputStream:75 - [STDERR_REDIRECT] 
2025-09-24 10:37:33,426 [INFO] BlockDiagram:2775 - set Specific Code input for plugin: SPI
2025-09-24 10:37:33,427 [INFO] BlockDiagram:2775 - set Specific Code input for plugin: I2S
2025-09-24 10:37:33,427 [INFO] BlockDiagram:2775 - set Specific Code input for plugin: SYS
2025-09-24 10:37:33,427 [INFO] BlockDiagram:2775 - set Specific Code input for plugin: RCC
2025-09-24 10:37:33,427 [INFO] BlockDiagram:2775 - set Specific Code input for plugin: I2C
2025-09-24 10:37:33,427 [INFO] BlockDiagram:2775 - set Specific Code input for plugin: USB_OTG_FS
2025-09-24 10:37:33,427 [INFO] BlockDiagram:2775 - set Specific Code input for plugin: NVIC
2025-09-24 10:37:33,427 [INFO] BlockDiagram:2775 - set Specific Code input for plugin: USB_HOST
2025-09-24 10:37:33,429 [INFO] BlockDiagram:2775 - set Specific Code input for plugin: GPIO
2025-09-24 10:37:33,432 [INFO] CodeGenerator:892 - code generatio: config db path: C:\ST\STM32CubeIDE_1.19.0\STM32CubeIDE\plugins\com.st.stm32cube.common.mx_6.15.0.202507011659\\db\
2025-09-24 10:37:33,451 [WARN] IP:2250 - I2C_Coeff_DF not found: check if there is a RefParameter without a condition.
2025-09-24 10:37:33,451 [WARN] IP:2250 - Analog_Filter not found: check if there is a RefParameter without a condition.
2025-09-24 10:37:33,922 [ERROR] LogOutputStream:75 - [STDERR_REDIRECT] [Fatal Error] :1:1: Premature end of file.
2025-09-24 10:37:33,923 [ERROR] LogOutputStream:75 - [STDERR_REDIRECT] 
2025-09-24 10:37:33,924 [INFO] CodeEngine:265 - oldGeneratedFile, C:\Users\train\Desktop\Project\STM32_Project\TASK2\MXTmpFiles\license.tmp_save
2025-09-24 10:37:34,742 [INFO] CodeEngine:289 - Generated code: C:\Users\train\Desktop\Project\STM32_Project\TASK2\MXTmpFiles\license.tmp
2025-09-24 10:37:34,950 [ERROR] LogOutputStream:75 - [STDERR_REDIRECT] [Fatal Error] :1:1: Premature end of file.
2025-09-24 10:37:34,951 [ERROR] LogOutputStream:75 - [STDERR_REDIRECT] 
2025-09-24 10:37:34,981 [INFO] CodeEngine:265 - oldGeneratedFile, C:\Users\train\Desktop\Project\STM32_Project\TASK2\MXTmpFiles\gpio.tmp_save
2025-09-24 10:37:35,276 [INFO] CodeEngine:289 - Generated code: C:\Users\train\Desktop\Project\STM32_Project\TASK2\MXTmpFiles\gpio.tmp
2025-09-24 10:37:35,468 [WARN] IPConfigManager:3238 - Warning: the RefConfig PWREx_EnableUSBVoltageDetector is not available in your config.xml file
2025-09-24 10:37:35,489 [INFO] CodeEngine:265 - oldGeneratedFile, C:\Users\train\Desktop\Project\STM32_Project\TASK2\MXTmpFiles\usb_otg_fs_vars.tmp_save
2025-09-24 10:37:35,664 [INFO] CodeEngine:289 - Generated code: C:\Users\train\Desktop\Project\STM32_Project\TASK2\MXTmpFiles\usb_otg_fs_vars.tmp
2025-09-24 10:37:35,675 [INFO] CodeEngine:265 - oldGeneratedFile, C:\Users\train\Desktop\Project\STM32_Project\TASK2\MXTmpFiles\usb_otg_fs_inc.tmp_save
2025-09-24 10:37:35,876 [INFO] CodeEngine:289 - Generated code: C:\Users\train\Desktop\Project\STM32_Project\TASK2\MXTmpFiles\usb_otg_fs_inc.tmp
2025-09-24 10:37:35,891 [INFO] CodeEngine:265 - oldGeneratedFile, C:\Users\train\Desktop\Project\STM32_Project\TASK2\MXTmpFiles\usb_otg_fs_HalInit.tmp_save
2025-09-24 10:37:35,934 [ERROR] LogOutputStream:75 - [STDERR_REDIRECT] [Fatal Error] :1:1: Premature end of file.
2025-09-24 10:37:35,937 [ERROR] LogOutputStream:75 - [STDERR_REDIRECT] 
2025-09-24 10:37:36,092 [INFO] CodeEngine:289 - Generated code: C:\Users\train\Desktop\Project\STM32_Project\TASK2\MXTmpFiles\usb_otg_fs_HalInit.tmp
2025-09-24 10:37:36,103 [INFO] CodeEngine:265 - oldGeneratedFile, C:\Users\train\Desktop\Project\STM32_Project\TASK2\MXTmpFiles\usb_otg_fs_Msp.tmp_save
2025-09-24 10:37:36,375 [INFO] CodeEngine:289 - Generated code: C:\Users\train\Desktop\Project\STM32_Project\TASK2\MXTmpFiles\usb_otg_fs_Msp.tmp
2025-09-24 10:37:36,955 [ERROR] LogOutputStream:75 - [STDERR_REDIRECT] [Fatal Error] :1:1: Premature end of file.
2025-09-24 10:37:36,957 [ERROR] LogOutputStream:75 - [STDERR_REDIRECT] 
2025-09-24 10:37:37,088 [INFO] CodeEngine:265 - oldGeneratedFile, C:\Users\train\Desktop\Project\STM32_Project\TASK2\USB_HOST\App\usb_host.c_save
2025-09-24 10:37:37,346 [INFO] CodeEngine:289 - Generated code: C:\Users\train\Desktop\Project\STM32_Project\TASK2\USB_HOST\App\usb_host.c
2025-09-24 10:37:37,358 [INFO] CodeEngine:265 - oldGeneratedFile, C:\Users\train\Desktop\Project\STM32_Project\TASK2\USB_HOST\App\usb_host.h_save
2025-09-24 10:37:37,491 [INFO] CodeEngine:289 - Generated code: C:\Users\train\Desktop\Project\STM32_Project\TASK2\USB_HOST\App\usb_host.h
2025-09-24 10:37:37,504 [INFO] CodeEngine:265 - oldGeneratedFile, C:\Users\train\Desktop\Project\STM32_Project\TASK2\USB_HOST\Target\usbh_conf.h_save
2025-09-24 10:37:37,675 [INFO] CodeEngine:289 - Generated code: C:\Users\train\Desktop\Project\STM32_Project\TASK2\USB_HOST\Target\usbh_conf.h
2025-09-24 10:37:37,688 [INFO] CodeEngine:265 - oldGeneratedFile, C:\Users\train\Desktop\Project\STM32_Project\TASK2\USB_HOST\Target\usbh_conf.c_save
2025-09-24 10:37:37,896 [INFO] CodeEngine:289 - Generated code: C:\Users\train\Desktop\Project\STM32_Project\TASK2\USB_HOST\Target\usbh_conf.c
2025-09-24 10:37:37,916 [INFO] CodeEngine:265 - oldGeneratedFile, C:\Users\train\Desktop\Project\STM32_Project\TASK2\USB_HOST\Target\usbh_platform.c_save
2025-09-24 10:37:37,981 [ERROR] LogOutputStream:75 - [STDERR_REDIRECT] [Fatal Error] :1:1: Premature end of file.
2025-09-24 10:37:37,982 [ERROR] LogOutputStream:75 - [STDERR_REDIRECT] 
2025-09-24 10:37:38,197 [INFO] CodeEngine:289 - Generated code: C:\Users\train\Desktop\Project\STM32_Project\TASK2\USB_HOST\Target\usbh_platform.c
2025-09-24 10:37:38,211 [INFO] CodeEngine:265 - oldGeneratedFile, C:\Users\train\Desktop\Project\STM32_Project\TASK2\USB_HOST\Target\usbh_platform.h_save
2025-09-24 10:37:38,414 [INFO] CodeEngine:289 - Generated code: C:\Users\train\Desktop\Project\STM32_Project\TASK2\USB_HOST\Target\usbh_platform.h
2025-09-24 10:37:38,460 [INFO] CodeEngine:265 - oldGeneratedFile, C:\Users\train\Desktop\Project\STM32_Project\TASK2\Core\Src\stm32f4xx_it.c_save
2025-09-24 10:37:38,852 [INFO] CodeEngine:289 - Generated code: C:\Users\train\Desktop\Project\STM32_Project\TASK2\Core\Src\stm32f4xx_it.c
2025-09-24 10:37:38,872 [INFO] CodeEngine:265 - oldGeneratedFile, C:\Users\train\Desktop\Project\STM32_Project\TASK2\Core\Inc\stm32f4xx_it.h_save
2025-09-24 10:37:39,088 [ERROR] LogOutputStream:75 - [STDERR_REDIRECT] [Fatal Error] :1:1: Premature end of file.
2025-09-24 10:37:39,090 [ERROR] LogOutputStream:75 - [STDERR_REDIRECT] 
2025-09-24 10:37:39,129 [INFO] CodeEngine:289 - Generated code: C:\Users\train\Desktop\Project\STM32_Project\TASK2\Core\Inc\stm32f4xx_it.h
2025-09-24 10:37:39,177 [INFO] CodeEngine:265 - oldGeneratedFile, C:\Users\train\Desktop\Project\STM32_Project\TASK2\Core\Src\stm32f4xx_hal_msp.c_save
2025-09-24 10:37:39,536 [INFO] CodeEngine:289 - Generated code: C:\Users\train\Desktop\Project\STM32_Project\TASK2\Core\Src\stm32f4xx_hal_msp.c
2025-09-24 10:37:39,549 [INFO] CodeEngine:265 - oldGeneratedFile, C:\Users\train\Desktop\Project\STM32_Project\TASK2\MXTmpFiles\system.tmp_save
2025-09-24 10:37:39,650 [INFO] CodeEngine:289 - Generated code: C:\Users\train\Desktop\Project\STM32_Project\TASK2\MXTmpFiles\system.tmp
2025-09-24 10:37:39,675 [INFO] CodeEngine:321 - oldGeneratedFile, C:\Users\train\Desktop\Project\STM32_Project\TASK2\Core\Inc\stm32f4xx_hal_conf.h_save
2025-09-24 10:37:39,839 [INFO] CodeEngine:345 - Generated code: C:\Users\train\Desktop\Project\STM32_Project\TASK2\Core\Inc\stm32f4xx_hal_conf.h
2025-09-24 10:37:39,923 [INFO] ApiDbMcu:532 - Load IP Config File for I2C1
2025-09-24 10:37:39,932 [INFO] ApiDbMcu:532 - Load IP Config File for I2S3
2025-09-24 10:37:39,938 [ERROR] LogOutputStream:75 - [STDERR_REDIRECT] [Fatal Error] :1:1: Premature end of file.
2025-09-24 10:37:39,938 [INFO] ApiDbMcu:532 - Load IP Config File for SPI1
2025-09-24 10:37:39,938 [ERROR] LogOutputStream:75 - [STDERR_REDIRECT] 
2025-09-24 10:37:39,946 [INFO] ApiDbMcu:532 - Load IP Config File for RCC
2025-09-24 10:37:39,970 [INFO] CodeEngine:265 - oldGeneratedFile, C:\Users\train\Desktop\Project\STM32_Project\TASK2\Core\Inc\main.h_save
2025-09-24 10:37:40,128 [INFO] CodeEngine:289 - Generated code: C:\Users\train\Desktop\Project\STM32_Project\TASK2\Core\Inc\main.h
2025-09-24 10:37:40,139 [INFO] CodeEngine:265 - oldGeneratedFile, C:\Users\train\Desktop\Project\STM32_Project\TASK2\Core\Src\main.c_save
2025-09-24 10:37:40,495 [INFO] CodeEngine:289 - Generated code: C:\Users\train\Desktop\Project\STM32_Project\TASK2\Core\Src\main.c
2025-09-24 10:37:40,921 [ERROR] LogOutputStream:75 - [STDERR_REDIRECT] [Fatal Error] :1:1: Premature end of file.
2025-09-24 10:37:40,921 [ERROR] LogOutputStream:75 - [STDERR_REDIRECT] 
2025-09-24 10:37:41,466 [INFO] ProjectBuilder:3606 - Time for Copy HAL[1] : 451mS.
2025-09-24 10:37:41,483 [INFO] ProjectBuilder:5216 - Project Generator version: 4.7.0-B52
2025-09-24 10:37:41,681 [INFO] ConfigFileManager:1595 - The Die is : DIE413
2025-09-24 10:37:41,693 [INFO] ApiDbMcu:532 - Load IP Config File for FATFS
2025-09-24 10:37:41,701 [INFO] ApiDbMcu:532 - Load IP Config File for FREERTOS
2025-09-24 10:37:41,704 [INFO] ApiDbMcu:532 - Load IP Config File for LIBJPEG
2025-09-24 10:37:41,717 [INFO] ApiDbMcu:532 - Load IP Config File for LWIP
2025-09-24 10:37:41,735 [INFO] ApiDbMcu:532 - Load IP Config File for MBEDTLS
2025-09-24 10:37:41,756 [INFO] ApiDbMcu:532 - Load IP Config File for USB_DEVICE
2025-09-24 10:37:41,939 [ERROR] LogOutputStream:75 - [STDERR_REDIRECT] [Fatal Error] :1:1: Premature end of file.
2025-09-24 10:37:41,940 [ERROR] LogOutputStream:75 - [STDERR_REDIRECT] 
2025-09-24 10:37:42,698 [INFO] LogOutputStream:77 - [STDOUT_REDIRECT] 
2025-09-24 10:37:43,057 [ERROR] LogOutputStream:75 - [STDERR_REDIRECT] [Fatal Error] :1:1: Premature end of file.
2025-09-24 10:37:43,058 [ERROR] LogOutputStream:75 - [STDERR_REDIRECT] 
2025-09-24 10:37:43,956 [ERROR] LogOutputStream:75 - [STDERR_REDIRECT] [Fatal Error] :1:1: Premature end of file.
2025-09-24 10:37:43,957 [ERROR] LogOutputStream:75 - [STDERR_REDIRECT] 
2025-09-24 10:37:45,084 [ERROR] LogOutputStream:75 - [STDERR_REDIRECT] [Fatal Error] :1:1: Premature end of file.
2025-09-24 10:37:45,084 [ERROR] LogOutputStream:75 - [STDERR_REDIRECT] 
2025-09-24 10:37:45,962 [ERROR] LogOutputStream:75 - [STDERR_REDIRECT] [Fatal Error] :1:1: Premature end of file.
2025-09-24 10:37:45,963 [ERROR] LogOutputStream:75 - [STDERR_REDIRECT] 
2025-09-24 10:37:46,992 [INFO] ProjectBuilder:5496 - Time for Generating toolchain IDE Files: 5509mS.
2025-09-24 10:37:46,994 [INFO] ProjectBuilder:3463 - Time for Copy CMSIS : 1mS.
2025-09-24 10:37:47,009 [INFO] ProjectBuilder:3463 - Time for Copy CMSIS : 0mS.
2025-09-24 10:37:47,160 [ERROR] LogOutputStream:75 - [STDERR_REDIRECT] [Fatal Error] :1:1: Premature end of file.
2025-09-24 10:37:47,162 [ERROR] LogOutputStream:75 - [STDERR_REDIRECT] 
2025-09-24 10:37:49,504 [INFO] McuFinderGlobals:76 - Set McuFinderConnectedMode to true
2025-09-24 10:37:49,510 [INFO] ApiDb:448 - Save user favorites file C:\Users\train/.stm32cubeide/favorites.mcus.txt: 0 item(s)
2025-09-24 10:37:49,511 [INFO] ApiDb:452 - User favorites MCUs=[]
2025-09-24 10:37:49,514 [INFO] ApiDb:448 - Save user favorites file C:\Users\train/.stm32cubeide/favorites.boards.txt: 1 item(s)
2025-09-24 10:37:49,514 [INFO] ApiDb:452 - User favorites Boards=[STM32F407G-DISC1]
2025-09-24 10:37:50,066 [ERROR] LogOutputStream:75 - [STDERR_REDIRECT] [Fatal Error] :1:1: Premature end of file.
2025-09-24 10:37:50,069 [ERROR] LogOutputStream:75 - [STDERR_REDIRECT] 
2025-09-24 10:37:50,404 [ERROR] LogOutputStream:75 - [STDERR_REDIRECT] [Fatal Error] :1:1: Premature end of file.
2025-09-24 10:37:50,405 [ERROR] LogOutputStream:75 - [STDERR_REDIRECT] 
2025-09-24 10:37:50,825 [ERROR] LogOutputStream:75 - [STDERR_REDIRECT] [Fatal Error] :1:1: Premature end of file.
2025-09-24 10:37:50,827 [ERROR] LogOutputStream:75 - [STDERR_REDIRECT] 
2025-09-24 10:37:51,046 [ERROR] LogOutputStream:75 - [STDERR_REDIRECT] [Fatal Error] :1:1: Premature end of file.
2025-09-24 10:37:51,047 [ERROR] LogOutputStream:75 - [STDERR_REDIRECT] 
2025-09-24 10:37:52,265 [ERROR] LogOutputStream:75 - [STDERR_REDIRECT] [Fatal Error] :1:1: Premature end of file.
2025-09-24 10:37:52,267 [ERROR] LogOutputStream:75 - [STDERR_REDIRECT] 
2025-09-24 10:37:53,211 [ERROR] LogOutputStream:75 - [STDERR_REDIRECT] [Fatal Error] :1:1: Premature end of file.
2025-09-24 10:37:53,212 [ERROR] LogOutputStream:75 - [STDERR_REDIRECT] 
2025-09-24 10:37:54,132 [ERROR] LogOutputStream:75 - [STDERR_REDIRECT] [Fatal Error] :1:1: Premature end of file.
2025-09-24 10:37:54,133 [ERROR] LogOutputStream:75 - [STDERR_REDIRECT] 
2025-09-24 10:37:55,075 [ERROR] LogOutputStream:75 - [STDERR_REDIRECT] [Fatal Error] :1:1: Premature end of file.
2025-09-24 10:37:55,076 [ERROR] LogOutputStream:75 - [STDERR_REDIRECT] 
2025-09-24 10:37:55,509 [INFO] I2sManager:658 - 9.6E7
2025-09-24 10:37:55,509 [INFO] I2sManager:195 - I2S Clock Value : 9.6E7
2025-09-24 10:37:55,509 [INFO] I2sManager:553 - AudioClock : 93750Divider : 2Odd : 0
2025-09-24 10:37:55,930 [ERROR] LogOutputStream:75 - [STDERR_REDIRECT] [Fatal Error] :1:1: Premature end of file.
2025-09-24 10:37:55,931 [ERROR] LogOutputStream:75 - [STDERR_REDIRECT] 
2025-09-24 10:37:56,910 [ERROR] LogOutputStream:75 - [STDERR_REDIRECT] [Fatal Error] :1:1: Premature end of file.
2025-09-24 10:37:56,910 [ERROR] LogOutputStream:75 - [STDERR_REDIRECT] 
2025-09-24 10:37:57,909 [ERROR] LogOutputStream:75 - [STDERR_REDIRECT] [Fatal Error] :1:1: Premature end of file.
2025-09-24 10:37:57,909 [ERROR] LogOutputStream:75 - [STDERR_REDIRECT] 
2025-09-24 10:37:58,916 [ERROR] LogOutputStream:75 - [STDERR_REDIRECT] [Fatal Error] :1:1: Premature end of file.
2025-09-24 10:37:58,917 [ERROR] LogOutputStream:75 - [STDERR_REDIRECT] 
2025-09-24 10:38:00,020 [ERROR] LogOutputStream:75 - [STDERR_REDIRECT] [Fatal Error] :1:1: Premature end of file.
2025-09-24 10:38:00,020 [ERROR] LogOutputStream:75 - [STDERR_REDIRECT] 
2025-09-24 10:38:01,432 [ERROR] LogOutputStream:75 - [STDERR_REDIRECT] [Fatal Error] :1:1: Premature end of file.
2025-09-24 10:38:01,434 [ERROR] LogOutputStream:75 - [STDERR_REDIRECT] 
2025-09-24 10:38:02,118 [ERROR] LogOutputStream:75 - [STDERR_REDIRECT] [Fatal Error] :1:1: Premature end of file.
2025-09-24 10:38:02,119 [ERROR] LogOutputStream:75 - [STDERR_REDIRECT] 
2025-09-24 10:38:02,931 [ERROR] LogOutputStream:75 - [STDERR_REDIRECT] [Fatal Error] :1:1: Premature end of file.
2025-09-24 10:38:02,932 [ERROR] LogOutputStream:75 - [STDERR_REDIRECT] 
2025-09-24 10:38:03,949 [ERROR] LogOutputStream:75 - [STDERR_REDIRECT] [Fatal Error] :1:1: Premature end of file.
2025-09-24 10:38:03,950 [ERROR] LogOutputStream:75 - [STDERR_REDIRECT] 
2025-09-24 10:38:04,917 [ERROR] LogOutputStream:75 - [STDERR_REDIRECT] [Fatal Error] :1:1: Premature end of file.
2025-09-24 10:38:04,923 [ERROR] LogOutputStream:75 - [STDERR_REDIRECT] 
2025-09-24 10:38:04,991 [ERROR] LogOutputStream:75 - [STDERR_REDIRECT] Exception in thread "AWT-EventQueue-0" java.lang.ClassCastException: class sun.awt.windows.WEmbeddedFrame cannot be cast to class javax.swing.JFrame (sun.awt.windows.WEmbeddedFrame and javax.swing.JFrame are in module java.desktop of loader 'bootstrap')
2025-09-24 10:38:04,994 [ERROR] LogOutputStream:75 - [STDERR_REDIRECT] 	at com.st.microxplorer.plugins.clock.ClockConfigurationView.activatePlugin(ClockConfigurationView.java:424)
2025-09-24 10:38:04,997 [ERROR] LogOutputStream:75 - [STDERR_REDIRECT] 	at com.st.microxplorer.maingui.MainPanel$1.stateChanged(MainPanel.java:385)
2025-09-24 10:38:04,999 [ERROR] LogOutputStream:75 - [STDERR_REDIRECT] 	at java.desktop/javax.swing.JTabbedPane.fireStateChanged(JTabbedPane.java:446)
2025-09-24 10:38:05,003 [ERROR] LogOutputStream:75 - [STDERR_REDIRECT] 	at java.desktop/javax.swing.JTabbedPane$ModelListener.stateChanged(JTabbedPane.java:297)
2025-09-24 10:38:05,009 [ERROR] LogOutputStream:75 - [STDERR_REDIRECT] 	at java.desktop/javax.swing.DefaultSingleSelectionModel.fireStateChanged(DefaultSingleSelectionModel.java:148)
2025-09-24 10:38:05,012 [ERROR] LogOutputStream:75 - [STDERR_REDIRECT] 	at java.desktop/javax.swing.DefaultSingleSelectionModel.setSelectedIndex(DefaultSingleSelectionModel.java:79)
2025-09-24 10:38:05,014 [ERROR] LogOutputStream:75 - [STDERR_REDIRECT] 	at java.desktop/javax.swing.JTabbedPane.setSelectedIndexImpl(JTabbedPane.java:650)
2025-09-24 10:38:05,015 [ERROR] LogOutputStream:75 - [STDERR_REDIRECT] 	at java.desktop/javax.swing.JTabbedPane.setSelectedIndex(JTabbedPane.java:625)
2025-09-24 10:38:05,018 [ERROR] LogOutputStream:75 - [STDERR_REDIRECT] 	at java.desktop/javax.swing.plaf.basic.BasicTabbedPaneUI$Handler.mousePressed(BasicTabbedPaneUI.java:4140)
2025-09-24 10:38:05,020 [ERROR] LogOutputStream:75 - [STDERR_REDIRECT] 	at java.desktop/java.awt.Component.processMouseEvent(Component.java:6618)
2025-09-24 10:38:05,022 [ERROR] LogOutputStream:75 - [STDERR_REDIRECT] 	at java.desktop/javax.swing.JComponent.processMouseEvent(JComponent.java:3398)
2025-09-24 10:38:05,024 [ERROR] LogOutputStream:75 - [STDERR_REDIRECT] 	at java.desktop/java.awt.Component.processEvent(Component.java:6386)
2025-09-24 10:38:05,025 [ERROR] LogOutputStream:75 - [STDERR_REDIRECT] 	at java.desktop/java.awt.Container.processEvent(Container.java:2266)
2025-09-24 10:38:05,027 [ERROR] LogOutputStream:75 - [STDERR_REDIRECT] 	at java.desktop/java.awt.Component.dispatchEventImpl(Component.java:4996)
2025-09-24 10:38:05,028 [ERROR] LogOutputStream:75 - [STDERR_REDIRECT] 	at java.desktop/java.awt.Container.dispatchEventImpl(Container.java:2324)
2025-09-24 10:38:05,029 [ERROR] LogOutputStream:75 - [STDERR_REDIRECT] 	at java.desktop/java.awt.Component.dispatchEvent(Component.java:4828)
2025-09-24 10:38:05,031 [ERROR] LogOutputStream:75 - [STDERR_REDIRECT] 	at java.desktop/java.awt.LightweightDispatcher.retargetMouseEvent(Container.java:4948)
2025-09-24 10:38:05,033 [ERROR] LogOutputStream:75 - [STDERR_REDIRECT] 	at java.desktop/java.awt.LightweightDispatcher.processMouseEvent(Container.java:4572)
2025-09-24 10:38:05,035 [ERROR] LogOutputStream:75 - [STDERR_REDIRECT] 	at java.desktop/java.awt.LightweightDispatcher.dispatchEvent(Container.java:4516)
2025-09-24 10:38:05,038 [ERROR] LogOutputStream:75 - [STDERR_REDIRECT] 	at java.desktop/java.awt.Container.dispatchEventImpl(Container.java:2310)
2025-09-24 10:38:05,040 [ERROR] LogOutputStream:75 - [STDERR_REDIRECT] 	at java.desktop/java.awt.Component.dispatchEvent(Component.java:4828)
2025-09-24 10:38:05,042 [ERROR] LogOutputStream:75 - [STDERR_REDIRECT] 	at java.desktop/java.awt.EventQueue.dispatchEventImpl(EventQueue.java:775)
2025-09-24 10:38:05,043 [ERROR] LogOutputStream:75 - [STDERR_REDIRECT] 	at java.desktop/java.awt.EventQueue$4.run(EventQueue.java:720)
2025-09-24 10:38:05,044 [ERROR] LogOutputStream:75 - [STDERR_REDIRECT] 	at java.desktop/java.awt.EventQueue$4.run(EventQueue.java:714)
2025-09-24 10:38:05,046 [ERROR] LogOutputStream:75 - [STDERR_REDIRECT] 	at java.base/java.security.AccessController.doPrivileged(AccessController.java:400)
2025-09-24 10:38:05,048 [ERROR] LogOutputStream:75 - [STDERR_REDIRECT] 	at java.base/java.security.ProtectionDomain$JavaSecurityAccessImpl.doIntersectionPrivilege(ProtectionDomain.java:87)
2025-09-24 10:38:05,050 [ERROR] LogOutputStream:75 - [STDERR_REDIRECT] 	at java.base/java.security.ProtectionDomain$JavaSecurityAccessImpl.doIntersectionPrivilege(ProtectionDomain.java:98)
2025-09-24 10:38:05,052 [ERROR] LogOutputStream:75 - [STDERR_REDIRECT] 	at java.desktop/java.awt.EventQueue$5.run(EventQueue.java:747)
2025-09-24 10:38:05,054 [ERROR] LogOutputStream:75 - [STDERR_REDIRECT] 	at java.desktop/java.awt.EventQueue$5.run(EventQueue.java:745)
2025-09-24 10:38:05,056 [ERROR] LogOutputStream:75 - [STDERR_REDIRECT] 	at java.base/java.security.AccessController.doPrivileged(AccessController.java:400)
2025-09-24 10:38:05,058 [ERROR] LogOutputStream:75 - [STDERR_REDIRECT] 	at java.base/java.security.ProtectionDomain$JavaSecurityAccessImpl.doIntersectionPrivilege(ProtectionDomain.java:87)
2025-09-24 10:38:05,060 [ERROR] LogOutputStream:75 - [STDERR_REDIRECT] 	at java.desktop/java.awt.EventQueue.dispatchEvent(EventQueue.java:744)
2025-09-24 10:38:05,062 [ERROR] LogOutputStream:75 - [STDERR_REDIRECT] 	at java.desktop/java.awt.EventDispatchThread.pumpOneEventForFilters(EventDispatchThread.java:203)
2025-09-24 10:38:05,064 [ERROR] LogOutputStream:75 - [STDERR_REDIRECT] 	at java.desktop/java.awt.EventDispatchThread.pumpEventsForFilter(EventDispatchThread.java:124)
2025-09-24 10:38:05,066 [ERROR] LogOutputStream:75 - [STDERR_REDIRECT] 	at java.desktop/java.awt.EventDispatchThread.pumpEventsForHierarchy(EventDispatchThread.java:113)
2025-09-24 10:38:05,071 [ERROR] LogOutputStream:75 - [STDERR_REDIRECT] 	at java.desktop/java.awt.EventDispatchThread.pumpEvents(EventDispatchThread.java:109)
2025-09-24 10:38:05,074 [ERROR] LogOutputStream:75 - [STDERR_REDIRECT] 	at java.desktop/java.awt.EventDispatchThread.pumpEvents(EventDispatchThread.java:101)
2025-09-24 10:38:05,076 [ERROR] LogOutputStream:75 - [STDERR_REDIRECT] 	at java.desktop/java.awt.EventDispatchThread.run(EventDispatchThread.java:90)
2025-09-24 10:38:05,931 [ERROR] LogOutputStream:75 - [STDERR_REDIRECT] [Fatal Error] :1:1: Premature end of file.
2025-09-24 10:38:05,931 [ERROR] LogOutputStream:75 - [STDERR_REDIRECT] 
2025-09-24 10:38:06,956 [ERROR] LogOutputStream:75 - [STDERR_REDIRECT] [Fatal Error] :1:1: Premature end of file.
2025-09-24 10:38:06,957 [ERROR] LogOutputStream:75 - [STDERR_REDIRECT] 
2025-09-24 10:38:07,915 [ERROR] LogOutputStream:75 - [STDERR_REDIRECT] [Fatal Error] :1:1: Premature end of file.
2025-09-24 10:38:07,916 [ERROR] LogOutputStream:75 - [STDERR_REDIRECT] 
2025-09-24 10:38:08,908 [ERROR] LogOutputStream:75 - [STDERR_REDIRECT] [Fatal Error] :1:1: Premature end of file.
2025-09-24 10:38:08,908 [ERROR] LogOutputStream:75 - [STDERR_REDIRECT] 
2025-09-24 10:38:09,900 [ERROR] LogOutputStream:75 - [STDERR_REDIRECT] [Fatal Error] :1:1: Premature end of file.
2025-09-24 10:38:09,901 [ERROR] LogOutputStream:75 - [STDERR_REDIRECT] 
2025-09-24 10:38:10,917 [ERROR] LogOutputStream:75 - [STDERR_REDIRECT] [Fatal Error] :1:1: Premature end of file.
2025-09-24 10:38:10,917 [ERROR] LogOutputStream:75 - [STDERR_REDIRECT] 
2025-09-24 10:38:11,910 [ERROR] LogOutputStream:75 - [STDERR_REDIRECT] [Fatal Error] :1:1: Premature end of file.
2025-09-24 10:38:11,911 [ERROR] LogOutputStream:75 - [STDERR_REDIRECT] 
2025-09-24 10:38:12,902 [ERROR] LogOutputStream:75 - [STDERR_REDIRECT] [Fatal Error] :1:1: Premature end of file.
2025-09-24 10:38:12,902 [ERROR] LogOutputStream:75 - [STDERR_REDIRECT] 
2025-09-24 10:38:13,901 [ERROR] LogOutputStream:75 - [STDERR_REDIRECT] [Fatal Error] :1:1: Premature end of file.
2025-09-24 10:38:13,901 [ERROR] LogOutputStream:75 - [STDERR_REDIRECT] 
2025-09-24 10:38:14,945 [ERROR] LogOutputStream:75 - [STDERR_REDIRECT] [Fatal Error] :1:1: Premature end of file.
2025-09-24 10:38:14,947 [ERROR] LogOutputStream:75 - [STDERR_REDIRECT] 
2025-09-24 10:38:15,935 [ERROR] LogOutputStream:75 - [STDERR_REDIRECT] [Fatal Error] :1:1: Premature end of file.
2025-09-24 10:38:15,935 [ERROR] LogOutputStream:75 - [STDERR_REDIRECT] 
2025-09-24 10:38:16,923 [ERROR] LogOutputStream:75 - [STDERR_REDIRECT] [Fatal Error] :1:1: Premature end of file.
2025-09-24 10:38:16,924 [ERROR] LogOutputStream:75 - [STDERR_REDIRECT] 
2025-09-24 10:38:17,898 [ERROR] LogOutputStream:75 - [STDERR_REDIRECT] [Fatal Error] :1:1: Premature end of file.
2025-09-24 10:38:17,898 [ERROR] LogOutputStream:75 - [STDERR_REDIRECT] 
2025-09-24 10:38:18,899 [ERROR] LogOutputStream:75 - [STDERR_REDIRECT] [Fatal Error] :1:1: Premature end of file.
2025-09-24 10:38:18,899 [ERROR] LogOutputStream:75 - [STDERR_REDIRECT] 
2025-09-24 10:38:19,902 [ERROR] LogOutputStream:75 - [STDERR_REDIRECT] [Fatal Error] :1:1: Premature end of file.
2025-09-24 10:38:19,902 [ERROR] LogOutputStream:75 - [STDERR_REDIRECT] 
2025-09-24 10:38:20,899 [ERROR] LogOutputStream:75 - [STDERR_REDIRECT] [Fatal Error] :1:1: Premature end of file.
2025-09-24 10:38:20,899 [ERROR] LogOutputStream:75 - [STDERR_REDIRECT] 
2025-09-24 10:38:21,898 [ERROR] LogOutputStream:75 - [STDERR_REDIRECT] [Fatal Error] :1:1: Premature end of file.
2025-09-24 10:38:21,898 [ERROR] LogOutputStream:75 - [STDERR_REDIRECT] 
2025-09-24 10:38:22,898 [ERROR] LogOutputStream:75 - [STDERR_REDIRECT] [Fatal Error] :1:1: Premature end of file.
2025-09-24 10:38:22,898 [ERROR] LogOutputStream:75 - [STDERR_REDIRECT] 
2025-09-24 10:38:23,900 [ERROR] LogOutputStream:75 - [STDERR_REDIRECT] [Fatal Error] :1:1: Premature end of file.
2025-09-24 10:38:23,900 [ERROR] LogOutputStream:75 - [STDERR_REDIRECT] 
2025-09-24 10:38:24,909 [ERROR] LogOutputStream:75 - [STDERR_REDIRECT] [Fatal Error] :1:1: Premature end of file.
2025-09-24 10:38:24,910 [ERROR] LogOutputStream:75 - [STDERR_REDIRECT] 
2025-09-24 10:38:25,898 [ERROR] LogOutputStream:75 - [STDERR_REDIRECT] [Fatal Error] :1:1: Premature end of file.
2025-09-24 10:38:25,898 [ERROR] LogOutputStream:75 - [STDERR_REDIRECT] 
2025-09-24 10:38:26,904 [ERROR] LogOutputStream:75 - [STDERR_REDIRECT] [Fatal Error] :1:1: Premature end of file.
2025-09-24 10:38:26,905 [ERROR] LogOutputStream:75 - [STDERR_REDIRECT] 
2025-09-24 10:38:27,903 [ERROR] LogOutputStream:75 - [STDERR_REDIRECT] [Fatal Error] :1:1: Premature end of file.
2025-09-24 10:38:27,904 [ERROR] LogOutputStream:75 - [STDERR_REDIRECT] 
2025-09-24 10:38:28,903 [ERROR] LogOutputStream:75 - [STDERR_REDIRECT] [Fatal Error] :1:1: Premature end of file.
2025-09-24 10:38:28,904 [ERROR] LogOutputStream:75 - [STDERR_REDIRECT] 
2025-09-24 10:38:29,926 [ERROR] LogOutputStream:75 - [STDERR_REDIRECT] [Fatal Error] :1:1: Premature end of file.
2025-09-24 10:38:29,927 [ERROR] LogOutputStream:75 - [STDERR_REDIRECT] 
2025-09-24 10:38:30,913 [ERROR] LogOutputStream:75 - [STDERR_REDIRECT] [Fatal Error] :1:1: Premature end of file.
2025-09-24 10:38:30,913 [ERROR] LogOutputStream:75 - [STDERR_REDIRECT] 
2025-09-24 10:38:31,899 [ERROR] LogOutputStream:75 - [STDERR_REDIRECT] [Fatal Error] :1:1: Premature end of file.
2025-09-24 10:38:31,899 [ERROR] LogOutputStream:75 - [STDERR_REDIRECT] 
2025-09-24 10:38:32,919 [ERROR] LogOutputStream:75 - [STDERR_REDIRECT] [Fatal Error] :1:1: Premature end of file.
2025-09-24 10:38:32,920 [ERROR] LogOutputStream:75 - [STDERR_REDIRECT] 
2025-09-24 10:38:33,907 [ERROR] LogOutputStream:75 - [STDERR_REDIRECT] [Fatal Error] :1:1: Premature end of file.
2025-09-24 10:38:33,907 [ERROR] LogOutputStream:75 - [STDERR_REDIRECT] 
2025-09-24 10:38:34,906 [ERROR] LogOutputStream:75 - [STDERR_REDIRECT] [Fatal Error] :1:1: Premature end of file.
2025-09-24 10:38:34,907 [ERROR] LogOutputStream:75 - [STDERR_REDIRECT] 
2025-09-24 10:38:35,898 [ERROR] LogOutputStream:75 - [STDERR_REDIRECT] [Fatal Error] :1:1: Premature end of file.
2025-09-24 10:38:35,898 [ERROR] LogOutputStream:75 - [STDERR_REDIRECT] 
2025-09-24 10:38:36,899 [ERROR] LogOutputStream:75 - [STDERR_REDIRECT] [Fatal Error] :1:1: Premature end of file.
2025-09-24 10:38:36,899 [ERROR] LogOutputStream:75 - [STDERR_REDIRECT] 
2025-09-24 10:38:37,320 [INFO] UtilMem:75 - End SaveConfig() Used Memory: 948922056 Bytes (1073741824)
2025-09-24 10:38:37,898 [ERROR] LogOutputStream:75 - [STDERR_REDIRECT] [Fatal Error] :1:1: Premature end of file.
2025-09-24 10:38:37,898 [ERROR] LogOutputStream:75 - [STDERR_REDIRECT] 
2025-09-24 10:38:38,898 [ERROR] LogOutputStream:75 - [STDERR_REDIRECT] [Fatal Error] :1:1: Premature end of file.
2025-09-24 10:38:38,899 [ERROR] LogOutputStream:75 - [STDERR_REDIRECT] 
2025-09-24 10:38:39,921 [ERROR] LogOutputStream:75 - [STDERR_REDIRECT] [Fatal Error] :1:1: Premature end of file.
2025-09-24 10:38:39,921 [ERROR] LogOutputStream:75 - [STDERR_REDIRECT] 
2025-09-24 10:38:40,410 [INFO] UtilMem:75 - End SaveConfig() Used Memory: 706153000 Bytes (1073741824)
2025-09-24 10:38:40,838 [INFO] BlockDiagram:2775 - set Specific Code input for plugin: SYS
2025-09-24 10:38:40,839 [INFO] BlockDiagram:2775 - set Specific Code input for plugin: RCC
2025-09-24 10:38:40,839 [INFO] BlockDiagram:2775 - set Specific Code input for plugin: NVIC
2025-09-24 10:38:40,839 [INFO] BlockDiagram:2775 - set Specific Code input for plugin: USART
2025-09-24 10:38:40,839 [INFO] BlockDiagram:2775 - set Specific Code input for plugin: GPIO
2025-09-24 10:38:40,842 [INFO] CodeGenerator:892 - code generatio: config db path: C:\ST\STM32CubeIDE_1.19.0\STM32CubeIDE\plugins\com.st.stm32cube.common.mx_6.15.0.202507011659\\db\
2025-09-24 10:38:40,922 [ERROR] LogOutputStream:75 - [STDERR_REDIRECT] [Fatal Error] :1:1: Premature end of file.
2025-09-24 10:38:40,923 [ERROR] LogOutputStream:75 - [STDERR_REDIRECT] 
2025-09-24 10:38:41,004 [INFO] CodeEngine:265 - oldGeneratedFile, C:\Users\train\Desktop\Project\STM32_Project\TASK2\MXTmpFiles\license.tmp_save
2025-09-24 10:38:41,212 [INFO] CodeEngine:289 - Generated code: C:\Users\train\Desktop\Project\STM32_Project\TASK2\MXTmpFiles\license.tmp
2025-09-24 10:38:41,243 [INFO] CodeEngine:265 - oldGeneratedFile, C:\Users\train\Desktop\Project\STM32_Project\TASK2\MXTmpFiles\gpio.tmp_save
2025-09-24 10:38:41,395 [INFO] CodeEngine:289 - Generated code: C:\Users\train\Desktop\Project\STM32_Project\TASK2\MXTmpFiles\gpio.tmp
2025-09-24 10:38:41,459 [INFO] CodeEngine:265 - oldGeneratedFile, C:\Users\train\Desktop\Project\STM32_Project\TASK2\Core\Src\stm32f4xx_it.c_save
2025-09-24 10:38:41,843 [INFO] CodeEngine:289 - Generated code: C:\Users\train\Desktop\Project\STM32_Project\TASK2\Core\Src\stm32f4xx_it.c
2025-09-24 10:38:41,855 [INFO] CodeEngine:265 - oldGeneratedFile, C:\Users\train\Desktop\Project\STM32_Project\TASK2\Core\Inc\stm32f4xx_it.h_save
2025-09-24 10:38:41,981 [ERROR] LogOutputStream:75 - [STDERR_REDIRECT] [Fatal Error] :1:1: Premature end of file.
2025-09-24 10:38:41,982 [ERROR] LogOutputStream:75 - [STDERR_REDIRECT] 
2025-09-24 10:38:42,051 [INFO] CodeEngine:289 - Generated code: C:\Users\train\Desktop\Project\STM32_Project\TASK2\Core\Inc\stm32f4xx_it.h
2025-09-24 10:38:42,087 [INFO] CodeEngine:265 - oldGeneratedFile, C:\Users\train\Desktop\Project\STM32_Project\TASK2\Core\Src\stm32f4xx_hal_msp.c_save
2025-09-24 10:38:42,424 [INFO] CodeEngine:289 - Generated code: C:\Users\train\Desktop\Project\STM32_Project\TASK2\Core\Src\stm32f4xx_hal_msp.c
2025-09-24 10:38:42,435 [INFO] CodeEngine:265 - oldGeneratedFile, C:\Users\train\Desktop\Project\STM32_Project\TASK2\MXTmpFiles\system.tmp_save
2025-09-24 10:38:42,610 [INFO] CodeEngine:289 - Generated code: C:\Users\train\Desktop\Project\STM32_Project\TASK2\MXTmpFiles\system.tmp
2025-09-24 10:38:42,630 [INFO] CodeEngine:321 - oldGeneratedFile, C:\Users\train\Desktop\Project\STM32_Project\TASK2\Core\Inc\stm32f4xx_hal_conf.h_save
2025-09-24 10:38:42,737 [INFO] CodeEngine:345 - Generated code: C:\Users\train\Desktop\Project\STM32_Project\TASK2\Core\Inc\stm32f4xx_hal_conf.h
2025-09-24 10:38:42,775 [INFO] ApiDbMcu:532 - Load IP Config File for USART2
2025-09-24 10:38:42,790 [INFO] CodeEngine:265 - oldGeneratedFile, C:\Users\train\Desktop\Project\STM32_Project\TASK2\Core\Inc\main.h_save
2025-09-24 10:38:42,918 [ERROR] LogOutputStream:75 - [STDERR_REDIRECT] [Fatal Error] :1:1: Premature end of file.
2025-09-24 10:38:42,918 [ERROR] LogOutputStream:75 - [STDERR_REDIRECT] 
2025-09-24 10:38:42,925 [INFO] CodeEngine:289 - Generated code: C:\Users\train\Desktop\Project\STM32_Project\TASK2\Core\Inc\main.h
2025-09-24 10:38:42,938 [INFO] CodeEngine:265 - oldGeneratedFile, C:\Users\train\Desktop\Project\STM32_Project\TASK2\Core\Src\main.c_save
2025-09-24 10:38:43,150 [INFO] CodeEngine:289 - Generated code: C:\Users\train\Desktop\Project\STM32_Project\TASK2\Core\Src\main.c
2025-09-24 10:38:43,747 [INFO] ProjectBuilder:3606 - Time for Copy HAL[1] : 245mS.
2025-09-24 10:38:43,752 [INFO] ProjectBuilder:5216 - Project Generator version: 4.7.0-B52
2025-09-24 10:38:43,856 [INFO] ConfigFileManager:1595 - The Die is : DIE413
2025-09-24 10:38:43,905 [ERROR] LogOutputStream:75 - [STDERR_REDIRECT] [Fatal Error] :1:1: Premature end of file.
2025-09-24 10:38:43,905 [ERROR] LogOutputStream:75 - [STDERR_REDIRECT] 
2025-09-24 10:38:45,267 [ERROR] LogOutputStream:75 - [STDERR_REDIRECT] [Fatal Error] :1:1: Premature end of file.
2025-09-24 10:38:45,268 [ERROR] LogOutputStream:75 - [STDERR_REDIRECT] 
2025-09-24 10:38:45,997 [ERROR] LogOutputStream:75 - [STDERR_REDIRECT] [Fatal Error] :1:1: Premature end of file.
2025-09-24 10:38:45,999 [ERROR] LogOutputStream:75 - [STDERR_REDIRECT] 
2025-09-24 10:38:46,176 [INFO] ProjectBuilder:5496 - Time for Generating toolchain IDE Files: 2423mS.
2025-09-24 10:38:46,177 [INFO] ProjectBuilder:3463 - Time for Copy CMSIS : 0mS.
2025-09-24 10:38:46,183 [INFO] ProjectBuilder:3463 - Time for Copy CMSIS : 0mS.
2025-09-24 10:38:46,940 [ERROR] LogOutputStream:75 - [STDERR_REDIRECT] [Fatal Error] :1:1: Premature end of file.
2025-09-24 10:38:46,940 [ERROR] LogOutputStream:75 - [STDERR_REDIRECT] 
2025-09-24 10:38:47,920 [ERROR] LogOutputStream:75 - [STDERR_REDIRECT] [Fatal Error] :1:1: Premature end of file.
2025-09-24 10:38:47,920 [ERROR] LogOutputStream:75 - [STDERR_REDIRECT] 
2025-09-24 10:38:48,903 [ERROR] LogOutputStream:75 - [STDERR_REDIRECT] [Fatal Error] :1:1: Premature end of file.
2025-09-24 10:38:48,903 [ERROR] LogOutputStream:75 - [STDERR_REDIRECT] 
2025-09-24 10:38:49,900 [ERROR] LogOutputStream:75 - [STDERR_REDIRECT] [Fatal Error] :1:1: Premature end of file.
2025-09-24 10:38:49,900 [ERROR] LogOutputStream:75 - [STDERR_REDIRECT] 
2025-09-24 10:38:50,900 [ERROR] LogOutputStream:75 - [STDERR_REDIRECT] [Fatal Error] :1:1: Premature end of file.
2025-09-24 10:38:50,901 [ERROR] LogOutputStream:75 - [STDERR_REDIRECT] 
2025-09-24 10:38:51,901 [ERROR] LogOutputStream:75 - [STDERR_REDIRECT] [Fatal Error] :1:1: Premature end of file.
2025-09-24 10:38:51,901 [ERROR] LogOutputStream:75 - [STDERR_REDIRECT] 
2025-09-24 10:38:52,899 [ERROR] LogOutputStream:75 - [STDERR_REDIRECT] [Fatal Error] :1:1: Premature end of file.
2025-09-24 10:38:52,899 [ERROR] LogOutputStream:75 - [STDERR_REDIRECT] 
2025-09-24 10:38:53,900 [ERROR] LogOutputStream:75 - [STDERR_REDIRECT] [Fatal Error] :1:1: Premature end of file.
2025-09-24 10:38:53,900 [ERROR] LogOutputStream:75 - [STDERR_REDIRECT] 
2025-09-24 10:38:54,902 [ERROR] LogOutputStream:75 - [STDERR_REDIRECT] [Fatal Error] :1:1: Premature end of file.
2025-09-24 10:38:54,902 [ERROR] LogOutputStream:75 - [STDERR_REDIRECT] 
2025-09-24 10:38:55,901 [ERROR] LogOutputStream:75 - [STDERR_REDIRECT] [Fatal Error] :1:1: Premature end of file.
2025-09-24 10:38:55,901 [ERROR] LogOutputStream:75 - [STDERR_REDIRECT] 
2025-09-24 10:38:56,916 [ERROR] LogOutputStream:75 - [STDERR_REDIRECT] [Fatal Error] :1:1: Premature end of file.
2025-09-24 10:38:56,916 [ERROR] LogOutputStream:75 - [STDERR_REDIRECT] 
2025-09-24 10:38:57,913 [ERROR] LogOutputStream:75 - [STDERR_REDIRECT] [Fatal Error] :1:1: Premature end of file.
2025-09-24 10:38:57,913 [ERROR] LogOutputStream:75 - [STDERR_REDIRECT] 
2025-09-24 10:38:58,905 [ERROR] LogOutputStream:75 - [STDERR_REDIRECT] [Fatal Error] :1:1: Premature end of file.
2025-09-24 10:38:58,905 [ERROR] LogOutputStream:75 - [STDERR_REDIRECT] 
2025-09-24 10:38:59,917 [ERROR] LogOutputStream:75 - [STDERR_REDIRECT] [Fatal Error] :1:1: Premature end of file.
2025-09-24 10:38:59,917 [ERROR] LogOutputStream:75 - [STDERR_REDIRECT] 
2025-09-24 10:39:00,910 [ERROR] LogOutputStream:75 - [STDERR_REDIRECT] [Fatal Error] :1:1: Premature end of file.
2025-09-24 10:39:00,910 [ERROR] LogOutputStream:75 - [STDERR_REDIRECT] 
2025-09-24 10:39:01,901 [ERROR] LogOutputStream:75 - [STDERR_REDIRECT] [Fatal Error] :1:1: Premature end of file.
2025-09-24 10:39:01,902 [ERROR] LogOutputStream:75 - [STDERR_REDIRECT] 
2025-09-24 10:39:02,913 [ERROR] LogOutputStream:75 - [STDERR_REDIRECT] [Fatal Error] :1:1: Premature end of file.
2025-09-24 10:39:02,913 [ERROR] LogOutputStream:75 - [STDERR_REDIRECT] 
2025-09-24 10:39:03,905 [ERROR] LogOutputStream:75 - [STDERR_REDIRECT] [Fatal Error] :1:1: Premature end of file.
2025-09-24 10:39:03,905 [ERROR] LogOutputStream:75 - [STDERR_REDIRECT] 
2025-09-24 10:39:04,897 [ERROR] LogOutputStream:75 - [STDERR_REDIRECT] [Fatal Error] :1:1: Premature end of file.
2025-09-24 10:39:04,904 [ERROR] LogOutputStream:75 - [STDERR_REDIRECT] 
2025-09-24 10:39:05,907 [ERROR] LogOutputStream:75 - [STDERR_REDIRECT] [Fatal Error] :1:1: Premature end of file.
2025-09-24 10:39:05,907 [ERROR] LogOutputStream:75 - [STDERR_REDIRECT] 
2025-09-24 10:39:06,899 [ERROR] LogOutputStream:75 - [STDERR_REDIRECT] [Fatal Error] :1:1: Premature end of file.
2025-09-24 10:39:06,899 [ERROR] LogOutputStream:75 - [STDERR_REDIRECT] 
2025-09-24 10:39:07,917 [ERROR] LogOutputStream:75 - [STDERR_REDIRECT] [Fatal Error] :1:1: Premature end of file.
2025-09-24 10:39:07,917 [ERROR] LogOutputStream:75 - [STDERR_REDIRECT] 
2025-09-24 10:39:08,915 [ERROR] LogOutputStream:75 - [STDERR_REDIRECT] [Fatal Error] :1:1: Premature end of file.
2025-09-24 10:39:08,915 [ERROR] LogOutputStream:75 - [STDERR_REDIRECT] 
2025-09-24 10:39:09,898 [ERROR] LogOutputStream:75 - [STDERR_REDIRECT] [Fatal Error] :1:1: Premature end of file.
2025-09-24 10:39:09,898 [ERROR] LogOutputStream:75 - [STDERR_REDIRECT] 
2025-09-24 10:39:10,912 [ERROR] LogOutputStream:75 - [STDERR_REDIRECT] [Fatal Error] :1:1: Premature end of file.
2025-09-24 10:39:10,913 [ERROR] LogOutputStream:75 - [STDERR_REDIRECT] 
2025-09-24 10:39:11,899 [ERROR] LogOutputStream:75 - [STDERR_REDIRECT] [Fatal Error] :1:1: Premature end of file.
2025-09-24 10:39:11,899 [ERROR] LogOutputStream:75 - [STDERR_REDIRECT] 
2025-09-24 10:39:12,898 [ERROR] LogOutputStream:75 - [STDERR_REDIRECT] [Fatal Error] :1:1: Premature end of file.
2025-09-24 10:39:12,898 [ERROR] LogOutputStream:75 - [STDERR_REDIRECT] 
2025-09-24 10:39:13,908 [ERROR] LogOutputStream:75 - [STDERR_REDIRECT] [Fatal Error] :1:1: Premature end of file.
2025-09-24 10:39:13,909 [ERROR] LogOutputStream:75 - [STDERR_REDIRECT] 
2025-09-24 10:39:14,908 [ERROR] LogOutputStream:75 - [STDERR_REDIRECT] [Fatal Error] :1:1: Premature end of file.
2025-09-24 10:39:14,908 [ERROR] LogOutputStream:75 - [STDERR_REDIRECT] 
2025-09-24 10:39:15,916 [ERROR] LogOutputStream:75 - [STDERR_REDIRECT] [Fatal Error] :1:1: Premature end of file.
2025-09-24 10:39:15,916 [ERROR] LogOutputStream:75 - [STDERR_REDIRECT] 
2025-09-24 10:39:16,898 [ERROR] LogOutputStream:75 - [STDERR_REDIRECT] [Fatal Error] :1:1: Premature end of file.
2025-09-24 10:39:16,898 [ERROR] LogOutputStream:75 - [STDERR_REDIRECT] 
2025-09-24 10:39:17,898 [ERROR] LogOutputStream:75 - [STDERR_REDIRECT] [Fatal Error] :1:1: Premature end of file.
2025-09-24 10:39:17,898 [ERROR] LogOutputStream:75 - [STDERR_REDIRECT] 
2025-09-24 10:39:18,898 [ERROR] LogOutputStream:75 - [STDERR_REDIRECT] [Fatal Error] :1:1: Premature end of file.
2025-09-24 10:39:18,898 [ERROR] LogOutputStream:75 - [STDERR_REDIRECT] 
2025-09-24 10:39:19,897 [ERROR] LogOutputStream:75 - [STDERR_REDIRECT] [Fatal Error] :1:1: Premature end of file.
2025-09-24 10:39:19,897 [ERROR] LogOutputStream:75 - [STDERR_REDIRECT] 
2025-09-24 10:39:20,899 [ERROR] LogOutputStream:75 - [STDERR_REDIRECT] [Fatal Error] :1:1: Premature end of file.
2025-09-24 10:39:20,899 [ERROR] LogOutputStream:75 - [STDERR_REDIRECT] 
2025-09-24 10:39:21,897 [ERROR] LogOutputStream:75 - [STDERR_REDIRECT] [Fatal Error] :1:1: Premature end of file.
2025-09-24 10:39:21,897 [ERROR] LogOutputStream:75 - [STDERR_REDIRECT] 
2025-09-24 10:39:22,914 [ERROR] LogOutputStream:75 - [STDERR_REDIRECT] [Fatal Error] :1:1: Premature end of file.
2025-09-24 10:39:22,914 [ERROR] LogOutputStream:75 - [STDERR_REDIRECT] 
2025-09-24 10:39:23,898 [ERROR] LogOutputStream:75 - [STDERR_REDIRECT] [Fatal Error] :1:1: Premature end of file.
2025-09-24 10:39:23,906 [ERROR] LogOutputStream:75 - [STDERR_REDIRECT] 
2025-09-24 10:39:24,916 [ERROR] LogOutputStream:75 - [STDERR_REDIRECT] [Fatal Error] :1:1: Premature end of file.
2025-09-24 10:39:24,916 [ERROR] LogOutputStream:75 - [STDERR_REDIRECT] 
2025-09-24 10:39:25,909 [ERROR] LogOutputStream:75 - [STDERR_REDIRECT] [Fatal Error] :1:1: Premature end of file.
2025-09-24 10:39:25,910 [ERROR] LogOutputStream:75 - [STDERR_REDIRECT] 
2025-09-24 10:39:26,913 [ERROR] LogOutputStream:75 - [STDERR_REDIRECT] [Fatal Error] :1:1: Premature end of file.
2025-09-24 10:39:26,913 [ERROR] LogOutputStream:75 - [STDERR_REDIRECT] 
2025-09-24 10:39:27,915 [ERROR] LogOutputStream:75 - [STDERR_REDIRECT] [Fatal Error] :1:1: Premature end of file.
2025-09-24 10:39:27,916 [ERROR] LogOutputStream:75 - [STDERR_REDIRECT] 
2025-09-24 10:39:28,906 [ERROR] LogOutputStream:75 - [STDERR_REDIRECT] [Fatal Error] :1:1: Premature end of file.
2025-09-24 10:39:28,906 [ERROR] LogOutputStream:75 - [STDERR_REDIRECT] 
2025-09-24 10:39:29,917 [ERROR] LogOutputStream:75 - [STDERR_REDIRECT] [Fatal Error] :1:1: Premature end of file.
2025-09-24 10:39:29,917 [ERROR] LogOutputStream:75 - [STDERR_REDIRECT] 
2025-09-24 10:39:30,908 [ERROR] LogOutputStream:75 - [STDERR_REDIRECT] [Fatal Error] :1:1: Premature end of file.
2025-09-24 10:39:30,908 [ERROR] LogOutputStream:75 - [STDERR_REDIRECT] 
2025-09-24 10:39:31,904 [ERROR] LogOutputStream:75 - [STDERR_REDIRECT] [Fatal Error] :1:1: Premature end of file.
2025-09-24 10:39:31,904 [ERROR] LogOutputStream:75 - [STDERR_REDIRECT] 
2025-09-24 10:39:32,910 [ERROR] LogOutputStream:75 - [STDERR_REDIRECT] [Fatal Error] :1:1: Premature end of file.
2025-09-24 10:39:32,910 [ERROR] LogOutputStream:75 - [STDERR_REDIRECT] 
2025-09-24 10:39:33,914 [ERROR] LogOutputStream:75 - [STDERR_REDIRECT] [Fatal Error] :1:1: Premature end of file.
2025-09-24 10:39:33,915 [ERROR] LogOutputStream:75 - [STDERR_REDIRECT] 
2025-09-24 10:39:34,915 [ERROR] LogOutputStream:75 - [STDERR_REDIRECT] [Fatal Error] :1:1: Premature end of file.
2025-09-24 10:39:34,916 [ERROR] LogOutputStream:75 - [STDERR_REDIRECT] 
2025-09-24 10:39:35,897 [ERROR] LogOutputStream:75 - [STDERR_REDIRECT] [Fatal Error] :1:1: Premature end of file.
2025-09-24 10:39:35,897 [ERROR] LogOutputStream:75 - [STDERR_REDIRECT] 
2025-09-24 10:39:36,908 [ERROR] LogOutputStream:75 - [STDERR_REDIRECT] [Fatal Error] :1:1: Premature end of file.
2025-09-24 10:39:36,909 [ERROR] LogOutputStream:75 - [STDERR_REDIRECT] 
2025-09-24 10:39:37,901 [ERROR] LogOutputStream:75 - [STDERR_REDIRECT] [Fatal Error] :1:1: Premature end of file.
2025-09-24 10:39:37,902 [ERROR] LogOutputStream:75 - [STDERR_REDIRECT] 
2025-09-24 10:39:38,897 [ERROR] LogOutputStream:75 - [STDERR_REDIRECT] [Fatal Error] :1:1: Premature end of file.
2025-09-24 10:39:38,897 [ERROR] LogOutputStream:75 - [STDERR_REDIRECT] 
2025-09-24 10:39:39,903 [ERROR] LogOutputStream:75 - [STDERR_REDIRECT] [Fatal Error] :1:1: Premature end of file.
2025-09-24 10:39:39,903 [ERROR] LogOutputStream:75 - [STDERR_REDIRECT] 
2025-09-24 10:39:40,907 [ERROR] LogOutputStream:75 - [STDERR_REDIRECT] [Fatal Error] :1:1: Premature end of file.
2025-09-24 10:39:40,907 [ERROR] LogOutputStream:75 - [STDERR_REDIRECT] 
2025-09-24 10:39:41,917 [ERROR] LogOutputStream:75 - [STDERR_REDIRECT] [Fatal Error] :1:1: Premature end of file.
2025-09-24 10:39:41,917 [ERROR] LogOutputStream:75 - [STDERR_REDIRECT] 
2025-09-24 10:39:42,907 [ERROR] LogOutputStream:75 - [STDERR_REDIRECT] [Fatal Error] :1:1: Premature end of file.
2025-09-24 10:39:42,907 [ERROR] LogOutputStream:75 - [STDERR_REDIRECT] 
2025-09-24 10:39:43,897 [ERROR] LogOutputStream:75 - [STDERR_REDIRECT] [Fatal Error] :1:1: Premature end of file.
2025-09-24 10:39:43,897 [ERROR] LogOutputStream:75 - [STDERR_REDIRECT] 
2025-09-24 10:39:44,907 [ERROR] LogOutputStream:75 - [STDERR_REDIRECT] [Fatal Error] :1:1: Premature end of file.
2025-09-24 10:39:44,907 [ERROR] LogOutputStream:75 - [STDERR_REDIRECT] 
2025-09-24 10:39:45,897 [ERROR] LogOutputStream:75 - [STDERR_REDIRECT] [Fatal Error] :1:1: Premature end of file.
2025-09-24 10:39:45,897 [ERROR] LogOutputStream:75 - [STDERR_REDIRECT] 
2025-09-24 10:39:46,917 [ERROR] LogOutputStream:75 - [STDERR_REDIRECT] [Fatal Error] :1:1: Premature end of file.
2025-09-24 10:39:46,917 [ERROR] LogOutputStream:75 - [STDERR_REDIRECT] 
2025-09-24 10:39:47,928 [ERROR] LogOutputStream:75 - [STDERR_REDIRECT] [Fatal Error] :1:1: Premature end of file.
2025-09-24 10:39:47,928 [ERROR] LogOutputStream:75 - [STDERR_REDIRECT] 
2025-09-24 10:39:48,916 [ERROR] LogOutputStream:75 - [STDERR_REDIRECT] [Fatal Error] :1:1: Premature end of file.
2025-09-24 10:39:48,916 [ERROR] LogOutputStream:75 - [STDERR_REDIRECT] 
2025-09-24 10:39:49,898 [ERROR] LogOutputStream:75 - [STDERR_REDIRECT] [Fatal Error] :1:1: Premature end of file.
2025-09-24 10:39:49,898 [ERROR] LogOutputStream:75 - [STDERR_REDIRECT] 
2025-09-24 10:39:50,898 [ERROR] LogOutputStream:75 - [STDERR_REDIRECT] [Fatal Error] :1:1: Premature end of file.
2025-09-24 10:39:50,898 [ERROR] LogOutputStream:75 - [STDERR_REDIRECT] 
2025-09-24 10:39:51,910 [ERROR] LogOutputStream:75 - [STDERR_REDIRECT] [Fatal Error] :1:1: Premature end of file.
2025-09-24 10:39:51,910 [ERROR] LogOutputStream:75 - [STDERR_REDIRECT] 
2025-09-24 10:39:52,906 [ERROR] LogOutputStream:75 - [STDERR_REDIRECT] [Fatal Error] :1:1: Premature end of file.
2025-09-24 10:39:52,907 [ERROR] LogOutputStream:75 - [STDERR_REDIRECT] 
2025-09-24 10:39:53,917 [ERROR] LogOutputStream:75 - [STDERR_REDIRECT] [Fatal Error] :1:1: Premature end of file.
2025-09-24 10:39:53,917 [ERROR] LogOutputStream:75 - [STDERR_REDIRECT] 
2025-09-24 10:39:54,911 [ERROR] LogOutputStream:75 - [STDERR_REDIRECT] [Fatal Error] :1:1: Premature end of file.
2025-09-24 10:39:54,913 [ERROR] LogOutputStream:75 - [STDERR_REDIRECT] 
2025-09-24 10:39:55,907 [ERROR] LogOutputStream:75 - [STDERR_REDIRECT] [Fatal Error] :1:1: Premature end of file.
2025-09-24 10:39:55,907 [ERROR] LogOutputStream:75 - [STDERR_REDIRECT] 
2025-09-24 10:39:56,926 [ERROR] LogOutputStream:75 - [STDERR_REDIRECT] [Fatal Error] :1:1: Premature end of file.
2025-09-24 10:39:56,926 [ERROR] LogOutputStream:75 - [STDERR_REDIRECT] 
2025-09-24 10:39:57,900 [ERROR] LogOutputStream:75 - [STDERR_REDIRECT] [Fatal Error] :1:1: Premature end of file.
2025-09-24 10:39:57,900 [ERROR] LogOutputStream:75 - [STDERR_REDIRECT] 
2025-09-24 10:39:58,914 [ERROR] LogOutputStream:75 - [STDERR_REDIRECT] [Fatal Error] :1:1: Premature end of file.
2025-09-24 10:39:58,914 [ERROR] LogOutputStream:75 - [STDERR_REDIRECT] 
2025-09-24 10:39:59,909 [ERROR] LogOutputStream:75 - [STDERR_REDIRECT] [Fatal Error] :1:1: Premature end of file.
2025-09-24 10:39:59,909 [ERROR] LogOutputStream:75 - [STDERR_REDIRECT] 
2025-09-24 10:40:00,909 [ERROR] LogOutputStream:75 - [STDERR_REDIRECT] [Fatal Error] :1:1: Premature end of file.
2025-09-24 10:40:00,909 [ERROR] LogOutputStream:75 - [STDERR_REDIRECT] 
2025-09-24 10:40:01,911 [ERROR] LogOutputStream:75 - [STDERR_REDIRECT] [Fatal Error] :1:1: Premature end of file.
2025-09-24 10:40:01,911 [ERROR] LogOutputStream:75 - [STDERR_REDIRECT] 
2025-09-24 10:40:02,908 [ERROR] LogOutputStream:75 - [STDERR_REDIRECT] [Fatal Error] :1:1: Premature end of file.
2025-09-24 10:40:02,908 [ERROR] LogOutputStream:75 - [STDERR_REDIRECT] 
2025-09-24 10:40:03,923 [ERROR] LogOutputStream:75 - [STDERR_REDIRECT] [Fatal Error] :1:1: Premature end of file.
2025-09-24 10:40:03,923 [ERROR] LogOutputStream:75 - [STDERR_REDIRECT] 
2025-09-24 10:40:04,919 [ERROR] LogOutputStream:75 - [STDERR_REDIRECT] [Fatal Error] :1:1: Premature end of file.
2025-09-24 10:40:04,919 [ERROR] LogOutputStream:75 - [STDERR_REDIRECT] 
2025-09-24 10:40:05,913 [ERROR] LogOutputStream:75 - [STDERR_REDIRECT] [Fatal Error] :1:1: Premature end of file.
2025-09-24 10:40:05,913 [ERROR] LogOutputStream:75 - [STDERR_REDIRECT] 
2025-09-24 10:40:06,917 [ERROR] LogOutputStream:75 - [STDERR_REDIRECT] [Fatal Error] :1:1: Premature end of file.
2025-09-24 10:40:06,917 [ERROR] LogOutputStream:75 - [STDERR_REDIRECT] 
2025-09-24 10:40:07,910 [ERROR] LogOutputStream:75 - [STDERR_REDIRECT] [Fatal Error] :1:1: Premature end of file.
2025-09-24 10:40:07,910 [ERROR] LogOutputStream:75 - [STDERR_REDIRECT] 
2025-09-24 10:40:08,910 [ERROR] LogOutputStream:75 - [STDERR_REDIRECT] [Fatal Error] :1:1: Premature end of file.
2025-09-24 10:40:08,910 [ERROR] LogOutputStream:75 - [STDERR_REDIRECT] 
2025-09-24 10:40:09,905 [ERROR] LogOutputStream:75 - [STDERR_REDIRECT] [Fatal Error] :1:1: Premature end of file.
2025-09-24 10:40:09,905 [ERROR] LogOutputStream:75 - [STDERR_REDIRECT] 
2025-09-24 10:40:10,908 [ERROR] LogOutputStream:75 - [STDERR_REDIRECT] [Fatal Error] :1:1: Premature end of file.
2025-09-24 10:40:10,908 [ERROR] LogOutputStream:75 - [STDERR_REDIRECT] 
2025-09-24 10:40:11,905 [ERROR] LogOutputStream:75 - [STDERR_REDIRECT] [Fatal Error] :1:1: Premature end of file.
2025-09-24 10:40:11,905 [ERROR] LogOutputStream:75 - [STDERR_REDIRECT] 
2025-09-24 10:40:12,911 [ERROR] LogOutputStream:75 - [STDERR_REDIRECT] [Fatal Error] :1:1: Premature end of file.
2025-09-24 10:40:12,911 [ERROR] LogOutputStream:75 - [STDERR_REDIRECT] 
2025-09-24 10:40:13,912 [ERROR] LogOutputStream:75 - [STDERR_REDIRECT] [Fatal Error] :1:1: Premature end of file.
2025-09-24 10:40:13,912 [ERROR] LogOutputStream:75 - [STDERR_REDIRECT] 
2025-09-24 10:40:14,906 [ERROR] LogOutputStream:75 - [STDERR_REDIRECT] [Fatal Error] :1:1: Premature end of file.
2025-09-24 10:40:14,906 [ERROR] LogOutputStream:75 - [STDERR_REDIRECT] 
2025-09-24 10:40:15,905 [ERROR] LogOutputStream:75 - [STDERR_REDIRECT] [Fatal Error] :1:1: Premature end of file.
2025-09-24 10:40:15,905 [ERROR] LogOutputStream:75 - [STDERR_REDIRECT] 
2025-09-24 10:40:16,913 [ERROR] LogOutputStream:75 - [STDERR_REDIRECT] [Fatal Error] :1:1: Premature end of file.
2025-09-24 10:40:16,913 [ERROR] LogOutputStream:75 - [STDERR_REDIRECT] 
2025-09-24 10:40:17,917 [ERROR] LogOutputStream:75 - [STDERR_REDIRECT] [Fatal Error] :1:1: Premature end of file.
2025-09-24 10:40:17,917 [ERROR] LogOutputStream:75 - [STDERR_REDIRECT] 
2025-09-24 10:40:18,902 [ERROR] LogOutputStream:75 - [STDERR_REDIRECT] [Fatal Error] :1:1: Premature end of file.
2025-09-24 10:40:18,902 [ERROR] LogOutputStream:75 - [STDERR_REDIRECT] 
2025-09-24 10:40:19,908 [ERROR] LogOutputStream:75 - [STDERR_REDIRECT] [Fatal Error] :1:1: Premature end of file.
2025-09-24 10:40:19,909 [ERROR] LogOutputStream:75 - [STDERR_REDIRECT] 
2025-09-24 10:40:20,905 [ERROR] LogOutputStream:75 - [STDERR_REDIRECT] [Fatal Error] :1:1: Premature end of file.
2025-09-24 10:40:20,905 [ERROR] LogOutputStream:75 - [STDERR_REDIRECT] 
2025-09-24 10:40:21,910 [ERROR] LogOutputStream:75 - [STDERR_REDIRECT] [Fatal Error] :1:1: Premature end of file.
2025-09-24 10:40:21,910 [ERROR] LogOutputStream:75 - [STDERR_REDIRECT] 
2025-09-24 10:40:22,916 [ERROR] LogOutputStream:75 - [STDERR_REDIRECT] [Fatal Error] :1:1: Premature end of file.
2025-09-24 10:40:22,917 [ERROR] LogOutputStream:75 - [STDERR_REDIRECT] 
2025-09-24 10:40:23,914 [ERROR] LogOutputStream:75 - [STDERR_REDIRECT] [Fatal Error] :1:1: Premature end of file.
2025-09-24 10:40:23,914 [ERROR] LogOutputStream:75 - [STDERR_REDIRECT] 
2025-09-24 10:40:24,914 [ERROR] LogOutputStream:75 - [STDERR_REDIRECT] [Fatal Error] :1:1: Premature end of file.
2025-09-24 10:40:24,915 [ERROR] LogOutputStream:75 - [STDERR_REDIRECT] 
2025-09-24 10:40:25,897 [ERROR] LogOutputStream:75 - [STDERR_REDIRECT] [Fatal Error] :1:1: Premature end of file.
2025-09-24 10:40:25,897 [ERROR] LogOutputStream:75 - [STDERR_REDIRECT] 
2025-09-24 10:40:26,909 [ERROR] LogOutputStream:75 - [STDERR_REDIRECT] [Fatal Error] :1:1: Premature end of file.
2025-09-24 10:40:26,909 [ERROR] LogOutputStream:75 - [STDERR_REDIRECT] 
2025-09-24 10:40:27,910 [ERROR] LogOutputStream:75 - [STDERR_REDIRECT] [Fatal Error] :1:1: Premature end of file.
2025-09-24 10:40:27,910 [ERROR] LogOutputStream:75 - [STDERR_REDIRECT] 
2025-09-24 10:40:28,899 [ERROR] LogOutputStream:75 - [STDERR_REDIRECT] [Fatal Error] :1:1: Premature end of file.
2025-09-24 10:40:28,899 [ERROR] LogOutputStream:75 - [STDERR_REDIRECT] 
2025-09-24 10:40:29,905 [ERROR] LogOutputStream:75 - [STDERR_REDIRECT] [Fatal Error] :1:1: Premature end of file.
2025-09-24 10:40:29,906 [ERROR] LogOutputStream:75 - [STDERR_REDIRECT] 
2025-09-24 10:40:30,901 [ERROR] LogOutputStream:75 - [STDERR_REDIRECT] [Fatal Error] :1:1: Premature end of file.
2025-09-24 10:40:30,901 [ERROR] LogOutputStream:75 - [STDERR_REDIRECT] 
2025-09-24 10:40:31,899 [ERROR] LogOutputStream:75 - [STDERR_REDIRECT] [Fatal Error] :1:1: Premature end of file.
2025-09-24 10:40:31,899 [ERROR] LogOutputStream:75 - [STDERR_REDIRECT] 
2025-09-24 10:40:32,900 [ERROR] LogOutputStream:75 - [STDERR_REDIRECT] [Fatal Error] :1:1: Premature end of file.
2025-09-24 10:40:32,900 [ERROR] LogOutputStream:75 - [STDERR_REDIRECT] 
2025-09-24 10:40:33,901 [ERROR] LogOutputStream:75 - [STDERR_REDIRECT] [Fatal Error] :1:1: Premature end of file.
2025-09-24 10:40:33,901 [ERROR] LogOutputStream:75 - [STDERR_REDIRECT] 
2025-09-24 10:40:34,900 [ERROR] LogOutputStream:75 - [STDERR_REDIRECT] [Fatal Error] :1:1: Premature end of file.
2025-09-24 10:40:34,900 [ERROR] LogOutputStream:75 - [STDERR_REDIRECT] 
2025-09-24 10:40:35,902 [ERROR] LogOutputStream:75 - [STDERR_REDIRECT] [Fatal Error] :1:1: Premature end of file.
2025-09-24 10:40:35,902 [ERROR] LogOutputStream:75 - [STDERR_REDIRECT] 
2025-09-24 10:40:36,903 [ERROR] LogOutputStream:75 - [STDERR_REDIRECT] [Fatal Error] :1:1: Premature end of file.
2025-09-24 10:40:36,904 [ERROR] LogOutputStream:75 - [STDERR_REDIRECT] 
2025-09-24 10:40:37,901 [ERROR] LogOutputStream:75 - [STDERR_REDIRECT] [Fatal Error] :1:1: Premature end of file.
2025-09-24 10:40:37,902 [ERROR] LogOutputStream:75 - [STDERR_REDIRECT] 
2025-09-24 10:40:38,900 [ERROR] LogOutputStream:75 - [STDERR_REDIRECT] [Fatal Error] :1:1: Premature end of file.
2025-09-24 10:40:38,901 [ERROR] LogOutputStream:75 - [STDERR_REDIRECT] 
2025-09-24 10:40:39,902 [ERROR] LogOutputStream:75 - [STDERR_REDIRECT] [Fatal Error] :1:1: Premature end of file.
2025-09-24 10:40:39,902 [ERROR] LogOutputStream:75 - [STDERR_REDIRECT] 
2025-09-24 10:40:40,901 [ERROR] LogOutputStream:75 - [STDERR_REDIRECT] [Fatal Error] :1:1: Premature end of file.
2025-09-24 10:40:40,901 [ERROR] LogOutputStream:75 - [STDERR_REDIRECT] 
2025-09-24 10:40:41,899 [ERROR] LogOutputStream:75 - [STDERR_REDIRECT] [Fatal Error] :1:1: Premature end of file.
2025-09-24 10:40:41,900 [ERROR] LogOutputStream:75 - [STDERR_REDIRECT] 
2025-09-24 10:40:42,902 [ERROR] LogOutputStream:75 - [STDERR_REDIRECT] [Fatal Error] :1:1: Premature end of file.
2025-09-24 10:40:42,902 [ERROR] LogOutputStream:75 - [STDERR_REDIRECT] 
2025-09-24 10:40:43,902 [ERROR] LogOutputStream:75 - [STDERR_REDIRECT] [Fatal Error] :1:1: Premature end of file.
2025-09-24 10:40:43,903 [ERROR] LogOutputStream:75 - [STDERR_REDIRECT] 
2025-09-24 10:40:44,913 [ERROR] LogOutputStream:75 - [STDERR_REDIRECT] [Fatal Error] :1:1: Premature end of file.
2025-09-24 10:40:44,913 [ERROR] LogOutputStream:75 - [STDERR_REDIRECT] 
2025-09-24 10:40:45,900 [ERROR] LogOutputStream:75 - [STDERR_REDIRECT] [Fatal Error] :1:1: Premature end of file.
2025-09-24 10:40:45,900 [ERROR] LogOutputStream:75 - [STDERR_REDIRECT] 
2025-09-24 10:40:46,901 [ERROR] LogOutputStream:75 - [STDERR_REDIRECT] [Fatal Error] :1:1: Premature end of file.
2025-09-24 10:40:46,901 [ERROR] LogOutputStream:75 - [STDERR_REDIRECT] 
2025-09-24 10:40:47,907 [ERROR] LogOutputStream:75 - [STDERR_REDIRECT] [Fatal Error] :1:1: Premature end of file.
2025-09-24 10:40:47,907 [ERROR] LogOutputStream:75 - [STDERR_REDIRECT] 
2025-09-24 10:40:48,905 [ERROR] LogOutputStream:75 - [STDERR_REDIRECT] [Fatal Error] :1:1: Premature end of file.
2025-09-24 10:40:48,905 [ERROR] LogOutputStream:75 - [STDERR_REDIRECT] 
2025-09-24 10:40:49,905 [ERROR] LogOutputStream:75 - [STDERR_REDIRECT] [Fatal Error] :1:1: Premature end of file.
2025-09-24 10:40:49,905 [ERROR] LogOutputStream:75 - [STDERR_REDIRECT] 
2025-09-24 10:40:50,901 [ERROR] LogOutputStream:75 - [STDERR_REDIRECT] [Fatal Error] :1:1: Premature end of file.
2025-09-24 10:40:50,901 [ERROR] LogOutputStream:75 - [STDERR_REDIRECT] 
2025-09-24 10:40:51,904 [ERROR] LogOutputStream:75 - [STDERR_REDIRECT] [Fatal Error] :1:1: Premature end of file.
2025-09-24 10:40:51,904 [ERROR] LogOutputStream:75 - [STDERR_REDIRECT] 
2025-09-24 10:40:52,903 [ERROR] LogOutputStream:75 - [STDERR_REDIRECT] [Fatal Error] :1:1: Premature end of file.
2025-09-24 10:40:52,904 [ERROR] LogOutputStream:75 - [STDERR_REDIRECT] 
2025-09-24 10:40:53,910 [ERROR] LogOutputStream:75 - [STDERR_REDIRECT] [Fatal Error] :1:1: Premature end of file.
2025-09-24 10:40:53,910 [ERROR] LogOutputStream:75 - [STDERR_REDIRECT] 
2025-09-24 10:40:54,903 [ERROR] LogOutputStream:75 - [STDERR_REDIRECT] [Fatal Error] :1:1: Premature end of file.
2025-09-24 10:40:54,903 [ERROR] LogOutputStream:75 - [STDERR_REDIRECT] 
2025-09-24 10:40:55,901 [ERROR] LogOutputStream:75 - [STDERR_REDIRECT] [Fatal Error] :1:1: Premature end of file.
2025-09-24 10:40:55,902 [ERROR] LogOutputStream:75 - [STDERR_REDIRECT] 
2025-09-24 10:40:56,901 [ERROR] LogOutputStream:75 - [STDERR_REDIRECT] [Fatal Error] :1:1: Premature end of file.
2025-09-24 10:40:56,901 [ERROR] LogOutputStream:75 - [STDERR_REDIRECT] 
2025-09-24 10:40:57,913 [ERROR] LogOutputStream:75 - [STDERR_REDIRECT] [Fatal Error] :1:1: Premature end of file.
2025-09-24 10:40:57,913 [ERROR] LogOutputStream:75 - [STDERR_REDIRECT] 
2025-09-24 10:40:58,931 [ERROR] LogOutputStream:75 - [STDERR_REDIRECT] [Fatal Error] :1:1: Premature end of file.
2025-09-24 10:40:58,932 [ERROR] LogOutputStream:75 - [STDERR_REDIRECT] 
2025-09-24 10:40:59,900 [ERROR] LogOutputStream:75 - [STDERR_REDIRECT] [Fatal Error] :1:1: Premature end of file.
2025-09-24 10:40:59,900 [ERROR] LogOutputStream:75 - [STDERR_REDIRECT] 
2025-09-24 10:41:00,916 [ERROR] LogOutputStream:75 - [STDERR_REDIRECT] [Fatal Error] :1:1: Premature end of file.
2025-09-24 10:41:00,916 [ERROR] LogOutputStream:75 - [STDERR_REDIRECT] 
2025-09-24 10:41:01,906 [ERROR] LogOutputStream:75 - [STDERR_REDIRECT] [Fatal Error] :1:1: Premature end of file.
2025-09-24 10:41:01,906 [ERROR] LogOutputStream:75 - [STDERR_REDIRECT] 
2025-09-24 10:41:02,901 [ERROR] LogOutputStream:75 - [STDERR_REDIRECT] [Fatal Error] :1:1: Premature end of file.
2025-09-24 10:41:02,901 [ERROR] LogOutputStream:75 - [STDERR_REDIRECT] 
2025-09-24 10:41:03,902 [ERROR] LogOutputStream:75 - [STDERR_REDIRECT] [Fatal Error] :1:1: Premature end of file.
2025-09-24 10:41:03,902 [ERROR] LogOutputStream:75 - [STDERR_REDIRECT] 
2025-09-24 10:41:04,901 [ERROR] LogOutputStream:75 - [STDERR_REDIRECT] [Fatal Error] :1:1: Premature end of file.
2025-09-24 10:41:04,901 [ERROR] LogOutputStream:75 - [STDERR_REDIRECT] 
2025-09-24 10:41:05,900 [ERROR] LogOutputStream:75 - [STDERR_REDIRECT] [Fatal Error] :1:1: Premature end of file.
2025-09-24 10:41:05,900 [ERROR] LogOutputStream:75 - [STDERR_REDIRECT] 
2025-09-24 10:41:06,900 [ERROR] LogOutputStream:75 - [STDERR_REDIRECT] [Fatal Error] :1:1: Premature end of file.
2025-09-24 10:41:06,900 [ERROR] LogOutputStream:75 - [STDERR_REDIRECT] 
2025-09-24 10:41:07,908 [ERROR] LogOutputStream:75 - [STDERR_REDIRECT] [Fatal Error] :1:1: Premature end of file.
2025-09-24 10:41:07,908 [ERROR] LogOutputStream:75 - [STDERR_REDIRECT] 
2025-09-24 10:41:08,900 [ERROR] LogOutputStream:75 - [STDERR_REDIRECT] [Fatal Error] :1:1: Premature end of file.
2025-09-24 10:41:08,900 [ERROR] LogOutputStream:75 - [STDERR_REDIRECT] 
2025-09-24 10:41:09,902 [ERROR] LogOutputStream:75 - [STDERR_REDIRECT] [Fatal Error] :1:1: Premature end of file.
2025-09-24 10:41:09,903 [ERROR] LogOutputStream:75 - [STDERR_REDIRECT] 
2025-09-24 10:41:10,901 [ERROR] LogOutputStream:75 - [STDERR_REDIRECT] [Fatal Error] :1:1: Premature end of file.
2025-09-24 10:41:10,901 [ERROR] LogOutputStream:75 - [STDERR_REDIRECT] 
2025-09-24 10:41:11,899 [ERROR] LogOutputStream:75 - [STDERR_REDIRECT] [Fatal Error] :1:1: Premature end of file.
2025-09-24 10:41:11,900 [ERROR] LogOutputStream:75 - [STDERR_REDIRECT] 
2025-09-24 10:41:12,900 [ERROR] LogOutputStream:75 - [STDERR_REDIRECT] [Fatal Error] :1:1: Premature end of file.
2025-09-24 10:41:12,900 [ERROR] LogOutputStream:75 - [STDERR_REDIRECT] 
2025-09-24 10:41:13,909 [ERROR] LogOutputStream:75 - [STDERR_REDIRECT] [Fatal Error] :1:1: Premature end of file.
2025-09-24 10:41:13,910 [ERROR] LogOutputStream:75 - [STDERR_REDIRECT] 
2025-09-24 10:41:15,245 [ERROR] LogOutputStream:75 - [STDERR_REDIRECT] [Fatal Error] :1:1: Premature end of file.
2025-09-24 10:41:15,245 [ERROR] LogOutputStream:75 - [STDERR_REDIRECT] 
2025-09-24 10:41:16,318 [ERROR] LogOutputStream:75 - [STDERR_REDIRECT] [Fatal Error] :1:1: Premature end of file.
2025-09-24 10:41:16,318 [ERROR] LogOutputStream:75 - [STDERR_REDIRECT] 
2025-09-24 10:41:17,160 [ERROR] LogOutputStream:75 - [STDERR_REDIRECT] [Fatal Error] :1:1: Premature end of file.
2025-09-24 10:41:17,160 [ERROR] LogOutputStream:75 - [STDERR_REDIRECT] 
2025-09-24 10:41:18,349 [ERROR] LogOutputStream:75 - [STDERR_REDIRECT] [Fatal Error] :1:1: Premature end of file.
2025-09-24 10:41:18,349 [ERROR] LogOutputStream:75 - [STDERR_REDIRECT] 
2025-09-24 10:41:19,233 [ERROR] LogOutputStream:75 - [STDERR_REDIRECT] [Fatal Error] :1:1: Premature end of file.
2025-09-24 10:41:19,234 [ERROR] LogOutputStream:75 - [STDERR_REDIRECT] 
2025-09-24 10:41:19,943 [ERROR] LogOutputStream:75 - [STDERR_REDIRECT] [Fatal Error] :1:1: Premature end of file.
2025-09-24 10:41:19,944 [ERROR] LogOutputStream:75 - [STDERR_REDIRECT] 
2025-09-24 10:41:20,916 [ERROR] LogOutputStream:75 - [STDERR_REDIRECT] [Fatal Error] :1:1: Premature end of file.
2025-09-24 10:41:20,917 [ERROR] LogOutputStream:75 - [STDERR_REDIRECT] 
2025-09-24 10:41:21,910 [ERROR] LogOutputStream:75 - [STDERR_REDIRECT] [Fatal Error] :1:1: Premature end of file.
2025-09-24 10:41:21,911 [ERROR] LogOutputStream:75 - [STDERR_REDIRECT] 
2025-09-24 10:41:22,912 [ERROR] LogOutputStream:75 - [STDERR_REDIRECT] [Fatal Error] :1:1: Premature end of file.
2025-09-24 10:41:22,913 [ERROR] LogOutputStream:75 - [STDERR_REDIRECT] 
2025-09-24 10:41:23,905 [ERROR] LogOutputStream:75 - [STDERR_REDIRECT] [Fatal Error] :1:1: Premature end of file.
2025-09-24 10:41:23,905 [ERROR] LogOutputStream:75 - [STDERR_REDIRECT] 
2025-09-24 10:41:24,898 [ERROR] LogOutputStream:75 - [STDERR_REDIRECT] [Fatal Error] :1:1: Premature end of file.
2025-09-24 10:41:24,898 [ERROR] LogOutputStream:75 - [STDERR_REDIRECT] 
2025-09-24 10:41:25,902 [ERROR] LogOutputStream:75 - [STDERR_REDIRECT] [Fatal Error] :1:1: Premature end of file.
2025-09-24 10:41:25,902 [ERROR] LogOutputStream:75 - [STDERR_REDIRECT] 
2025-09-24 10:41:26,902 [ERROR] LogOutputStream:75 - [STDERR_REDIRECT] [Fatal Error] :1:1: Premature end of file.
2025-09-24 10:41:26,902 [ERROR] LogOutputStream:75 - [STDERR_REDIRECT] 
2025-09-24 10:41:27,899 [ERROR] LogOutputStream:75 - [STDERR_REDIRECT] [Fatal Error] :1:1: Premature end of file.
2025-09-24 10:41:27,899 [ERROR] LogOutputStream:75 - [STDERR_REDIRECT] 
2025-09-24 10:41:28,900 [ERROR] LogOutputStream:75 - [STDERR_REDIRECT] [Fatal Error] :1:1: Premature end of file.
2025-09-24 10:41:28,900 [ERROR] LogOutputStream:75 - [STDERR_REDIRECT] 
2025-09-24 10:41:29,902 [ERROR] LogOutputStream:75 - [STDERR_REDIRECT] [Fatal Error] :1:1: Premature end of file.
2025-09-24 10:41:29,902 [ERROR] LogOutputStream:75 - [STDERR_REDIRECT] 
2025-09-24 10:41:30,899 [ERROR] LogOutputStream:75 - [STDERR_REDIRECT] [Fatal Error] :1:1: Premature end of file.
2025-09-24 10:41:30,900 [ERROR] LogOutputStream:75 - [STDERR_REDIRECT] 
2025-09-24 10:41:31,904 [ERROR] LogOutputStream:75 - [STDERR_REDIRECT] [Fatal Error] :1:1: Premature end of file.
2025-09-24 10:41:31,904 [ERROR] LogOutputStream:75 - [STDERR_REDIRECT] 
2025-09-24 10:41:32,900 [ERROR] LogOutputStream:75 - [STDERR_REDIRECT] [Fatal Error] :1:1: Premature end of file.
2025-09-24 10:41:32,900 [ERROR] LogOutputStream:75 - [STDERR_REDIRECT] 
2025-09-24 10:41:33,901 [ERROR] LogOutputStream:75 - [STDERR_REDIRECT] [Fatal Error] :1:1: Premature end of file.
2025-09-24 10:41:33,901 [ERROR] LogOutputStream:75 - [STDERR_REDIRECT] 
2025-09-24 10:41:34,901 [ERROR] LogOutputStream:75 - [STDERR_REDIRECT] [Fatal Error] :1:1: Premature end of file.
2025-09-24 10:41:34,901 [ERROR] LogOutputStream:75 - [STDERR_REDIRECT] 
2025-09-24 10:41:35,908 [ERROR] LogOutputStream:75 - [STDERR_REDIRECT] [Fatal Error] :1:1: Premature end of file.
2025-09-24 10:41:35,908 [ERROR] LogOutputStream:75 - [STDERR_REDIRECT] 
2025-09-24 10:41:36,903 [ERROR] LogOutputStream:75 - [STDERR_REDIRECT] [Fatal Error] :1:1: Premature end of file.
2025-09-24 10:41:36,903 [ERROR] LogOutputStream:75 - [STDERR_REDIRECT] 
2025-09-24 10:41:37,900 [ERROR] LogOutputStream:75 - [STDERR_REDIRECT] [Fatal Error] :1:1: Premature end of file.
2025-09-24 10:41:37,900 [ERROR] LogOutputStream:75 - [STDERR_REDIRECT] 
2025-09-24 10:41:38,905 [ERROR] LogOutputStream:75 - [STDERR_REDIRECT] [Fatal Error] :1:1: Premature end of file.
2025-09-24 10:41:38,905 [ERROR] LogOutputStream:75 - [STDERR_REDIRECT] 
2025-09-24 10:41:39,904 [ERROR] LogOutputStream:75 - [STDERR_REDIRECT] [Fatal Error] :1:1: Premature end of file.
2025-09-24 10:41:39,906 [ERROR] LogOutputStream:75 - [STDERR_REDIRECT] 
2025-09-24 10:41:40,898 [ERROR] LogOutputStream:75 - [STDERR_REDIRECT] [Fatal Error] :1:1: Premature end of file.
2025-09-24 10:41:40,898 [ERROR] LogOutputStream:75 - [STDERR_REDIRECT] 
2025-09-24 10:41:41,898 [ERROR] LogOutputStream:75 - [STDERR_REDIRECT] [Fatal Error] :1:1: Premature end of file.
2025-09-24 10:41:41,899 [ERROR] LogOutputStream:75 - [STDERR_REDIRECT] 
2025-09-24 10:41:42,912 [ERROR] LogOutputStream:75 - [STDERR_REDIRECT] [Fatal Error] :1:1: Premature end of file.
2025-09-24 10:41:42,912 [ERROR] LogOutputStream:75 - [STDERR_REDIRECT] 
2025-09-24 10:41:43,903 [ERROR] LogOutputStream:75 - [STDERR_REDIRECT] [Fatal Error] :1:1: Premature end of file.
2025-09-24 10:41:43,903 [ERROR] LogOutputStream:75 - [STDERR_REDIRECT] 
2025-09-24 10:41:44,903 [ERROR] LogOutputStream:75 - [STDERR_REDIRECT] [Fatal Error] :1:1: Premature end of file.
2025-09-24 10:41:44,903 [ERROR] LogOutputStream:75 - [STDERR_REDIRECT] 
2025-09-24 10:41:45,903 [ERROR] LogOutputStream:75 - [STDERR_REDIRECT] [Fatal Error] :1:1: Premature end of file.
2025-09-24 10:41:45,903 [ERROR] LogOutputStream:75 - [STDERR_REDIRECT] 
2025-09-24 10:41:46,900 [ERROR] LogOutputStream:75 - [STDERR_REDIRECT] [Fatal Error] :1:1: Premature end of file.
2025-09-24 10:41:46,900 [ERROR] LogOutputStream:75 - [STDERR_REDIRECT] 
2025-09-24 10:41:47,900 [ERROR] LogOutputStream:75 - [STDERR_REDIRECT] [Fatal Error] :1:1: Premature end of file.
2025-09-24 10:41:47,900 [ERROR] LogOutputStream:75 - [STDERR_REDIRECT] 
2025-09-24 10:41:48,901 [ERROR] LogOutputStream:75 - [STDERR_REDIRECT] [Fatal Error] :1:1: Premature end of file.
2025-09-24 10:41:48,901 [ERROR] LogOutputStream:75 - [STDERR_REDIRECT] 
2025-09-24 10:41:49,900 [ERROR] LogOutputStream:75 - [STDERR_REDIRECT] [Fatal Error] :1:1: Premature end of file.
2025-09-24 10:41:49,901 [ERROR] LogOutputStream:75 - [STDERR_REDIRECT] 
2025-09-24 10:41:50,902 [ERROR] LogOutputStream:75 - [STDERR_REDIRECT] [Fatal Error] :1:1: Premature end of file.
2025-09-24 10:41:50,902 [ERROR] LogOutputStream:75 - [STDERR_REDIRECT] 
2025-09-24 10:41:51,901 [ERROR] LogOutputStream:75 - [STDERR_REDIRECT] [Fatal Error] :1:1: Premature end of file.
2025-09-24 10:41:51,901 [ERROR] LogOutputStream:75 - [STDERR_REDIRECT] 
2025-09-24 10:41:52,901 [ERROR] LogOutputStream:75 - [STDERR_REDIRECT] [Fatal Error] :1:1: Premature end of file.
2025-09-24 10:41:52,901 [ERROR] LogOutputStream:75 - [STDERR_REDIRECT] 
2025-09-24 10:41:53,901 [ERROR] LogOutputStream:75 - [STDERR_REDIRECT] [Fatal Error] :1:1: Premature end of file.
2025-09-24 10:41:53,901 [ERROR] LogOutputStream:75 - [STDERR_REDIRECT] 
2025-09-24 10:41:54,900 [ERROR] LogOutputStream:75 - [STDERR_REDIRECT] [Fatal Error] :1:1: Premature end of file.
2025-09-24 10:41:54,900 [ERROR] LogOutputStream:75 - [STDERR_REDIRECT] 
2025-09-24 10:41:55,900 [ERROR] LogOutputStream:75 - [STDERR_REDIRECT] [Fatal Error] :1:1: Premature end of file.
2025-09-24 10:41:55,900 [ERROR] LogOutputStream:75 - [STDERR_REDIRECT] 
2025-09-24 10:41:56,900 [ERROR] LogOutputStream:75 - [STDERR_REDIRECT] [Fatal Error] :1:1: Premature end of file.
2025-09-24 10:41:56,900 [ERROR] LogOutputStream:75 - [STDERR_REDIRECT] 
2025-09-24 10:41:57,900 [ERROR] LogOutputStream:75 - [STDERR_REDIRECT] [Fatal Error] :1:1: Premature end of file.
2025-09-24 10:41:57,900 [ERROR] LogOutputStream:75 - [STDERR_REDIRECT] 
2025-09-24 10:41:58,901 [ERROR] LogOutputStream:75 - [STDERR_REDIRECT] [Fatal Error] :1:1: Premature end of file.
2025-09-24 10:41:58,901 [ERROR] LogOutputStream:75 - [STDERR_REDIRECT] 
2025-09-24 10:41:59,900 [ERROR] LogOutputStream:75 - [STDERR_REDIRECT] [Fatal Error] :1:1: Premature end of file.
2025-09-24 10:41:59,900 [ERROR] LogOutputStream:75 - [STDERR_REDIRECT] 
2025-09-24 10:42:00,902 [ERROR] LogOutputStream:75 - [STDERR_REDIRECT] [Fatal Error] :1:1: Premature end of file.
2025-09-24 10:42:00,902 [ERROR] LogOutputStream:75 - [STDERR_REDIRECT] 
2025-09-24 10:42:01,901 [ERROR] LogOutputStream:75 - [STDERR_REDIRECT] [Fatal Error] :1:1: Premature end of file.
2025-09-24 10:42:01,901 [ERROR] LogOutputStream:75 - [STDERR_REDIRECT] 
2025-09-24 10:42:02,901 [ERROR] LogOutputStream:75 - [STDERR_REDIRECT] [Fatal Error] :1:1: Premature end of file.
2025-09-24 10:42:02,901 [ERROR] LogOutputStream:75 - [STDERR_REDIRECT] 
2025-09-24 10:42:03,902 [ERROR] LogOutputStream:75 - [STDERR_REDIRECT] [Fatal Error] :1:1: Premature end of file.
2025-09-24 10:42:03,902 [ERROR] LogOutputStream:75 - [STDERR_REDIRECT] 
2025-09-24 10:42:04,901 [ERROR] LogOutputStream:75 - [STDERR_REDIRECT] [Fatal Error] :1:1: Premature end of file.
2025-09-24 10:42:04,901 [ERROR] LogOutputStream:75 - [STDERR_REDIRECT] 
2025-09-24 10:42:05,901 [ERROR] LogOutputStream:75 - [STDERR_REDIRECT] [Fatal Error] :1:1: Premature end of file.
2025-09-24 10:42:05,902 [ERROR] LogOutputStream:75 - [STDERR_REDIRECT] 
2025-09-24 10:42:06,900 [ERROR] LogOutputStream:75 - [STDERR_REDIRECT] [Fatal Error] :1:1: Premature end of file.
2025-09-24 10:42:06,900 [ERROR] LogOutputStream:75 - [STDERR_REDIRECT] 
2025-09-24 10:42:07,900 [ERROR] LogOutputStream:75 - [STDERR_REDIRECT] [Fatal Error] :1:1: Premature end of file.
2025-09-24 10:42:07,901 [ERROR] LogOutputStream:75 - [STDERR_REDIRECT] 
2025-09-24 10:42:08,899 [ERROR] LogOutputStream:75 - [STDERR_REDIRECT] [Fatal Error] :1:1: Premature end of file.
2025-09-24 10:42:08,899 [ERROR] LogOutputStream:75 - [STDERR_REDIRECT] 
2025-09-24 10:42:09,902 [ERROR] LogOutputStream:75 - [STDERR_REDIRECT] [Fatal Error] :1:1: Premature end of file.
2025-09-24 10:42:09,902 [ERROR] LogOutputStream:75 - [STDERR_REDIRECT] 
2025-09-24 10:42:10,899 [ERROR] LogOutputStream:75 - [STDERR_REDIRECT] [Fatal Error] :1:1: Premature end of file.
2025-09-24 10:42:10,900 [ERROR] LogOutputStream:75 - [STDERR_REDIRECT] 
2025-09-24 10:42:11,898 [ERROR] LogOutputStream:75 - [STDERR_REDIRECT] [Fatal Error] :1:1: Premature end of file.
2025-09-24 10:42:11,899 [ERROR] LogOutputStream:75 - [STDERR_REDIRECT] 
2025-09-24 10:42:12,900 [ERROR] LogOutputStream:75 - [STDERR_REDIRECT] [Fatal Error] :1:1: Premature end of file.
2025-09-24 10:42:12,900 [ERROR] LogOutputStream:75 - [STDERR_REDIRECT] 
2025-09-24 10:42:13,900 [ERROR] LogOutputStream:75 - [STDERR_REDIRECT] [Fatal Error] :1:1: Premature end of file.
2025-09-24 10:42:13,900 [ERROR] LogOutputStream:75 - [STDERR_REDIRECT] 
2025-09-24 10:42:14,901 [ERROR] LogOutputStream:75 - [STDERR_REDIRECT] [Fatal Error] :1:1: Premature end of file.
2025-09-24 10:42:14,901 [ERROR] LogOutputStream:75 - [STDERR_REDIRECT] 
2025-09-24 10:42:15,899 [ERROR] LogOutputStream:75 - [STDERR_REDIRECT] [Fatal Error] :1:1: Premature end of file.
2025-09-24 10:42:15,899 [ERROR] LogOutputStream:75 - [STDERR_REDIRECT] 
2025-09-24 10:42:16,900 [ERROR] LogOutputStream:75 - [STDERR_REDIRECT] [Fatal Error] :1:1: Premature end of file.
2025-09-24 10:42:16,900 [ERROR] LogOutputStream:75 - [STDERR_REDIRECT] 
2025-09-24 10:42:17,900 [ERROR] LogOutputStream:75 - [STDERR_REDIRECT] [Fatal Error] :1:1: Premature end of file.
2025-09-24 10:42:17,900 [ERROR] LogOutputStream:75 - [STDERR_REDIRECT] 
2025-09-24 10:42:18,901 [ERROR] LogOutputStream:75 - [STDERR_REDIRECT] [Fatal Error] :1:1: Premature end of file.
2025-09-24 10:42:18,901 [ERROR] LogOutputStream:75 - [STDERR_REDIRECT] 
2025-09-24 10:42:19,899 [ERROR] LogOutputStream:75 - [STDERR_REDIRECT] [Fatal Error] :1:1: Premature end of file.
2025-09-24 10:42:19,899 [ERROR] LogOutputStream:75 - [STDERR_REDIRECT] 
2025-09-24 10:42:20,901 [ERROR] LogOutputStream:75 - [STDERR_REDIRECT] [Fatal Error] :1:1: Premature end of file.
2025-09-24 10:42:20,901 [ERROR] LogOutputStream:75 - [STDERR_REDIRECT] 
2025-09-24 10:42:21,900 [ERROR] LogOutputStream:75 - [STDERR_REDIRECT] [Fatal Error] :1:1: Premature end of file.
2025-09-24 10:42:21,900 [ERROR] LogOutputStream:75 - [STDERR_REDIRECT] 
2025-09-24 10:42:22,902 [ERROR] LogOutputStream:75 - [STDERR_REDIRECT] [Fatal Error] :1:1: Premature end of file.
2025-09-24 10:42:22,902 [ERROR] LogOutputStream:75 - [STDERR_REDIRECT] 
2025-09-24 10:42:23,899 [ERROR] LogOutputStream:75 - [STDERR_REDIRECT] [Fatal Error] :1:1: Premature end of file.
2025-09-24 10:42:23,900 [ERROR] LogOutputStream:75 - [STDERR_REDIRECT] 
2025-09-24 10:42:24,901 [ERROR] LogOutputStream:75 - [STDERR_REDIRECT] [Fatal Error] :1:1: Premature end of file.
2025-09-24 10:42:24,901 [ERROR] LogOutputStream:75 - [STDERR_REDIRECT] 
2025-09-24 10:42:25,900 [ERROR] LogOutputStream:75 - [STDERR_REDIRECT] [Fatal Error] :1:1: Premature end of file.
2025-09-24 10:42:25,900 [ERROR] LogOutputStream:75 - [STDERR_REDIRECT] 
2025-09-24 10:42:26,899 [ERROR] LogOutputStream:75 - [STDERR_REDIRECT] [Fatal Error] :1:1: Premature end of file.
2025-09-24 10:42:26,900 [ERROR] LogOutputStream:75 - [STDERR_REDIRECT] 
2025-09-24 10:42:27,899 [ERROR] LogOutputStream:75 - [STDERR_REDIRECT] [Fatal Error] :1:1: Premature end of file.
2025-09-24 10:42:27,900 [ERROR] LogOutputStream:75 - [STDERR_REDIRECT] 
2025-09-24 10:42:28,900 [ERROR] LogOutputStream:75 - [STDERR_REDIRECT] [Fatal Error] :1:1: Premature end of file.
2025-09-24 10:42:28,900 [ERROR] LogOutputStream:75 - [STDERR_REDIRECT] 
2025-09-24 10:42:29,900 [ERROR] LogOutputStream:75 - [STDERR_REDIRECT] [Fatal Error] :1:1: Premature end of file.
2025-09-24 10:42:29,900 [ERROR] LogOutputStream:75 - [STDERR_REDIRECT] 
2025-09-24 10:42:30,899 [ERROR] LogOutputStream:75 - [STDERR_REDIRECT] [Fatal Error] :1:1: Premature end of file.
2025-09-24 10:42:30,899 [ERROR] LogOutputStream:75 - [STDERR_REDIRECT] 
2025-09-24 10:42:31,898 [ERROR] LogOutputStream:75 - [STDERR_REDIRECT] [Fatal Error] :1:1: Premature end of file.
2025-09-24 10:42:31,899 [ERROR] LogOutputStream:75 - [STDERR_REDIRECT] 
2025-09-24 10:42:32,901 [ERROR] LogOutputStream:75 - [STDERR_REDIRECT] [Fatal Error] :1:1: Premature end of file.
2025-09-24 10:42:32,901 [ERROR] LogOutputStream:75 - [STDERR_REDIRECT] 
2025-09-24 10:42:33,900 [ERROR] LogOutputStream:75 - [STDERR_REDIRECT] [Fatal Error] :1:1: Premature end of file.
2025-09-24 10:42:33,901 [ERROR] LogOutputStream:75 - [STDERR_REDIRECT] 
2025-09-24 10:42:34,900 [ERROR] LogOutputStream:75 - [STDERR_REDIRECT] [Fatal Error] :1:1: Premature end of file.
2025-09-24 10:42:34,901 [ERROR] LogOutputStream:75 - [STDERR_REDIRECT] 
2025-09-24 10:42:35,902 [ERROR] LogOutputStream:75 - [STDERR_REDIRECT] [Fatal Error] :1:1: Premature end of file.
2025-09-24 10:42:35,902 [ERROR] LogOutputStream:75 - [STDERR_REDIRECT] 
2025-09-24 10:42:36,900 [ERROR] LogOutputStream:75 - [STDERR_REDIRECT] [Fatal Error] :1:1: Premature end of file.
2025-09-24 10:42:36,900 [ERROR] LogOutputStream:75 - [STDERR_REDIRECT] 
2025-09-24 10:42:37,901 [ERROR] LogOutputStream:75 - [STDERR_REDIRECT] [Fatal Error] :1:1: Premature end of file.
2025-09-24 10:42:37,901 [ERROR] LogOutputStream:75 - [STDERR_REDIRECT] 
2025-09-24 10:42:38,900 [ERROR] LogOutputStream:75 - [STDERR_REDIRECT] [Fatal Error] :1:1: Premature end of file.
2025-09-24 10:42:38,900 [ERROR] LogOutputStream:75 - [STDERR_REDIRECT] 
2025-09-24 10:42:39,899 [ERROR] LogOutputStream:75 - [STDERR_REDIRECT] [Fatal Error] :1:1: Premature end of file.
2025-09-24 10:42:39,899 [ERROR] LogOutputStream:75 - [STDERR_REDIRECT] 
2025-09-24 10:42:40,900 [ERROR] LogOutputStream:75 - [STDERR_REDIRECT] [Fatal Error] :1:1: Premature end of file.
2025-09-24 10:42:40,900 [ERROR] LogOutputStream:75 - [STDERR_REDIRECT] 
2025-09-24 10:42:41,900 [ERROR] LogOutputStream:75 - [STDERR_REDIRECT] [Fatal Error] :1:1: Premature end of file.
2025-09-24 10:42:41,900 [ERROR] LogOutputStream:75 - [STDERR_REDIRECT] 
2025-09-24 10:42:42,900 [ERROR] LogOutputStream:75 - [STDERR_REDIRECT] [Fatal Error] :1:1: Premature end of file.
2025-09-24 10:42:42,900 [ERROR] LogOutputStream:75 - [STDERR_REDIRECT] 
2025-09-24 10:42:43,899 [ERROR] LogOutputStream:75 - [STDERR_REDIRECT] [Fatal Error] :1:1: Premature end of file.
2025-09-24 10:42:43,899 [ERROR] LogOutputStream:75 - [STDERR_REDIRECT] 
2025-09-24 10:42:44,899 [ERROR] LogOutputStream:75 - [STDERR_REDIRECT] [Fatal Error] :1:1: Premature end of file.
2025-09-24 10:42:44,900 [ERROR] LogOutputStream:75 - [STDERR_REDIRECT] 
2025-09-24 10:42:45,900 [ERROR] LogOutputStream:75 - [STDERR_REDIRECT] [Fatal Error] :1:1: Premature end of file.
2025-09-24 10:42:45,901 [ERROR] LogOutputStream:75 - [STDERR_REDIRECT] 
2025-09-24 10:42:46,901 [ERROR] LogOutputStream:75 - [STDERR_REDIRECT] [Fatal Error] :1:1: Premature end of file.
2025-09-24 10:42:46,901 [ERROR] LogOutputStream:75 - [STDERR_REDIRECT] 
2025-09-24 10:42:47,900 [ERROR] LogOutputStream:75 - [STDERR_REDIRECT] [Fatal Error] :1:1: Premature end of file.
2025-09-24 10:42:47,900 [ERROR] LogOutputStream:75 - [STDERR_REDIRECT] 
2025-09-24 10:42:48,900 [ERROR] LogOutputStream:75 - [STDERR_REDIRECT] [Fatal Error] :1:1: Premature end of file.
2025-09-24 10:42:48,900 [ERROR] LogOutputStream:75 - [STDERR_REDIRECT] 
2025-09-24 10:42:49,900 [ERROR] LogOutputStream:75 - [STDERR_REDIRECT] [Fatal Error] :1:1: Premature end of file.
2025-09-24 10:42:49,900 [ERROR] LogOutputStream:75 - [STDERR_REDIRECT] 
2025-09-24 10:42:50,898 [ERROR] LogOutputStream:75 - [STDERR_REDIRECT] [Fatal Error] :1:1: Premature end of file.
2025-09-24 10:42:50,898 [ERROR] LogOutputStream:75 - [STDERR_REDIRECT] 
2025-09-24 10:42:51,900 [ERROR] LogOutputStream:75 - [STDERR_REDIRECT] [Fatal Error] :1:1: Premature end of file.
2025-09-24 10:42:51,901 [ERROR] LogOutputStream:75 - [STDERR_REDIRECT] 
2025-09-24 10:42:52,898 [ERROR] LogOutputStream:75 - [STDERR_REDIRECT] [Fatal Error] :1:1: Premature end of file.
2025-09-24 10:42:52,898 [ERROR] LogOutputStream:75 - [STDERR_REDIRECT] 
2025-09-24 10:42:53,900 [ERROR] LogOutputStream:75 - [STDERR_REDIRECT] [Fatal Error] :1:1: Premature end of file.
2025-09-24 10:42:53,900 [ERROR] LogOutputStream:75 - [STDERR_REDIRECT] 
2025-09-24 10:42:54,901 [ERROR] LogOutputStream:75 - [STDERR_REDIRECT] [Fatal Error] :1:1: Premature end of file.
2025-09-24 10:42:54,901 [ERROR] LogOutputStream:75 - [STDERR_REDIRECT] 
2025-09-24 10:42:55,899 [ERROR] LogOutputStream:75 - [STDERR_REDIRECT] [Fatal Error] :1:1: Premature end of file.
2025-09-24 10:42:55,899 [ERROR] LogOutputStream:75 - [STDERR_REDIRECT] 
2025-09-24 10:42:56,899 [ERROR] LogOutputStream:75 - [STDERR_REDIRECT] [Fatal Error] :1:1: Premature end of file.
2025-09-24 10:42:56,899 [ERROR] LogOutputStream:75 - [STDERR_REDIRECT] 
2025-09-24 10:42:57,900 [ERROR] LogOutputStream:75 - [STDERR_REDIRECT] [Fatal Error] :1:1: Premature end of file.
2025-09-24 10:42:57,901 [ERROR] LogOutputStream:75 - [STDERR_REDIRECT] 
2025-09-24 10:42:58,899 [ERROR] LogOutputStream:75 - [STDERR_REDIRECT] [Fatal Error] :1:1: Premature end of file.
2025-09-24 10:42:58,900 [ERROR] LogOutputStream:75 - [STDERR_REDIRECT] 
2025-09-24 10:42:59,900 [ERROR] LogOutputStream:75 - [STDERR_REDIRECT] [Fatal Error] :1:1: Premature end of file.
2025-09-24 10:42:59,900 [ERROR] LogOutputStream:75 - [STDERR_REDIRECT] 
2025-09-24 10:43:00,901 [ERROR] LogOutputStream:75 - [STDERR_REDIRECT] [Fatal Error] :1:1: Premature end of file.
2025-09-24 10:43:00,901 [ERROR] LogOutputStream:75 - [STDERR_REDIRECT] 
2025-09-24 10:43:01,900 [ERROR] LogOutputStream:75 - [STDERR_REDIRECT] [Fatal Error] :1:1: Premature end of file.
2025-09-24 10:43:01,900 [ERROR] LogOutputStream:75 - [STDERR_REDIRECT] 
2025-09-24 10:43:02,902 [ERROR] LogOutputStream:75 - [STDERR_REDIRECT] [Fatal Error] :1:1: Premature end of file.
2025-09-24 10:43:02,902 [ERROR] LogOutputStream:75 - [STDERR_REDIRECT] 
2025-09-24 10:43:03,899 [ERROR] LogOutputStream:75 - [STDERR_REDIRECT] [Fatal Error] :1:1: Premature end of file.
2025-09-24 10:43:03,900 [ERROR] LogOutputStream:75 - [STDERR_REDIRECT] 
2025-09-24 10:43:04,902 [ERROR] LogOutputStream:75 - [STDERR_REDIRECT] [Fatal Error] :1:1: Premature end of file.
2025-09-24 10:43:04,903 [ERROR] LogOutputStream:75 - [STDERR_REDIRECT] 
2025-09-24 10:43:05,900 [ERROR] LogOutputStream:75 - [STDERR_REDIRECT] [Fatal Error] :1:1: Premature end of file.
2025-09-24 10:43:05,900 [ERROR] LogOutputStream:75 - [STDERR_REDIRECT] 
2025-09-24 10:43:06,906 [ERROR] LogOutputStream:75 - [STDERR_REDIRECT] [Fatal Error] :1:1: Premature end of file.
2025-09-24 10:43:06,906 [ERROR] LogOutputStream:75 - [STDERR_REDIRECT] 
2025-09-24 10:43:07,899 [ERROR] LogOutputStream:75 - [STDERR_REDIRECT] [Fatal Error] :1:1: Premature end of file.
2025-09-24 10:43:07,899 [ERROR] LogOutputStream:75 - [STDERR_REDIRECT] 
2025-09-24 10:43:08,900 [ERROR] LogOutputStream:75 - [STDERR_REDIRECT] [Fatal Error] :1:1: Premature end of file.
2025-09-24 10:43:08,900 [ERROR] LogOutputStream:75 - [STDERR_REDIRECT] 
2025-09-24 10:43:09,901 [ERROR] LogOutputStream:75 - [STDERR_REDIRECT] [Fatal Error] :1:1: Premature end of file.
2025-09-24 10:43:09,901 [ERROR] LogOutputStream:75 - [STDERR_REDIRECT] 
2025-09-24 10:43:10,899 [ERROR] LogOutputStream:75 - [STDERR_REDIRECT] [Fatal Error] :1:1: Premature end of file.
2025-09-24 10:43:10,899 [ERROR] LogOutputStream:75 - [STDERR_REDIRECT] 
2025-09-24 10:43:11,900 [ERROR] LogOutputStream:75 - [STDERR_REDIRECT] [Fatal Error] :1:1: Premature end of file.
2025-09-24 10:43:11,900 [ERROR] LogOutputStream:75 - [STDERR_REDIRECT] 
2025-09-24 10:43:12,901 [ERROR] LogOutputStream:75 - [STDERR_REDIRECT] [Fatal Error] :1:1: Premature end of file.
2025-09-24 10:43:12,901 [ERROR] LogOutputStream:75 - [STDERR_REDIRECT] 
2025-09-24 10:43:13,900 [ERROR] LogOutputStream:75 - [STDERR_REDIRECT] [Fatal Error] :1:1: Premature end of file.
2025-09-24 10:43:13,900 [ERROR] LogOutputStream:75 - [STDERR_REDIRECT] 
2025-09-24 10:43:14,909 [ERROR] LogOutputStream:75 - [STDERR_REDIRECT] [Fatal Error] :1:1: Premature end of file.
2025-09-24 10:43:14,910 [ERROR] LogOutputStream:75 - [STDERR_REDIRECT] 
2025-09-24 10:43:15,900 [ERROR] LogOutputStream:75 - [STDERR_REDIRECT] [Fatal Error] :1:1: Premature end of file.
2025-09-24 10:43:15,900 [ERROR] LogOutputStream:75 - [STDERR_REDIRECT] 
2025-09-24 10:43:16,899 [ERROR] LogOutputStream:75 - [STDERR_REDIRECT] [Fatal Error] :1:1: Premature end of file.
2025-09-24 10:43:16,899 [ERROR] LogOutputStream:75 - [STDERR_REDIRECT] 
2025-09-24 10:43:17,900 [ERROR] LogOutputStream:75 - [STDERR_REDIRECT] [Fatal Error] :1:1: Premature end of file.
2025-09-24 10:43:17,901 [ERROR] LogOutputStream:75 - [STDERR_REDIRECT] 
2025-09-24 10:43:18,900 [ERROR] LogOutputStream:75 - [STDERR_REDIRECT] [Fatal Error] :1:1: Premature end of file.
2025-09-24 10:43:18,900 [ERROR] LogOutputStream:75 - [STDERR_REDIRECT] 
2025-09-24 10:43:19,903 [ERROR] LogOutputStream:75 - [STDERR_REDIRECT] [Fatal Error] :1:1: Premature end of file.
2025-09-24 10:43:19,903 [ERROR] LogOutputStream:75 - [STDERR_REDIRECT] 
2025-09-24 10:43:20,902 [ERROR] LogOutputStream:75 - [STDERR_REDIRECT] [Fatal Error] :1:1: Premature end of file.
2025-09-24 10:43:20,902 [ERROR] LogOutputStream:75 - [STDERR_REDIRECT] 
2025-09-24 10:43:21,919 [ERROR] LogOutputStream:75 - [STDERR_REDIRECT] [Fatal Error] :1:1: Premature end of file.
2025-09-24 10:43:21,920 [ERROR] LogOutputStream:75 - [STDERR_REDIRECT] 
2025-09-24 10:43:22,907 [ERROR] LogOutputStream:75 - [STDERR_REDIRECT] [Fatal Error] :1:1: Premature end of file.
2025-09-24 10:43:22,907 [ERROR] LogOutputStream:75 - [STDERR_REDIRECT] 
2025-09-24 10:43:23,902 [ERROR] LogOutputStream:75 - [STDERR_REDIRECT] [Fatal Error] :1:1: Premature end of file.
2025-09-24 10:43:23,903 [ERROR] LogOutputStream:75 - [STDERR_REDIRECT] 
2025-09-24 10:43:24,914 [ERROR] LogOutputStream:75 - [STDERR_REDIRECT] [Fatal Error] :1:1: Premature end of file.
2025-09-24 10:43:24,914 [ERROR] LogOutputStream:75 - [STDERR_REDIRECT] 
2025-09-24 10:43:25,913 [ERROR] LogOutputStream:75 - [STDERR_REDIRECT] [Fatal Error] :1:1: Premature end of file.
2025-09-24 10:43:25,913 [ERROR] LogOutputStream:75 - [STDERR_REDIRECT] 
2025-09-24 10:43:26,902 [ERROR] LogOutputStream:75 - [STDERR_REDIRECT] [Fatal Error] :1:1: Premature end of file.
2025-09-24 10:43:26,902 [ERROR] LogOutputStream:75 - [STDERR_REDIRECT] 
2025-09-24 10:43:27,900 [ERROR] LogOutputStream:75 - [STDERR_REDIRECT] [Fatal Error] :1:1: Premature end of file.
2025-09-24 10:43:27,900 [ERROR] LogOutputStream:75 - [STDERR_REDIRECT] 
2025-09-24 10:43:28,900 [ERROR] LogOutputStream:75 - [STDERR_REDIRECT] [Fatal Error] :1:1: Premature end of file.
2025-09-24 10:43:28,900 [ERROR] LogOutputStream:75 - [STDERR_REDIRECT] 
2025-09-24 10:43:29,901 [ERROR] LogOutputStream:75 - [STDERR_REDIRECT] [Fatal Error] :1:1: Premature end of file.
2025-09-24 10:43:29,902 [ERROR] LogOutputStream:75 - [STDERR_REDIRECT] 
2025-09-24 10:43:30,900 [ERROR] LogOutputStream:75 - [STDERR_REDIRECT] [Fatal Error] :1:1: Premature end of file.
2025-09-24 10:43:30,900 [ERROR] LogOutputStream:75 - [STDERR_REDIRECT] 
2025-09-24 10:43:31,899 [ERROR] LogOutputStream:75 - [STDERR_REDIRECT] [Fatal Error] :1:1: Premature end of file.
2025-09-24 10:43:31,899 [ERROR] LogOutputStream:75 - [STDERR_REDIRECT] 
2025-09-24 10:43:32,902 [ERROR] LogOutputStream:75 - [STDERR_REDIRECT] [Fatal Error] :1:1: Premature end of file.
2025-09-24 10:43:32,902 [ERROR] LogOutputStream:75 - [STDERR_REDIRECT] 
2025-09-24 10:43:33,900 [ERROR] LogOutputStream:75 - [STDERR_REDIRECT] [Fatal Error] :1:1: Premature end of file.
2025-09-24 10:43:33,901 [ERROR] LogOutputStream:75 - [STDERR_REDIRECT] 
2025-09-24 10:43:34,900 [ERROR] LogOutputStream:75 - [STDERR_REDIRECT] [Fatal Error] :1:1: Premature end of file.
2025-09-24 10:43:34,900 [ERROR] LogOutputStream:75 - [STDERR_REDIRECT] 
2025-09-24 10:43:35,899 [ERROR] LogOutputStream:75 - [STDERR_REDIRECT] [Fatal Error] :1:1: Premature end of file.
2025-09-24 10:43:35,900 [ERROR] LogOutputStream:75 - [STDERR_REDIRECT] 
2025-09-24 10:43:36,902 [ERROR] LogOutputStream:75 - [STDERR_REDIRECT] [Fatal Error] :1:1: Premature end of file.
2025-09-24 10:43:36,902 [ERROR] LogOutputStream:75 - [STDERR_REDIRECT] 
2025-09-24 10:43:37,900 [ERROR] LogOutputStream:75 - [STDERR_REDIRECT] [Fatal Error] :1:1: Premature end of file.
2025-09-24 10:43:37,901 [ERROR] LogOutputStream:75 - [STDERR_REDIRECT] 
2025-09-24 10:43:38,900 [ERROR] LogOutputStream:75 - [STDERR_REDIRECT] [Fatal Error] :1:1: Premature end of file.
2025-09-24 10:43:38,901 [ERROR] LogOutputStream:75 - [STDERR_REDIRECT] 
2025-09-24 10:43:39,901 [ERROR] LogOutputStream:75 - [STDERR_REDIRECT] [Fatal Error] :1:1: Premature end of file.
2025-09-24 10:43:39,901 [ERROR] LogOutputStream:75 - [STDERR_REDIRECT] 
2025-09-24 10:43:40,899 [ERROR] LogOutputStream:75 - [STDERR_REDIRECT] [Fatal Error] :1:1: Premature end of file.
2025-09-24 10:43:40,899 [ERROR] LogOutputStream:75 - [STDERR_REDIRECT] 
2025-09-24 10:43:41,901 [ERROR] LogOutputStream:75 - [STDERR_REDIRECT] [Fatal Error] :1:1: Premature end of file.
2025-09-24 10:43:41,901 [ERROR] LogOutputStream:75 - [STDERR_REDIRECT] 
2025-09-24 10:43:42,900 [ERROR] LogOutputStream:75 - [STDERR_REDIRECT] [Fatal Error] :1:1: Premature end of file.
2025-09-24 10:43:42,901 [ERROR] LogOutputStream:75 - [STDERR_REDIRECT] 
2025-09-24 10:43:43,902 [ERROR] LogOutputStream:75 - [STDERR_REDIRECT] [Fatal Error] :1:1: Premature end of file.
2025-09-24 10:43:43,902 [ERROR] LogOutputStream:75 - [STDERR_REDIRECT] 
2025-09-24 10:43:44,901 [ERROR] LogOutputStream:75 - [STDERR_REDIRECT] [Fatal Error] :1:1: Premature end of file.
2025-09-24 10:43:44,901 [ERROR] LogOutputStream:75 - [STDERR_REDIRECT] 
2025-09-24 10:43:45,900 [ERROR] LogOutputStream:75 - [STDERR_REDIRECT] [Fatal Error] :1:1: Premature end of file.
2025-09-24 10:43:45,900 [ERROR] LogOutputStream:75 - [STDERR_REDIRECT] 
2025-09-24 10:43:46,901 [ERROR] LogOutputStream:75 - [STDERR_REDIRECT] [Fatal Error] :1:1: Premature end of file.
2025-09-24 10:43:46,901 [ERROR] LogOutputStream:75 - [STDERR_REDIRECT] 
2025-09-24 10:43:47,900 [ERROR] LogOutputStream:75 - [STDERR_REDIRECT] [Fatal Error] :1:1: Premature end of file.
2025-09-24 10:43:47,900 [ERROR] LogOutputStream:75 - [STDERR_REDIRECT] 
2025-09-24 10:43:48,900 [ERROR] LogOutputStream:75 - [STDERR_REDIRECT] [Fatal Error] :1:1: Premature end of file.
2025-09-24 10:43:48,900 [ERROR] LogOutputStream:75 - [STDERR_REDIRECT] 
2025-09-24 10:43:49,904 [ERROR] LogOutputStream:75 - [STDERR_REDIRECT] [Fatal Error] :1:1: Premature end of file.
2025-09-24 10:43:49,904 [ERROR] LogOutputStream:75 - [STDERR_REDIRECT] 
2025-09-24 10:43:50,903 [ERROR] LogOutputStream:75 - [STDERR_REDIRECT] [Fatal Error] :1:1: Premature end of file.
2025-09-24 10:43:50,903 [ERROR] LogOutputStream:75 - [STDERR_REDIRECT] 
2025-09-24 10:43:51,918 [ERROR] LogOutputStream:75 - [STDERR_REDIRECT] [Fatal Error] :1:1: Premature end of file.
2025-09-24 10:43:51,919 [ERROR] LogOutputStream:75 - [STDERR_REDIRECT] 
2025-09-24 10:43:52,917 [ERROR] LogOutputStream:75 - [STDERR_REDIRECT] [Fatal Error] :1:1: Premature end of file.
2025-09-24 10:43:52,917 [ERROR] LogOutputStream:75 - [STDERR_REDIRECT] 
2025-09-24 10:43:53,904 [ERROR] LogOutputStream:75 - [STDERR_REDIRECT] [Fatal Error] :1:1: Premature end of file.
2025-09-24 10:43:53,904 [ERROR] LogOutputStream:75 - [STDERR_REDIRECT] 
2025-09-24 10:43:54,908 [ERROR] LogOutputStream:75 - [STDERR_REDIRECT] [Fatal Error] :1:1: Premature end of file.
2025-09-24 10:43:54,908 [ERROR] LogOutputStream:75 - [STDERR_REDIRECT] 
2025-09-24 10:43:55,900 [ERROR] LogOutputStream:75 - [STDERR_REDIRECT] [Fatal Error] :1:1: Premature end of file.
2025-09-24 10:43:55,900 [ERROR] LogOutputStream:75 - [STDERR_REDIRECT] 
2025-09-24 10:43:56,909 [ERROR] LogOutputStream:75 - [STDERR_REDIRECT] [Fatal Error] :1:1: Premature end of file.
2025-09-24 10:43:56,909 [ERROR] LogOutputStream:75 - [STDERR_REDIRECT] 
2025-09-24 10:43:57,898 [ERROR] LogOutputStream:75 - [STDERR_REDIRECT] [Fatal Error] :1:1: Premature end of file.
2025-09-24 10:43:57,898 [ERROR] LogOutputStream:75 - [STDERR_REDIRECT] 
2025-09-24 10:43:58,907 [ERROR] LogOutputStream:75 - [STDERR_REDIRECT] [Fatal Error] :1:1: Premature end of file.
2025-09-24 10:43:58,908 [ERROR] LogOutputStream:75 - [STDERR_REDIRECT] 
2025-09-24 10:43:59,898 [ERROR] LogOutputStream:75 - [STDERR_REDIRECT] [Fatal Error] :1:1: Premature end of file.
2025-09-24 10:43:59,898 [ERROR] LogOutputStream:75 - [STDERR_REDIRECT] 
2025-09-24 10:44:00,897 [ERROR] LogOutputStream:75 - [STDERR_REDIRECT] [Fatal Error] :1:1: Premature end of file.
2025-09-24 10:44:00,897 [ERROR] LogOutputStream:75 - [STDERR_REDIRECT] 
2025-09-24 10:44:01,905 [ERROR] LogOutputStream:75 - [STDERR_REDIRECT] [Fatal Error] :1:1: Premature end of file.
2025-09-24 10:44:01,905 [ERROR] LogOutputStream:75 - [STDERR_REDIRECT] 
2025-09-24 10:44:02,908 [ERROR] LogOutputStream:75 - [STDERR_REDIRECT] [Fatal Error] :1:1: Premature end of file.
2025-09-24 10:44:02,909 [ERROR] LogOutputStream:75 - [STDERR_REDIRECT] 
2025-09-24 10:44:03,898 [ERROR] LogOutputStream:75 - [STDERR_REDIRECT] [Fatal Error] :1:1: Premature end of file.
2025-09-24 10:44:03,898 [ERROR] LogOutputStream:75 - [STDERR_REDIRECT] 
2025-09-24 10:44:04,915 [ERROR] LogOutputStream:75 - [STDERR_REDIRECT] [Fatal Error] :1:1: Premature end of file.
2025-09-24 10:44:04,915 [ERROR] LogOutputStream:75 - [STDERR_REDIRECT] 
2025-09-24 10:44:05,915 [ERROR] LogOutputStream:75 - [STDERR_REDIRECT] [Fatal Error] :1:1: Premature end of file.
2025-09-24 10:44:05,915 [ERROR] LogOutputStream:75 - [STDERR_REDIRECT] 
2025-09-24 10:44:06,899 [ERROR] LogOutputStream:75 - [STDERR_REDIRECT] [Fatal Error] :1:1: Premature end of file.
2025-09-24 10:44:06,899 [ERROR] LogOutputStream:75 - [STDERR_REDIRECT] 
2025-09-24 10:44:07,915 [ERROR] LogOutputStream:75 - [STDERR_REDIRECT] [Fatal Error] :1:1: Premature end of file.
2025-09-24 10:44:07,916 [ERROR] LogOutputStream:75 - [STDERR_REDIRECT] 
2025-09-24 10:44:08,899 [ERROR] LogOutputStream:75 - [STDERR_REDIRECT] [Fatal Error] :1:1: Premature end of file.
2025-09-24 10:44:08,899 [ERROR] LogOutputStream:75 - [STDERR_REDIRECT] 
2025-09-24 10:44:09,897 [ERROR] LogOutputStream:75 - [STDERR_REDIRECT] [Fatal Error] :1:1: Premature end of file.
2025-09-24 10:44:09,897 [ERROR] LogOutputStream:75 - [STDERR_REDIRECT] 
2025-09-24 10:44:10,903 [ERROR] LogOutputStream:75 - [STDERR_REDIRECT] [Fatal Error] :1:1: Premature end of file.
2025-09-24 10:44:10,904 [ERROR] LogOutputStream:75 - [STDERR_REDIRECT] 
2025-09-24 10:44:11,898 [ERROR] LogOutputStream:75 - [STDERR_REDIRECT] [Fatal Error] :1:1: Premature end of file.
2025-09-24 10:44:11,898 [ERROR] LogOutputStream:75 - [STDERR_REDIRECT] 
2025-09-24 10:44:12,914 [ERROR] LogOutputStream:75 - [STDERR_REDIRECT] [Fatal Error] :1:1: Premature end of file.
2025-09-24 10:44:12,914 [ERROR] LogOutputStream:75 - [STDERR_REDIRECT] 
2025-09-24 10:44:13,916 [ERROR] LogOutputStream:75 - [STDERR_REDIRECT] [Fatal Error] :1:1: Premature end of file.
2025-09-24 10:44:13,916 [ERROR] LogOutputStream:75 - [STDERR_REDIRECT] 
2025-09-24 10:44:14,913 [ERROR] LogOutputStream:75 - [STDERR_REDIRECT] [Fatal Error] :1:1: Premature end of file.
2025-09-24 10:44:14,913 [ERROR] LogOutputStream:75 - [STDERR_REDIRECT] 
2025-09-24 10:44:15,916 [ERROR] LogOutputStream:75 - [STDERR_REDIRECT] [Fatal Error] :1:1: Premature end of file.
2025-09-24 10:44:15,916 [ERROR] LogOutputStream:75 - [STDERR_REDIRECT] 
2025-09-24 10:44:16,907 [ERROR] LogOutputStream:75 - [STDERR_REDIRECT] [Fatal Error] :1:1: Premature end of file.
2025-09-24 10:44:16,907 [ERROR] LogOutputStream:75 - [STDERR_REDIRECT] 
2025-09-24 10:44:17,914 [ERROR] LogOutputStream:75 - [STDERR_REDIRECT] [Fatal Error] :1:1: Premature end of file.
2025-09-24 10:44:17,914 [ERROR] LogOutputStream:75 - [STDERR_REDIRECT] 
2025-09-24 10:44:18,908 [ERROR] LogOutputStream:75 - [STDERR_REDIRECT] [Fatal Error] :1:1: Premature end of file.
2025-09-24 10:44:18,908 [ERROR] LogOutputStream:75 - [STDERR_REDIRECT] 
2025-09-24 10:44:19,913 [ERROR] LogOutputStream:75 - [STDERR_REDIRECT] [Fatal Error] :1:1: Premature end of file.
2025-09-24 10:44:19,913 [ERROR] LogOutputStream:75 - [STDERR_REDIRECT] 
2025-09-24 10:44:20,906 [ERROR] LogOutputStream:75 - [STDERR_REDIRECT] [Fatal Error] :1:1: Premature end of file.
2025-09-24 10:44:20,906 [ERROR] LogOutputStream:75 - [STDERR_REDIRECT] 
2025-09-24 10:44:21,914 [ERROR] LogOutputStream:75 - [STDERR_REDIRECT] [Fatal Error] :1:1: Premature end of file.
2025-09-24 10:44:21,914 [ERROR] LogOutputStream:75 - [STDERR_REDIRECT] 
2025-09-24 10:44:22,914 [ERROR] LogOutputStream:75 - [STDERR_REDIRECT] [Fatal Error] :1:1: Premature end of file.
2025-09-24 10:44:22,914 [ERROR] LogOutputStream:75 - [STDERR_REDIRECT] 
2025-09-24 10:44:23,913 [ERROR] LogOutputStream:75 - [STDERR_REDIRECT] [Fatal Error] :1:1: Premature end of file.
2025-09-24 10:44:23,913 [ERROR] LogOutputStream:75 - [STDERR_REDIRECT] 
2025-09-24 10:44:24,923 [ERROR] LogOutputStream:75 - [STDERR_REDIRECT] [Fatal Error] :1:1: Premature end of file.
2025-09-24 10:44:24,924 [ERROR] LogOutputStream:75 - [STDERR_REDIRECT] 
2025-09-24 10:44:25,914 [ERROR] LogOutputStream:75 - [STDERR_REDIRECT] [Fatal Error] :1:1: Premature end of file.
2025-09-24 10:44:25,914 [ERROR] LogOutputStream:75 - [STDERR_REDIRECT] 
2025-09-24 10:44:26,908 [ERROR] LogOutputStream:75 - [STDERR_REDIRECT] [Fatal Error] :1:1: Premature end of file.
2025-09-24 10:44:26,908 [ERROR] LogOutputStream:75 - [STDERR_REDIRECT] 
2025-09-24 10:44:27,915 [ERROR] LogOutputStream:75 - [STDERR_REDIRECT] [Fatal Error] :1:1: Premature end of file.
2025-09-24 10:44:27,915 [ERROR] LogOutputStream:75 - [STDERR_REDIRECT] 
2025-09-24 10:44:28,915 [ERROR] LogOutputStream:75 - [STDERR_REDIRECT] [Fatal Error] :1:1: Premature end of file.
2025-09-24 10:44:28,915 [ERROR] LogOutputStream:75 - [STDERR_REDIRECT] 
2025-09-24 10:44:29,915 [ERROR] LogOutputStream:75 - [STDERR_REDIRECT] [Fatal Error] :1:1: Premature end of file.
2025-09-24 10:44:29,915 [ERROR] LogOutputStream:75 - [STDERR_REDIRECT] 
2025-09-24 10:44:30,917 [ERROR] LogOutputStream:75 - [STDERR_REDIRECT] [Fatal Error] :1:1: Premature end of file.
2025-09-24 10:44:30,918 [ERROR] LogOutputStream:75 - [STDERR_REDIRECT] 
2025-09-24 10:44:31,913 [ERROR] LogOutputStream:75 - [STDERR_REDIRECT] [Fatal Error] :1:1: Premature end of file.
2025-09-24 10:44:31,913 [ERROR] LogOutputStream:75 - [STDERR_REDIRECT] 
2025-09-24 10:44:32,911 [ERROR] LogOutputStream:75 - [STDERR_REDIRECT] [Fatal Error] :1:1: Premature end of file.
2025-09-24 10:44:32,911 [ERROR] LogOutputStream:75 - [STDERR_REDIRECT] 
2025-09-24 10:44:33,897 [ERROR] LogOutputStream:75 - [STDERR_REDIRECT] [Fatal Error] :1:1: Premature end of file.
2025-09-24 10:44:33,897 [ERROR] LogOutputStream:75 - [STDERR_REDIRECT] 
2025-09-24 10:44:34,907 [ERROR] LogOutputStream:75 - [STDERR_REDIRECT] [Fatal Error] :1:1: Premature end of file.
2025-09-24 10:44:34,907 [ERROR] LogOutputStream:75 - [STDERR_REDIRECT] 
2025-09-24 10:44:35,909 [ERROR] LogOutputStream:75 - [STDERR_REDIRECT] [Fatal Error] :1:1: Premature end of file.
2025-09-24 10:44:35,910 [ERROR] LogOutputStream:75 - [STDERR_REDIRECT] 
2025-09-24 10:44:36,908 [ERROR] LogOutputStream:75 - [STDERR_REDIRECT] [Fatal Error] :1:1: Premature end of file.
2025-09-24 10:44:36,908 [ERROR] LogOutputStream:75 - [STDERR_REDIRECT] 
2025-09-24 10:44:37,900 [ERROR] LogOutputStream:75 - [STDERR_REDIRECT] [Fatal Error] :1:1: Premature end of file.
2025-09-24 10:44:37,900 [ERROR] LogOutputStream:75 - [STDERR_REDIRECT] 
2025-09-24 10:44:38,901 [ERROR] LogOutputStream:75 - [STDERR_REDIRECT] [Fatal Error] :1:1: Premature end of file.
2025-09-24 10:44:38,901 [ERROR] LogOutputStream:75 - [STDERR_REDIRECT] 
2025-09-24 10:44:39,899 [ERROR] LogOutputStream:75 - [STDERR_REDIRECT] [Fatal Error] :1:1: Premature end of file.
2025-09-24 10:44:39,899 [ERROR] LogOutputStream:75 - [STDERR_REDIRECT] 
2025-09-24 10:44:40,901 [ERROR] LogOutputStream:75 - [STDERR_REDIRECT] [Fatal Error] :1:1: Premature end of file.
2025-09-24 10:44:40,901 [ERROR] LogOutputStream:75 - [STDERR_REDIRECT] 
2025-09-24 10:44:41,900 [ERROR] LogOutputStream:75 - [STDERR_REDIRECT] [Fatal Error] :1:1: Premature end of file.
2025-09-24 10:44:41,900 [ERROR] LogOutputStream:75 - [STDERR_REDIRECT] 
2025-09-24 10:44:42,900 [ERROR] LogOutputStream:75 - [STDERR_REDIRECT] [Fatal Error] :1:1: Premature end of file.
2025-09-24 10:44:42,901 [ERROR] LogOutputStream:75 - [STDERR_REDIRECT] 
2025-09-24 10:44:43,899 [ERROR] LogOutputStream:75 - [STDERR_REDIRECT] [Fatal Error] :1:1: Premature end of file.
2025-09-24 10:44:43,899 [ERROR] LogOutputStream:75 - [STDERR_REDIRECT] 
2025-09-24 10:44:44,899 [ERROR] LogOutputStream:75 - [STDERR_REDIRECT] [Fatal Error] :1:1: Premature end of file.
2025-09-24 10:44:44,900 [ERROR] LogOutputStream:75 - [STDERR_REDIRECT] 
2025-09-24 10:44:45,901 [ERROR] LogOutputStream:75 - [STDERR_REDIRECT] [Fatal Error] :1:1: Premature end of file.
2025-09-24 10:44:45,901 [ERROR] LogOutputStream:75 - [STDERR_REDIRECT] 
2025-09-24 10:44:46,899 [ERROR] LogOutputStream:75 - [STDERR_REDIRECT] [Fatal Error] :1:1: Premature end of file.
2025-09-24 10:44:46,899 [ERROR] LogOutputStream:75 - [STDERR_REDIRECT] 
2025-09-24 10:44:47,903 [ERROR] LogOutputStream:75 - [STDERR_REDIRECT] [Fatal Error] :1:1: Premature end of file.
2025-09-24 10:44:47,903 [ERROR] LogOutputStream:75 - [STDERR_REDIRECT] 
2025-09-24 10:44:48,914 [ERROR] LogOutputStream:75 - [STDERR_REDIRECT] [Fatal Error] :1:1: Premature end of file.
2025-09-24 10:44:48,914 [ERROR] LogOutputStream:75 - [STDERR_REDIRECT] 
2025-09-24 10:44:49,902 [ERROR] LogOutputStream:75 - [STDERR_REDIRECT] [Fatal Error] :1:1: Premature end of file.
2025-09-24 10:44:49,903 [ERROR] LogOutputStream:75 - [STDERR_REDIRECT] 
2025-09-24 10:44:50,901 [ERROR] LogOutputStream:75 - [STDERR_REDIRECT] [Fatal Error] :1:1: Premature end of file.
2025-09-24 10:44:50,901 [ERROR] LogOutputStream:75 - [STDERR_REDIRECT] 
2025-09-24 10:44:51,925 [ERROR] LogOutputStream:75 - [STDERR_REDIRECT] [Fatal Error] :1:1: Premature end of file.
2025-09-24 10:44:51,925 [ERROR] LogOutputStream:75 - [STDERR_REDIRECT] 
2025-09-24 10:44:52,930 [ERROR] LogOutputStream:75 - [STDERR_REDIRECT] [Fatal Error] :1:1: Premature end of file.
2025-09-24 10:44:52,931 [ERROR] LogOutputStream:75 - [STDERR_REDIRECT] 
2025-09-24 10:44:53,899 [ERROR] LogOutputStream:75 - [STDERR_REDIRECT] [Fatal Error] :1:1: Premature end of file.
2025-09-24 10:44:53,899 [ERROR] LogOutputStream:75 - [STDERR_REDIRECT] 
2025-09-24 10:44:54,913 [ERROR] LogOutputStream:75 - [STDERR_REDIRECT] [Fatal Error] :1:1: Premature end of file.
2025-09-24 10:44:54,913 [ERROR] LogOutputStream:75 - [STDERR_REDIRECT] 
2025-09-24 10:44:55,900 [ERROR] LogOutputStream:75 - [STDERR_REDIRECT] [Fatal Error] :1:1: Premature end of file.
2025-09-24 10:44:55,900 [ERROR] LogOutputStream:75 - [STDERR_REDIRECT] 
2025-09-24 10:44:56,902 [ERROR] LogOutputStream:75 - [STDERR_REDIRECT] [Fatal Error] :1:1: Premature end of file.
2025-09-24 10:44:56,902 [ERROR] LogOutputStream:75 - [STDERR_REDIRECT] 
2025-09-24 10:44:57,899 [ERROR] LogOutputStream:75 - [STDERR_REDIRECT] [Fatal Error] :1:1: Premature end of file.
2025-09-24 10:44:57,899 [ERROR] LogOutputStream:75 - [STDERR_REDIRECT] 
2025-09-24 10:44:58,901 [ERROR] LogOutputStream:75 - [STDERR_REDIRECT] [Fatal Error] :1:1: Premature end of file.
2025-09-24 10:44:58,901 [ERROR] LogOutputStream:75 - [STDERR_REDIRECT] 
2025-09-24 10:44:59,901 [ERROR] LogOutputStream:75 - [STDERR_REDIRECT] [Fatal Error] :1:1: Premature end of file.
2025-09-24 10:44:59,901 [ERROR] LogOutputStream:75 - [STDERR_REDIRECT] 
2025-09-24 10:45:00,902 [ERROR] LogOutputStream:75 - [STDERR_REDIRECT] [Fatal Error] :1:1: Premature end of file.
2025-09-24 10:45:00,902 [ERROR] LogOutputStream:75 - [STDERR_REDIRECT] 
2025-09-24 10:45:01,900 [ERROR] LogOutputStream:75 - [STDERR_REDIRECT] [Fatal Error] :1:1: Premature end of file.
2025-09-24 10:45:01,900 [ERROR] LogOutputStream:75 - [STDERR_REDIRECT] 
2025-09-24 10:45:02,903 [ERROR] LogOutputStream:75 - [STDERR_REDIRECT] [Fatal Error] :1:1: Premature end of file.
2025-09-24 10:45:02,903 [ERROR] LogOutputStream:75 - [STDERR_REDIRECT] 
2025-09-24 10:45:03,904 [ERROR] LogOutputStream:75 - [STDERR_REDIRECT] [Fatal Error] :1:1: Premature end of file.
2025-09-24 10:45:03,904 [ERROR] LogOutputStream:75 - [STDERR_REDIRECT] 
2025-09-24 10:45:04,897 [ERROR] LogOutputStream:75 - [STDERR_REDIRECT] [Fatal Error] :1:1: Premature end of file.
2025-09-24 10:45:04,898 [ERROR] LogOutputStream:75 - [STDERR_REDIRECT] 
2025-09-24 10:45:05,899 [ERROR] LogOutputStream:75 - [STDERR_REDIRECT] [Fatal Error] :1:1: Premature end of file.
2025-09-24 10:45:05,899 [ERROR] LogOutputStream:75 - [STDERR_REDIRECT] 
2025-09-24 10:45:06,899 [ERROR] LogOutputStream:75 - [STDERR_REDIRECT] [Fatal Error] :1:1: Premature end of file.
2025-09-24 10:45:06,899 [ERROR] LogOutputStream:75 - [STDERR_REDIRECT] 
2025-09-24 10:45:07,902 [ERROR] LogOutputStream:75 - [STDERR_REDIRECT] [Fatal Error] :1:1: Premature end of file.
2025-09-24 10:45:07,902 [ERROR] LogOutputStream:75 - [STDERR_REDIRECT] 
2025-09-24 10:45:08,905 [ERROR] LogOutputStream:75 - [STDERR_REDIRECT] [Fatal Error] :1:1: Premature end of file.
2025-09-24 10:45:08,905 [ERROR] LogOutputStream:75 - [STDERR_REDIRECT] 
2025-09-24 10:45:09,901 [ERROR] LogOutputStream:75 - [STDERR_REDIRECT] [Fatal Error] :1:1: Premature end of file.
2025-09-24 10:45:09,902 [ERROR] LogOutputStream:75 - [STDERR_REDIRECT] 
2025-09-24 10:45:10,901 [ERROR] LogOutputStream:75 - [STDERR_REDIRECT] [Fatal Error] :1:1: Premature end of file.
2025-09-24 10:45:10,901 [ERROR] LogOutputStream:75 - [STDERR_REDIRECT] 
2025-09-24 10:45:11,900 [ERROR] LogOutputStream:75 - [STDERR_REDIRECT] [Fatal Error] :1:1: Premature end of file.
2025-09-24 10:45:11,901 [ERROR] LogOutputStream:75 - [STDERR_REDIRECT] 
2025-09-24 10:45:12,900 [ERROR] LogOutputStream:75 - [STDERR_REDIRECT] [Fatal Error] :1:1: Premature end of file.
2025-09-24 10:45:12,900 [ERROR] LogOutputStream:75 - [STDERR_REDIRECT] 
2025-09-24 10:45:13,900 [ERROR] LogOutputStream:75 - [STDERR_REDIRECT] [Fatal Error] :1:1: Premature end of file.
2025-09-24 10:45:13,901 [ERROR] LogOutputStream:75 - [STDERR_REDIRECT] 
2025-09-24 10:45:14,905 [ERROR] LogOutputStream:75 - [STDERR_REDIRECT] [Fatal Error] :1:1: Premature end of file.
2025-09-24 10:45:14,905 [ERROR] LogOutputStream:75 - [STDERR_REDIRECT] 
2025-09-24 10:45:18,574 [ERROR] LogOutputStream:75 - [STDERR_REDIRECT] [Fatal Error] :1:1: Premature end of file.
2025-09-24 10:45:18,574 [ERROR] LogOutputStream:75 - [STDERR_REDIRECT] 
2025-09-24 10:45:18,614 [ERROR] LogOutputStream:75 - [STDERR_REDIRECT] [Fatal Error] :1:1: Premature end of file.
2025-09-24 10:45:18,614 [ERROR] LogOutputStream:75 - [STDERR_REDIRECT] 
2025-09-24 10:45:18,651 [ERROR] LogOutputStream:75 - [STDERR_REDIRECT] [Fatal Error] :1:1: Premature end of file.
2025-09-24 10:45:18,652 [ERROR] LogOutputStream:75 - [STDERR_REDIRECT] 
2025-09-24 10:45:18,902 [ERROR] LogOutputStream:75 - [STDERR_REDIRECT] [Fatal Error] :1:1: Premature end of file.
2025-09-24 10:45:18,903 [ERROR] LogOutputStream:75 - [STDERR_REDIRECT] 
2025-09-24 10:45:19,906 [ERROR] LogOutputStream:75 - [STDERR_REDIRECT] [Fatal Error] :1:1: Premature end of file.
2025-09-24 10:45:19,906 [ERROR] LogOutputStream:75 - [STDERR_REDIRECT] 
2025-09-24 10:45:20,901 [ERROR] LogOutputStream:75 - [STDERR_REDIRECT] [Fatal Error] :1:1: Premature end of file.
2025-09-24 10:45:20,901 [ERROR] LogOutputStream:75 - [STDERR_REDIRECT] 
2025-09-24 10:45:21,902 [ERROR] LogOutputStream:75 - [STDERR_REDIRECT] [Fatal Error] :1:1: Premature end of file.
2025-09-24 10:45:21,902 [ERROR] LogOutputStream:75 - [STDERR_REDIRECT] 
2025-09-24 10:45:22,901 [ERROR] LogOutputStream:75 - [STDERR_REDIRECT] [Fatal Error] :1:1: Premature end of file.
2025-09-24 10:45:22,902 [ERROR] LogOutputStream:75 - [STDERR_REDIRECT] 
2025-09-24 10:45:23,902 [ERROR] LogOutputStream:75 - [STDERR_REDIRECT] [Fatal Error] :1:1: Premature end of file.
2025-09-24 10:45:23,902 [ERROR] LogOutputStream:75 - [STDERR_REDIRECT] 
2025-09-24 10:45:24,901 [ERROR] LogOutputStream:75 - [STDERR_REDIRECT] [Fatal Error] :1:1: Premature end of file.
2025-09-24 10:45:24,901 [ERROR] LogOutputStream:75 - [STDERR_REDIRECT] 
2025-09-24 10:45:25,900 [ERROR] LogOutputStream:75 - [STDERR_REDIRECT] [Fatal Error] :1:1: Premature end of file.
2025-09-24 10:45:25,900 [ERROR] LogOutputStream:75 - [STDERR_REDIRECT] 
2025-09-24 10:45:26,902 [ERROR] LogOutputStream:75 - [STDERR_REDIRECT] [Fatal Error] :1:1: Premature end of file.
2025-09-24 10:45:26,902 [ERROR] LogOutputStream:75 - [STDERR_REDIRECT] 
2025-09-24 10:45:27,902 [ERROR] LogOutputStream:75 - [STDERR_REDIRECT] [Fatal Error] :1:1: Premature end of file.
2025-09-24 10:45:27,902 [ERROR] LogOutputStream:75 - [STDERR_REDIRECT] 
2025-09-24 10:45:28,900 [ERROR] LogOutputStream:75 - [STDERR_REDIRECT] [Fatal Error] :1:1: Premature end of file.
2025-09-24 10:45:28,901 [ERROR] LogOutputStream:75 - [STDERR_REDIRECT] 
2025-09-24 10:45:29,900 [ERROR] LogOutputStream:75 - [STDERR_REDIRECT] [Fatal Error] :1:1: Premature end of file.
2025-09-24 10:45:29,900 [ERROR] LogOutputStream:75 - [STDERR_REDIRECT] 
2025-09-24 10:45:30,901 [ERROR] LogOutputStream:75 - [STDERR_REDIRECT] [Fatal Error] :1:1: Premature end of file.
2025-09-24 10:45:30,901 [ERROR] LogOutputStream:75 - [STDERR_REDIRECT] 
2025-09-24 10:45:31,900 [ERROR] LogOutputStream:75 - [STDERR_REDIRECT] [Fatal Error] :1:1: Premature end of file.
2025-09-24 10:45:31,900 [ERROR] LogOutputStream:75 - [STDERR_REDIRECT] 
2025-09-24 10:45:32,899 [ERROR] LogOutputStream:75 - [STDERR_REDIRECT] [Fatal Error] :1:1: Premature end of file.
2025-09-24 10:45:32,900 [ERROR] LogOutputStream:75 - [STDERR_REDIRECT] 
2025-09-24 10:45:33,900 [ERROR] LogOutputStream:75 - [STDERR_REDIRECT] [Fatal Error] :1:1: Premature end of file.
2025-09-24 10:45:33,900 [ERROR] LogOutputStream:75 - [STDERR_REDIRECT] 
2025-09-24 10:45:34,904 [ERROR] LogOutputStream:75 - [STDERR_REDIRECT] [Fatal Error] :1:1: Premature end of file.
2025-09-24 10:45:34,904 [ERROR] LogOutputStream:75 - [STDERR_REDIRECT] 
2025-09-24 10:45:35,900 [ERROR] LogOutputStream:75 - [STDERR_REDIRECT] [Fatal Error] :1:1: Premature end of file.
2025-09-24 10:45:35,900 [ERROR] LogOutputStream:75 - [STDERR_REDIRECT] 
2025-09-24 10:45:36,900 [ERROR] LogOutputStream:75 - [STDERR_REDIRECT] [Fatal Error] :1:1: Premature end of file.
2025-09-24 10:45:36,901 [ERROR] LogOutputStream:75 - [STDERR_REDIRECT] 
2025-09-24 10:45:37,900 [ERROR] LogOutputStream:75 - [STDERR_REDIRECT] [Fatal Error] :1:1: Premature end of file.
2025-09-24 10:45:37,900 [ERROR] LogOutputStream:75 - [STDERR_REDIRECT] 
2025-09-24 10:45:38,899 [ERROR] LogOutputStream:75 - [STDERR_REDIRECT] [Fatal Error] :1:1: Premature end of file.
2025-09-24 10:45:38,901 [ERROR] LogOutputStream:75 - [STDERR_REDIRECT] 
2025-09-24 10:45:39,901 [ERROR] LogOutputStream:75 - [STDERR_REDIRECT] [Fatal Error] :1:1: Premature end of file.
2025-09-24 10:45:39,901 [ERROR] LogOutputStream:75 - [STDERR_REDIRECT] 
2025-09-24 10:45:40,901 [ERROR] LogOutputStream:75 - [STDERR_REDIRECT] [Fatal Error] :1:1: Premature end of file.
2025-09-24 10:45:40,901 [ERROR] LogOutputStream:75 - [STDERR_REDIRECT] 
2025-09-24 10:45:41,901 [ERROR] LogOutputStream:75 - [STDERR_REDIRECT] [Fatal Error] :1:1: Premature end of file.
2025-09-24 10:45:41,902 [ERROR] LogOutputStream:75 - [STDERR_REDIRECT] 
2025-09-24 10:45:42,901 [ERROR] LogOutputStream:75 - [STDERR_REDIRECT] [Fatal Error] :1:1: Premature end of file.
2025-09-24 10:45:42,901 [ERROR] LogOutputStream:75 - [STDERR_REDIRECT] 
2025-09-24 10:45:43,900 [ERROR] LogOutputStream:75 - [STDERR_REDIRECT] [Fatal Error] :1:1: Premature end of file.
2025-09-24 10:45:43,900 [ERROR] LogOutputStream:75 - [STDERR_REDIRECT] 
2025-09-24 10:45:44,899 [ERROR] LogOutputStream:75 - [STDERR_REDIRECT] [Fatal Error] :1:1: Premature end of file.
2025-09-24 10:45:44,900 [ERROR] LogOutputStream:75 - [STDERR_REDIRECT] 
2025-09-24 10:45:45,902 [ERROR] LogOutputStream:75 - [STDERR_REDIRECT] [Fatal Error] :1:1: Premature end of file.
2025-09-24 10:45:45,903 [ERROR] LogOutputStream:75 - [STDERR_REDIRECT] 
2025-09-24 10:45:46,900 [ERROR] LogOutputStream:75 - [STDERR_REDIRECT] [Fatal Error] :1:1: Premature end of file.
2025-09-24 10:45:46,901 [ERROR] LogOutputStream:75 - [STDERR_REDIRECT] 
2025-09-24 10:45:47,899 [ERROR] LogOutputStream:75 - [STDERR_REDIRECT] [Fatal Error] :1:1: Premature end of file.
2025-09-24 10:45:47,900 [ERROR] LogOutputStream:75 - [STDERR_REDIRECT] 
2025-09-24 10:45:48,906 [ERROR] LogOutputStream:75 - [STDERR_REDIRECT] [Fatal Error] :1:1: Premature end of file.
2025-09-24 10:45:48,906 [ERROR] LogOutputStream:75 - [STDERR_REDIRECT] 
2025-09-24 10:45:49,902 [ERROR] LogOutputStream:75 - [STDERR_REDIRECT] [Fatal Error] :1:1: Premature end of file.
2025-09-24 10:45:49,902 [ERROR] LogOutputStream:75 - [STDERR_REDIRECT] 
2025-09-24 10:45:50,900 [ERROR] LogOutputStream:75 - [STDERR_REDIRECT] [Fatal Error] :1:1: Premature end of file.
2025-09-24 10:45:50,901 [ERROR] LogOutputStream:75 - [STDERR_REDIRECT] 
2025-09-24 10:45:51,900 [ERROR] LogOutputStream:75 - [STDERR_REDIRECT] [Fatal Error] :1:1: Premature end of file.
2025-09-24 10:45:51,901 [ERROR] LogOutputStream:75 - [STDERR_REDIRECT] 
2025-09-24 10:45:52,899 [ERROR] LogOutputStream:75 - [STDERR_REDIRECT] [Fatal Error] :1:1: Premature end of file.
2025-09-24 10:45:52,900 [ERROR] LogOutputStream:75 - [STDERR_REDIRECT] 
2025-09-24 10:45:53,903 [ERROR] LogOutputStream:75 - [STDERR_REDIRECT] [Fatal Error] :1:1: Premature end of file.
2025-09-24 10:45:53,903 [ERROR] LogOutputStream:75 - [STDERR_REDIRECT] 
2025-09-24 10:45:54,906 [ERROR] LogOutputStream:75 - [STDERR_REDIRECT] [Fatal Error] :1:1: Premature end of file.
2025-09-24 10:45:54,906 [ERROR] LogOutputStream:75 - [STDERR_REDIRECT] 
2025-09-24 10:45:55,901 [ERROR] LogOutputStream:75 - [STDERR_REDIRECT] [Fatal Error] :1:1: Premature end of file.
2025-09-24 10:45:55,901 [ERROR] LogOutputStream:75 - [STDERR_REDIRECT] 
2025-09-24 10:45:56,899 [ERROR] LogOutputStream:75 - [STDERR_REDIRECT] [Fatal Error] :1:1: Premature end of file.
2025-09-24 10:45:56,899 [ERROR] LogOutputStream:75 - [STDERR_REDIRECT] 
2025-09-24 10:45:57,900 [ERROR] LogOutputStream:75 - [STDERR_REDIRECT] [Fatal Error] :1:1: Premature end of file.
2025-09-24 10:45:57,900 [ERROR] LogOutputStream:75 - [STDERR_REDIRECT] 
2025-09-24 10:45:58,900 [ERROR] LogOutputStream:75 - [STDERR_REDIRECT] [Fatal Error] :1:1: Premature end of file.
2025-09-24 10:45:58,900 [ERROR] LogOutputStream:75 - [STDERR_REDIRECT] 
2025-09-24 10:45:59,900 [ERROR] LogOutputStream:75 - [STDERR_REDIRECT] [Fatal Error] :1:1: Premature end of file.
2025-09-24 10:45:59,900 [ERROR] LogOutputStream:75 - [STDERR_REDIRECT] 
2025-09-24 10:46:00,900 [ERROR] LogOutputStream:75 - [STDERR_REDIRECT] [Fatal Error] :1:1: Premature end of file.
2025-09-24 10:46:00,900 [ERROR] LogOutputStream:75 - [STDERR_REDIRECT] 
2025-09-24 10:46:01,900 [ERROR] LogOutputStream:75 - [STDERR_REDIRECT] [Fatal Error] :1:1: Premature end of file.
2025-09-24 10:46:01,900 [ERROR] LogOutputStream:75 - [STDERR_REDIRECT] 
2025-09-24 10:46:02,901 [ERROR] LogOutputStream:75 - [STDERR_REDIRECT] [Fatal Error] :1:1: Premature end of file.
2025-09-24 10:46:02,901 [ERROR] LogOutputStream:75 - [STDERR_REDIRECT] 
2025-09-24 10:46:03,901 [ERROR] LogOutputStream:75 - [STDERR_REDIRECT] [Fatal Error] :1:1: Premature end of file.
2025-09-24 10:46:03,901 [ERROR] LogOutputStream:75 - [STDERR_REDIRECT] 
2025-09-24 10:46:04,902 [ERROR] LogOutputStream:75 - [STDERR_REDIRECT] [Fatal Error] :1:1: Premature end of file.
2025-09-24 10:46:04,902 [ERROR] LogOutputStream:75 - [STDERR_REDIRECT] 
2025-09-24 10:46:05,902 [ERROR] LogOutputStream:75 - [STDERR_REDIRECT] [Fatal Error] :1:1: Premature end of file.
2025-09-24 10:46:05,902 [ERROR] LogOutputStream:75 - [STDERR_REDIRECT] 
2025-09-24 10:46:06,901 [ERROR] LogOutputStream:75 - [STDERR_REDIRECT] [Fatal Error] :1:1: Premature end of file.
2025-09-24 10:46:06,901 [ERROR] LogOutputStream:75 - [STDERR_REDIRECT] 
2025-09-24 10:46:07,900 [ERROR] LogOutputStream:75 - [STDERR_REDIRECT] [Fatal Error] :1:1: Premature end of file.
2025-09-24 10:46:07,901 [ERROR] LogOutputStream:75 - [STDERR_REDIRECT] 
2025-09-24 10:46:08,901 [ERROR] LogOutputStream:75 - [STDERR_REDIRECT] [Fatal Error] :1:1: Premature end of file.
2025-09-24 10:46:08,901 [ERROR] LogOutputStream:75 - [STDERR_REDIRECT] 
2025-09-24 10:46:09,899 [ERROR] LogOutputStream:75 - [STDERR_REDIRECT] [Fatal Error] :1:1: Premature end of file.
2025-09-24 10:46:09,900 [ERROR] LogOutputStream:75 - [STDERR_REDIRECT] 
2025-09-24 10:46:10,902 [ERROR] LogOutputStream:75 - [STDERR_REDIRECT] [Fatal Error] :1:1: Premature end of file.
2025-09-24 10:46:10,902 [ERROR] LogOutputStream:75 - [STDERR_REDIRECT] 
2025-09-24 10:46:11,912 [ERROR] LogOutputStream:75 - [STDERR_REDIRECT] [Fatal Error] :1:1: Premature end of file.
2025-09-24 10:46:11,912 [ERROR] LogOutputStream:75 - [STDERR_REDIRECT] 
2025-09-24 10:46:12,899 [ERROR] LogOutputStream:75 - [STDERR_REDIRECT] [Fatal Error] :1:1: Premature end of file.
2025-09-24 10:46:12,900 [ERROR] LogOutputStream:75 - [STDERR_REDIRECT] 
2025-09-24 10:46:13,899 [ERROR] LogOutputStream:75 - [STDERR_REDIRECT] [Fatal Error] :1:1: Premature end of file.
2025-09-24 10:46:13,900 [ERROR] LogOutputStream:75 - [STDERR_REDIRECT] 
2025-09-24 10:46:14,900 [ERROR] LogOutputStream:75 - [STDERR_REDIRECT] [Fatal Error] :1:1: Premature end of file.
2025-09-24 10:46:14,900 [ERROR] LogOutputStream:75 - [STDERR_REDIRECT] 
2025-09-24 10:46:15,900 [ERROR] LogOutputStream:75 - [STDERR_REDIRECT] [Fatal Error] :1:1: Premature end of file.
2025-09-24 10:46:15,901 [ERROR] LogOutputStream:75 - [STDERR_REDIRECT] 
2025-09-24 10:46:16,911 [ERROR] LogOutputStream:75 - [STDERR_REDIRECT] [Fatal Error] :1:1: Premature end of file.
2025-09-24 10:46:16,911 [ERROR] LogOutputStream:75 - [STDERR_REDIRECT] 
2025-09-24 10:46:17,905 [ERROR] LogOutputStream:75 - [STDERR_REDIRECT] [Fatal Error] :1:1: Premature end of file.
2025-09-24 10:46:17,905 [ERROR] LogOutputStream:75 - [STDERR_REDIRECT] 
2025-09-24 10:46:18,901 [ERROR] LogOutputStream:75 - [STDERR_REDIRECT] [Fatal Error] :1:1: Premature end of file.
2025-09-24 10:46:18,901 [ERROR] LogOutputStream:75 - [STDERR_REDIRECT] 
2025-09-24 10:46:19,944 [ERROR] LogOutputStream:75 - [STDERR_REDIRECT] [Fatal Error] :1:1: Premature end of file.
2025-09-24 10:46:19,945 [ERROR] LogOutputStream:75 - [STDERR_REDIRECT] 
2025-09-24 10:46:20,905 [ERROR] LogOutputStream:75 - [STDERR_REDIRECT] [Fatal Error] :1:1: Premature end of file.
2025-09-24 10:46:20,905 [ERROR] LogOutputStream:75 - [STDERR_REDIRECT] 
2025-09-24 10:46:21,915 [ERROR] LogOutputStream:75 - [STDERR_REDIRECT] [Fatal Error] :1:1: Premature end of file.
2025-09-24 10:46:21,915 [ERROR] LogOutputStream:75 - [STDERR_REDIRECT] 
2025-09-24 10:46:22,940 [ERROR] LogOutputStream:75 - [STDERR_REDIRECT] [Fatal Error] :1:1: Premature end of file.
2025-09-24 10:46:22,940 [ERROR] LogOutputStream:75 - [STDERR_REDIRECT] 
2025-09-24 10:46:23,914 [ERROR] LogOutputStream:75 - [STDERR_REDIRECT] [Fatal Error] :1:1: Premature end of file.
2025-09-24 10:46:23,914 [ERROR] LogOutputStream:75 - [STDERR_REDIRECT] 
2025-09-24 10:46:24,900 [ERROR] LogOutputStream:75 - [STDERR_REDIRECT] [Fatal Error] :1:1: Premature end of file.
2025-09-24 10:46:24,900 [ERROR] LogOutputStream:75 - [STDERR_REDIRECT] 
2025-09-24 10:46:25,904 [ERROR] LogOutputStream:75 - [STDERR_REDIRECT] [Fatal Error] :1:1: Premature end of file.
2025-09-24 10:46:25,905 [ERROR] LogOutputStream:75 - [STDERR_REDIRECT] 
2025-09-24 10:46:26,903 [ERROR] LogOutputStream:75 - [STDERR_REDIRECT] [Fatal Error] :1:1: Premature end of file.
2025-09-24 10:46:26,903 [ERROR] LogOutputStream:75 - [STDERR_REDIRECT] 
2025-09-24 10:46:27,901 [ERROR] LogOutputStream:75 - [STDERR_REDIRECT] [Fatal Error] :1:1: Premature end of file.
2025-09-24 10:46:27,901 [ERROR] LogOutputStream:75 - [STDERR_REDIRECT] 
2025-09-24 10:46:28,901 [ERROR] LogOutputStream:75 - [STDERR_REDIRECT] [Fatal Error] :1:1: Premature end of file.
2025-09-24 10:46:28,902 [ERROR] LogOutputStream:75 - [STDERR_REDIRECT] 
2025-09-24 10:46:29,899 [ERROR] LogOutputStream:75 - [STDERR_REDIRECT] [Fatal Error] :1:1: Premature end of file.
2025-09-24 10:46:29,899 [ERROR] LogOutputStream:75 - [STDERR_REDIRECT] 
2025-09-24 10:46:30,900 [ERROR] LogOutputStream:75 - [STDERR_REDIRECT] [Fatal Error] :1:1: Premature end of file.
2025-09-24 10:46:30,901 [ERROR] LogOutputStream:75 - [STDERR_REDIRECT] 
2025-09-24 10:46:31,900 [ERROR] LogOutputStream:75 - [STDERR_REDIRECT] [Fatal Error] :1:1: Premature end of file.
2025-09-24 10:46:31,901 [ERROR] LogOutputStream:75 - [STDERR_REDIRECT] 
2025-09-24 10:46:32,899 [ERROR] LogOutputStream:75 - [STDERR_REDIRECT] [Fatal Error] :1:1: Premature end of file.
2025-09-24 10:46:32,899 [ERROR] LogOutputStream:75 - [STDERR_REDIRECT] 
2025-09-24 10:46:33,900 [ERROR] LogOutputStream:75 - [STDERR_REDIRECT] [Fatal Error] :1:1: Premature end of file.
2025-09-24 10:46:33,900 [ERROR] LogOutputStream:75 - [STDERR_REDIRECT] 
2025-09-24 10:46:34,900 [ERROR] LogOutputStream:75 - [STDERR_REDIRECT] [Fatal Error] :1:1: Premature end of file.
2025-09-24 10:46:34,900 [ERROR] LogOutputStream:75 - [STDERR_REDIRECT] 
2025-09-24 10:46:35,899 [ERROR] LogOutputStream:75 - [STDERR_REDIRECT] [Fatal Error] :1:1: Premature end of file.
2025-09-24 10:46:35,900 [ERROR] LogOutputStream:75 - [STDERR_REDIRECT] 
2025-09-24 10:46:36,899 [ERROR] LogOutputStream:75 - [STDERR_REDIRECT] [Fatal Error] :1:1: Premature end of file.
2025-09-24 10:46:36,899 [ERROR] LogOutputStream:75 - [STDERR_REDIRECT] 
2025-09-24 10:46:37,901 [ERROR] LogOutputStream:75 - [STDERR_REDIRECT] [Fatal Error] :1:1: Premature end of file.
2025-09-24 10:46:37,901 [ERROR] LogOutputStream:75 - [STDERR_REDIRECT] 
2025-09-24 10:46:38,901 [ERROR] LogOutputStream:75 - [STDERR_REDIRECT] [Fatal Error] :1:1: Premature end of file.
2025-09-24 10:46:38,901 [ERROR] LogOutputStream:75 - [STDERR_REDIRECT] 
2025-09-24 10:46:39,899 [ERROR] LogOutputStream:75 - [STDERR_REDIRECT] [Fatal Error] :1:1: Premature end of file.
2025-09-24 10:46:39,899 [ERROR] LogOutputStream:75 - [STDERR_REDIRECT] 
2025-09-24 10:46:40,908 [ERROR] LogOutputStream:75 - [STDERR_REDIRECT] [Fatal Error] :1:1: Premature end of file.
2025-09-24 10:46:40,908 [ERROR] LogOutputStream:75 - [STDERR_REDIRECT] 
2025-09-24 10:46:41,900 [ERROR] LogOutputStream:75 - [STDERR_REDIRECT] [Fatal Error] :1:1: Premature end of file.
2025-09-24 10:46:41,900 [ERROR] LogOutputStream:75 - [STDERR_REDIRECT] 
2025-09-24 10:46:42,903 [ERROR] LogOutputStream:75 - [STDERR_REDIRECT] [Fatal Error] :1:1: Premature end of file.
2025-09-24 10:46:42,903 [ERROR] LogOutputStream:75 - [STDERR_REDIRECT] 
2025-09-24 10:46:43,905 [ERROR] LogOutputStream:75 - [STDERR_REDIRECT] [Fatal Error] :1:1: Premature end of file.
2025-09-24 10:46:43,905 [ERROR] LogOutputStream:75 - [STDERR_REDIRECT] 
2025-09-24 10:46:44,918 [ERROR] LogOutputStream:75 - [STDERR_REDIRECT] [Fatal Error] :1:1: Premature end of file.
2025-09-24 10:46:44,918 [ERROR] LogOutputStream:75 - [STDERR_REDIRECT] 
2025-09-24 10:46:45,902 [ERROR] LogOutputStream:75 - [STDERR_REDIRECT] [Fatal Error] :1:1: Premature end of file.
2025-09-24 10:46:45,902 [ERROR] LogOutputStream:75 - [STDERR_REDIRECT] 
2025-09-24 10:46:46,901 [ERROR] LogOutputStream:75 - [STDERR_REDIRECT] [Fatal Error] :1:1: Premature end of file.
2025-09-24 10:46:46,902 [ERROR] LogOutputStream:75 - [STDERR_REDIRECT] 
2025-09-24 10:46:47,904 [ERROR] LogOutputStream:75 - [STDERR_REDIRECT] [Fatal Error] :1:1: Premature end of file.
2025-09-24 10:46:47,905 [ERROR] LogOutputStream:75 - [STDERR_REDIRECT] 
2025-09-24 10:46:48,904 [ERROR] LogOutputStream:75 - [STDERR_REDIRECT] [Fatal Error] :1:1: Premature end of file.
2025-09-24 10:46:48,904 [ERROR] LogOutputStream:75 - [STDERR_REDIRECT] 
2025-09-24 10:46:49,906 [ERROR] LogOutputStream:75 - [STDERR_REDIRECT] [Fatal Error] :1:1: Premature end of file.
2025-09-24 10:46:49,906 [ERROR] LogOutputStream:75 - [STDERR_REDIRECT] 
2025-09-24 10:46:50,927 [ERROR] LogOutputStream:75 - [STDERR_REDIRECT] [Fatal Error] :1:1: Premature end of file.
2025-09-24 10:46:50,928 [ERROR] LogOutputStream:75 - [STDERR_REDIRECT] 
2025-09-24 10:46:51,903 [ERROR] LogOutputStream:75 - [STDERR_REDIRECT] [Fatal Error] :1:1: Premature end of file.
2025-09-24 10:46:51,903 [ERROR] LogOutputStream:75 - [STDERR_REDIRECT] 
2025-09-24 10:46:52,909 [ERROR] LogOutputStream:75 - [STDERR_REDIRECT] [Fatal Error] :1:1: Premature end of file.
2025-09-24 10:46:52,909 [ERROR] LogOutputStream:75 - [STDERR_REDIRECT] 
2025-09-24 10:46:53,915 [ERROR] LogOutputStream:75 - [STDERR_REDIRECT] [Fatal Error] :1:1: Premature end of file.
2025-09-24 10:46:53,916 [ERROR] LogOutputStream:75 - [STDERR_REDIRECT] 
2025-09-24 10:46:54,917 [ERROR] LogOutputStream:75 - [STDERR_REDIRECT] [Fatal Error] :1:1: Premature end of file.
2025-09-24 10:46:54,917 [ERROR] LogOutputStream:75 - [STDERR_REDIRECT] 
2025-09-24 10:46:55,897 [ERROR] LogOutputStream:75 - [STDERR_REDIRECT] [Fatal Error] :1:1: Premature end of file.
2025-09-24 10:46:55,897 [ERROR] LogOutputStream:75 - [STDERR_REDIRECT] 
2025-09-24 10:46:56,913 [ERROR] LogOutputStream:75 - [STDERR_REDIRECT] [Fatal Error] :1:1: Premature end of file.
2025-09-24 10:46:56,914 [ERROR] LogOutputStream:75 - [STDERR_REDIRECT] 
2025-09-24 10:46:57,914 [ERROR] LogOutputStream:75 - [STDERR_REDIRECT] [Fatal Error] :1:1: Premature end of file.
2025-09-24 10:46:57,915 [ERROR] LogOutputStream:75 - [STDERR_REDIRECT] 
2025-09-24 10:46:58,914 [ERROR] LogOutputStream:75 - [STDERR_REDIRECT] [Fatal Error] :1:1: Premature end of file.
2025-09-24 10:46:58,914 [ERROR] LogOutputStream:75 - [STDERR_REDIRECT] 
2025-09-24 10:46:59,909 [ERROR] LogOutputStream:75 - [STDERR_REDIRECT] [Fatal Error] :1:1: Premature end of file.
2025-09-24 10:46:59,909 [ERROR] LogOutputStream:75 - [STDERR_REDIRECT] 
2025-09-24 10:47:00,917 [ERROR] LogOutputStream:75 - [STDERR_REDIRECT] [Fatal Error] :1:1: Premature end of file.
2025-09-24 10:47:00,917 [ERROR] LogOutputStream:75 - [STDERR_REDIRECT] 
2025-09-24 10:47:01,903 [ERROR] LogOutputStream:75 - [STDERR_REDIRECT] [Fatal Error] :1:1: Premature end of file.
2025-09-24 10:47:01,903 [ERROR] LogOutputStream:75 - [STDERR_REDIRECT] 
2025-09-24 10:47:02,899 [ERROR] LogOutputStream:75 - [STDERR_REDIRECT] [Fatal Error] :1:1: Premature end of file.
2025-09-24 10:47:02,899 [ERROR] LogOutputStream:75 - [STDERR_REDIRECT] 
2025-09-24 10:47:03,907 [ERROR] LogOutputStream:75 - [STDERR_REDIRECT] [Fatal Error] :1:1: Premature end of file.
2025-09-24 10:47:03,907 [ERROR] LogOutputStream:75 - [STDERR_REDIRECT] 
2025-09-24 10:47:04,911 [ERROR] LogOutputStream:75 - [STDERR_REDIRECT] [Fatal Error] :1:1: Premature end of file.
2025-09-24 10:47:04,911 [ERROR] LogOutputStream:75 - [STDERR_REDIRECT] 
2025-09-24 10:47:05,915 [ERROR] LogOutputStream:75 - [STDERR_REDIRECT] [Fatal Error] :1:1: Premature end of file.
2025-09-24 10:47:05,915 [ERROR] LogOutputStream:75 - [STDERR_REDIRECT] 
2025-09-24 10:47:06,910 [ERROR] LogOutputStream:75 - [STDERR_REDIRECT] [Fatal Error] :1:1: Premature end of file.
2025-09-24 10:47:06,911 [ERROR] LogOutputStream:75 - [STDERR_REDIRECT] 
2025-09-24 10:47:07,909 [ERROR] LogOutputStream:75 - [STDERR_REDIRECT] [Fatal Error] :1:1: Premature end of file.
2025-09-24 10:47:07,909 [ERROR] LogOutputStream:75 - [STDERR_REDIRECT] 
2025-09-24 10:47:08,912 [ERROR] LogOutputStream:75 - [STDERR_REDIRECT] [Fatal Error] :1:1: Premature end of file.
2025-09-24 10:47:08,912 [ERROR] LogOutputStream:75 - [STDERR_REDIRECT] 
2025-09-24 10:47:09,906 [ERROR] LogOutputStream:75 - [STDERR_REDIRECT] [Fatal Error] :1:1: Premature end of file.
2025-09-24 10:47:09,907 [ERROR] LogOutputStream:75 - [STDERR_REDIRECT] 
2025-09-24 10:47:10,913 [ERROR] LogOutputStream:75 - [STDERR_REDIRECT] [Fatal Error] :1:1: Premature end of file.
2025-09-24 10:47:10,914 [ERROR] LogOutputStream:75 - [STDERR_REDIRECT] 
2025-09-24 10:47:11,905 [ERROR] LogOutputStream:75 - [STDERR_REDIRECT] [Fatal Error] :1:1: Premature end of file.
2025-09-24 10:47:11,905 [ERROR] LogOutputStream:75 - [STDERR_REDIRECT] 
2025-09-24 10:47:12,490 [INFO] UtilMem:75 - End SaveConfig() Used Memory: 587036464 Bytes (1073741824)
2025-09-24 10:47:12,908 [ERROR] LogOutputStream:75 - [STDERR_REDIRECT] [Fatal Error] :1:1: Premature end of file.
2025-09-24 10:47:12,908 [ERROR] LogOutputStream:75 - [STDERR_REDIRECT] 
2025-09-24 10:47:13,282 [INFO] UtilMem:75 - End SaveConfig() Used Memory: 627930928 Bytes (1073741824)
2025-09-24 10:47:13,908 [ERROR] LogOutputStream:75 - [STDERR_REDIRECT] [Fatal Error] :1:1: Premature end of file.
2025-09-24 10:47:13,908 [ERROR] LogOutputStream:75 - [STDERR_REDIRECT] 
2025-09-24 10:47:14,488 [INFO] UtilMem:75 - End SaveConfig() Used Memory: 669873968 Bytes (1073741824)
2025-09-24 10:47:14,779 [INFO] BlockDiagram:2775 - set Specific Code input for plugin: SYS
2025-09-24 10:47:14,780 [INFO] BlockDiagram:2775 - set Specific Code input for plugin: RCC
2025-09-24 10:47:14,780 [INFO] BlockDiagram:2775 - set Specific Code input for plugin: NVIC
2025-09-24 10:47:14,780 [INFO] BlockDiagram:2775 - set Specific Code input for plugin: USART
2025-09-24 10:47:14,781 [INFO] BlockDiagram:2775 - set Specific Code input for plugin: GPIO
2025-09-24 10:47:14,783 [INFO] CodeGenerator:892 - code generatio: config db path: C:\ST\STM32CubeIDE_1.19.0\STM32CubeIDE\plugins\com.st.stm32cube.common.mx_6.15.0.202507011659\\db\
2025-09-24 10:47:14,895 [INFO] CodeEngine:265 - oldGeneratedFile, C:\Users\train\Desktop\Project\STM32_Project\TASK2\MXTmpFiles\license.tmp_save
2025-09-24 10:47:14,916 [ERROR] LogOutputStream:75 - [STDERR_REDIRECT] [Fatal Error] :1:1: Premature end of file.
2025-09-24 10:47:14,916 [ERROR] LogOutputStream:75 - [STDERR_REDIRECT] 
2025-09-24 10:47:15,049 [INFO] CodeEngine:289 - Generated code: C:\Users\train\Desktop\Project\STM32_Project\TASK2\MXTmpFiles\license.tmp
2025-09-24 10:47:15,078 [INFO] CodeEngine:265 - oldGeneratedFile, C:\Users\train\Desktop\Project\STM32_Project\TASK2\MXTmpFiles\gpio.tmp_save
2025-09-24 10:47:15,190 [INFO] CodeEngine:289 - Generated code: C:\Users\train\Desktop\Project\STM32_Project\TASK2\MXTmpFiles\gpio.tmp
2025-09-24 10:47:15,261 [INFO] CodeEngine:265 - oldGeneratedFile, C:\Users\train\Desktop\Project\STM32_Project\TASK2\Core\Src\stm32f4xx_it.c_save
2025-09-24 10:47:15,585 [INFO] CodeEngine:289 - Generated code: C:\Users\train\Desktop\Project\STM32_Project\TASK2\Core\Src\stm32f4xx_it.c
2025-09-24 10:47:15,601 [INFO] CodeEngine:265 - oldGeneratedFile, C:\Users\train\Desktop\Project\STM32_Project\TASK2\Core\Inc\stm32f4xx_it.h_save
2025-09-24 10:47:15,716 [INFO] CodeEngine:289 - Generated code: C:\Users\train\Desktop\Project\STM32_Project\TASK2\Core\Inc\stm32f4xx_it.h
2025-09-24 10:47:15,739 [INFO] CodeEngine:265 - oldGeneratedFile, C:\Users\train\Desktop\Project\STM32_Project\TASK2\Core\Src\stm32f4xx_hal_msp.c_save
2025-09-24 10:47:15,938 [ERROR] LogOutputStream:75 - [STDERR_REDIRECT] [Fatal Error] :1:1: Premature end of file.
2025-09-24 10:47:15,938 [ERROR] LogOutputStream:75 - [STDERR_REDIRECT] 
2025-09-24 10:47:15,958 [INFO] CodeEngine:289 - Generated code: C:\Users\train\Desktop\Project\STM32_Project\TASK2\Core\Src\stm32f4xx_hal_msp.c
2025-09-24 10:47:15,970 [INFO] CodeEngine:265 - oldGeneratedFile, C:\Users\train\Desktop\Project\STM32_Project\TASK2\MXTmpFiles\system.tmp_save
2025-09-24 10:47:16,116 [INFO] CodeEngine:289 - Generated code: C:\Users\train\Desktop\Project\STM32_Project\TASK2\MXTmpFiles\system.tmp
2025-09-24 10:47:16,137 [INFO] CodeEngine:321 - oldGeneratedFile, C:\Users\train\Desktop\Project\STM32_Project\TASK2\Core\Inc\stm32f4xx_hal_conf.h_save
2025-09-24 10:47:16,248 [INFO] CodeEngine:345 - Generated code: C:\Users\train\Desktop\Project\STM32_Project\TASK2\Core\Inc\stm32f4xx_hal_conf.h
2025-09-24 10:47:16,301 [INFO] CodeEngine:265 - oldGeneratedFile, C:\Users\train\Desktop\Project\STM32_Project\TASK2\Core\Inc\main.h_save
2025-09-24 10:47:16,433 [INFO] CodeEngine:289 - Generated code: C:\Users\train\Desktop\Project\STM32_Project\TASK2\Core\Inc\main.h
2025-09-24 10:47:16,442 [INFO] CodeEngine:265 - oldGeneratedFile, C:\Users\train\Desktop\Project\STM32_Project\TASK2\Core\Src\main.c_save
2025-09-24 10:47:16,560 [INFO] CodeEngine:289 - Generated code: C:\Users\train\Desktop\Project\STM32_Project\TASK2\Core\Src\main.c
2025-09-24 10:47:16,905 [ERROR] LogOutputStream:75 - [STDERR_REDIRECT] [Fatal Error] :1:1: Premature end of file.
2025-09-24 10:47:16,905 [ERROR] LogOutputStream:75 - [STDERR_REDIRECT] 
2025-09-24 10:47:16,936 [INFO] ProjectBuilder:3606 - Time for Copy HAL[1] : 179mS.
2025-09-24 10:47:16,940 [INFO] ProjectBuilder:5216 - Project Generator version: 4.7.0-B52
2025-09-24 10:47:17,044 [INFO] ConfigFileManager:1595 - The Die is : DIE413
2025-09-24 10:47:18,246 [ERROR] LogOutputStream:75 - [STDERR_REDIRECT] [Fatal Error] :1:1: Premature end of file.
2025-09-24 10:47:18,248 [ERROR] LogOutputStream:75 - [STDERR_REDIRECT] 
2025-09-24 10:47:18,620 [INFO] ProjectBuilder:5496 - Time for Generating toolchain IDE Files: 1679mS.
2025-09-24 10:47:18,621 [INFO] ProjectBuilder:3463 - Time for Copy CMSIS : 1mS.
2025-09-24 10:47:18,627 [INFO] ProjectBuilder:3463 - Time for Copy CMSIS : 0mS.
2025-09-24 10:47:18,959 [ERROR] LogOutputStream:75 - [STDERR_REDIRECT] [Fatal Error] :1:1: Premature end of file.
2025-09-24 10:47:18,959 [ERROR] LogOutputStream:75 - [STDERR_REDIRECT] 
2025-09-24 10:47:19,907 [ERROR] LogOutputStream:75 - [STDERR_REDIRECT] [Fatal Error] :1:1: Premature end of file.
2025-09-24 10:47:19,908 [ERROR] LogOutputStream:75 - [STDERR_REDIRECT] 
2025-09-24 10:47:20,901 [ERROR] LogOutputStream:75 - [STDERR_REDIRECT] [Fatal Error] :1:1: Premature end of file.
2025-09-24 10:47:20,901 [ERROR] LogOutputStream:75 - [STDERR_REDIRECT] 
2025-09-24 10:47:21,898 [ERROR] LogOutputStream:75 - [STDERR_REDIRECT] [Fatal Error] :1:1: Premature end of file.
2025-09-24 10:47:21,898 [ERROR] LogOutputStream:75 - [STDERR_REDIRECT] 
2025-09-24 10:47:22,914 [ERROR] LogOutputStream:75 - [STDERR_REDIRECT] [Fatal Error] :1:1: Premature end of file.
2025-09-24 10:47:22,915 [ERROR] LogOutputStream:75 - [STDERR_REDIRECT] 
2025-09-24 10:47:23,899 [ERROR] LogOutputStream:75 - [STDERR_REDIRECT] [Fatal Error] :1:1: Premature end of file.
2025-09-24 10:47:23,899 [ERROR] LogOutputStream:75 - [STDERR_REDIRECT] 
2025-09-24 10:47:24,900 [ERROR] LogOutputStream:75 - [STDERR_REDIRECT] [Fatal Error] :1:1: Premature end of file.
2025-09-24 10:47:24,900 [ERROR] LogOutputStream:75 - [STDERR_REDIRECT] 
2025-09-24 10:47:25,910 [ERROR] LogOutputStream:75 - [STDERR_REDIRECT] [Fatal Error] :1:1: Premature end of file.
2025-09-24 10:47:25,910 [ERROR] LogOutputStream:75 - [STDERR_REDIRECT] 
2025-09-24 10:47:26,903 [ERROR] LogOutputStream:75 - [STDERR_REDIRECT] [Fatal Error] :1:1: Premature end of file.
2025-09-24 10:47:26,903 [ERROR] LogOutputStream:75 - [STDERR_REDIRECT] 
2025-09-24 10:47:27,904 [ERROR] LogOutputStream:75 - [STDERR_REDIRECT] [Fatal Error] :1:1: Premature end of file.
2025-09-24 10:47:27,905 [ERROR] LogOutputStream:75 - [STDERR_REDIRECT] 
2025-09-24 10:47:28,917 [ERROR] LogOutputStream:75 - [STDERR_REDIRECT] [Fatal Error] :1:1: Premature end of file.
2025-09-24 10:47:28,918 [ERROR] LogOutputStream:75 - [STDERR_REDIRECT] 
2025-09-24 10:47:29,904 [ERROR] LogOutputStream:75 - [STDERR_REDIRECT] [Fatal Error] :1:1: Premature end of file.
2025-09-24 10:47:29,905 [ERROR] LogOutputStream:75 - [STDERR_REDIRECT] 
2025-09-24 10:47:30,899 [ERROR] LogOutputStream:75 - [STDERR_REDIRECT] [Fatal Error] :1:1: Premature end of file.
2025-09-24 10:47:30,899 [ERROR] LogOutputStream:75 - [STDERR_REDIRECT] 
2025-09-24 10:47:31,900 [ERROR] LogOutputStream:75 - [STDERR_REDIRECT] [Fatal Error] :1:1: Premature end of file.
2025-09-24 10:47:31,900 [ERROR] LogOutputStream:75 - [STDERR_REDIRECT] 
2025-09-24 10:47:32,899 [ERROR] LogOutputStream:75 - [STDERR_REDIRECT] [Fatal Error] :1:1: Premature end of file.
2025-09-24 10:47:32,899 [ERROR] LogOutputStream:75 - [STDERR_REDIRECT] 
2025-09-24 10:47:33,898 [ERROR] LogOutputStream:75 - [STDERR_REDIRECT] [Fatal Error] :1:1: Premature end of file.
2025-09-24 10:47:33,898 [ERROR] LogOutputStream:75 - [STDERR_REDIRECT] 
2025-09-24 10:47:34,898 [ERROR] LogOutputStream:75 - [STDERR_REDIRECT] [Fatal Error] :1:1: Premature end of file.
2025-09-24 10:47:34,898 [ERROR] LogOutputStream:75 - [STDERR_REDIRECT] 
2025-09-24 10:47:35,897 [ERROR] LogOutputStream:75 - [STDERR_REDIRECT] [Fatal Error] :1:1: Premature end of file.
2025-09-24 10:47:35,898 [ERROR] LogOutputStream:75 - [STDERR_REDIRECT] 
2025-09-24 10:47:36,902 [ERROR] LogOutputStream:75 - [STDERR_REDIRECT] [Fatal Error] :1:1: Premature end of file.
2025-09-24 10:47:36,903 [ERROR] LogOutputStream:75 - [STDERR_REDIRECT] 
2025-09-24 10:47:37,900 [ERROR] LogOutputStream:75 - [STDERR_REDIRECT] [Fatal Error] :1:1: Premature end of file.
2025-09-24 10:47:37,900 [ERROR] LogOutputStream:75 - [STDERR_REDIRECT] 
2025-09-24 10:47:38,900 [ERROR] LogOutputStream:75 - [STDERR_REDIRECT] [Fatal Error] :1:1: Premature end of file.
2025-09-24 10:47:38,900 [ERROR] LogOutputStream:75 - [STDERR_REDIRECT] 
2025-09-24 10:47:39,899 [ERROR] LogOutputStream:75 - [STDERR_REDIRECT] [Fatal Error] :1:1: Premature end of file.
2025-09-24 10:47:39,899 [ERROR] LogOutputStream:75 - [STDERR_REDIRECT] 
2025-09-24 10:47:40,898 [ERROR] LogOutputStream:75 - [STDERR_REDIRECT] [Fatal Error] :1:1: Premature end of file.
2025-09-24 10:47:40,898 [ERROR] LogOutputStream:75 - [STDERR_REDIRECT] 
2025-09-24 10:47:41,899 [ERROR] LogOutputStream:75 - [STDERR_REDIRECT] [Fatal Error] :1:1: Premature end of file.
2025-09-24 10:47:41,899 [ERROR] LogOutputStream:75 - [STDERR_REDIRECT] 
2025-09-24 10:47:42,900 [ERROR] LogOutputStream:75 - [STDERR_REDIRECT] [Fatal Error] :1:1: Premature end of file.
2025-09-24 10:47:42,900 [ERROR] LogOutputStream:75 - [STDERR_REDIRECT] 
2025-09-24 10:47:43,899 [ERROR] LogOutputStream:75 - [STDERR_REDIRECT] [Fatal Error] :1:1: Premature end of file.
2025-09-24 10:47:43,899 [ERROR] LogOutputStream:75 - [STDERR_REDIRECT] 
2025-09-24 10:47:44,900 [ERROR] LogOutputStream:75 - [STDERR_REDIRECT] [Fatal Error] :1:1: Premature end of file.
2025-09-24 10:47:44,900 [ERROR] LogOutputStream:75 - [STDERR_REDIRECT] 
2025-09-24 10:47:45,902 [ERROR] LogOutputStream:75 - [STDERR_REDIRECT] [Fatal Error] :1:1: Premature end of file.
2025-09-24 10:47:45,902 [ERROR] LogOutputStream:75 - [STDERR_REDIRECT] 
2025-09-24 10:47:46,899 [ERROR] LogOutputStream:75 - [STDERR_REDIRECT] [Fatal Error] :1:1: Premature end of file.
2025-09-24 10:47:46,899 [ERROR] LogOutputStream:75 - [STDERR_REDIRECT] 
2025-09-24 10:47:47,901 [ERROR] LogOutputStream:75 - [STDERR_REDIRECT] [Fatal Error] :1:1: Premature end of file.
2025-09-24 10:47:47,902 [ERROR] LogOutputStream:75 - [STDERR_REDIRECT] 
2025-09-24 10:47:48,901 [ERROR] LogOutputStream:75 - [STDERR_REDIRECT] [Fatal Error] :1:1: Premature end of file.
2025-09-24 10:47:48,901 [ERROR] LogOutputStream:75 - [STDERR_REDIRECT] 
2025-09-24 10:47:49,899 [ERROR] LogOutputStream:75 - [STDERR_REDIRECT] [Fatal Error] :1:1: Premature end of file.
2025-09-24 10:47:49,900 [ERROR] LogOutputStream:75 - [STDERR_REDIRECT] 
2025-09-24 10:47:50,899 [ERROR] LogOutputStream:75 - [STDERR_REDIRECT] [Fatal Error] :1:1: Premature end of file.
2025-09-24 10:47:50,900 [ERROR] LogOutputStream:75 - [STDERR_REDIRECT] 
2025-09-24 10:47:51,901 [ERROR] LogOutputStream:75 - [STDERR_REDIRECT] [Fatal Error] :1:1: Premature end of file.
2025-09-24 10:47:51,901 [ERROR] LogOutputStream:75 - [STDERR_REDIRECT] 
2025-09-24 10:47:52,899 [ERROR] LogOutputStream:75 - [STDERR_REDIRECT] [Fatal Error] :1:1: Premature end of file.
2025-09-24 10:47:52,900 [ERROR] LogOutputStream:75 - [STDERR_REDIRECT] 
2025-09-24 10:47:53,899 [ERROR] LogOutputStream:75 - [STDERR_REDIRECT] [Fatal Error] :1:1: Premature end of file.
2025-09-24 10:47:53,899 [ERROR] LogOutputStream:75 - [STDERR_REDIRECT] 
2025-09-24 10:47:54,898 [ERROR] LogOutputStream:75 - [STDERR_REDIRECT] [Fatal Error] :1:1: Premature end of file.
2025-09-24 10:47:54,899 [ERROR] LogOutputStream:75 - [STDERR_REDIRECT] 
2025-09-24 10:47:55,902 [ERROR] LogOutputStream:75 - [STDERR_REDIRECT] [Fatal Error] :1:1: Premature end of file.
2025-09-24 10:47:55,902 [ERROR] LogOutputStream:75 - [STDERR_REDIRECT] 
2025-09-24 10:47:56,900 [ERROR] LogOutputStream:75 - [STDERR_REDIRECT] [Fatal Error] :1:1: Premature end of file.
2025-09-24 10:47:56,900 [ERROR] LogOutputStream:75 - [STDERR_REDIRECT] 
2025-09-24 10:47:57,900 [ERROR] LogOutputStream:75 - [STDERR_REDIRECT] [Fatal Error] :1:1: Premature end of file.
2025-09-24 10:47:57,900 [ERROR] LogOutputStream:75 - [STDERR_REDIRECT] 
2025-09-24 10:47:58,901 [ERROR] LogOutputStream:75 - [STDERR_REDIRECT] [Fatal Error] :1:1: Premature end of file.
2025-09-24 10:47:58,901 [ERROR] LogOutputStream:75 - [STDERR_REDIRECT] 
2025-09-24 10:47:59,899 [ERROR] LogOutputStream:75 - [STDERR_REDIRECT] [Fatal Error] :1:1: Premature end of file.
2025-09-24 10:47:59,899 [ERROR] LogOutputStream:75 - [STDERR_REDIRECT] 
2025-09-24 10:48:00,900 [ERROR] LogOutputStream:75 - [STDERR_REDIRECT] [Fatal Error] :1:1: Premature end of file.
2025-09-24 10:48:00,900 [ERROR] LogOutputStream:75 - [STDERR_REDIRECT] 
2025-09-24 10:48:01,900 [ERROR] LogOutputStream:75 - [STDERR_REDIRECT] [Fatal Error] :1:1: Premature end of file.
2025-09-24 10:48:01,900 [ERROR] LogOutputStream:75 - [STDERR_REDIRECT] 
2025-09-24 10:48:02,899 [ERROR] LogOutputStream:75 - [STDERR_REDIRECT] [Fatal Error] :1:1: Premature end of file.
2025-09-24 10:48:02,899 [ERROR] LogOutputStream:75 - [STDERR_REDIRECT] 
2025-09-24 10:48:03,899 [ERROR] LogOutputStream:75 - [STDERR_REDIRECT] [Fatal Error] :1:1: Premature end of file.
2025-09-24 10:48:03,899 [ERROR] LogOutputStream:75 - [STDERR_REDIRECT] 
2025-09-24 10:48:04,900 [ERROR] LogOutputStream:75 - [STDERR_REDIRECT] [Fatal Error] :1:1: Premature end of file.
2025-09-24 10:48:04,900 [ERROR] LogOutputStream:75 - [STDERR_REDIRECT] 
2025-09-24 10:48:05,900 [ERROR] LogOutputStream:75 - [STDERR_REDIRECT] [Fatal Error] :1:1: Premature end of file.
2025-09-24 10:48:05,900 [ERROR] LogOutputStream:75 - [STDERR_REDIRECT] 
2025-09-24 10:48:06,904 [ERROR] LogOutputStream:75 - [STDERR_REDIRECT] [Fatal Error] :1:1: Premature end of file.
2025-09-24 10:48:06,904 [ERROR] LogOutputStream:75 - [STDERR_REDIRECT] 
2025-09-24 10:48:07,899 [ERROR] LogOutputStream:75 - [STDERR_REDIRECT] [Fatal Error] :1:1: Premature end of file.
2025-09-24 10:48:07,900 [ERROR] LogOutputStream:75 - [STDERR_REDIRECT] 
2025-09-24 10:48:08,899 [ERROR] LogOutputStream:75 - [STDERR_REDIRECT] [Fatal Error] :1:1: Premature end of file.
2025-09-24 10:48:08,900 [ERROR] LogOutputStream:75 - [STDERR_REDIRECT] 
2025-09-24 10:48:09,900 [ERROR] LogOutputStream:75 - [STDERR_REDIRECT] [Fatal Error] :1:1: Premature end of file.
2025-09-24 10:48:09,900 [ERROR] LogOutputStream:75 - [STDERR_REDIRECT] 
2025-09-24 10:48:10,902 [ERROR] LogOutputStream:75 - [STDERR_REDIRECT] [Fatal Error] :1:1: Premature end of file.
2025-09-24 10:48:10,902 [ERROR] LogOutputStream:75 - [STDERR_REDIRECT] 
2025-09-24 10:48:11,899 [ERROR] LogOutputStream:75 - [STDERR_REDIRECT] [Fatal Error] :1:1: Premature end of file.
2025-09-24 10:48:11,899 [ERROR] LogOutputStream:75 - [STDERR_REDIRECT] 
2025-09-24 10:48:12,899 [ERROR] LogOutputStream:75 - [STDERR_REDIRECT] [Fatal Error] :1:1: Premature end of file.
2025-09-24 10:48:12,899 [ERROR] LogOutputStream:75 - [STDERR_REDIRECT] 
2025-09-24 10:48:13,900 [ERROR] LogOutputStream:75 - [STDERR_REDIRECT] [Fatal Error] :1:1: Premature end of file.
2025-09-24 10:48:13,900 [ERROR] LogOutputStream:75 - [STDERR_REDIRECT] 
2025-09-24 10:48:14,898 [ERROR] LogOutputStream:75 - [STDERR_REDIRECT] [Fatal Error] :1:1: Premature end of file.
2025-09-24 10:48:14,898 [ERROR] LogOutputStream:75 - [STDERR_REDIRECT] 
2025-09-24 10:48:15,899 [ERROR] LogOutputStream:75 - [STDERR_REDIRECT] [Fatal Error] :1:1: Premature end of file.
2025-09-24 10:48:15,899 [ERROR] LogOutputStream:75 - [STDERR_REDIRECT] 
2025-09-24 10:48:16,899 [ERROR] LogOutputStream:75 - [STDERR_REDIRECT] [Fatal Error] :1:1: Premature end of file.
2025-09-24 10:48:16,899 [ERROR] LogOutputStream:75 - [STDERR_REDIRECT] 
2025-09-24 10:48:17,900 [ERROR] LogOutputStream:75 - [STDERR_REDIRECT] [Fatal Error] :1:1: Premature end of file.
2025-09-24 10:48:17,901 [ERROR] LogOutputStream:75 - [STDERR_REDIRECT] 
2025-09-24 10:48:18,898 [ERROR] LogOutputStream:75 - [STDERR_REDIRECT] [Fatal Error] :1:1: Premature end of file.
2025-09-24 10:48:18,899 [ERROR] LogOutputStream:75 - [STDERR_REDIRECT] 
2025-09-24 10:48:19,899 [ERROR] LogOutputStream:75 - [STDERR_REDIRECT] [Fatal Error] :1:1: Premature end of file.
2025-09-24 10:48:19,899 [ERROR] LogOutputStream:75 - [STDERR_REDIRECT] 
2025-09-24 10:48:20,900 [ERROR] LogOutputStream:75 - [STDERR_REDIRECT] [Fatal Error] :1:1: Premature end of file.
2025-09-24 10:48:20,900 [ERROR] LogOutputStream:75 - [STDERR_REDIRECT] 
2025-09-24 10:48:21,899 [ERROR] LogOutputStream:75 - [STDERR_REDIRECT] [Fatal Error] :1:1: Premature end of file.
2025-09-24 10:48:21,899 [ERROR] LogOutputStream:75 - [STDERR_REDIRECT] 
2025-09-24 10:48:22,902 [ERROR] LogOutputStream:75 - [STDERR_REDIRECT] [Fatal Error] :1:1: Premature end of file.
2025-09-24 10:48:22,902 [ERROR] LogOutputStream:75 - [STDERR_REDIRECT] 
2025-09-24 10:48:23,899 [ERROR] LogOutputStream:75 - [STDERR_REDIRECT] [Fatal Error] :1:1: Premature end of file.
2025-09-24 10:48:23,900 [ERROR] LogOutputStream:75 - [STDERR_REDIRECT] 
2025-09-24 10:48:24,902 [ERROR] LogOutputStream:75 - [STDERR_REDIRECT] [Fatal Error] :1:1: Premature end of file.
2025-09-24 10:48:24,902 [ERROR] LogOutputStream:75 - [STDERR_REDIRECT] 
2025-09-24 10:48:25,901 [ERROR] LogOutputStream:75 - [STDERR_REDIRECT] [Fatal Error] :1:1: Premature end of file.
2025-09-24 10:48:25,901 [ERROR] LogOutputStream:75 - [STDERR_REDIRECT] 
2025-09-24 10:48:26,899 [ERROR] LogOutputStream:75 - [STDERR_REDIRECT] [Fatal Error] :1:1: Premature end of file.
2025-09-24 10:48:26,899 [ERROR] LogOutputStream:75 - [STDERR_REDIRECT] 
2025-09-24 10:48:27,901 [ERROR] LogOutputStream:75 - [STDERR_REDIRECT] [Fatal Error] :1:1: Premature end of file.
2025-09-24 10:48:27,901 [ERROR] LogOutputStream:75 - [STDERR_REDIRECT] 
2025-09-24 10:48:28,900 [ERROR] LogOutputStream:75 - [STDERR_REDIRECT] [Fatal Error] :1:1: Premature end of file.
2025-09-24 10:48:28,900 [ERROR] LogOutputStream:75 - [STDERR_REDIRECT] 
2025-09-24 10:48:29,900 [ERROR] LogOutputStream:75 - [STDERR_REDIRECT] [Fatal Error] :1:1: Premature end of file.
2025-09-24 10:48:29,902 [ERROR] LogOutputStream:75 - [STDERR_REDIRECT] 
2025-09-24 10:48:30,899 [ERROR] LogOutputStream:75 - [STDERR_REDIRECT] [Fatal Error] :1:1: Premature end of file.
2025-09-24 10:48:30,900 [ERROR] LogOutputStream:75 - [STDERR_REDIRECT] 
2025-09-24 10:48:31,901 [ERROR] LogOutputStream:75 - [STDERR_REDIRECT] [Fatal Error] :1:1: Premature end of file.
2025-09-24 10:48:31,902 [ERROR] LogOutputStream:75 - [STDERR_REDIRECT] 
2025-09-24 10:48:32,900 [ERROR] LogOutputStream:75 - [STDERR_REDIRECT] [Fatal Error] :1:1: Premature end of file.
2025-09-24 10:48:32,900 [ERROR] LogOutputStream:75 - [STDERR_REDIRECT] 
2025-09-24 10:48:33,899 [ERROR] LogOutputStream:75 - [STDERR_REDIRECT] [Fatal Error] :1:1: Premature end of file.
2025-09-24 10:48:33,899 [ERROR] LogOutputStream:75 - [STDERR_REDIRECT] 
2025-09-24 10:48:34,899 [ERROR] LogOutputStream:75 - [STDERR_REDIRECT] [Fatal Error] :1:1: Premature end of file.
2025-09-24 10:48:34,899 [ERROR] LogOutputStream:75 - [STDERR_REDIRECT] 
2025-09-24 10:48:35,903 [ERROR] LogOutputStream:75 - [STDERR_REDIRECT] [Fatal Error] :1:1: Premature end of file.
2025-09-24 10:48:35,903 [ERROR] LogOutputStream:75 - [STDERR_REDIRECT] 
2025-09-24 10:48:36,901 [ERROR] LogOutputStream:75 - [STDERR_REDIRECT] [Fatal Error] :1:1: Premature end of file.
2025-09-24 10:48:36,901 [ERROR] LogOutputStream:75 - [STDERR_REDIRECT] 
2025-09-24 10:48:37,899 [ERROR] LogOutputStream:75 - [STDERR_REDIRECT] [Fatal Error] :1:1: Premature end of file.
2025-09-24 10:48:37,899 [ERROR] LogOutputStream:75 - [STDERR_REDIRECT] 
2025-09-24 10:48:38,901 [ERROR] LogOutputStream:75 - [STDERR_REDIRECT] [Fatal Error] :1:1: Premature end of file.
2025-09-24 10:48:38,901 [ERROR] LogOutputStream:75 - [STDERR_REDIRECT] 
2025-09-24 10:48:39,900 [ERROR] LogOutputStream:75 - [STDERR_REDIRECT] [Fatal Error] :1:1: Premature end of file.
2025-09-24 10:48:39,900 [ERROR] LogOutputStream:75 - [STDERR_REDIRECT] 
2025-09-24 10:48:40,900 [ERROR] LogOutputStream:75 - [STDERR_REDIRECT] [Fatal Error] :1:1: Premature end of file.
2025-09-24 10:48:40,901 [ERROR] LogOutputStream:75 - [STDERR_REDIRECT] 
2025-09-24 10:48:41,901 [ERROR] LogOutputStream:75 - [STDERR_REDIRECT] [Fatal Error] :1:1: Premature end of file.
2025-09-24 10:48:41,901 [ERROR] LogOutputStream:75 - [STDERR_REDIRECT] 
2025-09-24 10:48:42,900 [ERROR] LogOutputStream:75 - [STDERR_REDIRECT] [Fatal Error] :1:1: Premature end of file.
2025-09-24 10:48:42,901 [ERROR] LogOutputStream:75 - [STDERR_REDIRECT] 
2025-09-24 10:48:43,899 [ERROR] LogOutputStream:75 - [STDERR_REDIRECT] [Fatal Error] :1:1: Premature end of file.
2025-09-24 10:48:43,899 [ERROR] LogOutputStream:75 - [STDERR_REDIRECT] 
2025-09-24 10:48:44,901 [ERROR] LogOutputStream:75 - [STDERR_REDIRECT] [Fatal Error] :1:1: Premature end of file.
2025-09-24 10:48:44,901 [ERROR] LogOutputStream:75 - [STDERR_REDIRECT] 
2025-09-24 10:48:45,912 [ERROR] LogOutputStream:75 - [STDERR_REDIRECT] [Fatal Error] :1:1: Premature end of file.
2025-09-24 10:48:45,912 [ERROR] LogOutputStream:75 - [STDERR_REDIRECT] 
2025-09-24 10:48:46,905 [ERROR] LogOutputStream:75 - [STDERR_REDIRECT] [Fatal Error] :1:1: Premature end of file.
2025-09-24 10:48:46,905 [ERROR] LogOutputStream:75 - [STDERR_REDIRECT] 
2025-09-24 10:48:47,905 [ERROR] LogOutputStream:75 - [STDERR_REDIRECT] [Fatal Error] :1:1: Premature end of file.
2025-09-24 10:48:47,906 [ERROR] LogOutputStream:75 - [STDERR_REDIRECT] 
2025-09-24 10:48:48,903 [ERROR] LogOutputStream:75 - [STDERR_REDIRECT] [Fatal Error] :1:1: Premature end of file.
2025-09-24 10:48:48,903 [ERROR] LogOutputStream:75 - [STDERR_REDIRECT] 
2025-09-24 10:48:49,903 [ERROR] LogOutputStream:75 - [STDERR_REDIRECT] [Fatal Error] :1:1: Premature end of file.
2025-09-24 10:48:49,903 [ERROR] LogOutputStream:75 - [STDERR_REDIRECT] 
2025-09-24 10:48:50,903 [ERROR] LogOutputStream:75 - [STDERR_REDIRECT] [Fatal Error] :1:1: Premature end of file.
2025-09-24 10:48:50,904 [ERROR] LogOutputStream:75 - [STDERR_REDIRECT] 
2025-09-24 10:48:51,903 [ERROR] LogOutputStream:75 - [STDERR_REDIRECT] [Fatal Error] :1:1: Premature end of file.
2025-09-24 10:48:51,903 [ERROR] LogOutputStream:75 - [STDERR_REDIRECT] 
2025-09-24 10:48:52,899 [ERROR] LogOutputStream:75 - [STDERR_REDIRECT] [Fatal Error] :1:1: Premature end of file.
2025-09-24 10:48:52,899 [ERROR] LogOutputStream:75 - [STDERR_REDIRECT] 
2025-09-24 10:48:53,901 [ERROR] LogOutputStream:75 - [STDERR_REDIRECT] [Fatal Error] :1:1: Premature end of file.
2025-09-24 10:48:53,901 [ERROR] LogOutputStream:75 - [STDERR_REDIRECT] 
2025-09-24 10:48:54,899 [ERROR] LogOutputStream:75 - [STDERR_REDIRECT] [Fatal Error] :1:1: Premature end of file.
2025-09-24 10:48:54,899 [ERROR] LogOutputStream:75 - [STDERR_REDIRECT] 
2025-09-24 10:48:55,904 [ERROR] LogOutputStream:75 - [STDERR_REDIRECT] [Fatal Error] :1:1: Premature end of file.
2025-09-24 10:48:55,904 [ERROR] LogOutputStream:75 - [STDERR_REDIRECT] 
2025-09-24 10:48:56,903 [ERROR] LogOutputStream:75 - [STDERR_REDIRECT] [Fatal Error] :1:1: Premature end of file.
2025-09-24 10:48:56,904 [ERROR] LogOutputStream:75 - [STDERR_REDIRECT] 
2025-09-24 10:48:57,904 [ERROR] LogOutputStream:75 - [STDERR_REDIRECT] [Fatal Error] :1:1: Premature end of file.
2025-09-24 10:48:57,904 [ERROR] LogOutputStream:75 - [STDERR_REDIRECT] 
2025-09-24 10:48:58,903 [ERROR] LogOutputStream:75 - [STDERR_REDIRECT] [Fatal Error] :1:1: Premature end of file.
2025-09-24 10:48:58,903 [ERROR] LogOutputStream:75 - [STDERR_REDIRECT] 
2025-09-24 10:48:59,900 [ERROR] LogOutputStream:75 - [STDERR_REDIRECT] [Fatal Error] :1:1: Premature end of file.
2025-09-24 10:48:59,900 [ERROR] LogOutputStream:75 - [STDERR_REDIRECT] 
2025-09-24 10:49:00,903 [ERROR] LogOutputStream:75 - [STDERR_REDIRECT] [Fatal Error] :1:1: Premature end of file.
2025-09-24 10:49:00,903 [ERROR] LogOutputStream:75 - [STDERR_REDIRECT] 
2025-09-24 10:49:01,901 [ERROR] LogOutputStream:75 - [STDERR_REDIRECT] [Fatal Error] :1:1: Premature end of file.
2025-09-24 10:49:01,901 [ERROR] LogOutputStream:75 - [STDERR_REDIRECT] 
2025-09-24 10:49:02,901 [ERROR] LogOutputStream:75 - [STDERR_REDIRECT] [Fatal Error] :1:1: Premature end of file.
2025-09-24 10:49:02,901 [ERROR] LogOutputStream:75 - [STDERR_REDIRECT] 
2025-09-24 10:49:03,901 [ERROR] LogOutputStream:75 - [STDERR_REDIRECT] [Fatal Error] :1:1: Premature end of file.
2025-09-24 10:49:03,902 [ERROR] LogOutputStream:75 - [STDERR_REDIRECT] 
2025-09-24 10:49:04,903 [ERROR] LogOutputStream:75 - [STDERR_REDIRECT] [Fatal Error] :1:1: Premature end of file.
2025-09-24 10:49:04,903 [ERROR] LogOutputStream:75 - [STDERR_REDIRECT] 
2025-09-24 10:49:05,903 [ERROR] LogOutputStream:75 - [STDERR_REDIRECT] [Fatal Error] :1:1: Premature end of file.
2025-09-24 10:49:05,903 [ERROR] LogOutputStream:75 - [STDERR_REDIRECT] 
2025-09-24 10:49:06,903 [ERROR] LogOutputStream:75 - [STDERR_REDIRECT] [Fatal Error] :1:1: Premature end of file.
2025-09-24 10:49:06,903 [ERROR] LogOutputStream:75 - [STDERR_REDIRECT] 
2025-09-24 10:49:07,901 [ERROR] LogOutputStream:75 - [STDERR_REDIRECT] [Fatal Error] :1:1: Premature end of file.
2025-09-24 10:49:07,901 [ERROR] LogOutputStream:75 - [STDERR_REDIRECT] 
2025-09-24 10:49:08,899 [ERROR] LogOutputStream:75 - [STDERR_REDIRECT] [Fatal Error] :1:1: Premature end of file.
2025-09-24 10:49:08,901 [ERROR] LogOutputStream:75 - [STDERR_REDIRECT] 
2025-09-24 10:49:09,901 [ERROR] LogOutputStream:75 - [STDERR_REDIRECT] [Fatal Error] :1:1: Premature end of file.
2025-09-24 10:49:09,901 [ERROR] LogOutputStream:75 - [STDERR_REDIRECT] 
2025-09-24 10:49:10,901 [ERROR] LogOutputStream:75 - [STDERR_REDIRECT] [Fatal Error] :1:1: Premature end of file.
2025-09-24 10:49:10,901 [ERROR] LogOutputStream:75 - [STDERR_REDIRECT] 
2025-09-24 10:49:11,900 [ERROR] LogOutputStream:75 - [STDERR_REDIRECT] [Fatal Error] :1:1: Premature end of file.
2025-09-24 10:49:11,900 [ERROR] LogOutputStream:75 - [STDERR_REDIRECT] 
2025-09-24 10:49:12,900 [ERROR] LogOutputStream:75 - [STDERR_REDIRECT] [Fatal Error] :1:1: Premature end of file.
2025-09-24 10:49:12,900 [ERROR] LogOutputStream:75 - [STDERR_REDIRECT] 
2025-09-24 10:49:13,901 [ERROR] LogOutputStream:75 - [STDERR_REDIRECT] [Fatal Error] :1:1: Premature end of file.
2025-09-24 10:49:13,901 [ERROR] LogOutputStream:75 - [STDERR_REDIRECT] 
2025-09-24 10:49:14,899 [ERROR] LogOutputStream:75 - [STDERR_REDIRECT] [Fatal Error] :1:1: Premature end of file.
2025-09-24 10:49:14,900 [ERROR] LogOutputStream:75 - [STDERR_REDIRECT] 
2025-09-24 10:49:15,898 [ERROR] LogOutputStream:75 - [STDERR_REDIRECT] [Fatal Error] :1:1: Premature end of file.
2025-09-24 10:49:15,898 [ERROR] LogOutputStream:75 - [STDERR_REDIRECT] 
2025-09-24 10:49:16,903 [ERROR] LogOutputStream:75 - [STDERR_REDIRECT] [Fatal Error] :1:1: Premature end of file.
2025-09-24 10:49:16,903 [ERROR] LogOutputStream:75 - [STDERR_REDIRECT] 
2025-09-24 10:49:17,899 [ERROR] LogOutputStream:75 - [STDERR_REDIRECT] [Fatal Error] :1:1: Premature end of file.
2025-09-24 10:49:17,899 [ERROR] LogOutputStream:75 - [STDERR_REDIRECT] 
2025-09-24 10:49:18,901 [ERROR] LogOutputStream:75 - [STDERR_REDIRECT] [Fatal Error] :1:1: Premature end of file.
2025-09-24 10:49:18,901 [ERROR] LogOutputStream:75 - [STDERR_REDIRECT] 
2025-09-24 10:49:19,900 [ERROR] LogOutputStream:75 - [STDERR_REDIRECT] [Fatal Error] :1:1: Premature end of file.
2025-09-24 10:49:19,900 [ERROR] LogOutputStream:75 - [STDERR_REDIRECT] 
2025-09-24 10:49:20,899 [ERROR] LogOutputStream:75 - [STDERR_REDIRECT] [Fatal Error] :1:1: Premature end of file.
2025-09-24 10:49:20,900 [ERROR] LogOutputStream:75 - [STDERR_REDIRECT] 
2025-09-24 10:49:21,898 [ERROR] LogOutputStream:75 - [STDERR_REDIRECT] [Fatal Error] :1:1: Premature end of file.
2025-09-24 10:49:21,898 [ERROR] LogOutputStream:75 - [STDERR_REDIRECT] 
2025-09-24 10:49:22,900 [ERROR] LogOutputStream:75 - [STDERR_REDIRECT] [Fatal Error] :1:1: Premature end of file.
2025-09-24 10:49:22,900 [ERROR] LogOutputStream:75 - [STDERR_REDIRECT] 
2025-09-24 10:49:23,899 [ERROR] LogOutputStream:75 - [STDERR_REDIRECT] [Fatal Error] :1:1: Premature end of file.
2025-09-24 10:49:23,899 [ERROR] LogOutputStream:75 - [STDERR_REDIRECT] 
2025-09-24 10:49:24,900 [ERROR] LogOutputStream:75 - [STDERR_REDIRECT] [Fatal Error] :1:1: Premature end of file.
2025-09-24 10:49:24,900 [ERROR] LogOutputStream:75 - [STDERR_REDIRECT] 
2025-09-24 10:49:25,902 [ERROR] LogOutputStream:75 - [STDERR_REDIRECT] [Fatal Error] :1:1: Premature end of file.
2025-09-24 10:49:25,902 [ERROR] LogOutputStream:75 - [STDERR_REDIRECT] 
2025-09-24 10:49:26,900 [ERROR] LogOutputStream:75 - [STDERR_REDIRECT] [Fatal Error] :1:1: Premature end of file.
2025-09-24 10:49:26,900 [ERROR] LogOutputStream:75 - [STDERR_REDIRECT] 
2025-09-24 10:49:27,899 [ERROR] LogOutputStream:75 - [STDERR_REDIRECT] [Fatal Error] :1:1: Premature end of file.
2025-09-24 10:49:27,900 [ERROR] LogOutputStream:75 - [STDERR_REDIRECT] 
2025-09-24 10:49:28,900 [ERROR] LogOutputStream:75 - [STDERR_REDIRECT] [Fatal Error] :1:1: Premature end of file.
2025-09-24 10:49:28,901 [ERROR] LogOutputStream:75 - [STDERR_REDIRECT] 
2025-09-24 10:49:29,901 [ERROR] LogOutputStream:75 - [STDERR_REDIRECT] [Fatal Error] :1:1: Premature end of file.
2025-09-24 10:49:29,901 [ERROR] LogOutputStream:75 - [STDERR_REDIRECT] 
2025-09-24 10:49:30,900 [ERROR] LogOutputStream:75 - [STDERR_REDIRECT] [Fatal Error] :1:1: Premature end of file.
2025-09-24 10:49:30,901 [ERROR] LogOutputStream:75 - [STDERR_REDIRECT] 
2025-09-24 10:49:31,900 [ERROR] LogOutputStream:75 - [STDERR_REDIRECT] [Fatal Error] :1:1: Premature end of file.
2025-09-24 10:49:31,900 [ERROR] LogOutputStream:75 - [STDERR_REDIRECT] 
2025-09-24 10:49:32,900 [ERROR] LogOutputStream:75 - [STDERR_REDIRECT] [Fatal Error] :1:1: Premature end of file.
2025-09-24 10:49:32,900 [ERROR] LogOutputStream:75 - [STDERR_REDIRECT] 
2025-09-24 10:49:33,900 [ERROR] LogOutputStream:75 - [STDERR_REDIRECT] [Fatal Error] :1:1: Premature end of file.
2025-09-24 10:49:33,900 [ERROR] LogOutputStream:75 - [STDERR_REDIRECT] 
2025-09-24 10:49:34,900 [ERROR] LogOutputStream:75 - [STDERR_REDIRECT] [Fatal Error] :1:1: Premature end of file.
2025-09-24 10:49:34,900 [ERROR] LogOutputStream:75 - [STDERR_REDIRECT] 
2025-09-24 10:49:35,901 [ERROR] LogOutputStream:75 - [STDERR_REDIRECT] [Fatal Error] :1:1: Premature end of file.
2025-09-24 10:49:35,901 [ERROR] LogOutputStream:75 - [STDERR_REDIRECT] 
2025-09-24 10:49:36,899 [ERROR] LogOutputStream:75 - [STDERR_REDIRECT] [Fatal Error] :1:1: Premature end of file.
2025-09-24 10:49:36,899 [ERROR] LogOutputStream:75 - [STDERR_REDIRECT] 
2025-09-24 10:49:37,900 [ERROR] LogOutputStream:75 - [STDERR_REDIRECT] [Fatal Error] :1:1: Premature end of file.
2025-09-24 10:49:37,901 [ERROR] LogOutputStream:75 - [STDERR_REDIRECT] 
2025-09-24 10:49:38,901 [ERROR] LogOutputStream:75 - [STDERR_REDIRECT] [Fatal Error] :1:1: Premature end of file.
2025-09-24 10:49:38,901 [ERROR] LogOutputStream:75 - [STDERR_REDIRECT] 
2025-09-24 10:49:39,900 [ERROR] LogOutputStream:75 - [STDERR_REDIRECT] [Fatal Error] :1:1: Premature end of file.
2025-09-24 10:49:39,901 [ERROR] LogOutputStream:75 - [STDERR_REDIRECT] 
2025-09-24 10:49:40,900 [ERROR] LogOutputStream:75 - [STDERR_REDIRECT] [Fatal Error] :1:1: Premature end of file.
2025-09-24 10:49:40,900 [ERROR] LogOutputStream:75 - [STDERR_REDIRECT] 
2025-09-24 10:49:41,901 [ERROR] LogOutputStream:75 - [STDERR_REDIRECT] [Fatal Error] :1:1: Premature end of file.
2025-09-24 10:49:41,901 [ERROR] LogOutputStream:75 - [STDERR_REDIRECT] 
2025-09-24 10:49:42,900 [ERROR] LogOutputStream:75 - [STDERR_REDIRECT] [Fatal Error] :1:1: Premature end of file.
2025-09-24 10:49:42,900 [ERROR] LogOutputStream:75 - [STDERR_REDIRECT] 
2025-09-24 10:49:43,898 [ERROR] LogOutputStream:75 - [STDERR_REDIRECT] [Fatal Error] :1:1: Premature end of file.
2025-09-24 10:49:43,899 [ERROR] LogOutputStream:75 - [STDERR_REDIRECT] 
2025-09-24 10:49:44,901 [ERROR] LogOutputStream:75 - [STDERR_REDIRECT] [Fatal Error] :1:1: Premature end of file.
2025-09-24 10:49:44,901 [ERROR] LogOutputStream:75 - [STDERR_REDIRECT] 
2025-09-24 10:49:45,901 [ERROR] LogOutputStream:75 - [STDERR_REDIRECT] [Fatal Error] :1:1: Premature end of file.
2025-09-24 10:49:45,901 [ERROR] LogOutputStream:75 - [STDERR_REDIRECT] 
2025-09-24 10:49:46,901 [ERROR] LogOutputStream:75 - [STDERR_REDIRECT] [Fatal Error] :1:1: Premature end of file.
2025-09-24 10:49:46,901 [ERROR] LogOutputStream:75 - [STDERR_REDIRECT] 
2025-09-24 10:49:47,901 [ERROR] LogOutputStream:75 - [STDERR_REDIRECT] [Fatal Error] :1:1: Premature end of file.
2025-09-24 10:49:47,901 [ERROR] LogOutputStream:75 - [STDERR_REDIRECT] 
2025-09-24 10:49:48,901 [ERROR] LogOutputStream:75 - [STDERR_REDIRECT] [Fatal Error] :1:1: Premature end of file.
2025-09-24 10:49:48,901 [ERROR] LogOutputStream:75 - [STDERR_REDIRECT] 
2025-09-24 10:49:49,901 [ERROR] LogOutputStream:75 - [STDERR_REDIRECT] [Fatal Error] :1:1: Premature end of file.
2025-09-24 10:49:49,901 [ERROR] LogOutputStream:75 - [STDERR_REDIRECT] 
2025-09-24 10:49:50,901 [ERROR] LogOutputStream:75 - [STDERR_REDIRECT] [Fatal Error] :1:1: Premature end of file.
2025-09-24 10:49:50,901 [ERROR] LogOutputStream:75 - [STDERR_REDIRECT] 
2025-09-24 10:49:51,899 [ERROR] LogOutputStream:75 - [STDERR_REDIRECT] [Fatal Error] :1:1: Premature end of file.
2025-09-24 10:49:51,899 [ERROR] LogOutputStream:75 - [STDERR_REDIRECT] 
2025-09-24 10:49:52,902 [ERROR] LogOutputStream:75 - [STDERR_REDIRECT] [Fatal Error] :1:1: Premature end of file.
2025-09-24 10:49:52,902 [ERROR] LogOutputStream:75 - [STDERR_REDIRECT] 
2025-09-24 10:49:53,903 [ERROR] LogOutputStream:75 - [STDERR_REDIRECT] [Fatal Error] :1:1: Premature end of file.
2025-09-24 10:49:53,903 [ERROR] LogOutputStream:75 - [STDERR_REDIRECT] 
2025-09-24 10:49:54,899 [ERROR] LogOutputStream:75 - [STDERR_REDIRECT] [Fatal Error] :1:1: Premature end of file.
2025-09-24 10:49:54,900 [ERROR] LogOutputStream:75 - [STDERR_REDIRECT] 
2025-09-24 10:49:55,900 [ERROR] LogOutputStream:75 - [STDERR_REDIRECT] [Fatal Error] :1:1: Premature end of file.
2025-09-24 10:49:55,900 [ERROR] LogOutputStream:75 - [STDERR_REDIRECT] 
2025-09-24 10:49:56,900 [ERROR] LogOutputStream:75 - [STDERR_REDIRECT] [Fatal Error] :1:1: Premature end of file.
2025-09-24 10:49:56,900 [ERROR] LogOutputStream:75 - [STDERR_REDIRECT] 
2025-09-24 10:49:57,900 [ERROR] LogOutputStream:75 - [STDERR_REDIRECT] [Fatal Error] :1:1: Premature end of file.
2025-09-24 10:49:57,900 [ERROR] LogOutputStream:75 - [STDERR_REDIRECT] 
2025-09-24 10:49:58,901 [ERROR] LogOutputStream:75 - [STDERR_REDIRECT] [Fatal Error] :1:1: Premature end of file.
2025-09-24 10:49:58,901 [ERROR] LogOutputStream:75 - [STDERR_REDIRECT] 
2025-09-24 10:49:59,899 [ERROR] LogOutputStream:75 - [STDERR_REDIRECT] [Fatal Error] :1:1: Premature end of file.
2025-09-24 10:49:59,900 [ERROR] LogOutputStream:75 - [STDERR_REDIRECT] 
2025-09-24 10:50:00,902 [ERROR] LogOutputStream:75 - [STDERR_REDIRECT] [Fatal Error] :1:1: Premature end of file.
2025-09-24 10:50:00,902 [ERROR] LogOutputStream:75 - [STDERR_REDIRECT] 
2025-09-24 10:50:01,900 [ERROR] LogOutputStream:75 - [STDERR_REDIRECT] [Fatal Error] :1:1: Premature end of file.
2025-09-24 10:50:01,900 [ERROR] LogOutputStream:75 - [STDERR_REDIRECT] 
2025-09-24 10:50:02,900 [ERROR] LogOutputStream:75 - [STDERR_REDIRECT] [Fatal Error] :1:1: Premature end of file.
2025-09-24 10:50:02,900 [ERROR] LogOutputStream:75 - [STDERR_REDIRECT] 
2025-09-24 10:50:03,901 [ERROR] LogOutputStream:75 - [STDERR_REDIRECT] [Fatal Error] :1:1: Premature end of file.
2025-09-24 10:50:03,902 [ERROR] LogOutputStream:75 - [STDERR_REDIRECT] 
2025-09-24 10:50:04,906 [ERROR] LogOutputStream:75 - [STDERR_REDIRECT] [Fatal Error] :1:1: Premature end of file.
2025-09-24 10:50:04,906 [ERROR] LogOutputStream:75 - [STDERR_REDIRECT] 
2025-09-24 10:50:05,901 [ERROR] LogOutputStream:75 - [STDERR_REDIRECT] [Fatal Error] :1:1: Premature end of file.
2025-09-24 10:50:05,901 [ERROR] LogOutputStream:75 - [STDERR_REDIRECT] 
2025-09-24 10:50:06,906 [ERROR] LogOutputStream:75 - [STDERR_REDIRECT] [Fatal Error] :1:1: Premature end of file.
2025-09-24 10:50:06,906 [ERROR] LogOutputStream:75 - [STDERR_REDIRECT] 
2025-09-24 10:50:07,914 [ERROR] LogOutputStream:75 - [STDERR_REDIRECT] [Fatal Error] :1:1: Premature end of file.
2025-09-24 10:50:07,914 [ERROR] LogOutputStream:75 - [STDERR_REDIRECT] 
2025-09-24 10:50:08,900 [ERROR] LogOutputStream:75 - [STDERR_REDIRECT] [Fatal Error] :1:1: Premature end of file.
2025-09-24 10:50:08,900 [ERROR] LogOutputStream:75 - [STDERR_REDIRECT] 
2025-09-24 10:50:09,900 [ERROR] LogOutputStream:75 - [STDERR_REDIRECT] [Fatal Error] :1:1: Premature end of file.
2025-09-24 10:50:09,900 [ERROR] LogOutputStream:75 - [STDERR_REDIRECT] 
2025-09-24 10:50:10,901 [ERROR] LogOutputStream:75 - [STDERR_REDIRECT] [Fatal Error] :1:1: Premature end of file.
2025-09-24 10:50:10,901 [ERROR] LogOutputStream:75 - [STDERR_REDIRECT] 
2025-09-24 10:50:11,899 [ERROR] LogOutputStream:75 - [STDERR_REDIRECT] [Fatal Error] :1:1: Premature end of file.
2025-09-24 10:50:11,900 [ERROR] LogOutputStream:75 - [STDERR_REDIRECT] 
2025-09-24 10:50:12,900 [ERROR] LogOutputStream:75 - [STDERR_REDIRECT] [Fatal Error] :1:1: Premature end of file.
2025-09-24 10:50:12,900 [ERROR] LogOutputStream:75 - [STDERR_REDIRECT] 
2025-09-24 10:50:13,901 [ERROR] LogOutputStream:75 - [STDERR_REDIRECT] [Fatal Error] :1:1: Premature end of file.
2025-09-24 10:50:13,901 [ERROR] LogOutputStream:75 - [STDERR_REDIRECT] 
2025-09-24 10:50:14,901 [ERROR] LogOutputStream:75 - [STDERR_REDIRECT] [Fatal Error] :1:1: Premature end of file.
2025-09-24 10:50:14,901 [ERROR] LogOutputStream:75 - [STDERR_REDIRECT] 
2025-09-24 10:50:15,901 [ERROR] LogOutputStream:75 - [STDERR_REDIRECT] [Fatal Error] :1:1: Premature end of file.
2025-09-24 10:50:15,901 [ERROR] LogOutputStream:75 - [STDERR_REDIRECT] 
2025-09-24 10:50:16,900 [ERROR] LogOutputStream:75 - [STDERR_REDIRECT] [Fatal Error] :1:1: Premature end of file.
2025-09-24 10:50:16,900 [ERROR] LogOutputStream:75 - [STDERR_REDIRECT] 
2025-09-24 10:50:17,898 [ERROR] LogOutputStream:75 - [STDERR_REDIRECT] [Fatal Error] :1:1: Premature end of file.
2025-09-24 10:50:17,899 [ERROR] LogOutputStream:75 - [STDERR_REDIRECT] 
2025-09-24 10:50:18,901 [ERROR] LogOutputStream:75 - [STDERR_REDIRECT] [Fatal Error] :1:1: Premature end of file.
2025-09-24 10:50:18,902 [ERROR] LogOutputStream:75 - [STDERR_REDIRECT] 
2025-09-24 10:50:19,900 [ERROR] LogOutputStream:75 - [STDERR_REDIRECT] [Fatal Error] :1:1: Premature end of file.
2025-09-24 10:50:19,900 [ERROR] LogOutputStream:75 - [STDERR_REDIRECT] 
2025-09-24 10:50:20,899 [ERROR] LogOutputStream:75 - [STDERR_REDIRECT] [Fatal Error] :1:1: Premature end of file.
2025-09-24 10:50:20,899 [ERROR] LogOutputStream:75 - [STDERR_REDIRECT] 
2025-09-24 10:50:21,899 [ERROR] LogOutputStream:75 - [STDERR_REDIRECT] [Fatal Error] :1:1: Premature end of file.
2025-09-24 10:50:21,899 [ERROR] LogOutputStream:75 - [STDERR_REDIRECT] 
2025-09-24 10:50:22,901 [ERROR] LogOutputStream:75 - [STDERR_REDIRECT] [Fatal Error] :1:1: Premature end of file.
2025-09-24 10:50:22,901 [ERROR] LogOutputStream:75 - [STDERR_REDIRECT] 
2025-09-24 10:50:23,900 [ERROR] LogOutputStream:75 - [STDERR_REDIRECT] [Fatal Error] :1:1: Premature end of file.
2025-09-24 10:50:23,900 [ERROR] LogOutputStream:75 - [STDERR_REDIRECT] 
2025-09-24 10:50:24,902 [ERROR] LogOutputStream:75 - [STDERR_REDIRECT] [Fatal Error] :1:1: Premature end of file.
2025-09-24 10:50:24,902 [ERROR] LogOutputStream:75 - [STDERR_REDIRECT] 
2025-09-24 10:50:25,899 [ERROR] LogOutputStream:75 - [STDERR_REDIRECT] [Fatal Error] :1:1: Premature end of file.
2025-09-24 10:50:25,899 [ERROR] LogOutputStream:75 - [STDERR_REDIRECT] 
2025-09-24 10:50:26,900 [ERROR] LogOutputStream:75 - [STDERR_REDIRECT] [Fatal Error] :1:1: Premature end of file.
2025-09-24 10:50:26,901 [ERROR] LogOutputStream:75 - [STDERR_REDIRECT] 
2025-09-24 10:50:27,899 [ERROR] LogOutputStream:75 - [STDERR_REDIRECT] [Fatal Error] :1:1: Premature end of file.
2025-09-24 10:50:27,900 [ERROR] LogOutputStream:75 - [STDERR_REDIRECT] 
2025-09-24 10:50:28,899 [ERROR] LogOutputStream:75 - [STDERR_REDIRECT] [Fatal Error] :1:1: Premature end of file.
2025-09-24 10:50:28,900 [ERROR] LogOutputStream:75 - [STDERR_REDIRECT] 
2025-09-24 10:50:29,899 [ERROR] LogOutputStream:75 - [STDERR_REDIRECT] [Fatal Error] :1:1: Premature end of file.
2025-09-24 10:50:29,899 [ERROR] LogOutputStream:75 - [STDERR_REDIRECT] 
2025-09-24 10:50:30,901 [ERROR] LogOutputStream:75 - [STDERR_REDIRECT] [Fatal Error] :1:1: Premature end of file.
2025-09-24 10:50:30,901 [ERROR] LogOutputStream:75 - [STDERR_REDIRECT] 
2025-09-24 10:50:31,910 [ERROR] LogOutputStream:75 - [STDERR_REDIRECT] [Fatal Error] :1:1: Premature end of file.
2025-09-24 10:50:31,910 [ERROR] LogOutputStream:75 - [STDERR_REDIRECT] 
2025-09-24 10:50:32,901 [ERROR] LogOutputStream:75 - [STDERR_REDIRECT] [Fatal Error] :1:1: Premature end of file.
2025-09-24 10:50:32,901 [ERROR] LogOutputStream:75 - [STDERR_REDIRECT] 
2025-09-24 10:50:33,902 [ERROR] LogOutputStream:75 - [STDERR_REDIRECT] [Fatal Error] :1:1: Premature end of file.
2025-09-24 10:50:33,902 [ERROR] LogOutputStream:75 - [STDERR_REDIRECT] 
2025-09-24 10:50:34,900 [ERROR] LogOutputStream:75 - [STDERR_REDIRECT] [Fatal Error] :1:1: Premature end of file.
2025-09-24 10:50:34,900 [ERROR] LogOutputStream:75 - [STDERR_REDIRECT] 
2025-09-24 10:50:35,899 [ERROR] LogOutputStream:75 - [STDERR_REDIRECT] [Fatal Error] :1:1: Premature end of file.
2025-09-24 10:50:35,900 [ERROR] LogOutputStream:75 - [STDERR_REDIRECT] 
2025-09-24 10:50:36,900 [ERROR] LogOutputStream:75 - [STDERR_REDIRECT] [Fatal Error] :1:1: Premature end of file.
2025-09-24 10:50:36,900 [ERROR] LogOutputStream:75 - [STDERR_REDIRECT] 
2025-09-24 10:50:37,899 [ERROR] LogOutputStream:75 - [STDERR_REDIRECT] [Fatal Error] :1:1: Premature end of file.
2025-09-24 10:50:37,899 [ERROR] LogOutputStream:75 - [STDERR_REDIRECT] 
2025-09-24 10:50:38,898 [ERROR] LogOutputStream:75 - [STDERR_REDIRECT] [Fatal Error] :1:1: Premature end of file.
2025-09-24 10:50:38,898 [ERROR] LogOutputStream:75 - [STDERR_REDIRECT] 
2025-09-24 10:50:39,901 [ERROR] LogOutputStream:75 - [STDERR_REDIRECT] [Fatal Error] :1:1: Premature end of file.
2025-09-24 10:50:39,901 [ERROR] LogOutputStream:75 - [STDERR_REDIRECT] 
2025-09-24 10:50:40,900 [ERROR] LogOutputStream:75 - [STDERR_REDIRECT] [Fatal Error] :1:1: Premature end of file.
2025-09-24 10:50:40,900 [ERROR] LogOutputStream:75 - [STDERR_REDIRECT] 
2025-09-24 10:50:41,901 [ERROR] LogOutputStream:75 - [STDERR_REDIRECT] [Fatal Error] :1:1: Premature end of file.
2025-09-24 10:50:41,901 [ERROR] LogOutputStream:75 - [STDERR_REDIRECT] 
2025-09-24 10:50:42,899 [ERROR] LogOutputStream:75 - [STDERR_REDIRECT] [Fatal Error] :1:1: Premature end of file.
2025-09-24 10:50:42,899 [ERROR] LogOutputStream:75 - [STDERR_REDIRECT] 
2025-09-24 10:50:43,901 [ERROR] LogOutputStream:75 - [STDERR_REDIRECT] [Fatal Error] :1:1: Premature end of file.
2025-09-24 10:50:43,902 [ERROR] LogOutputStream:75 - [STDERR_REDIRECT] 
2025-09-24 10:50:44,900 [ERROR] LogOutputStream:75 - [STDERR_REDIRECT] [Fatal Error] :1:1: Premature end of file.
2025-09-24 10:50:44,900 [ERROR] LogOutputStream:75 - [STDERR_REDIRECT] 
2025-09-24 10:50:45,899 [ERROR] LogOutputStream:75 - [STDERR_REDIRECT] [Fatal Error] :1:1: Premature end of file.
2025-09-24 10:50:45,899 [ERROR] LogOutputStream:75 - [STDERR_REDIRECT] 
2025-09-24 10:50:46,899 [ERROR] LogOutputStream:75 - [STDERR_REDIRECT] [Fatal Error] :1:1: Premature end of file.
2025-09-24 10:50:46,899 [ERROR] LogOutputStream:75 - [STDERR_REDIRECT] 
2025-09-24 10:50:47,902 [ERROR] LogOutputStream:75 - [STDERR_REDIRECT] [Fatal Error] :1:1: Premature end of file.
2025-09-24 10:50:47,902 [ERROR] LogOutputStream:75 - [STDERR_REDIRECT] 
2025-09-24 10:50:48,900 [ERROR] LogOutputStream:75 - [STDERR_REDIRECT] [Fatal Error] :1:1: Premature end of file.
2025-09-24 10:50:48,901 [ERROR] LogOutputStream:75 - [STDERR_REDIRECT] 
2025-09-24 10:50:49,900 [ERROR] LogOutputStream:75 - [STDERR_REDIRECT] [Fatal Error] :1:1: Premature end of file.
2025-09-24 10:50:49,900 [ERROR] LogOutputStream:75 - [STDERR_REDIRECT] 
2025-09-24 10:50:50,901 [ERROR] LogOutputStream:75 - [STDERR_REDIRECT] [Fatal Error] :1:1: Premature end of file.
2025-09-24 10:50:50,901 [ERROR] LogOutputStream:75 - [STDERR_REDIRECT] 
2025-09-24 10:50:51,899 [ERROR] LogOutputStream:75 - [STDERR_REDIRECT] [Fatal Error] :1:1: Premature end of file.
2025-09-24 10:50:51,899 [ERROR] LogOutputStream:75 - [STDERR_REDIRECT] 
2025-09-24 10:50:52,899 [ERROR] LogOutputStream:75 - [STDERR_REDIRECT] [Fatal Error] :1:1: Premature end of file.
2025-09-24 10:50:52,900 [ERROR] LogOutputStream:75 - [STDERR_REDIRECT] 
2025-09-24 10:50:53,900 [ERROR] LogOutputStream:75 - [STDERR_REDIRECT] [Fatal Error] :1:1: Premature end of file.
2025-09-24 10:50:53,900 [ERROR] LogOutputStream:75 - [STDERR_REDIRECT] 
2025-09-24 10:50:54,900 [ERROR] LogOutputStream:75 - [STDERR_REDIRECT] [Fatal Error] :1:1: Premature end of file.
2025-09-24 10:50:54,901 [ERROR] LogOutputStream:75 - [STDERR_REDIRECT] 
2025-09-24 10:50:55,899 [ERROR] LogOutputStream:75 - [STDERR_REDIRECT] [Fatal Error] :1:1: Premature end of file.
2025-09-24 10:50:55,899 [ERROR] LogOutputStream:75 - [STDERR_REDIRECT] 
2025-09-24 10:50:56,899 [ERROR] LogOutputStream:75 - [STDERR_REDIRECT] [Fatal Error] :1:1: Premature end of file.
2025-09-24 10:50:56,900 [ERROR] LogOutputStream:75 - [STDERR_REDIRECT] 
2025-09-24 10:50:57,898 [ERROR] LogOutputStream:75 - [STDERR_REDIRECT] [Fatal Error] :1:1: Premature end of file.
2025-09-24 10:50:57,899 [ERROR] LogOutputStream:75 - [STDERR_REDIRECT] 
2025-09-24 10:50:58,901 [ERROR] LogOutputStream:75 - [STDERR_REDIRECT] [Fatal Error] :1:1: Premature end of file.
2025-09-24 10:50:58,901 [ERROR] LogOutputStream:75 - [STDERR_REDIRECT] 
2025-09-24 10:50:59,898 [ERROR] LogOutputStream:75 - [STDERR_REDIRECT] [Fatal Error] :1:1: Premature end of file.
2025-09-24 10:50:59,898 [ERROR] LogOutputStream:75 - [STDERR_REDIRECT] 
2025-09-24 10:51:00,900 [ERROR] LogOutputStream:75 - [STDERR_REDIRECT] [Fatal Error] :1:1: Premature end of file.
2025-09-24 10:51:00,900 [ERROR] LogOutputStream:75 - [STDERR_REDIRECT] 
2025-09-24 10:51:01,899 [ERROR] LogOutputStream:75 - [STDERR_REDIRECT] [Fatal Error] :1:1: Premature end of file.
2025-09-24 10:51:01,899 [ERROR] LogOutputStream:75 - [STDERR_REDIRECT] 
2025-09-24 10:51:02,901 [ERROR] LogOutputStream:75 - [STDERR_REDIRECT] [Fatal Error] :1:1: Premature end of file.
2025-09-24 10:51:02,901 [ERROR] LogOutputStream:75 - [STDERR_REDIRECT] 
2025-09-24 10:51:03,902 [ERROR] LogOutputStream:75 - [STDERR_REDIRECT] [Fatal Error] :1:1: Premature end of file.
2025-09-24 10:51:03,902 [ERROR] LogOutputStream:75 - [STDERR_REDIRECT] 
2025-09-24 10:51:04,901 [ERROR] LogOutputStream:75 - [STDERR_REDIRECT] [Fatal Error] :1:1: Premature end of file.
2025-09-24 10:51:04,901 [ERROR] LogOutputStream:75 - [STDERR_REDIRECT] 
2025-09-24 10:51:05,901 [ERROR] LogOutputStream:75 - [STDERR_REDIRECT] [Fatal Error] :1:1: Premature end of file.
2025-09-24 10:51:05,901 [ERROR] LogOutputStream:75 - [STDERR_REDIRECT] 
2025-09-24 10:51:06,900 [ERROR] LogOutputStream:75 - [STDERR_REDIRECT] [Fatal Error] :1:1: Premature end of file.
2025-09-24 10:51:06,900 [ERROR] LogOutputStream:75 - [STDERR_REDIRECT] 
2025-09-24 10:51:07,899 [ERROR] LogOutputStream:75 - [STDERR_REDIRECT] [Fatal Error] :1:1: Premature end of file.
2025-09-24 10:51:07,899 [ERROR] LogOutputStream:75 - [STDERR_REDIRECT] 
2025-09-24 10:51:08,901 [ERROR] LogOutputStream:75 - [STDERR_REDIRECT] [Fatal Error] :1:1: Premature end of file.
2025-09-24 10:51:08,901 [ERROR] LogOutputStream:75 - [STDERR_REDIRECT] 
2025-09-24 10:51:09,901 [ERROR] LogOutputStream:75 - [STDERR_REDIRECT] [Fatal Error] :1:1: Premature end of file.
2025-09-24 10:51:09,901 [ERROR] LogOutputStream:75 - [STDERR_REDIRECT] 
2025-09-24 10:51:10,900 [ERROR] LogOutputStream:75 - [STDERR_REDIRECT] [Fatal Error] :1:1: Premature end of file.
2025-09-24 10:51:10,900 [ERROR] LogOutputStream:75 - [STDERR_REDIRECT] 
2025-09-24 10:51:11,902 [ERROR] LogOutputStream:75 - [STDERR_REDIRECT] [Fatal Error] :1:1: Premature end of file.
2025-09-24 10:51:11,902 [ERROR] LogOutputStream:75 - [STDERR_REDIRECT] 
2025-09-24 10:51:12,902 [ERROR] LogOutputStream:75 - [STDERR_REDIRECT] [Fatal Error] :1:1: Premature end of file.
2025-09-24 10:51:12,902 [ERROR] LogOutputStream:75 - [STDERR_REDIRECT] 
2025-09-24 10:51:13,903 [ERROR] LogOutputStream:75 - [STDERR_REDIRECT] [Fatal Error] :1:1: Premature end of file.
2025-09-24 10:51:13,904 [ERROR] LogOutputStream:75 - [STDERR_REDIRECT] 
2025-09-24 10:51:14,902 [ERROR] LogOutputStream:75 - [STDERR_REDIRECT] [Fatal Error] :1:1: Premature end of file.
2025-09-24 10:51:14,902 [ERROR] LogOutputStream:75 - [STDERR_REDIRECT] 
2025-09-24 10:51:15,902 [ERROR] LogOutputStream:75 - [STDERR_REDIRECT] [Fatal Error] :1:1: Premature end of file.
2025-09-24 10:51:15,903 [ERROR] LogOutputStream:75 - [STDERR_REDIRECT] 
2025-09-24 10:51:16,898 [ERROR] LogOutputStream:75 - [STDERR_REDIRECT] [Fatal Error] :1:1: Premature end of file.
2025-09-24 10:51:16,899 [ERROR] LogOutputStream:75 - [STDERR_REDIRECT] 
2025-09-24 10:51:17,901 [ERROR] LogOutputStream:75 - [STDERR_REDIRECT] [Fatal Error] :1:1: Premature end of file.
2025-09-24 10:51:17,901 [ERROR] LogOutputStream:75 - [STDERR_REDIRECT] 
2025-09-24 10:51:18,899 [ERROR] LogOutputStream:75 - [STDERR_REDIRECT] [Fatal Error] :1:1: Premature end of file.
2025-09-24 10:51:18,899 [ERROR] LogOutputStream:75 - [STDERR_REDIRECT] 
2025-09-24 10:51:19,899 [ERROR] LogOutputStream:75 - [STDERR_REDIRECT] [Fatal Error] :1:1: Premature end of file.
2025-09-24 10:51:19,900 [ERROR] LogOutputStream:75 - [STDERR_REDIRECT] 
2025-09-24 10:51:20,900 [ERROR] LogOutputStream:75 - [STDERR_REDIRECT] [Fatal Error] :1:1: Premature end of file.
2025-09-24 10:51:20,900 [ERROR] LogOutputStream:75 - [STDERR_REDIRECT] 
2025-09-24 10:51:21,900 [ERROR] LogOutputStream:75 - [STDERR_REDIRECT] [Fatal Error] :1:1: Premature end of file.
2025-09-24 10:51:21,900 [ERROR] LogOutputStream:75 - [STDERR_REDIRECT] 
2025-09-24 10:51:22,899 [ERROR] LogOutputStream:75 - [STDERR_REDIRECT] [Fatal Error] :1:1: Premature end of file.
2025-09-24 10:51:22,899 [ERROR] LogOutputStream:75 - [STDERR_REDIRECT] 
2025-09-24 10:51:23,902 [ERROR] LogOutputStream:75 - [STDERR_REDIRECT] [Fatal Error] :1:1: Premature end of file.
2025-09-24 10:51:23,902 [ERROR] LogOutputStream:75 - [STDERR_REDIRECT] 
2025-09-24 10:51:24,900 [ERROR] LogOutputStream:75 - [STDERR_REDIRECT] [Fatal Error] :1:1: Premature end of file.
2025-09-24 10:51:24,900 [ERROR] LogOutputStream:75 - [STDERR_REDIRECT] 
2025-09-24 10:51:25,901 [ERROR] LogOutputStream:75 - [STDERR_REDIRECT] [Fatal Error] :1:1: Premature end of file.
2025-09-24 10:51:25,902 [ERROR] LogOutputStream:75 - [STDERR_REDIRECT] 
2025-09-24 10:51:26,904 [ERROR] LogOutputStream:75 - [STDERR_REDIRECT] [Fatal Error] :1:1: Premature end of file.
2025-09-24 10:51:26,904 [ERROR] LogOutputStream:75 - [STDERR_REDIRECT] 
2025-09-24 10:51:27,903 [ERROR] LogOutputStream:75 - [STDERR_REDIRECT] [Fatal Error] :1:1: Premature end of file.
2025-09-24 10:51:27,903 [ERROR] LogOutputStream:75 - [STDERR_REDIRECT] 
2025-09-24 10:51:28,901 [ERROR] LogOutputStream:75 - [STDERR_REDIRECT] [Fatal Error] :1:1: Premature end of file.
2025-09-24 10:51:28,901 [ERROR] LogOutputStream:75 - [STDERR_REDIRECT] 
2025-09-24 10:51:29,901 [ERROR] LogOutputStream:75 - [STDERR_REDIRECT] [Fatal Error] :1:1: Premature end of file.
2025-09-24 10:51:29,902 [ERROR] LogOutputStream:75 - [STDERR_REDIRECT] 
2025-09-24 10:51:30,902 [ERROR] LogOutputStream:75 - [STDERR_REDIRECT] [Fatal Error] :1:1: Premature end of file.
2025-09-24 10:51:30,902 [ERROR] LogOutputStream:75 - [STDERR_REDIRECT] 
2025-09-24 10:51:31,904 [ERROR] LogOutputStream:75 - [STDERR_REDIRECT] [Fatal Error] :1:1: Premature end of file.
2025-09-24 10:51:31,905 [ERROR] LogOutputStream:75 - [STDERR_REDIRECT] 
2025-09-24 10:51:32,908 [ERROR] LogOutputStream:75 - [STDERR_REDIRECT] [Fatal Error] :1:1: Premature end of file.
2025-09-24 10:51:32,908 [ERROR] LogOutputStream:75 - [STDERR_REDIRECT] 
2025-09-24 10:51:33,907 [ERROR] LogOutputStream:75 - [STDERR_REDIRECT] [Fatal Error] :1:1: Premature end of file.
2025-09-24 10:51:33,907 [ERROR] LogOutputStream:75 - [STDERR_REDIRECT] 
2025-09-24 10:51:34,900 [ERROR] LogOutputStream:75 - [STDERR_REDIRECT] [Fatal Error] :1:1: Premature end of file.
2025-09-24 10:51:34,901 [ERROR] LogOutputStream:75 - [STDERR_REDIRECT] 
2025-09-24 10:51:35,900 [ERROR] LogOutputStream:75 - [STDERR_REDIRECT] [Fatal Error] :1:1: Premature end of file.
2025-09-24 10:51:35,900 [ERROR] LogOutputStream:75 - [STDERR_REDIRECT] 
2025-09-24 10:51:36,900 [ERROR] LogOutputStream:75 - [STDERR_REDIRECT] [Fatal Error] :1:1: Premature end of file.
2025-09-24 10:51:36,900 [ERROR] LogOutputStream:75 - [STDERR_REDIRECT] 
2025-09-24 10:51:37,898 [ERROR] LogOutputStream:75 - [STDERR_REDIRECT] [Fatal Error] :1:1: Premature end of file.
2025-09-24 10:51:37,898 [ERROR] LogOutputStream:75 - [STDERR_REDIRECT] 
2025-09-24 10:51:38,900 [ERROR] LogOutputStream:75 - [STDERR_REDIRECT] [Fatal Error] :1:1: Premature end of file.
2025-09-24 10:51:38,900 [ERROR] LogOutputStream:75 - [STDERR_REDIRECT] 
2025-09-24 10:51:39,899 [ERROR] LogOutputStream:75 - [STDERR_REDIRECT] [Fatal Error] :1:1: Premature end of file.
2025-09-24 10:51:39,899 [ERROR] LogOutputStream:75 - [STDERR_REDIRECT] 
2025-09-24 10:51:40,899 [ERROR] LogOutputStream:75 - [STDERR_REDIRECT] [Fatal Error] :1:1: Premature end of file.
2025-09-24 10:51:40,900 [ERROR] LogOutputStream:75 - [STDERR_REDIRECT] 
2025-09-24 10:51:41,901 [ERROR] LogOutputStream:75 - [STDERR_REDIRECT] [Fatal Error] :1:1: Premature end of file.
2025-09-24 10:51:41,901 [ERROR] LogOutputStream:75 - [STDERR_REDIRECT] 
2025-09-24 10:51:42,900 [ERROR] LogOutputStream:75 - [STDERR_REDIRECT] [Fatal Error] :1:1: Premature end of file.
2025-09-24 10:51:42,900 [ERROR] LogOutputStream:75 - [STDERR_REDIRECT] 
2025-09-24 10:51:43,901 [ERROR] LogOutputStream:75 - [STDERR_REDIRECT] [Fatal Error] :1:1: Premature end of file.
2025-09-24 10:51:43,901 [ERROR] LogOutputStream:75 - [STDERR_REDIRECT] 
2025-09-24 10:51:44,900 [ERROR] LogOutputStream:75 - [STDERR_REDIRECT] [Fatal Error] :1:1: Premature end of file.
2025-09-24 10:51:44,900 [ERROR] LogOutputStream:75 - [STDERR_REDIRECT] 
2025-09-24 10:51:45,900 [ERROR] LogOutputStream:75 - [STDERR_REDIRECT] [Fatal Error] :1:1: Premature end of file.
2025-09-24 10:51:45,900 [ERROR] LogOutputStream:75 - [STDERR_REDIRECT] 
2025-09-24 10:51:46,900 [ERROR] LogOutputStream:75 - [STDERR_REDIRECT] [Fatal Error] :1:1: Premature end of file.
2025-09-24 10:51:46,900 [ERROR] LogOutputStream:75 - [STDERR_REDIRECT] 
2025-09-24 10:51:47,900 [ERROR] LogOutputStream:75 - [STDERR_REDIRECT] [Fatal Error] :1:1: Premature end of file.
2025-09-24 10:51:47,900 [ERROR] LogOutputStream:75 - [STDERR_REDIRECT] 
2025-09-24 10:51:48,902 [ERROR] LogOutputStream:75 - [STDERR_REDIRECT] [Fatal Error] :1:1: Premature end of file.
2025-09-24 10:51:48,902 [ERROR] LogOutputStream:75 - [STDERR_REDIRECT] 
2025-09-24 10:51:49,898 [ERROR] LogOutputStream:75 - [STDERR_REDIRECT] [Fatal Error] :1:1: Premature end of file.
2025-09-24 10:51:49,899 [ERROR] LogOutputStream:75 - [STDERR_REDIRECT] 
2025-09-24 10:51:50,901 [ERROR] LogOutputStream:75 - [STDERR_REDIRECT] [Fatal Error] :1:1: Premature end of file.
2025-09-24 10:51:50,902 [ERROR] LogOutputStream:75 - [STDERR_REDIRECT] 
2025-09-24 10:51:51,900 [ERROR] LogOutputStream:75 - [STDERR_REDIRECT] [Fatal Error] :1:1: Premature end of file.
2025-09-24 10:51:51,900 [ERROR] LogOutputStream:75 - [STDERR_REDIRECT] 
2025-09-24 10:51:52,899 [ERROR] LogOutputStream:75 - [STDERR_REDIRECT] [Fatal Error] :1:1: Premature end of file.
2025-09-24 10:51:52,899 [ERROR] LogOutputStream:75 - [STDERR_REDIRECT] 
2025-09-24 10:51:53,900 [ERROR] LogOutputStream:75 - [STDERR_REDIRECT] [Fatal Error] :1:1: Premature end of file.
2025-09-24 10:51:53,900 [ERROR] LogOutputStream:75 - [STDERR_REDIRECT] 
2025-09-24 10:51:54,901 [ERROR] LogOutputStream:75 - [STDERR_REDIRECT] [Fatal Error] :1:1: Premature end of file.
2025-09-24 10:51:54,901 [ERROR] LogOutputStream:75 - [STDERR_REDIRECT] 
2025-09-24 10:51:55,899 [ERROR] LogOutputStream:75 - [STDERR_REDIRECT] [Fatal Error] :1:1: Premature end of file.
2025-09-24 10:51:55,899 [ERROR] LogOutputStream:75 - [STDERR_REDIRECT] 
2025-09-24 10:51:56,900 [ERROR] LogOutputStream:75 - [STDERR_REDIRECT] [Fatal Error] :1:1: Premature end of file.
2025-09-24 10:51:56,901 [ERROR] LogOutputStream:75 - [STDERR_REDIRECT] 
2025-09-24 10:51:57,899 [ERROR] LogOutputStream:75 - [STDERR_REDIRECT] [Fatal Error] :1:1: Premature end of file.
2025-09-24 10:51:57,899 [ERROR] LogOutputStream:75 - [STDERR_REDIRECT] 
2025-09-24 10:51:58,901 [ERROR] LogOutputStream:75 - [STDERR_REDIRECT] [Fatal Error] :1:1: Premature end of file.
2025-09-24 10:51:58,902 [ERROR] LogOutputStream:75 - [STDERR_REDIRECT] 
2025-09-24 10:51:59,900 [ERROR] LogOutputStream:75 - [STDERR_REDIRECT] [Fatal Error] :1:1: Premature end of file.
2025-09-24 10:51:59,900 [ERROR] LogOutputStream:75 - [STDERR_REDIRECT] 
2025-09-24 10:52:00,900 [ERROR] LogOutputStream:75 - [STDERR_REDIRECT] [Fatal Error] :1:1: Premature end of file.
2025-09-24 10:52:00,900 [ERROR] LogOutputStream:75 - [STDERR_REDIRECT] 
2025-09-24 10:52:01,900 [ERROR] LogOutputStream:75 - [STDERR_REDIRECT] [Fatal Error] :1:1: Premature end of file.
2025-09-24 10:52:01,900 [ERROR] LogOutputStream:75 - [STDERR_REDIRECT] 
2025-09-24 10:52:02,901 [ERROR] LogOutputStream:75 - [STDERR_REDIRECT] [Fatal Error] :1:1: Premature end of file.
2025-09-24 10:52:02,901 [ERROR] LogOutputStream:75 - [STDERR_REDIRECT] 
2025-09-24 10:52:03,901 [ERROR] LogOutputStream:75 - [STDERR_REDIRECT] [Fatal Error] :1:1: Premature end of file.
2025-09-24 10:52:03,901 [ERROR] LogOutputStream:75 - [STDERR_REDIRECT] 
2025-09-24 10:52:04,901 [ERROR] LogOutputStream:75 - [STDERR_REDIRECT] [Fatal Error] :1:1: Premature end of file.
2025-09-24 10:52:04,901 [ERROR] LogOutputStream:75 - [STDERR_REDIRECT] 
2025-09-24 10:52:05,899 [ERROR] LogOutputStream:75 - [STDERR_REDIRECT] [Fatal Error] :1:1: Premature end of file.
2025-09-24 10:52:05,899 [ERROR] LogOutputStream:75 - [STDERR_REDIRECT] 
2025-09-24 10:52:06,900 [ERROR] LogOutputStream:75 - [STDERR_REDIRECT] [Fatal Error] :1:1: Premature end of file.
2025-09-24 10:52:06,900 [ERROR] LogOutputStream:75 - [STDERR_REDIRECT] 
2025-09-24 10:52:07,904 [ERROR] LogOutputStream:75 - [STDERR_REDIRECT] [Fatal Error] :1:1: Premature end of file.
2025-09-24 10:52:07,904 [ERROR] LogOutputStream:75 - [STDERR_REDIRECT] 
2025-09-24 10:52:08,903 [ERROR] LogOutputStream:75 - [STDERR_REDIRECT] [Fatal Error] :1:1: Premature end of file.
2025-09-24 10:52:08,904 [ERROR] LogOutputStream:75 - [STDERR_REDIRECT] 
2025-09-24 10:52:09,900 [ERROR] LogOutputStream:75 - [STDERR_REDIRECT] [Fatal Error] :1:1: Premature end of file.
2025-09-24 10:52:09,901 [ERROR] LogOutputStream:75 - [STDERR_REDIRECT] 
2025-09-24 10:52:10,900 [ERROR] LogOutputStream:75 - [STDERR_REDIRECT] [Fatal Error] :1:1: Premature end of file.
2025-09-24 10:52:10,900 [ERROR] LogOutputStream:75 - [STDERR_REDIRECT] 
2025-09-24 10:52:11,899 [ERROR] LogOutputStream:75 - [STDERR_REDIRECT] [Fatal Error] :1:1: Premature end of file.
2025-09-24 10:52:11,899 [ERROR] LogOutputStream:75 - [STDERR_REDIRECT] 
2025-09-24 10:52:12,900 [ERROR] LogOutputStream:75 - [STDERR_REDIRECT] [Fatal Error] :1:1: Premature end of file.
2025-09-24 10:52:12,900 [ERROR] LogOutputStream:75 - [STDERR_REDIRECT] 
2025-09-24 10:52:13,900 [ERROR] LogOutputStream:75 - [STDERR_REDIRECT] [Fatal Error] :1:1: Premature end of file.
2025-09-24 10:52:13,900 [ERROR] LogOutputStream:75 - [STDERR_REDIRECT] 
2025-09-24 10:52:14,900 [ERROR] LogOutputStream:75 - [STDERR_REDIRECT] [Fatal Error] :1:1: Premature end of file.
2025-09-24 10:52:14,900 [ERROR] LogOutputStream:75 - [STDERR_REDIRECT] 
2025-09-24 10:52:15,899 [ERROR] LogOutputStream:75 - [STDERR_REDIRECT] [Fatal Error] :1:1: Premature end of file.
2025-09-24 10:52:15,899 [ERROR] LogOutputStream:75 - [STDERR_REDIRECT] 
2025-09-24 10:52:16,900 [ERROR] LogOutputStream:75 - [STDERR_REDIRECT] [Fatal Error] :1:1: Premature end of file.
2025-09-24 10:52:16,900 [ERROR] LogOutputStream:75 - [STDERR_REDIRECT] 
2025-09-24 10:52:17,900 [ERROR] LogOutputStream:75 - [STDERR_REDIRECT] [Fatal Error] :1:1: Premature end of file.
2025-09-24 10:52:17,901 [ERROR] LogOutputStream:75 - [STDERR_REDIRECT] 
2025-09-24 10:52:18,898 [ERROR] LogOutputStream:75 - [STDERR_REDIRECT] [Fatal Error] :1:1: Premature end of file.
2025-09-24 10:52:18,898 [ERROR] LogOutputStream:75 - [STDERR_REDIRECT] 
2025-09-24 10:52:19,899 [ERROR] LogOutputStream:75 - [STDERR_REDIRECT] [Fatal Error] :1:1: Premature end of file.
2025-09-24 10:52:19,899 [ERROR] LogOutputStream:75 - [STDERR_REDIRECT] 
2025-09-24 10:52:20,900 [ERROR] LogOutputStream:75 - [STDERR_REDIRECT] [Fatal Error] :1:1: Premature end of file.
2025-09-24 10:52:20,900 [ERROR] LogOutputStream:75 - [STDERR_REDIRECT] 
2025-09-24 10:52:21,900 [ERROR] LogOutputStream:75 - [STDERR_REDIRECT] [Fatal Error] :1:1: Premature end of file.
2025-09-24 10:52:21,900 [ERROR] LogOutputStream:75 - [STDERR_REDIRECT] 
2025-09-24 10:52:22,899 [ERROR] LogOutputStream:75 - [STDERR_REDIRECT] [Fatal Error] :1:1: Premature end of file.
2025-09-24 10:52:22,899 [ERROR] LogOutputStream:75 - [STDERR_REDIRECT] 
2025-09-24 10:52:23,899 [ERROR] LogOutputStream:75 - [STDERR_REDIRECT] [Fatal Error] :1:1: Premature end of file.
2025-09-24 10:52:23,899 [ERROR] LogOutputStream:75 - [STDERR_REDIRECT] 
2025-09-24 10:52:24,901 [ERROR] LogOutputStream:75 - [STDERR_REDIRECT] [Fatal Error] :1:1: Premature end of file.
2025-09-24 10:52:24,901 [ERROR] LogOutputStream:75 - [STDERR_REDIRECT] 
2025-09-24 10:52:25,900 [ERROR] LogOutputStream:75 - [STDERR_REDIRECT] [Fatal Error] :1:1: Premature end of file.
2025-09-24 10:52:25,901 [ERROR] LogOutputStream:75 - [STDERR_REDIRECT] 
2025-09-24 10:52:26,898 [ERROR] LogOutputStream:75 - [STDERR_REDIRECT] [Fatal Error] :1:1: Premature end of file.
2025-09-24 10:52:26,899 [ERROR] LogOutputStream:75 - [STDERR_REDIRECT] 
2025-09-24 10:52:27,900 [ERROR] LogOutputStream:75 - [STDERR_REDIRECT] [Fatal Error] :1:1: Premature end of file.
2025-09-24 10:52:27,900 [ERROR] LogOutputStream:75 - [STDERR_REDIRECT] 
2025-09-24 10:52:28,900 [ERROR] LogOutputStream:75 - [STDERR_REDIRECT] [Fatal Error] :1:1: Premature end of file.
2025-09-24 10:52:28,901 [ERROR] LogOutputStream:75 - [STDERR_REDIRECT] 
2025-09-24 10:52:29,899 [ERROR] LogOutputStream:75 - [STDERR_REDIRECT] [Fatal Error] :1:1: Premature end of file.
2025-09-24 10:52:29,900 [ERROR] LogOutputStream:75 - [STDERR_REDIRECT] 
2025-09-24 10:52:30,900 [ERROR] LogOutputStream:75 - [STDERR_REDIRECT] [Fatal Error] :1:1: Premature end of file.
2025-09-24 10:52:30,900 [ERROR] LogOutputStream:75 - [STDERR_REDIRECT] 
2025-09-24 10:52:31,900 [ERROR] LogOutputStream:75 - [STDERR_REDIRECT] [Fatal Error] :1:1: Premature end of file.
2025-09-24 10:52:31,901 [ERROR] LogOutputStream:75 - [STDERR_REDIRECT] 
2025-09-24 10:52:32,901 [ERROR] LogOutputStream:75 - [STDERR_REDIRECT] [Fatal Error] :1:1: Premature end of file.
2025-09-24 10:52:32,901 [ERROR] LogOutputStream:75 - [STDERR_REDIRECT] 
2025-09-24 10:52:33,901 [ERROR] LogOutputStream:75 - [STDERR_REDIRECT] [Fatal Error] :1:1: Premature end of file.
2025-09-24 10:52:33,901 [ERROR] LogOutputStream:75 - [STDERR_REDIRECT] 
2025-09-24 10:52:34,900 [ERROR] LogOutputStream:75 - [STDERR_REDIRECT] [Fatal Error] :1:1: Premature end of file.
2025-09-24 10:52:34,900 [ERROR] LogOutputStream:75 - [STDERR_REDIRECT] 
2025-09-24 10:52:35,901 [ERROR] LogOutputStream:75 - [STDERR_REDIRECT] [Fatal Error] :1:1: Premature end of file.
2025-09-24 10:52:35,901 [ERROR] LogOutputStream:75 - [STDERR_REDIRECT] 
2025-09-24 10:52:36,901 [ERROR] LogOutputStream:75 - [STDERR_REDIRECT] [Fatal Error] :1:1: Premature end of file.
2025-09-24 10:52:36,901 [ERROR] LogOutputStream:75 - [STDERR_REDIRECT] 
2025-09-24 10:52:37,901 [ERROR] LogOutputStream:75 - [STDERR_REDIRECT] [Fatal Error] :1:1: Premature end of file.
2025-09-24 10:52:37,901 [ERROR] LogOutputStream:75 - [STDERR_REDIRECT] 
2025-09-24 10:52:38,898 [ERROR] LogOutputStream:75 - [STDERR_REDIRECT] [Fatal Error] :1:1: Premature end of file.
2025-09-24 10:52:38,899 [ERROR] LogOutputStream:75 - [STDERR_REDIRECT] 
2025-09-24 10:52:39,899 [ERROR] LogOutputStream:75 - [STDERR_REDIRECT] [Fatal Error] :1:1: Premature end of file.
2025-09-24 10:52:39,899 [ERROR] LogOutputStream:75 - [STDERR_REDIRECT] 
2025-09-24 10:52:40,899 [ERROR] LogOutputStream:75 - [STDERR_REDIRECT] [Fatal Error] :1:1: Premature end of file.
2025-09-24 10:52:40,900 [ERROR] LogOutputStream:75 - [STDERR_REDIRECT] 
2025-09-24 10:52:41,899 [ERROR] LogOutputStream:75 - [STDERR_REDIRECT] [Fatal Error] :1:1: Premature end of file.
2025-09-24 10:52:41,899 [ERROR] LogOutputStream:75 - [STDERR_REDIRECT] 
2025-09-24 10:52:42,900 [ERROR] LogOutputStream:75 - [STDERR_REDIRECT] [Fatal Error] :1:1: Premature end of file.
2025-09-24 10:52:42,900 [ERROR] LogOutputStream:75 - [STDERR_REDIRECT] 
2025-09-24 10:52:43,901 [ERROR] LogOutputStream:75 - [STDERR_REDIRECT] [Fatal Error] :1:1: Premature end of file.
2025-09-24 10:52:43,901 [ERROR] LogOutputStream:75 - [STDERR_REDIRECT] 
2025-09-24 10:52:44,900 [ERROR] LogOutputStream:75 - [STDERR_REDIRECT] [Fatal Error] :1:1: Premature end of file.
2025-09-24 10:52:44,900 [ERROR] LogOutputStream:75 - [STDERR_REDIRECT] 
2025-09-24 10:52:45,901 [ERROR] LogOutputStream:75 - [STDERR_REDIRECT] [Fatal Error] :1:1: Premature end of file.
2025-09-24 10:52:45,901 [ERROR] LogOutputStream:75 - [STDERR_REDIRECT] 
2025-09-24 10:52:46,899 [ERROR] LogOutputStream:75 - [STDERR_REDIRECT] [Fatal Error] :1:1: Premature end of file.
2025-09-24 10:52:46,900 [ERROR] LogOutputStream:75 - [STDERR_REDIRECT] 
2025-09-24 10:52:47,908 [ERROR] LogOutputStream:75 - [STDERR_REDIRECT] [Fatal Error] :1:1: Premature end of file.
2025-09-24 10:52:47,908 [ERROR] LogOutputStream:75 - [STDERR_REDIRECT] 
2025-09-24 10:52:48,911 [ERROR] LogOutputStream:75 - [STDERR_REDIRECT] [Fatal Error] :1:1: Premature end of file.
2025-09-24 10:52:48,912 [ERROR] LogOutputStream:75 - [STDERR_REDIRECT] 
2025-09-24 10:52:49,900 [ERROR] LogOutputStream:75 - [STDERR_REDIRECT] [Fatal Error] :1:1: Premature end of file.
2025-09-24 10:52:49,900 [ERROR] LogOutputStream:75 - [STDERR_REDIRECT] 
2025-09-24 10:52:50,917 [ERROR] LogOutputStream:75 - [STDERR_REDIRECT] [Fatal Error] :1:1: Premature end of file.
2025-09-24 10:52:50,917 [ERROR] LogOutputStream:75 - [STDERR_REDIRECT] 
2025-09-24 10:52:51,914 [ERROR] LogOutputStream:75 - [STDERR_REDIRECT] [Fatal Error] :1:1: Premature end of file.
2025-09-24 10:52:51,914 [ERROR] LogOutputStream:75 - [STDERR_REDIRECT] 
2025-09-24 10:52:52,917 [ERROR] LogOutputStream:75 - [STDERR_REDIRECT] [Fatal Error] :1:1: Premature end of file.
2025-09-24 10:52:52,917 [ERROR] LogOutputStream:75 - [STDERR_REDIRECT] 
2025-09-24 10:52:53,915 [ERROR] LogOutputStream:75 - [STDERR_REDIRECT] [Fatal Error] :1:1: Premature end of file.
2025-09-24 10:52:53,915 [ERROR] LogOutputStream:75 - [STDERR_REDIRECT] 
2025-09-24 10:52:54,898 [ERROR] LogOutputStream:75 - [STDERR_REDIRECT] [Fatal Error] :1:1: Premature end of file.
2025-09-24 10:52:54,898 [ERROR] LogOutputStream:75 - [STDERR_REDIRECT] 
2025-09-24 10:52:55,943 [ERROR] LogOutputStream:75 - [STDERR_REDIRECT] [Fatal Error] :1:1: Premature end of file.
2025-09-24 10:52:55,943 [ERROR] LogOutputStream:75 - [STDERR_REDIRECT] 
2025-09-24 10:52:56,912 [ERROR] LogOutputStream:75 - [STDERR_REDIRECT] [Fatal Error] :1:1: Premature end of file.
2025-09-24 10:52:56,912 [ERROR] LogOutputStream:75 - [STDERR_REDIRECT] 
2025-09-24 10:52:57,915 [ERROR] LogOutputStream:75 - [STDERR_REDIRECT] [Fatal Error] :1:1: Premature end of file.
2025-09-24 10:52:57,915 [ERROR] LogOutputStream:75 - [STDERR_REDIRECT] 
2025-09-24 10:52:58,916 [ERROR] LogOutputStream:75 - [STDERR_REDIRECT] [Fatal Error] :1:1: Premature end of file.
2025-09-24 10:52:58,916 [ERROR] LogOutputStream:75 - [STDERR_REDIRECT] 
2025-09-24 10:52:59,903 [ERROR] LogOutputStream:75 - [STDERR_REDIRECT] [Fatal Error] :1:1: Premature end of file.
2025-09-24 10:52:59,904 [ERROR] LogOutputStream:75 - [STDERR_REDIRECT] 
2025-09-24 10:53:00,918 [ERROR] LogOutputStream:75 - [STDERR_REDIRECT] [Fatal Error] :1:1: Premature end of file.
2025-09-24 10:53:00,918 [ERROR] LogOutputStream:75 - [STDERR_REDIRECT] 
2025-09-24 10:53:01,902 [ERROR] LogOutputStream:75 - [STDERR_REDIRECT] [Fatal Error] :1:1: Premature end of file.
2025-09-24 10:53:01,902 [ERROR] LogOutputStream:75 - [STDERR_REDIRECT] 
2025-09-24 10:53:02,904 [ERROR] LogOutputStream:75 - [STDERR_REDIRECT] [Fatal Error] :1:1: Premature end of file.
2025-09-24 10:53:02,904 [ERROR] LogOutputStream:75 - [STDERR_REDIRECT] 
2025-09-24 10:53:03,910 [ERROR] LogOutputStream:75 - [STDERR_REDIRECT] [Fatal Error] :1:1: Premature end of file.
2025-09-24 10:53:03,910 [ERROR] LogOutputStream:75 - [STDERR_REDIRECT] 
2025-09-24 10:53:04,909 [ERROR] LogOutputStream:75 - [STDERR_REDIRECT] [Fatal Error] :1:1: Premature end of file.
2025-09-24 10:53:04,909 [ERROR] LogOutputStream:75 - [STDERR_REDIRECT] 
2025-09-24 10:53:05,909 [ERROR] LogOutputStream:75 - [STDERR_REDIRECT] [Fatal Error] :1:1: Premature end of file.
2025-09-24 10:53:05,909 [ERROR] LogOutputStream:75 - [STDERR_REDIRECT] 
2025-09-24 10:53:06,908 [ERROR] LogOutputStream:75 - [STDERR_REDIRECT] [Fatal Error] :1:1: Premature end of file.
2025-09-24 10:53:06,908 [ERROR] LogOutputStream:75 - [STDERR_REDIRECT] 
2025-09-24 10:53:07,917 [ERROR] LogOutputStream:75 - [STDERR_REDIRECT] [Fatal Error] :1:1: Premature end of file.
2025-09-24 10:53:07,917 [ERROR] LogOutputStream:75 - [STDERR_REDIRECT] 
2025-09-24 10:53:08,907 [ERROR] LogOutputStream:75 - [STDERR_REDIRECT] [Fatal Error] :1:1: Premature end of file.
2025-09-24 10:53:08,907 [ERROR] LogOutputStream:75 - [STDERR_REDIRECT] 
2025-09-24 10:53:09,898 [ERROR] LogOutputStream:75 - [STDERR_REDIRECT] [Fatal Error] :1:1: Premature end of file.
2025-09-24 10:53:09,898 [ERROR] LogOutputStream:75 - [STDERR_REDIRECT] 
2025-09-24 10:53:10,919 [ERROR] LogOutputStream:75 - [STDERR_REDIRECT] [Fatal Error] :1:1: Premature end of file.
2025-09-24 10:53:10,919 [ERROR] LogOutputStream:75 - [STDERR_REDIRECT] 
2025-09-24 10:53:11,905 [ERROR] LogOutputStream:75 - [STDERR_REDIRECT] [Fatal Error] :1:1: Premature end of file.
2025-09-24 10:53:11,905 [ERROR] LogOutputStream:75 - [STDERR_REDIRECT] 
2025-09-24 10:53:12,905 [ERROR] LogOutputStream:75 - [STDERR_REDIRECT] [Fatal Error] :1:1: Premature end of file.
2025-09-24 10:53:12,905 [ERROR] LogOutputStream:75 - [STDERR_REDIRECT] 
2025-09-24 10:53:13,917 [ERROR] LogOutputStream:75 - [STDERR_REDIRECT] [Fatal Error] :1:1: Premature end of file.
2025-09-24 10:53:13,918 [ERROR] LogOutputStream:75 - [STDERR_REDIRECT] 
2025-09-24 10:53:14,897 [ERROR] LogOutputStream:75 - [STDERR_REDIRECT] [Fatal Error] :1:1: Premature end of file.
2025-09-24 10:53:14,897 [ERROR] LogOutputStream:75 - [STDERR_REDIRECT] 
2025-09-24 10:53:15,913 [ERROR] LogOutputStream:75 - [STDERR_REDIRECT] [Fatal Error] :1:1: Premature end of file.
2025-09-24 10:53:15,913 [ERROR] LogOutputStream:75 - [STDERR_REDIRECT] 
2025-09-24 10:53:16,914 [ERROR] LogOutputStream:75 - [STDERR_REDIRECT] [Fatal Error] :1:1: Premature end of file.
2025-09-24 10:53:16,915 [ERROR] LogOutputStream:75 - [STDERR_REDIRECT] 
2025-09-24 10:53:17,908 [ERROR] LogOutputStream:75 - [STDERR_REDIRECT] [Fatal Error] :1:1: Premature end of file.
2025-09-24 10:53:17,908 [ERROR] LogOutputStream:75 - [STDERR_REDIRECT] 
2025-09-24 10:53:18,914 [ERROR] LogOutputStream:75 - [STDERR_REDIRECT] [Fatal Error] :1:1: Premature end of file.
2025-09-24 10:53:18,914 [ERROR] LogOutputStream:75 - [STDERR_REDIRECT] 
2025-09-24 10:53:19,906 [ERROR] LogOutputStream:75 - [STDERR_REDIRECT] [Fatal Error] :1:1: Premature end of file.
2025-09-24 10:53:19,906 [ERROR] LogOutputStream:75 - [STDERR_REDIRECT] 
2025-09-24 10:53:20,915 [ERROR] LogOutputStream:75 - [STDERR_REDIRECT] [Fatal Error] :1:1: Premature end of file.
2025-09-24 10:53:20,915 [ERROR] LogOutputStream:75 - [STDERR_REDIRECT] 
2025-09-24 10:53:21,913 [ERROR] LogOutputStream:75 - [STDERR_REDIRECT] [Fatal Error] :1:1: Premature end of file.
2025-09-24 10:53:21,913 [ERROR] LogOutputStream:75 - [STDERR_REDIRECT] 
2025-09-24 10:53:22,897 [ERROR] LogOutputStream:75 - [STDERR_REDIRECT] [Fatal Error] :1:1: Premature end of file.
2025-09-24 10:53:22,897 [ERROR] LogOutputStream:75 - [STDERR_REDIRECT] 
2025-09-24 10:53:23,898 [ERROR] LogOutputStream:75 - [STDERR_REDIRECT] [Fatal Error] :1:1: Premature end of file.
2025-09-24 10:53:23,898 [ERROR] LogOutputStream:75 - [STDERR_REDIRECT] 
2025-09-24 10:53:24,915 [ERROR] LogOutputStream:75 - [STDERR_REDIRECT] [Fatal Error] :1:1: Premature end of file.
2025-09-24 10:53:24,915 [ERROR] LogOutputStream:75 - [STDERR_REDIRECT] 
2025-09-24 10:53:25,915 [ERROR] LogOutputStream:75 - [STDERR_REDIRECT] [Fatal Error] :1:1: Premature end of file.
2025-09-24 10:53:25,915 [ERROR] LogOutputStream:75 - [STDERR_REDIRECT] 
2025-09-24 10:53:26,904 [ERROR] LogOutputStream:75 - [STDERR_REDIRECT] [Fatal Error] :1:1: Premature end of file.
2025-09-24 10:53:26,904 [ERROR] LogOutputStream:75 - [STDERR_REDIRECT] 
2025-09-24 10:53:27,912 [ERROR] LogOutputStream:75 - [STDERR_REDIRECT] [Fatal Error] :1:1: Premature end of file.
2025-09-24 10:53:27,912 [ERROR] LogOutputStream:75 - [STDERR_REDIRECT] 
2025-09-24 10:53:28,908 [ERROR] LogOutputStream:75 - [STDERR_REDIRECT] [Fatal Error] :1:1: Premature end of file.
2025-09-24 10:53:28,908 [ERROR] LogOutputStream:75 - [STDERR_REDIRECT] 
2025-09-24 10:53:29,913 [ERROR] LogOutputStream:75 - [STDERR_REDIRECT] [Fatal Error] :1:1: Premature end of file.
2025-09-24 10:53:29,913 [ERROR] LogOutputStream:75 - [STDERR_REDIRECT] 
2025-09-24 10:53:30,906 [ERROR] LogOutputStream:75 - [STDERR_REDIRECT] [Fatal Error] :1:1: Premature end of file.
2025-09-24 10:53:30,906 [ERROR] LogOutputStream:75 - [STDERR_REDIRECT] 
2025-09-24 10:53:31,904 [ERROR] LogOutputStream:75 - [STDERR_REDIRECT] [Fatal Error] :1:1: Premature end of file.
2025-09-24 10:53:31,904 [ERROR] LogOutputStream:75 - [STDERR_REDIRECT] 
2025-09-24 10:53:32,916 [ERROR] LogOutputStream:75 - [STDERR_REDIRECT] [Fatal Error] :1:1: Premature end of file.
2025-09-24 10:53:32,916 [ERROR] LogOutputStream:75 - [STDERR_REDIRECT] 
2025-09-24 10:53:33,907 [ERROR] LogOutputStream:75 - [STDERR_REDIRECT] [Fatal Error] :1:1: Premature end of file.
2025-09-24 10:53:33,908 [ERROR] LogOutputStream:75 - [STDERR_REDIRECT] 
2025-09-24 10:53:34,918 [ERROR] LogOutputStream:75 - [STDERR_REDIRECT] [Fatal Error] :1:1: Premature end of file.
2025-09-24 10:53:34,918 [ERROR] LogOutputStream:75 - [STDERR_REDIRECT] 
2025-09-24 10:53:35,909 [ERROR] LogOutputStream:75 - [STDERR_REDIRECT] [Fatal Error] :1:1: Premature end of file.
2025-09-24 10:53:35,913 [ERROR] LogOutputStream:75 - [STDERR_REDIRECT] 
2025-09-24 10:53:36,919 [ERROR] LogOutputStream:75 - [STDERR_REDIRECT] [Fatal Error] :1:1: Premature end of file.
2025-09-24 10:53:36,919 [ERROR] LogOutputStream:75 - [STDERR_REDIRECT] 
2025-09-24 10:53:37,905 [ERROR] LogOutputStream:75 - [STDERR_REDIRECT] [Fatal Error] :1:1: Premature end of file.
2025-09-24 10:53:37,905 [ERROR] LogOutputStream:75 - [STDERR_REDIRECT] 
2025-09-24 10:53:38,920 [ERROR] LogOutputStream:75 - [STDERR_REDIRECT] [Fatal Error] :1:1: Premature end of file.
2025-09-24 10:53:38,920 [ERROR] LogOutputStream:75 - [STDERR_REDIRECT] 
2025-09-24 10:53:39,919 [ERROR] LogOutputStream:75 - [STDERR_REDIRECT] [Fatal Error] :1:1: Premature end of file.
2025-09-24 10:53:39,919 [ERROR] LogOutputStream:75 - [STDERR_REDIRECT] 
2025-09-24 10:53:40,918 [ERROR] LogOutputStream:75 - [STDERR_REDIRECT] [Fatal Error] :1:1: Premature end of file.
2025-09-24 10:53:40,918 [ERROR] LogOutputStream:75 - [STDERR_REDIRECT] 
2025-09-24 10:53:41,909 [ERROR] LogOutputStream:75 - [STDERR_REDIRECT] [Fatal Error] :1:1: Premature end of file.
2025-09-24 10:53:41,910 [ERROR] LogOutputStream:75 - [STDERR_REDIRECT] 
2025-09-24 10:53:42,910 [ERROR] LogOutputStream:75 - [STDERR_REDIRECT] [Fatal Error] :1:1: Premature end of file.
2025-09-24 10:53:42,910 [ERROR] LogOutputStream:75 - [STDERR_REDIRECT] 
2025-09-24 10:53:43,908 [ERROR] LogOutputStream:75 - [STDERR_REDIRECT] [Fatal Error] :1:1: Premature end of file.
2025-09-24 10:53:43,908 [ERROR] LogOutputStream:75 - [STDERR_REDIRECT] 
2025-09-24 10:53:44,901 [ERROR] LogOutputStream:75 - [STDERR_REDIRECT] [Fatal Error] :1:1: Premature end of file.
2025-09-24 10:53:44,902 [ERROR] LogOutputStream:75 - [STDERR_REDIRECT] 
2025-09-24 10:53:45,910 [ERROR] LogOutputStream:75 - [STDERR_REDIRECT] [Fatal Error] :1:1: Premature end of file.
2025-09-24 10:53:45,910 [ERROR] LogOutputStream:75 - [STDERR_REDIRECT] 
2025-09-24 10:53:46,904 [ERROR] LogOutputStream:75 - [STDERR_REDIRECT] [Fatal Error] :1:1: Premature end of file.
2025-09-24 10:53:46,904 [ERROR] LogOutputStream:75 - [STDERR_REDIRECT] 
2025-09-24 10:53:47,915 [ERROR] LogOutputStream:75 - [STDERR_REDIRECT] [Fatal Error] :1:1: Premature end of file.
2025-09-24 10:53:47,915 [ERROR] LogOutputStream:75 - [STDERR_REDIRECT] 
2025-09-24 10:53:48,908 [ERROR] LogOutputStream:75 - [STDERR_REDIRECT] [Fatal Error] :1:1: Premature end of file.
2025-09-24 10:53:48,909 [ERROR] LogOutputStream:75 - [STDERR_REDIRECT] 
2025-09-24 10:53:49,906 [ERROR] LogOutputStream:75 - [STDERR_REDIRECT] [Fatal Error] :1:1: Premature end of file.
2025-09-24 10:53:49,906 [ERROR] LogOutputStream:75 - [STDERR_REDIRECT] 
2025-09-24 10:53:50,910 [ERROR] LogOutputStream:75 - [STDERR_REDIRECT] [Fatal Error] :1:1: Premature end of file.
2025-09-24 10:53:50,910 [ERROR] LogOutputStream:75 - [STDERR_REDIRECT] 
2025-09-24 10:53:51,910 [ERROR] LogOutputStream:75 - [STDERR_REDIRECT] [Fatal Error] :1:1: Premature end of file.
2025-09-24 10:53:51,911 [ERROR] LogOutputStream:75 - [STDERR_REDIRECT] 
2025-09-24 10:53:52,912 [ERROR] LogOutputStream:75 - [STDERR_REDIRECT] [Fatal Error] :1:1: Premature end of file.
2025-09-24 10:53:52,912 [ERROR] LogOutputStream:75 - [STDERR_REDIRECT] 
2025-09-24 10:53:53,917 [ERROR] LogOutputStream:75 - [STDERR_REDIRECT] [Fatal Error] :1:1: Premature end of file.
2025-09-24 10:53:53,917 [ERROR] LogOutputStream:75 - [STDERR_REDIRECT] 
2025-09-24 10:53:54,902 [ERROR] LogOutputStream:75 - [STDERR_REDIRECT] [Fatal Error] :1:1: Premature end of file.
2025-09-24 10:53:54,902 [ERROR] LogOutputStream:75 - [STDERR_REDIRECT] 
2025-09-24 10:53:55,898 [ERROR] LogOutputStream:75 - [STDERR_REDIRECT] [Fatal Error] :1:1: Premature end of file.
2025-09-24 10:53:55,898 [ERROR] LogOutputStream:75 - [STDERR_REDIRECT] 
2025-09-24 10:53:56,907 [ERROR] LogOutputStream:75 - [STDERR_REDIRECT] [Fatal Error] :1:1: Premature end of file.
2025-09-24 10:53:56,907 [ERROR] LogOutputStream:75 - [STDERR_REDIRECT] 
2025-09-24 10:53:57,908 [ERROR] LogOutputStream:75 - [STDERR_REDIRECT] [Fatal Error] :1:1: Premature end of file.
2025-09-24 10:53:57,908 [ERROR] LogOutputStream:75 - [STDERR_REDIRECT] 
2025-09-24 10:53:58,913 [ERROR] LogOutputStream:75 - [STDERR_REDIRECT] [Fatal Error] :1:1: Premature end of file.
2025-09-24 10:53:58,913 [ERROR] LogOutputStream:75 - [STDERR_REDIRECT] 
2025-09-24 10:53:59,901 [ERROR] LogOutputStream:75 - [STDERR_REDIRECT] [Fatal Error] :1:1: Premature end of file.
2025-09-24 10:53:59,901 [ERROR] LogOutputStream:75 - [STDERR_REDIRECT] 
2025-09-24 10:54:00,913 [ERROR] LogOutputStream:75 - [STDERR_REDIRECT] [Fatal Error] :1:1: Premature end of file.
2025-09-24 10:54:00,913 [ERROR] LogOutputStream:75 - [STDERR_REDIRECT] 
2025-09-24 10:54:01,915 [ERROR] LogOutputStream:75 - [STDERR_REDIRECT] [Fatal Error] :1:1: Premature end of file.
2025-09-24 10:54:01,915 [ERROR] LogOutputStream:75 - [STDERR_REDIRECT] 
2025-09-24 10:54:02,919 [ERROR] LogOutputStream:75 - [STDERR_REDIRECT] [Fatal Error] :1:1: Premature end of file.
2025-09-24 10:54:02,919 [ERROR] LogOutputStream:75 - [STDERR_REDIRECT] 
2025-09-24 10:54:03,916 [ERROR] LogOutputStream:75 - [STDERR_REDIRECT] [Fatal Error] :1:1: Premature end of file.
2025-09-24 10:54:03,916 [ERROR] LogOutputStream:75 - [STDERR_REDIRECT] 
2025-09-24 10:54:04,911 [ERROR] LogOutputStream:75 - [STDERR_REDIRECT] [Fatal Error] :1:1: Premature end of file.
2025-09-24 10:54:04,911 [ERROR] LogOutputStream:75 - [STDERR_REDIRECT] 
2025-09-24 10:54:05,907 [ERROR] LogOutputStream:75 - [STDERR_REDIRECT] [Fatal Error] :1:1: Premature end of file.
2025-09-24 10:54:05,907 [ERROR] LogOutputStream:75 - [STDERR_REDIRECT] 
2025-09-24 10:54:06,904 [ERROR] LogOutputStream:75 - [STDERR_REDIRECT] [Fatal Error] :1:1: Premature end of file.
2025-09-24 10:54:06,904 [ERROR] LogOutputStream:75 - [STDERR_REDIRECT] 
2025-09-24 10:54:07,917 [ERROR] LogOutputStream:75 - [STDERR_REDIRECT] [Fatal Error] :1:1: Premature end of file.
2025-09-24 10:54:07,917 [ERROR] LogOutputStream:75 - [STDERR_REDIRECT] 
2025-09-24 10:54:08,904 [ERROR] LogOutputStream:75 - [STDERR_REDIRECT] [Fatal Error] :1:1: Premature end of file.
2025-09-24 10:54:08,904 [ERROR] LogOutputStream:75 - [STDERR_REDIRECT] 
2025-09-24 10:54:09,916 [ERROR] LogOutputStream:75 - [STDERR_REDIRECT] [Fatal Error] :1:1: Premature end of file.
2025-09-24 10:54:09,916 [ERROR] LogOutputStream:75 - [STDERR_REDIRECT] 
2025-09-24 10:54:10,907 [ERROR] LogOutputStream:75 - [STDERR_REDIRECT] [Fatal Error] :1:1: Premature end of file.
2025-09-24 10:54:10,907 [ERROR] LogOutputStream:75 - [STDERR_REDIRECT] 
2025-09-24 10:54:11,910 [ERROR] LogOutputStream:75 - [STDERR_REDIRECT] [Fatal Error] :1:1: Premature end of file.
2025-09-24 10:54:11,911 [ERROR] LogOutputStream:75 - [STDERR_REDIRECT] 
2025-09-24 10:54:12,904 [ERROR] LogOutputStream:75 - [STDERR_REDIRECT] [Fatal Error] :1:1: Premature end of file.
2025-09-24 10:54:12,904 [ERROR] LogOutputStream:75 - [STDERR_REDIRECT] 
2025-09-24 10:54:13,904 [ERROR] LogOutputStream:75 - [STDERR_REDIRECT] [Fatal Error] :1:1: Premature end of file.
2025-09-24 10:54:13,904 [ERROR] LogOutputStream:75 - [STDERR_REDIRECT] 
2025-09-24 10:54:14,898 [ERROR] LogOutputStream:75 - [STDERR_REDIRECT] [Fatal Error] :1:1: Premature end of file.
2025-09-24 10:54:14,906 [ERROR] LogOutputStream:75 - [STDERR_REDIRECT] 
2025-09-24 10:54:15,908 [ERROR] LogOutputStream:75 - [STDERR_REDIRECT] [Fatal Error] :1:1: Premature end of file.
2025-09-24 10:54:15,908 [ERROR] LogOutputStream:75 - [STDERR_REDIRECT] 
2025-09-24 10:54:16,911 [ERROR] LogOutputStream:75 - [STDERR_REDIRECT] [Fatal Error] :1:1: Premature end of file.
2025-09-24 10:54:16,911 [ERROR] LogOutputStream:75 - [STDERR_REDIRECT] 
2025-09-24 10:54:17,908 [ERROR] LogOutputStream:75 - [STDERR_REDIRECT] [Fatal Error] :1:1: Premature end of file.
2025-09-24 10:54:17,908 [ERROR] LogOutputStream:75 - [STDERR_REDIRECT] 
2025-09-24 10:54:18,897 [ERROR] LogOutputStream:75 - [STDERR_REDIRECT] [Fatal Error] :1:1: Premature end of file.
2025-09-24 10:54:18,897 [ERROR] LogOutputStream:75 - [STDERR_REDIRECT] 
2025-09-24 10:54:19,905 [ERROR] LogOutputStream:75 - [STDERR_REDIRECT] [Fatal Error] :1:1: Premature end of file.
2025-09-24 10:54:19,906 [ERROR] LogOutputStream:75 - [STDERR_REDIRECT] 
2025-09-24 10:54:20,907 [ERROR] LogOutputStream:75 - [STDERR_REDIRECT] [Fatal Error] :1:1: Premature end of file.
2025-09-24 10:54:20,907 [ERROR] LogOutputStream:75 - [STDERR_REDIRECT] 
2025-09-24 10:54:21,919 [ERROR] LogOutputStream:75 - [STDERR_REDIRECT] [Fatal Error] :1:1: Premature end of file.
2025-09-24 10:54:21,919 [ERROR] LogOutputStream:75 - [STDERR_REDIRECT] 
2025-09-24 10:54:22,904 [ERROR] LogOutputStream:75 - [STDERR_REDIRECT] [Fatal Error] :1:1: Premature end of file.
2025-09-24 10:54:22,904 [ERROR] LogOutputStream:75 - [STDERR_REDIRECT] 
2025-09-24 10:54:23,911 [ERROR] LogOutputStream:75 - [STDERR_REDIRECT] [Fatal Error] :1:1: Premature end of file.
2025-09-24 10:54:23,911 [ERROR] LogOutputStream:75 - [STDERR_REDIRECT] 
2025-09-24 10:54:24,915 [ERROR] LogOutputStream:75 - [STDERR_REDIRECT] [Fatal Error] :1:1: Premature end of file.
2025-09-24 10:54:24,915 [ERROR] LogOutputStream:75 - [STDERR_REDIRECT] 
2025-09-24 10:54:25,908 [ERROR] LogOutputStream:75 - [STDERR_REDIRECT] [Fatal Error] :1:1: Premature end of file.
2025-09-24 10:54:25,908 [ERROR] LogOutputStream:75 - [STDERR_REDIRECT] 
2025-09-24 10:54:26,916 [ERROR] LogOutputStream:75 - [STDERR_REDIRECT] [Fatal Error] :1:1: Premature end of file.
2025-09-24 10:54:26,916 [ERROR] LogOutputStream:75 - [STDERR_REDIRECT] 
2025-09-24 10:54:27,912 [ERROR] LogOutputStream:75 - [STDERR_REDIRECT] [Fatal Error] :1:1: Premature end of file.
2025-09-24 10:54:27,912 [ERROR] LogOutputStream:75 - [STDERR_REDIRECT] 
2025-09-24 10:54:28,912 [ERROR] LogOutputStream:75 - [STDERR_REDIRECT] [Fatal Error] :1:1: Premature end of file.
2025-09-24 10:54:28,912 [ERROR] LogOutputStream:75 - [STDERR_REDIRECT] 
2025-09-24 10:54:29,910 [ERROR] LogOutputStream:75 - [STDERR_REDIRECT] [Fatal Error] :1:1: Premature end of file.
2025-09-24 10:54:29,910 [ERROR] LogOutputStream:75 - [STDERR_REDIRECT] 
2025-09-24 10:54:30,907 [ERROR] LogOutputStream:75 - [STDERR_REDIRECT] [Fatal Error] :1:1: Premature end of file.
2025-09-24 10:54:30,907 [ERROR] LogOutputStream:75 - [STDERR_REDIRECT] 
2025-09-24 10:54:31,908 [ERROR] LogOutputStream:75 - [STDERR_REDIRECT] [Fatal Error] :1:1: Premature end of file.
2025-09-24 10:54:31,908 [ERROR] LogOutputStream:75 - [STDERR_REDIRECT] 
2025-09-24 10:54:32,904 [ERROR] LogOutputStream:75 - [STDERR_REDIRECT] [Fatal Error] :1:1: Premature end of file.
2025-09-24 10:54:32,904 [ERROR] LogOutputStream:75 - [STDERR_REDIRECT] 
2025-09-24 10:54:33,897 [ERROR] LogOutputStream:75 - [STDERR_REDIRECT] [Fatal Error] :1:1: Premature end of file.
2025-09-24 10:54:33,897 [ERROR] LogOutputStream:75 - [STDERR_REDIRECT] 
2025-09-24 10:54:34,908 [ERROR] LogOutputStream:75 - [STDERR_REDIRECT] [Fatal Error] :1:1: Premature end of file.
2025-09-24 10:54:34,908 [ERROR] LogOutputStream:75 - [STDERR_REDIRECT] 
2025-09-24 10:54:35,898 [ERROR] LogOutputStream:75 - [STDERR_REDIRECT] [Fatal Error] :1:1: Premature end of file.
2025-09-24 10:54:35,898 [ERROR] LogOutputStream:75 - [STDERR_REDIRECT] 
2025-09-24 10:54:36,909 [ERROR] LogOutputStream:75 - [STDERR_REDIRECT] [Fatal Error] :1:1: Premature end of file.
2025-09-24 10:54:36,909 [ERROR] LogOutputStream:75 - [STDERR_REDIRECT] 
2025-09-24 10:54:37,898 [ERROR] LogOutputStream:75 - [STDERR_REDIRECT] [Fatal Error] :1:1: Premature end of file.
2025-09-24 10:54:37,898 [ERROR] LogOutputStream:75 - [STDERR_REDIRECT] 
2025-09-24 10:54:38,907 [ERROR] LogOutputStream:75 - [STDERR_REDIRECT] [Fatal Error] :1:1: Premature end of file.
2025-09-24 10:54:38,907 [ERROR] LogOutputStream:75 - [STDERR_REDIRECT] 
2025-09-24 10:54:39,897 [ERROR] LogOutputStream:75 - [STDERR_REDIRECT] [Fatal Error] :1:1: Premature end of file.
2025-09-24 10:54:39,897 [ERROR] LogOutputStream:75 - [STDERR_REDIRECT] 
2025-09-24 10:54:40,908 [ERROR] LogOutputStream:75 - [STDERR_REDIRECT] [Fatal Error] :1:1: Premature end of file.
2025-09-24 10:54:40,908 [ERROR] LogOutputStream:75 - [STDERR_REDIRECT] 
2025-09-24 10:54:41,902 [ERROR] LogOutputStream:75 - [STDERR_REDIRECT] [Fatal Error] :1:1: Premature end of file.
2025-09-24 10:54:41,902 [ERROR] LogOutputStream:75 - [STDERR_REDIRECT] 
2025-09-24 10:54:42,908 [ERROR] LogOutputStream:75 - [STDERR_REDIRECT] [Fatal Error] :1:1: Premature end of file.
2025-09-24 10:54:42,908 [ERROR] LogOutputStream:75 - [STDERR_REDIRECT] 
2025-09-24 10:54:43,898 [ERROR] LogOutputStream:75 - [STDERR_REDIRECT] [Fatal Error] :1:1: Premature end of file.
2025-09-24 10:54:43,898 [ERROR] LogOutputStream:75 - [STDERR_REDIRECT] 
2025-09-24 10:54:44,907 [ERROR] LogOutputStream:75 - [STDERR_REDIRECT] [Fatal Error] :1:1: Premature end of file.
2025-09-24 10:54:44,907 [ERROR] LogOutputStream:75 - [STDERR_REDIRECT] 
2025-09-24 10:54:45,907 [ERROR] LogOutputStream:75 - [STDERR_REDIRECT] [Fatal Error] :1:1: Premature end of file.
2025-09-24 10:54:45,907 [ERROR] LogOutputStream:75 - [STDERR_REDIRECT] 
2025-09-24 10:54:46,898 [ERROR] LogOutputStream:75 - [STDERR_REDIRECT] [Fatal Error] :1:1: Premature end of file.
2025-09-24 10:54:46,898 [ERROR] LogOutputStream:75 - [STDERR_REDIRECT] 
2025-09-24 10:54:47,908 [ERROR] LogOutputStream:75 - [STDERR_REDIRECT] [Fatal Error] :1:1: Premature end of file.
2025-09-24 10:54:47,908 [ERROR] LogOutputStream:75 - [STDERR_REDIRECT] 
2025-09-24 10:54:48,912 [ERROR] LogOutputStream:75 - [STDERR_REDIRECT] [Fatal Error] :1:1: Premature end of file.
2025-09-24 10:54:48,912 [ERROR] LogOutputStream:75 - [STDERR_REDIRECT] 
2025-09-24 10:54:49,911 [ERROR] LogOutputStream:75 - [STDERR_REDIRECT] [Fatal Error] :1:1: Premature end of file.
2025-09-24 10:54:49,911 [ERROR] LogOutputStream:75 - [STDERR_REDIRECT] 
2025-09-24 10:54:50,906 [ERROR] LogOutputStream:75 - [STDERR_REDIRECT] [Fatal Error] :1:1: Premature end of file.
2025-09-24 10:54:50,906 [ERROR] LogOutputStream:75 - [STDERR_REDIRECT] 
2025-09-24 10:54:51,907 [ERROR] LogOutputStream:75 - [STDERR_REDIRECT] [Fatal Error] :1:1: Premature end of file.
2025-09-24 10:54:51,907 [ERROR] LogOutputStream:75 - [STDERR_REDIRECT] 
2025-09-24 10:54:52,908 [ERROR] LogOutputStream:75 - [STDERR_REDIRECT] [Fatal Error] :1:1: Premature end of file.
2025-09-24 10:54:52,909 [ERROR] LogOutputStream:75 - [STDERR_REDIRECT] 
2025-09-24 10:54:53,898 [ERROR] LogOutputStream:75 - [STDERR_REDIRECT] [Fatal Error] :1:1: Premature end of file.
2025-09-24 10:54:53,898 [ERROR] LogOutputStream:75 - [STDERR_REDIRECT] 
2025-09-24 10:54:54,907 [ERROR] LogOutputStream:75 - [STDERR_REDIRECT] [Fatal Error] :1:1: Premature end of file.
2025-09-24 10:54:54,907 [ERROR] LogOutputStream:75 - [STDERR_REDIRECT] 
2025-09-24 10:54:55,897 [ERROR] LogOutputStream:75 - [STDERR_REDIRECT] [Fatal Error] :1:1: Premature end of file.
2025-09-24 10:54:55,897 [ERROR] LogOutputStream:75 - [STDERR_REDIRECT] 
2025-09-24 10:54:56,908 [ERROR] LogOutputStream:75 - [STDERR_REDIRECT] [Fatal Error] :1:1: Premature end of file.
2025-09-24 10:54:56,908 [ERROR] LogOutputStream:75 - [STDERR_REDIRECT] 
2025-09-24 10:54:57,900 [ERROR] LogOutputStream:75 - [STDERR_REDIRECT] [Fatal Error] :1:1: Premature end of file.
2025-09-24 10:54:57,900 [ERROR] LogOutputStream:75 - [STDERR_REDIRECT] 
2025-09-24 10:54:58,897 [ERROR] LogOutputStream:75 - [STDERR_REDIRECT] [Fatal Error] :1:1: Premature end of file.
2025-09-24 10:54:58,897 [ERROR] LogOutputStream:75 - [STDERR_REDIRECT] 
2025-09-24 10:54:59,898 [ERROR] LogOutputStream:75 - [STDERR_REDIRECT] [Fatal Error] :1:1: Premature end of file.
2025-09-24 10:54:59,898 [ERROR] LogOutputStream:75 - [STDERR_REDIRECT] 
2025-09-24 10:55:00,915 [ERROR] LogOutputStream:75 - [STDERR_REDIRECT] [Fatal Error] :1:1: Premature end of file.
2025-09-24 10:55:00,915 [ERROR] LogOutputStream:75 - [STDERR_REDIRECT] 
2025-09-24 10:55:01,918 [ERROR] LogOutputStream:75 - [STDERR_REDIRECT] [Fatal Error] :1:1: Premature end of file.
2025-09-24 10:55:01,919 [ERROR] LogOutputStream:75 - [STDERR_REDIRECT] 
2025-09-24 10:55:02,907 [ERROR] LogOutputStream:75 - [STDERR_REDIRECT] [Fatal Error] :1:1: Premature end of file.
2025-09-24 10:55:02,907 [ERROR] LogOutputStream:75 - [STDERR_REDIRECT] 
2025-09-24 10:55:03,904 [ERROR] LogOutputStream:75 - [STDERR_REDIRECT] [Fatal Error] :1:1: Premature end of file.
2025-09-24 10:55:03,904 [ERROR] LogOutputStream:75 - [STDERR_REDIRECT] 
2025-09-24 10:55:04,915 [ERROR] LogOutputStream:75 - [STDERR_REDIRECT] [Fatal Error] :1:1: Premature end of file.
2025-09-24 10:55:04,915 [ERROR] LogOutputStream:75 - [STDERR_REDIRECT] 
2025-09-24 10:55:05,908 [ERROR] LogOutputStream:75 - [STDERR_REDIRECT] [Fatal Error] :1:1: Premature end of file.
2025-09-24 10:55:05,908 [ERROR] LogOutputStream:75 - [STDERR_REDIRECT] 
2025-09-24 10:55:06,916 [ERROR] LogOutputStream:75 - [STDERR_REDIRECT] [Fatal Error] :1:1: Premature end of file.
2025-09-24 10:55:06,916 [ERROR] LogOutputStream:75 - [STDERR_REDIRECT] 
2025-09-24 10:55:07,918 [ERROR] LogOutputStream:75 - [STDERR_REDIRECT] [Fatal Error] :1:1: Premature end of file.
2025-09-24 10:55:07,918 [ERROR] LogOutputStream:75 - [STDERR_REDIRECT] 
2025-09-24 10:55:08,907 [ERROR] LogOutputStream:75 - [STDERR_REDIRECT] [Fatal Error] :1:1: Premature end of file.
2025-09-24 10:55:08,907 [ERROR] LogOutputStream:75 - [STDERR_REDIRECT] 
2025-09-24 10:55:09,898 [ERROR] LogOutputStream:75 - [STDERR_REDIRECT] [Fatal Error] :1:1: Premature end of file.
2025-09-24 10:55:09,898 [ERROR] LogOutputStream:75 - [STDERR_REDIRECT] 
2025-09-24 10:55:10,916 [ERROR] LogOutputStream:75 - [STDERR_REDIRECT] [Fatal Error] :1:1: Premature end of file.
2025-09-24 10:55:10,916 [ERROR] LogOutputStream:75 - [STDERR_REDIRECT] 
2025-09-24 10:55:11,908 [ERROR] LogOutputStream:75 - [STDERR_REDIRECT] [Fatal Error] :1:1: Premature end of file.
2025-09-24 10:55:11,908 [ERROR] LogOutputStream:75 - [STDERR_REDIRECT] 
2025-09-24 10:55:12,906 [ERROR] LogOutputStream:75 - [STDERR_REDIRECT] [Fatal Error] :1:1: Premature end of file.
2025-09-24 10:55:12,906 [ERROR] LogOutputStream:75 - [STDERR_REDIRECT] 
2025-09-24 10:55:13,897 [ERROR] LogOutputStream:75 - [STDERR_REDIRECT] [Fatal Error] :1:1: Premature end of file.
2025-09-24 10:55:13,897 [ERROR] LogOutputStream:75 - [STDERR_REDIRECT] 
2025-09-24 10:55:14,908 [ERROR] LogOutputStream:75 - [STDERR_REDIRECT] [Fatal Error] :1:1: Premature end of file.
2025-09-24 10:55:14,908 [ERROR] LogOutputStream:75 - [STDERR_REDIRECT] 
2025-09-24 10:55:15,916 [ERROR] LogOutputStream:75 - [STDERR_REDIRECT] [Fatal Error] :1:1: Premature end of file.
2025-09-24 10:55:15,916 [ERROR] LogOutputStream:75 - [STDERR_REDIRECT] 
2025-09-24 10:55:16,904 [ERROR] LogOutputStream:75 - [STDERR_REDIRECT] [Fatal Error] :1:1: Premature end of file.
2025-09-24 10:55:16,904 [ERROR] LogOutputStream:75 - [STDERR_REDIRECT] 
2025-09-24 10:55:17,907 [ERROR] LogOutputStream:75 - [STDERR_REDIRECT] [Fatal Error] :1:1: Premature end of file.
2025-09-24 10:55:17,907 [ERROR] LogOutputStream:75 - [STDERR_REDIRECT] 
2025-09-24 10:55:18,902 [ERROR] LogOutputStream:75 - [STDERR_REDIRECT] [Fatal Error] :1:1: Premature end of file.
2025-09-24 10:55:18,902 [ERROR] LogOutputStream:75 - [STDERR_REDIRECT] 
2025-09-24 10:55:19,907 [ERROR] LogOutputStream:75 - [STDERR_REDIRECT] [Fatal Error] :1:1: Premature end of file.
2025-09-24 10:55:19,907 [ERROR] LogOutputStream:75 - [STDERR_REDIRECT] 
2025-09-24 10:55:20,903 [ERROR] LogOutputStream:75 - [STDERR_REDIRECT] [Fatal Error] :1:1: Premature end of file.
2025-09-24 10:55:20,903 [ERROR] LogOutputStream:75 - [STDERR_REDIRECT] 
2025-09-24 10:55:21,900 [ERROR] LogOutputStream:75 - [STDERR_REDIRECT] [Fatal Error] :1:1: Premature end of file.
2025-09-24 10:55:21,901 [ERROR] LogOutputStream:75 - [STDERR_REDIRECT] 
2025-09-24 10:55:22,901 [ERROR] LogOutputStream:75 - [STDERR_REDIRECT] [Fatal Error] :1:1: Premature end of file.
2025-09-24 10:55:22,902 [ERROR] LogOutputStream:75 - [STDERR_REDIRECT] 
2025-09-24 10:55:23,898 [ERROR] LogOutputStream:75 - [STDERR_REDIRECT] [Fatal Error] :1:1: Premature end of file.
2025-09-24 10:55:23,898 [ERROR] LogOutputStream:75 - [STDERR_REDIRECT] 
2025-09-24 10:55:24,902 [ERROR] LogOutputStream:75 - [STDERR_REDIRECT] [Fatal Error] :1:1: Premature end of file.
2025-09-24 10:55:24,903 [ERROR] LogOutputStream:75 - [STDERR_REDIRECT] 
2025-09-24 10:55:25,903 [ERROR] LogOutputStream:75 - [STDERR_REDIRECT] [Fatal Error] :1:1: Premature end of file.
2025-09-24 10:55:25,903 [ERROR] LogOutputStream:75 - [STDERR_REDIRECT] 
2025-09-24 10:55:26,899 [ERROR] LogOutputStream:75 - [STDERR_REDIRECT] [Fatal Error] :1:1: Premature end of file.
2025-09-24 10:55:26,899 [ERROR] LogOutputStream:75 - [STDERR_REDIRECT] 
2025-09-24 10:55:27,902 [ERROR] LogOutputStream:75 - [STDERR_REDIRECT] [Fatal Error] :1:1: Premature end of file.
2025-09-24 10:55:27,902 [ERROR] LogOutputStream:75 - [STDERR_REDIRECT] 
2025-09-24 10:55:28,901 [ERROR] LogOutputStream:75 - [STDERR_REDIRECT] [Fatal Error] :1:1: Premature end of file.
2025-09-24 10:55:28,901 [ERROR] LogOutputStream:75 - [STDERR_REDIRECT] 
2025-09-24 10:55:29,900 [ERROR] LogOutputStream:75 - [STDERR_REDIRECT] [Fatal Error] :1:1: Premature end of file.
2025-09-24 10:55:29,900 [ERROR] LogOutputStream:75 - [STDERR_REDIRECT] 
2025-09-24 10:55:30,900 [ERROR] LogOutputStream:75 - [STDERR_REDIRECT] [Fatal Error] :1:1: Premature end of file.
2025-09-24 10:55:30,900 [ERROR] LogOutputStream:75 - [STDERR_REDIRECT] 
2025-09-24 10:55:31,900 [ERROR] LogOutputStream:75 - [STDERR_REDIRECT] [Fatal Error] :1:1: Premature end of file.
2025-09-24 10:55:31,900 [ERROR] LogOutputStream:75 - [STDERR_REDIRECT] 
2025-09-24 10:55:32,901 [ERROR] LogOutputStream:75 - [STDERR_REDIRECT] [Fatal Error] :1:1: Premature end of file.
2025-09-24 10:55:32,901 [ERROR] LogOutputStream:75 - [STDERR_REDIRECT] 
2025-09-24 10:55:33,899 [ERROR] LogOutputStream:75 - [STDERR_REDIRECT] [Fatal Error] :1:1: Premature end of file.
2025-09-24 10:55:33,899 [ERROR] LogOutputStream:75 - [STDERR_REDIRECT] 
2025-09-24 10:55:34,898 [ERROR] LogOutputStream:75 - [STDERR_REDIRECT] [Fatal Error] :1:1: Premature end of file.
2025-09-24 10:55:34,899 [ERROR] LogOutputStream:75 - [STDERR_REDIRECT] 
2025-09-24 10:55:35,902 [ERROR] LogOutputStream:75 - [STDERR_REDIRECT] [Fatal Error] :1:1: Premature end of file.
2025-09-24 10:55:35,902 [ERROR] LogOutputStream:75 - [STDERR_REDIRECT] 
2025-09-24 10:55:36,901 [ERROR] LogOutputStream:75 - [STDERR_REDIRECT] [Fatal Error] :1:1: Premature end of file.
2025-09-24 10:55:36,901 [ERROR] LogOutputStream:75 - [STDERR_REDIRECT] 
2025-09-24 10:55:37,901 [ERROR] LogOutputStream:75 - [STDERR_REDIRECT] [Fatal Error] :1:1: Premature end of file.
2025-09-24 10:55:37,901 [ERROR] LogOutputStream:75 - [STDERR_REDIRECT] 
2025-09-24 10:55:38,899 [ERROR] LogOutputStream:75 - [STDERR_REDIRECT] [Fatal Error] :1:1: Premature end of file.
2025-09-24 10:55:38,899 [ERROR] LogOutputStream:75 - [STDERR_REDIRECT] 
2025-09-24 10:55:39,899 [ERROR] LogOutputStream:75 - [STDERR_REDIRECT] [Fatal Error] :1:1: Premature end of file.
2025-09-24 10:55:39,899 [ERROR] LogOutputStream:75 - [STDERR_REDIRECT] 
2025-09-24 10:55:40,900 [ERROR] LogOutputStream:75 - [STDERR_REDIRECT] [Fatal Error] :1:1: Premature end of file.
2025-09-24 10:55:40,900 [ERROR] LogOutputStream:75 - [STDERR_REDIRECT] 
2025-09-24 10:55:41,898 [ERROR] LogOutputStream:75 - [STDERR_REDIRECT] [Fatal Error] :1:1: Premature end of file.
2025-09-24 10:55:41,898 [ERROR] LogOutputStream:75 - [STDERR_REDIRECT] 
2025-09-24 10:55:42,899 [ERROR] LogOutputStream:75 - [STDERR_REDIRECT] [Fatal Error] :1:1: Premature end of file.
2025-09-24 10:55:42,899 [ERROR] LogOutputStream:75 - [STDERR_REDIRECT] 
2025-09-24 10:55:43,898 [ERROR] LogOutputStream:75 - [STDERR_REDIRECT] [Fatal Error] :1:1: Premature end of file.
2025-09-24 10:55:43,898 [ERROR] LogOutputStream:75 - [STDERR_REDIRECT] 
2025-09-24 10:55:44,900 [ERROR] LogOutputStream:75 - [STDERR_REDIRECT] [Fatal Error] :1:1: Premature end of file.
2025-09-24 10:55:44,900 [ERROR] LogOutputStream:75 - [STDERR_REDIRECT] 
2025-09-24 10:55:45,900 [ERROR] LogOutputStream:75 - [STDERR_REDIRECT] [Fatal Error] :1:1: Premature end of file.
2025-09-24 10:55:45,901 [ERROR] LogOutputStream:75 - [STDERR_REDIRECT] 
2025-09-24 10:55:46,898 [ERROR] LogOutputStream:75 - [STDERR_REDIRECT] [Fatal Error] :1:1: Premature end of file.
2025-09-24 10:55:46,898 [ERROR] LogOutputStream:75 - [STDERR_REDIRECT] 
2025-09-24 10:55:47,902 [ERROR] LogOutputStream:75 - [STDERR_REDIRECT] [Fatal Error] :1:1: Premature end of file.
2025-09-24 10:55:47,902 [ERROR] LogOutputStream:75 - [STDERR_REDIRECT] 
2025-09-24 10:55:48,900 [ERROR] LogOutputStream:75 - [STDERR_REDIRECT] [Fatal Error] :1:1: Premature end of file.
2025-09-24 10:55:48,900 [ERROR] LogOutputStream:75 - [STDERR_REDIRECT] 
2025-09-24 10:55:49,899 [ERROR] LogOutputStream:75 - [STDERR_REDIRECT] [Fatal Error] :1:1: Premature end of file.
2025-09-24 10:55:49,899 [ERROR] LogOutputStream:75 - [STDERR_REDIRECT] 
2025-09-24 10:55:50,899 [ERROR] LogOutputStream:75 - [STDERR_REDIRECT] [Fatal Error] :1:1: Premature end of file.
2025-09-24 10:55:50,899 [ERROR] LogOutputStream:75 - [STDERR_REDIRECT] 
2025-09-24 10:55:51,899 [ERROR] LogOutputStream:75 - [STDERR_REDIRECT] [Fatal Error] :1:1: Premature end of file.
2025-09-24 10:55:51,899 [ERROR] LogOutputStream:75 - [STDERR_REDIRECT] 
2025-09-24 10:55:52,899 [ERROR] LogOutputStream:75 - [STDERR_REDIRECT] [Fatal Error] :1:1: Premature end of file.
2025-09-24 10:55:52,899 [ERROR] LogOutputStream:75 - [STDERR_REDIRECT] 
2025-09-24 10:55:53,899 [ERROR] LogOutputStream:75 - [STDERR_REDIRECT] [Fatal Error] :1:1: Premature end of file.
2025-09-24 10:55:53,899 [ERROR] LogOutputStream:75 - [STDERR_REDIRECT] 
2025-09-24 10:55:54,899 [ERROR] LogOutputStream:75 - [STDERR_REDIRECT] [Fatal Error] :1:1: Premature end of file.
2025-09-24 10:55:54,899 [ERROR] LogOutputStream:75 - [STDERR_REDIRECT] 
2025-09-24 10:55:55,900 [ERROR] LogOutputStream:75 - [STDERR_REDIRECT] [Fatal Error] :1:1: Premature end of file.
2025-09-24 10:55:55,900 [ERROR] LogOutputStream:75 - [STDERR_REDIRECT] 
2025-09-24 10:55:56,900 [ERROR] LogOutputStream:75 - [STDERR_REDIRECT] [Fatal Error] :1:1: Premature end of file.
2025-09-24 10:55:56,900 [ERROR] LogOutputStream:75 - [STDERR_REDIRECT] 
2025-09-24 10:55:57,899 [ERROR] LogOutputStream:75 - [STDERR_REDIRECT] [Fatal Error] :1:1: Premature end of file.
2025-09-24 10:55:57,899 [ERROR] LogOutputStream:75 - [STDERR_REDIRECT] 
2025-09-24 10:55:58,901 [ERROR] LogOutputStream:75 - [STDERR_REDIRECT] [Fatal Error] :1:1: Premature end of file.
2025-09-24 10:55:58,902 [ERROR] LogOutputStream:75 - [STDERR_REDIRECT] 
2025-09-24 10:55:59,899 [ERROR] LogOutputStream:75 - [STDERR_REDIRECT] [Fatal Error] :1:1: Premature end of file.
2025-09-24 10:55:59,899 [ERROR] LogOutputStream:75 - [STDERR_REDIRECT] 
2025-09-24 10:56:00,899 [ERROR] LogOutputStream:75 - [STDERR_REDIRECT] [Fatal Error] :1:1: Premature end of file.
2025-09-24 10:56:00,899 [ERROR] LogOutputStream:75 - [STDERR_REDIRECT] 
2025-09-24 10:56:01,898 [ERROR] LogOutputStream:75 - [STDERR_REDIRECT] [Fatal Error] :1:1: Premature end of file.
2025-09-24 10:56:01,899 [ERROR] LogOutputStream:75 - [STDERR_REDIRECT] 
2025-09-24 10:56:02,900 [ERROR] LogOutputStream:75 - [STDERR_REDIRECT] [Fatal Error] :1:1: Premature end of file.
2025-09-24 10:56:02,900 [ERROR] LogOutputStream:75 - [STDERR_REDIRECT] 
2025-09-24 10:56:03,900 [ERROR] LogOutputStream:75 - [STDERR_REDIRECT] [Fatal Error] :1:1: Premature end of file.
2025-09-24 10:56:03,900 [ERROR] LogOutputStream:75 - [STDERR_REDIRECT] 
2025-09-24 10:56:04,900 [ERROR] LogOutputStream:75 - [STDERR_REDIRECT] [Fatal Error] :1:1: Premature end of file.
2025-09-24 10:56:04,900 [ERROR] LogOutputStream:75 - [STDERR_REDIRECT] 
2025-09-24 10:56:05,901 [ERROR] LogOutputStream:75 - [STDERR_REDIRECT] [Fatal Error] :1:1: Premature end of file.
2025-09-24 10:56:05,901 [ERROR] LogOutputStream:75 - [STDERR_REDIRECT] 
2025-09-24 10:56:06,900 [ERROR] LogOutputStream:75 - [STDERR_REDIRECT] [Fatal Error] :1:1: Premature end of file.
2025-09-24 10:56:06,900 [ERROR] LogOutputStream:75 - [STDERR_REDIRECT] 
2025-09-24 10:56:07,900 [ERROR] LogOutputStream:75 - [STDERR_REDIRECT] [Fatal Error] :1:1: Premature end of file.
2025-09-24 10:56:07,900 [ERROR] LogOutputStream:75 - [STDERR_REDIRECT] 
2025-09-24 10:56:08,901 [ERROR] LogOutputStream:75 - [STDERR_REDIRECT] [Fatal Error] :1:1: Premature end of file.
2025-09-24 10:56:08,902 [ERROR] LogOutputStream:75 - [STDERR_REDIRECT] 
2025-09-24 10:56:09,903 [ERROR] LogOutputStream:75 - [STDERR_REDIRECT] [Fatal Error] :1:1: Premature end of file.
2025-09-24 10:56:09,903 [ERROR] LogOutputStream:75 - [STDERR_REDIRECT] 
2025-09-24 10:56:10,907 [ERROR] LogOutputStream:75 - [STDERR_REDIRECT] [Fatal Error] :1:1: Premature end of file.
2025-09-24 10:56:10,908 [ERROR] LogOutputStream:75 - [STDERR_REDIRECT] 
2025-09-24 10:56:11,899 [ERROR] LogOutputStream:75 - [STDERR_REDIRECT] [Fatal Error] :1:1: Premature end of file.
2025-09-24 10:56:11,899 [ERROR] LogOutputStream:75 - [STDERR_REDIRECT] 
2025-09-24 10:56:12,909 [ERROR] LogOutputStream:75 - [STDERR_REDIRECT] [Fatal Error] :1:1: Premature end of file.
2025-09-24 10:56:12,909 [ERROR] LogOutputStream:75 - [STDERR_REDIRECT] 
2025-09-24 10:56:13,907 [ERROR] LogOutputStream:75 - [STDERR_REDIRECT] [Fatal Error] :1:1: Premature end of file.
2025-09-24 10:56:13,907 [ERROR] LogOutputStream:75 - [STDERR_REDIRECT] 
2025-09-24 10:56:14,914 [ERROR] LogOutputStream:75 - [STDERR_REDIRECT] [Fatal Error] :1:1: Premature end of file.
2025-09-24 10:56:14,915 [ERROR] LogOutputStream:75 - [STDERR_REDIRECT] 
2025-09-24 10:56:15,916 [ERROR] LogOutputStream:75 - [STDERR_REDIRECT] [Fatal Error] :1:1: Premature end of file.
2025-09-24 10:56:15,916 [ERROR] LogOutputStream:75 - [STDERR_REDIRECT] 
2025-09-24 10:56:16,897 [ERROR] LogOutputStream:75 - [STDERR_REDIRECT] [Fatal Error] :1:1: Premature end of file.
2025-09-24 10:56:16,897 [ERROR] LogOutputStream:75 - [STDERR_REDIRECT] 
2025-09-24 10:56:17,902 [ERROR] LogOutputStream:75 - [STDERR_REDIRECT] [Fatal Error] :1:1: Premature end of file.
2025-09-24 10:56:17,902 [ERROR] LogOutputStream:75 - [STDERR_REDIRECT] 
2025-09-24 10:56:18,918 [ERROR] LogOutputStream:75 - [STDERR_REDIRECT] [Fatal Error] :1:1: Premature end of file.
2025-09-24 10:56:18,918 [ERROR] LogOutputStream:75 - [STDERR_REDIRECT] 
2025-09-24 10:56:19,911 [ERROR] LogOutputStream:75 - [STDERR_REDIRECT] [Fatal Error] :1:1: Premature end of file.
2025-09-24 10:56:19,912 [ERROR] LogOutputStream:75 - [STDERR_REDIRECT] 
2025-09-24 10:56:20,912 [ERROR] LogOutputStream:75 - [STDERR_REDIRECT] [Fatal Error] :1:1: Premature end of file.
2025-09-24 10:56:20,912 [ERROR] LogOutputStream:75 - [STDERR_REDIRECT] 
2025-09-24 10:56:21,919 [ERROR] LogOutputStream:75 - [STDERR_REDIRECT] [Fatal Error] :1:1: Premature end of file.
2025-09-24 10:56:21,919 [ERROR] LogOutputStream:75 - [STDERR_REDIRECT] 
2025-09-24 10:56:22,910 [ERROR] LogOutputStream:75 - [STDERR_REDIRECT] [Fatal Error] :1:1: Premature end of file.
2025-09-24 10:56:22,910 [ERROR] LogOutputStream:75 - [STDERR_REDIRECT] 
2025-09-24 10:56:23,899 [ERROR] LogOutputStream:75 - [STDERR_REDIRECT] [Fatal Error] :1:1: Premature end of file.
2025-09-24 10:56:23,899 [ERROR] LogOutputStream:75 - [STDERR_REDIRECT] 
2025-09-24 10:56:24,908 [ERROR] LogOutputStream:75 - [STDERR_REDIRECT] [Fatal Error] :1:1: Premature end of file.
2025-09-24 10:56:24,908 [ERROR] LogOutputStream:75 - [STDERR_REDIRECT] 
2025-09-24 10:56:25,910 [ERROR] LogOutputStream:75 - [STDERR_REDIRECT] [Fatal Error] :1:1: Premature end of file.
2025-09-24 10:56:25,910 [ERROR] LogOutputStream:75 - [STDERR_REDIRECT] 
2025-09-24 10:56:26,912 [ERROR] LogOutputStream:75 - [STDERR_REDIRECT] [Fatal Error] :1:1: Premature end of file.
2025-09-24 10:56:26,912 [ERROR] LogOutputStream:75 - [STDERR_REDIRECT] 
2025-09-24 10:56:27,909 [ERROR] LogOutputStream:75 - [STDERR_REDIRECT] [Fatal Error] :1:1: Premature end of file.
2025-09-24 10:56:27,909 [ERROR] LogOutputStream:75 - [STDERR_REDIRECT] 
2025-09-24 10:56:28,908 [ERROR] LogOutputStream:75 - [STDERR_REDIRECT] [Fatal Error] :1:1: Premature end of file.
2025-09-24 10:56:28,908 [ERROR] LogOutputStream:75 - [STDERR_REDIRECT] 
2025-09-24 10:56:29,917 [ERROR] LogOutputStream:75 - [STDERR_REDIRECT] [Fatal Error] :1:1: Premature end of file.
2025-09-24 10:56:29,917 [ERROR] LogOutputStream:75 - [STDERR_REDIRECT] 
2025-09-24 10:56:30,907 [ERROR] LogOutputStream:75 - [STDERR_REDIRECT] [Fatal Error] :1:1: Premature end of file.
2025-09-24 10:56:30,907 [ERROR] LogOutputStream:75 - [STDERR_REDIRECT] 
2025-09-24 10:56:31,905 [ERROR] LogOutputStream:75 - [STDERR_REDIRECT] [Fatal Error] :1:1: Premature end of file.
2025-09-24 10:56:31,905 [ERROR] LogOutputStream:75 - [STDERR_REDIRECT] 
2025-09-24 10:56:32,905 [ERROR] LogOutputStream:75 - [STDERR_REDIRECT] [Fatal Error] :1:1: Premature end of file.
2025-09-24 10:56:32,905 [ERROR] LogOutputStream:75 - [STDERR_REDIRECT] 
2025-09-24 10:56:33,905 [ERROR] LogOutputStream:75 - [STDERR_REDIRECT] [Fatal Error] :1:1: Premature end of file.
2025-09-24 10:56:33,906 [ERROR] LogOutputStream:75 - [STDERR_REDIRECT] 
2025-09-24 10:56:34,914 [ERROR] LogOutputStream:75 - [STDERR_REDIRECT] [Fatal Error] :1:1: Premature end of file.
2025-09-24 10:56:34,914 [ERROR] LogOutputStream:75 - [STDERR_REDIRECT] 
2025-09-24 10:56:35,909 [ERROR] LogOutputStream:75 - [STDERR_REDIRECT] [Fatal Error] :1:1: Premature end of file.
2025-09-24 10:56:35,909 [ERROR] LogOutputStream:75 - [STDERR_REDIRECT] 
2025-09-24 10:56:36,914 [ERROR] LogOutputStream:75 - [STDERR_REDIRECT] [Fatal Error] :1:1: Premature end of file.
2025-09-24 10:56:36,914 [ERROR] LogOutputStream:75 - [STDERR_REDIRECT] 
2025-09-24 10:56:37,914 [ERROR] LogOutputStream:75 - [STDERR_REDIRECT] [Fatal Error] :1:1: Premature end of file.
2025-09-24 10:56:37,915 [ERROR] LogOutputStream:75 - [STDERR_REDIRECT] 
2025-09-24 10:56:38,900 [ERROR] LogOutputStream:75 - [STDERR_REDIRECT] [Fatal Error] :1:1: Premature end of file.
2025-09-24 10:56:38,900 [ERROR] LogOutputStream:75 - [STDERR_REDIRECT] 
2025-09-24 10:56:39,912 [ERROR] LogOutputStream:75 - [STDERR_REDIRECT] [Fatal Error] :1:1: Premature end of file.
2025-09-24 10:56:39,912 [ERROR] LogOutputStream:75 - [STDERR_REDIRECT] 
2025-09-24 10:56:40,897 [ERROR] LogOutputStream:75 - [STDERR_REDIRECT] [Fatal Error] :1:1: Premature end of file.
2025-09-24 10:56:40,897 [ERROR] LogOutputStream:75 - [STDERR_REDIRECT] 
2025-09-24 10:56:41,897 [ERROR] LogOutputStream:75 - [STDERR_REDIRECT] [Fatal Error] :1:1: Premature end of file.
2025-09-24 10:56:41,897 [ERROR] LogOutputStream:75 - [STDERR_REDIRECT] 
2025-09-24 10:56:42,907 [ERROR] LogOutputStream:75 - [STDERR_REDIRECT] [Fatal Error] :1:1: Premature end of file.
2025-09-24 10:56:42,907 [ERROR] LogOutputStream:75 - [STDERR_REDIRECT] 
2025-09-24 10:56:43,914 [ERROR] LogOutputStream:75 - [STDERR_REDIRECT] [Fatal Error] :1:1: Premature end of file.
2025-09-24 10:56:43,915 [ERROR] LogOutputStream:75 - [STDERR_REDIRECT] 
2025-09-24 10:56:44,908 [ERROR] LogOutputStream:75 - [STDERR_REDIRECT] [Fatal Error] :1:1: Premature end of file.
2025-09-24 10:56:44,909 [ERROR] LogOutputStream:75 - [STDERR_REDIRECT] 
2025-09-24 10:56:45,914 [ERROR] LogOutputStream:75 - [STDERR_REDIRECT] [Fatal Error] :1:1: Premature end of file.
2025-09-24 10:56:45,914 [ERROR] LogOutputStream:75 - [STDERR_REDIRECT] 
2025-09-24 10:56:46,917 [ERROR] LogOutputStream:75 - [STDERR_REDIRECT] [Fatal Error] :1:1: Premature end of file.
2025-09-24 10:56:46,917 [ERROR] LogOutputStream:75 - [STDERR_REDIRECT] 
2025-09-24 10:56:47,910 [ERROR] LogOutputStream:75 - [STDERR_REDIRECT] [Fatal Error] :1:1: Premature end of file.
2025-09-24 10:56:47,910 [ERROR] LogOutputStream:75 - [STDERR_REDIRECT] 
2025-09-24 10:56:48,915 [ERROR] LogOutputStream:75 - [STDERR_REDIRECT] [Fatal Error] :1:1: Premature end of file.
2025-09-24 10:56:48,915 [ERROR] LogOutputStream:75 - [STDERR_REDIRECT] 
2025-09-24 10:56:49,924 [ERROR] LogOutputStream:75 - [STDERR_REDIRECT] [Fatal Error] :1:1: Premature end of file.
2025-09-24 10:56:49,924 [ERROR] LogOutputStream:75 - [STDERR_REDIRECT] 
2025-09-24 10:56:50,908 [ERROR] LogOutputStream:75 - [STDERR_REDIRECT] [Fatal Error] :1:1: Premature end of file.
2025-09-24 10:56:50,908 [ERROR] LogOutputStream:75 - [STDERR_REDIRECT] 
2025-09-24 10:56:51,912 [ERROR] LogOutputStream:75 - [STDERR_REDIRECT] [Fatal Error] :1:1: Premature end of file.
2025-09-24 10:56:51,912 [ERROR] LogOutputStream:75 - [STDERR_REDIRECT] 
2025-09-24 10:56:52,914 [ERROR] LogOutputStream:75 - [STDERR_REDIRECT] [Fatal Error] :1:1: Premature end of file.
2025-09-24 10:56:52,914 [ERROR] LogOutputStream:75 - [STDERR_REDIRECT] 
2025-09-24 10:56:53,915 [ERROR] LogOutputStream:75 - [STDERR_REDIRECT] [Fatal Error] :1:1: Premature end of file.
2025-09-24 10:56:53,915 [ERROR] LogOutputStream:75 - [STDERR_REDIRECT] 
2025-09-24 10:56:54,913 [ERROR] LogOutputStream:75 - [STDERR_REDIRECT] [Fatal Error] :1:1: Premature end of file.
2025-09-24 10:56:54,913 [ERROR] LogOutputStream:75 - [STDERR_REDIRECT] 
2025-09-24 10:56:55,898 [ERROR] LogOutputStream:75 - [STDERR_REDIRECT] [Fatal Error] :1:1: Premature end of file.
2025-09-24 10:56:55,898 [ERROR] LogOutputStream:75 - [STDERR_REDIRECT] 
2025-09-24 10:56:56,910 [ERROR] LogOutputStream:75 - [STDERR_REDIRECT] [Fatal Error] :1:1: Premature end of file.
2025-09-24 10:56:56,911 [ERROR] LogOutputStream:75 - [STDERR_REDIRECT] 
2025-09-24 10:56:57,912 [ERROR] LogOutputStream:75 - [STDERR_REDIRECT] [Fatal Error] :1:1: Premature end of file.
2025-09-24 10:56:57,912 [ERROR] LogOutputStream:75 - [STDERR_REDIRECT] 
2025-09-24 10:56:58,902 [ERROR] LogOutputStream:75 - [STDERR_REDIRECT] [Fatal Error] :1:1: Premature end of file.
2025-09-24 10:56:58,903 [ERROR] LogOutputStream:75 - [STDERR_REDIRECT] 
2025-09-24 10:56:59,909 [ERROR] LogOutputStream:75 - [STDERR_REDIRECT] [Fatal Error] :1:1: Premature end of file.
2025-09-24 10:56:59,909 [ERROR] LogOutputStream:75 - [STDERR_REDIRECT] 
2025-09-24 10:57:00,903 [ERROR] LogOutputStream:75 - [STDERR_REDIRECT] [Fatal Error] :1:1: Premature end of file.
2025-09-24 10:57:00,903 [ERROR] LogOutputStream:75 - [STDERR_REDIRECT] 
2025-09-24 10:57:01,904 [ERROR] LogOutputStream:75 - [STDERR_REDIRECT] [Fatal Error] :1:1: Premature end of file.
2025-09-24 10:57:01,904 [ERROR] LogOutputStream:75 - [STDERR_REDIRECT] 
2025-09-24 10:57:02,939 [ERROR] LogOutputStream:75 - [STDERR_REDIRECT] [Fatal Error] :1:1: Premature end of file.
2025-09-24 10:57:02,940 [ERROR] LogOutputStream:75 - [STDERR_REDIRECT] 
2025-09-24 10:57:03,897 [ERROR] LogOutputStream:75 - [STDERR_REDIRECT] [Fatal Error] :1:1: Premature end of file.
2025-09-24 10:57:03,897 [ERROR] LogOutputStream:75 - [STDERR_REDIRECT] 
2025-09-24 10:57:04,908 [ERROR] LogOutputStream:75 - [STDERR_REDIRECT] [Fatal Error] :1:1: Premature end of file.
2025-09-24 10:57:04,908 [ERROR] LogOutputStream:75 - [STDERR_REDIRECT] 
2025-09-24 10:57:05,912 [ERROR] LogOutputStream:75 - [STDERR_REDIRECT] [Fatal Error] :1:1: Premature end of file.
2025-09-24 10:57:05,912 [ERROR] LogOutputStream:75 - [STDERR_REDIRECT] 
2025-09-24 10:57:06,910 [ERROR] LogOutputStream:75 - [STDERR_REDIRECT] [Fatal Error] :1:1: Premature end of file.
2025-09-24 10:57:06,916 [ERROR] LogOutputStream:75 - [STDERR_REDIRECT] 
2025-09-24 10:57:07,909 [ERROR] LogOutputStream:75 - [STDERR_REDIRECT] [Fatal Error] :1:1: Premature end of file.
2025-09-24 10:57:07,909 [ERROR] LogOutputStream:75 - [STDERR_REDIRECT] 
2025-09-24 10:57:08,910 [ERROR] LogOutputStream:75 - [STDERR_REDIRECT] [Fatal Error] :1:1: Premature end of file.
2025-09-24 10:57:08,910 [ERROR] LogOutputStream:75 - [STDERR_REDIRECT] 
2025-09-24 10:57:09,898 [ERROR] LogOutputStream:75 - [STDERR_REDIRECT] [Fatal Error] :1:1: Premature end of file.
2025-09-24 10:57:09,898 [ERROR] LogOutputStream:75 - [STDERR_REDIRECT] 
2025-09-24 10:57:10,907 [ERROR] LogOutputStream:75 - [STDERR_REDIRECT] [Fatal Error] :1:1: Premature end of file.
2025-09-24 10:57:10,911 [ERROR] LogOutputStream:75 - [STDERR_REDIRECT] 
2025-09-24 10:57:11,908 [ERROR] LogOutputStream:75 - [STDERR_REDIRECT] [Fatal Error] :1:1: Premature end of file.
2025-09-24 10:57:11,908 [ERROR] LogOutputStream:75 - [STDERR_REDIRECT] 
2025-09-24 10:57:12,917 [ERROR] LogOutputStream:75 - [STDERR_REDIRECT] [Fatal Error] :1:1: Premature end of file.
2025-09-24 10:57:12,917 [ERROR] LogOutputStream:75 - [STDERR_REDIRECT] 
2025-09-24 10:57:13,912 [ERROR] LogOutputStream:75 - [STDERR_REDIRECT] [Fatal Error] :1:1: Premature end of file.
2025-09-24 10:57:13,912 [ERROR] LogOutputStream:75 - [STDERR_REDIRECT] 
2025-09-24 10:57:14,908 [ERROR] LogOutputStream:75 - [STDERR_REDIRECT] [Fatal Error] :1:1: Premature end of file.
2025-09-24 10:57:14,908 [ERROR] LogOutputStream:75 - [STDERR_REDIRECT] 
2025-09-24 10:57:15,898 [ERROR] LogOutputStream:75 - [STDERR_REDIRECT] [Fatal Error] :1:1: Premature end of file.
2025-09-24 10:57:15,898 [ERROR] LogOutputStream:75 - [STDERR_REDIRECT] 
2025-09-24 10:57:16,898 [ERROR] LogOutputStream:75 - [STDERR_REDIRECT] [Fatal Error] :1:1: Premature end of file.
2025-09-24 10:57:16,898 [ERROR] LogOutputStream:75 - [STDERR_REDIRECT] 
2025-09-24 10:57:17,898 [ERROR] LogOutputStream:75 - [STDERR_REDIRECT] [Fatal Error] :1:1: Premature end of file.
2025-09-24 10:57:17,898 [ERROR] LogOutputStream:75 - [STDERR_REDIRECT] 
2025-09-24 10:57:18,907 [ERROR] LogOutputStream:75 - [STDERR_REDIRECT] [Fatal Error] :1:1: Premature end of file.
2025-09-24 10:57:18,907 [ERROR] LogOutputStream:75 - [STDERR_REDIRECT] 
2025-09-24 10:57:19,916 [ERROR] LogOutputStream:75 - [STDERR_REDIRECT] [Fatal Error] :1:1: Premature end of file.
2025-09-24 10:57:19,916 [ERROR] LogOutputStream:75 - [STDERR_REDIRECT] 
2025-09-24 10:57:20,907 [ERROR] LogOutputStream:75 - [STDERR_REDIRECT] [Fatal Error] :1:1: Premature end of file.
2025-09-24 10:57:20,907 [ERROR] LogOutputStream:75 - [STDERR_REDIRECT] 
2025-09-24 10:57:21,908 [ERROR] LogOutputStream:75 - [STDERR_REDIRECT] [Fatal Error] :1:1: Premature end of file.
2025-09-24 10:57:21,908 [ERROR] LogOutputStream:75 - [STDERR_REDIRECT] 
2025-09-24 10:57:22,897 [ERROR] LogOutputStream:75 - [STDERR_REDIRECT] [Fatal Error] :1:1: Premature end of file.
2025-09-24 10:57:22,897 [ERROR] LogOutputStream:75 - [STDERR_REDIRECT] 
2025-09-24 10:57:23,907 [ERROR] LogOutputStream:75 - [STDERR_REDIRECT] [Fatal Error] :1:1: Premature end of file.
2025-09-24 10:57:23,907 [ERROR] LogOutputStream:75 - [STDERR_REDIRECT] 
2025-09-24 10:57:24,898 [ERROR] LogOutputStream:75 - [STDERR_REDIRECT] [Fatal Error] :1:1: Premature end of file.
2025-09-24 10:57:24,898 [ERROR] LogOutputStream:75 - [STDERR_REDIRECT] 
2025-09-24 10:57:25,907 [ERROR] LogOutputStream:75 - [STDERR_REDIRECT] [Fatal Error] :1:1: Premature end of file.
2025-09-24 10:57:25,907 [ERROR] LogOutputStream:75 - [STDERR_REDIRECT] 
2025-09-24 10:57:26,914 [ERROR] LogOutputStream:75 - [STDERR_REDIRECT] [Fatal Error] :1:1: Premature end of file.
2025-09-24 10:57:26,914 [ERROR] LogOutputStream:75 - [STDERR_REDIRECT] 
2025-09-24 10:57:27,897 [ERROR] LogOutputStream:75 - [STDERR_REDIRECT] [Fatal Error] :1:1: Premature end of file.
2025-09-24 10:57:27,897 [ERROR] LogOutputStream:75 - [STDERR_REDIRECT] 
2025-09-24 10:57:28,913 [ERROR] LogOutputStream:75 - [STDERR_REDIRECT] [Fatal Error] :1:1: Premature end of file.
2025-09-24 10:57:28,913 [ERROR] LogOutputStream:75 - [STDERR_REDIRECT] 
2025-09-24 10:57:29,916 [ERROR] LogOutputStream:75 - [STDERR_REDIRECT] [Fatal Error] :1:1: Premature end of file.
2025-09-24 10:57:29,917 [ERROR] LogOutputStream:75 - [STDERR_REDIRECT] 
2025-09-24 10:57:30,897 [ERROR] LogOutputStream:75 - [STDERR_REDIRECT] [Fatal Error] :1:1: Premature end of file.
2025-09-24 10:57:30,897 [ERROR] LogOutputStream:75 - [STDERR_REDIRECT] 
2025-09-24 10:57:31,914 [ERROR] LogOutputStream:75 - [STDERR_REDIRECT] [Fatal Error] :1:1: Premature end of file.
2025-09-24 10:57:31,915 [ERROR] LogOutputStream:75 - [STDERR_REDIRECT] 
2025-09-24 10:57:32,916 [ERROR] LogOutputStream:75 - [STDERR_REDIRECT] [Fatal Error] :1:1: Premature end of file.
2025-09-24 10:57:32,916 [ERROR] LogOutputStream:75 - [STDERR_REDIRECT] 
2025-09-24 10:57:33,917 [ERROR] LogOutputStream:75 - [STDERR_REDIRECT] [Fatal Error] :1:1: Premature end of file.
2025-09-24 10:57:33,917 [ERROR] LogOutputStream:75 - [STDERR_REDIRECT] 
2025-09-24 10:57:34,907 [ERROR] LogOutputStream:75 - [STDERR_REDIRECT] [Fatal Error] :1:1: Premature end of file.
2025-09-24 10:57:34,907 [ERROR] LogOutputStream:75 - [STDERR_REDIRECT] 
2025-09-24 10:57:35,912 [ERROR] LogOutputStream:75 - [STDERR_REDIRECT] [Fatal Error] :1:1: Premature end of file.
2025-09-24 10:57:35,912 [ERROR] LogOutputStream:75 - [STDERR_REDIRECT] 
2025-09-24 10:57:36,911 [ERROR] LogOutputStream:75 - [STDERR_REDIRECT] [Fatal Error] :1:1: Premature end of file.
2025-09-24 10:57:36,911 [ERROR] LogOutputStream:75 - [STDERR_REDIRECT] 
2025-09-24 10:57:37,928 [ERROR] LogOutputStream:75 - [STDERR_REDIRECT] [Fatal Error] :1:1: Premature end of file.
2025-09-24 10:57:37,928 [ERROR] LogOutputStream:75 - [STDERR_REDIRECT] 
2025-09-24 10:57:38,926 [ERROR] LogOutputStream:75 - [STDERR_REDIRECT] [Fatal Error] :1:1: Premature end of file.
2025-09-24 10:57:38,926 [ERROR] LogOutputStream:75 - [STDERR_REDIRECT] 
2025-09-24 10:57:39,907 [ERROR] LogOutputStream:75 - [STDERR_REDIRECT] [Fatal Error] :1:1: Premature end of file.
2025-09-24 10:57:39,907 [ERROR] LogOutputStream:75 - [STDERR_REDIRECT] 
2025-09-24 10:57:40,920 [ERROR] LogOutputStream:75 - [STDERR_REDIRECT] [Fatal Error] :1:1: Premature end of file.
2025-09-24 10:57:40,920 [ERROR] LogOutputStream:75 - [STDERR_REDIRECT] 
2025-09-24 10:57:41,907 [ERROR] LogOutputStream:75 - [STDERR_REDIRECT] [Fatal Error] :1:1: Premature end of file.
2025-09-24 10:57:41,907 [ERROR] LogOutputStream:75 - [STDERR_REDIRECT] 
2025-09-24 10:57:42,912 [ERROR] LogOutputStream:75 - [STDERR_REDIRECT] [Fatal Error] :1:1: Premature end of file.
2025-09-24 10:57:42,912 [ERROR] LogOutputStream:75 - [STDERR_REDIRECT] 
2025-09-24 10:57:43,922 [ERROR] LogOutputStream:75 - [STDERR_REDIRECT] [Fatal Error] :1:1: Premature end of file.
2025-09-24 10:57:43,922 [ERROR] LogOutputStream:75 - [STDERR_REDIRECT] 
2025-09-24 10:57:44,914 [ERROR] LogOutputStream:75 - [STDERR_REDIRECT] [Fatal Error] :1:1: Premature end of file.
2025-09-24 10:57:44,914 [ERROR] LogOutputStream:75 - [STDERR_REDIRECT] 
2025-09-24 10:57:45,908 [ERROR] LogOutputStream:75 - [STDERR_REDIRECT] [Fatal Error] :1:1: Premature end of file.
2025-09-24 10:57:45,908 [ERROR] LogOutputStream:75 - [STDERR_REDIRECT] 
2025-09-24 10:57:46,917 [ERROR] LogOutputStream:75 - [STDERR_REDIRECT] [Fatal Error] :1:1: Premature end of file.
2025-09-24 10:57:46,917 [ERROR] LogOutputStream:75 - [STDERR_REDIRECT] 
2025-09-24 10:57:47,917 [ERROR] LogOutputStream:75 - [STDERR_REDIRECT] [Fatal Error] :1:1: Premature end of file.
2025-09-24 10:57:47,917 [ERROR] LogOutputStream:75 - [STDERR_REDIRECT] 
2025-09-24 10:57:48,907 [ERROR] LogOutputStream:75 - [STDERR_REDIRECT] [Fatal Error] :1:1: Premature end of file.
2025-09-24 10:57:48,914 [ERROR] LogOutputStream:75 - [STDERR_REDIRECT] 
2025-09-24 10:57:49,907 [ERROR] LogOutputStream:75 - [STDERR_REDIRECT] [Fatal Error] :1:1: Premature end of file.
2025-09-24 10:57:49,910 [ERROR] LogOutputStream:75 - [STDERR_REDIRECT] 
2025-09-24 10:57:50,905 [ERROR] LogOutputStream:75 - [STDERR_REDIRECT] [Fatal Error] :1:1: Premature end of file.
2025-09-24 10:57:50,905 [ERROR] LogOutputStream:75 - [STDERR_REDIRECT] 
2025-09-24 10:57:51,932 [ERROR] LogOutputStream:75 - [STDERR_REDIRECT] [Fatal Error] :1:1: Premature end of file.
2025-09-24 10:57:51,932 [ERROR] LogOutputStream:75 - [STDERR_REDIRECT] 
2025-09-24 10:57:52,908 [ERROR] LogOutputStream:75 - [STDERR_REDIRECT] [Fatal Error] :1:1: Premature end of file.
2025-09-24 10:57:52,908 [ERROR] LogOutputStream:75 - [STDERR_REDIRECT] 
2025-09-24 10:57:53,907 [ERROR] LogOutputStream:75 - [STDERR_REDIRECT] [Fatal Error] :1:1: Premature end of file.
2025-09-24 10:57:53,907 [ERROR] LogOutputStream:75 - [STDERR_REDIRECT] 
2025-09-24 10:57:54,907 [ERROR] LogOutputStream:75 - [STDERR_REDIRECT] [Fatal Error] :1:1: Premature end of file.
2025-09-24 10:57:54,908 [ERROR] LogOutputStream:75 - [STDERR_REDIRECT] 
2025-09-24 10:57:55,909 [ERROR] LogOutputStream:75 - [STDERR_REDIRECT] [Fatal Error] :1:1: Premature end of file.
2025-09-24 10:57:55,909 [ERROR] LogOutputStream:75 - [STDERR_REDIRECT] 
2025-09-24 10:57:56,905 [ERROR] LogOutputStream:75 - [STDERR_REDIRECT] [Fatal Error] :1:1: Premature end of file.
2025-09-24 10:57:56,905 [ERROR] LogOutputStream:75 - [STDERR_REDIRECT] 
2025-09-24 10:57:57,914 [ERROR] LogOutputStream:75 - [STDERR_REDIRECT] [Fatal Error] :1:1: Premature end of file.
2025-09-24 10:57:57,916 [ERROR] LogOutputStream:75 - [STDERR_REDIRECT] 
2025-09-24 10:57:58,913 [ERROR] LogOutputStream:75 - [STDERR_REDIRECT] [Fatal Error] :1:1: Premature end of file.
2025-09-24 10:57:58,913 [ERROR] LogOutputStream:75 - [STDERR_REDIRECT] 
2025-09-24 10:57:59,901 [ERROR] LogOutputStream:75 - [STDERR_REDIRECT] [Fatal Error] :1:1: Premature end of file.
2025-09-24 10:57:59,901 [ERROR] LogOutputStream:75 - [STDERR_REDIRECT] 
2025-09-24 10:58:00,901 [ERROR] LogOutputStream:75 - [STDERR_REDIRECT] [Fatal Error] :1:1: Premature end of file.
2025-09-24 10:58:00,901 [ERROR] LogOutputStream:75 - [STDERR_REDIRECT] 
2025-09-24 10:58:01,750 [INFO] MainUpdater:2872 - connection check result : 10
2025-09-24 10:58:01,917 [ERROR] LogOutputStream:75 - [STDERR_REDIRECT] [Fatal Error] :1:1: Premature end of file.
2025-09-24 10:58:01,917 [ERROR] LogOutputStream:75 - [STDERR_REDIRECT] 
2025-09-24 10:58:01,929 [INFO] McuFinderGlobals:76 - Set McuFinderConnectedMode to true
2025-09-24 10:58:01,930 [INFO] MultiScanPanel:200 - Auto-refresh data requested => check proxy status ongoing
2025-09-24 10:58:01,930 [INFO] FinderPluginLoader:96 - Searching for filters in installed packs
2025-09-24 10:58:02,904 [ERROR] LogOutputStream:75 - [STDERR_REDIRECT] [Fatal Error] :1:1: Premature end of file.
2025-09-24 10:58:02,904 [ERROR] LogOutputStream:75 - [STDERR_REDIRECT] 
2025-09-24 10:58:03,917 [ERROR] LogOutputStream:75 - [STDERR_REDIRECT] [Fatal Error] :1:1: Premature end of file.
2025-09-24 10:58:03,918 [ERROR] LogOutputStream:75 - [STDERR_REDIRECT] 
2025-09-24 10:58:04,171 [INFO] LoadUrlFilesThread:185 - End of LoadServerUrlFiles without Thread
2025-09-24 10:58:04,172 [INFO] DetailPanel:341 - Set advertising image to C:/Users/train/STM32Cube/Repository/\en.2400x1350px.jpeg
2025-09-24 10:58:04,949 [ERROR] LogOutputStream:75 - [STDERR_REDIRECT] [Fatal Error] :1:1: Premature end of file.
2025-09-24 10:58:04,949 [ERROR] LogOutputStream:75 - [STDERR_REDIRECT] 
2025-09-24 10:58:05,937 [ERROR] LogOutputStream:75 - [STDERR_REDIRECT] [Fatal Error] :1:1: Premature end of file.
2025-09-24 10:58:05,938 [ERROR] LogOutputStream:75 - [STDERR_REDIRECT] 
2025-09-24 10:59:13,662 [INFO] Activator:176 - 


2025-09-24 10:59:13,668 [INFO] Activator:177 - !SESSION log4j initialized
2025-09-24 10:59:22,241 [INFO] LogOutputStream:77 - [STDOUT_REDIRECT] 
2025-09-24 10:59:23,657 [INFO] ApplicationProperties:184 - Using Application install path: C:\ST\STM32CubeIDE_1.19.0\STM32CubeIDE\plugins\com.st.stm32cube.common.mx_6.15.0.202507011659
2025-09-24 10:59:23,682 [INFO] DbMcusXml:78 - Set database path to: C:\ST\STM32CubeIDE_1.19.0\STM32CubeIDE\plugins\com.st.stm32cube.common.mx_6.15.0.202507011659\\db\/mcu/
2025-09-24 10:59:23,683 [INFO] ApiDb:274 - Set plugin database path to: C:\ST\STM32CubeIDE_1.19.0\STM32CubeIDE\plugins\com.st.stm32cube.common.mx_6.15.0.202507011659\\db\/plugins/boardmanager/
2025-09-24 10:59:23,683 [WARN] ApiDb:259 - Overriding images path with different value:  => C:\ST\STM32CubeIDE_1.19.0\STM32CubeIDE\plugins\com.st.stm32cube.common.mx_6.15.0.202507011659\\db\/plugins/mcufinder/images/
2025-09-24 10:59:23,693 [INFO] ApiDb:250 - Set database path to: C:\Users\train\.stmcufinder\plugins\mcufinder//mcu/
2025-09-24 10:59:23,695 [INFO] DbMcusAds:125 - Set database path to: C:\Users\train\.stmcufinder\plugins\mcufinder//mcu/
2025-09-24 10:59:34,122 [INFO] CrossReferenceDbSqlite:203 - Set database path to: C:\Users\train\.stmcufinder\plugins\mcufinder//mcu/cs/
2025-09-24 10:59:34,411 [INFO] RulesReader:64 - Compatibility file has been processed (317 Rules)
2025-09-24 10:59:34,587 [INFO] DbMcusXml:78 - Set database path to: C:\ST\STM32CubeIDE_1.19.0\STM32CubeIDE\plugins\com.st.stm32cube.common.mx_6.15.0.202507011659\\db\/mcu/
2025-09-24 10:59:34,587 [INFO] ApiDb:274 - Set plugin database path to: C:\ST\STM32CubeIDE_1.19.0\STM32CubeIDE\plugins\com.st.stm32cube.common.mx_6.15.0.202507011659\\db\/plugins/boardmanager/
2025-09-24 10:59:34,587 [INFO] ApiDb:261 - Set plugin images path to: C:\ST\STM32CubeIDE_1.19.0\STM32CubeIDE\plugins\com.st.stm32cube.common.mx_6.15.0.202507011659\\db\/plugins/mcufinder/images/
2025-09-24 10:59:34,587 [WARN] DbFile:41 - Overriding database path with different value: C:\Users\train\.stmcufinder\plugins\mcufinder/ => C:\Users\train\.stmcufinder\plugins\mcufinder
2025-09-24 10:59:34,587 [INFO] ApiDb:250 - Set database path to: C:\Users\train\.stmcufinder\plugins\mcufinder//mcu/
2025-09-24 10:59:34,587 [WARN] DbFile:41 - Overriding database path with different value: C:\Users\train\.stmcufinder\plugins\mcufinder/ => C:\Users\train\.stmcufinder\plugins\mcufinder
2025-09-24 10:59:34,587 [INFO] DbMcusAds:125 - Set database path to: C:\Users\train\.stmcufinder\plugins\mcufinder//mcu/
2025-09-24 10:59:34,587 [WARN] DbFile:41 - Overriding database path with different value: C:\Users\train\.stmcufinder\plugins\mcufinder/ => C:\Users\train\.stmcufinder\plugins\mcufinder
2025-09-24 10:59:34,588 [WARN] DbFile:41 - Overriding database path with different value: C:\Users\train\.stmcufinder\plugins\mcufinder/ => C:\Users\train\.stmcufinder\plugins\mcufinder
2025-09-24 10:59:34,588 [INFO] CrossReferenceDbSqlite:203 - Set database path to: C:\Users\train\.stmcufinder\plugins\mcufinder//mcu/cs/
2025-09-24 10:59:34,670 [INFO] MainPanel:274 - HeapMemory: 268435456
2025-09-24 10:59:34,806 [INFO] DbMcusXml:78 - Set database path to: C:\ST\STM32CubeIDE_1.19.0\STM32CubeIDE\plugins\com.st.stm32cube.common.mx_6.15.0.202507011659\\db\/mcu/
2025-09-24 10:59:34,806 [INFO] ApiDb:274 - Set plugin database path to: C:\ST\STM32CubeIDE_1.19.0\STM32CubeIDE\plugins\com.st.stm32cube.common.mx_6.15.0.202507011659\\db\/plugins/boardmanager/
2025-09-24 10:59:34,806 [INFO] ApiDb:261 - Set plugin images path to: C:\ST\STM32CubeIDE_1.19.0\STM32CubeIDE\plugins\com.st.stm32cube.common.mx_6.15.0.202507011659\\db\/plugins/mcufinder/images/
2025-09-24 10:59:34,807 [WARN] DbFile:41 - Overriding database path with different value: C:\Users\train\.stmcufinder\plugins\mcufinder/ => C:\Users\train\.stmcufinder\plugins\mcufinder
2025-09-24 10:59:34,807 [INFO] ApiDb:250 - Set database path to: C:\Users\train\.stmcufinder\plugins\mcufinder//mcu/
2025-09-24 10:59:34,807 [WARN] DbFile:41 - Overriding database path with different value: C:\Users\train\.stmcufinder\plugins\mcufinder/ => C:\Users\train\.stmcufinder\plugins\mcufinder
2025-09-24 10:59:34,807 [INFO] DbMcusAds:125 - Set database path to: C:\Users\train\.stmcufinder\plugins\mcufinder//mcu/
2025-09-24 10:59:34,807 [WARN] DbFile:41 - Overriding database path with different value: C:\Users\train\.stmcufinder\plugins\mcufinder/ => C:\Users\train\.stmcufinder\plugins\mcufinder
2025-09-24 10:59:34,808 [WARN] DbFile:41 - Overriding database path with different value: C:\Users\train\.stmcufinder\plugins\mcufinder/ => C:\Users\train\.stmcufinder\plugins\mcufinder
2025-09-24 10:59:34,808 [INFO] CrossReferenceDbSqlite:203 - Set database path to: C:\Users\train\.stmcufinder\plugins\mcufinder//mcu/cs/
2025-09-24 10:59:34,839 [INFO] ApplicationProperties:184 - Using Application install path: C:\ST\STM32CubeIDE_1.19.0\STM32CubeIDE\plugins\com.st.stm32cube.common.mx_6.15.0.202507011659
2025-09-24 10:59:34,842 [INFO] PluginManage:196 - Search for loadable plugins [exclusion list=, ]
2025-09-24 10:59:34,844 [INFO] PluginManage:310 - Check plugin analytics
2025-09-24 10:59:35,098 [INFO] AnalyticsPlugin:253 - Accepted Software Licenses: 
2025-09-24 10:59:35,099 [INFO] AnalyticsPlugin:255 - Accepted CMSIS Pack Licenses: 
2025-09-24 10:59:35,099 [INFO] AnalyticsPlugin:257 - Accepted Firmware Licenses: FW.F4.1.28.0
2025-09-24 10:59:35,103 [INFO] PluginManage:359 - Loaded plugin analytics (category:tool,tabindex:-1)
2025-09-24 10:59:35,103 [INFO] PluginManage:310 - Check plugin cadmodel
2025-09-24 10:59:35,109 [INFO] CADModel:105 - Init CAD model plugin
2025-09-24 10:59:35,110 [INFO] PluginManage:359 - Loaded plugin cadmodel (category:power,tabindex:5)
2025-09-24 10:59:35,110 [INFO] PluginManage:310 - Check plugin clock
2025-09-24 10:59:35,121 [INFO] PluginManage:359 - Loaded plugin clock (category:base,tabindex:2)
2025-09-24 10:59:35,121 [INFO] PluginManage:310 - Check plugin ddr
2025-09-24 10:59:35,124 [INFO] PluginManage:359 - Loaded plugin ddr (category:tool,tabindex:6)
2025-09-24 10:59:35,124 [INFO] PluginManage:310 - Check plugin filemanager
2025-09-24 10:59:35,305 [INFO] PluginManage:359 - Loaded plugin filemanager (category:base,tabindex:10)
2025-09-24 10:59:35,305 [INFO] PluginManage:310 - Check plugin ipmanager
2025-09-24 10:59:35,316 [INFO] PluginManage:359 - Loaded plugin ipmanager (category:base,tabindex:5)
2025-09-24 10:59:35,317 [INFO] PluginManage:310 - Check plugin lpbam
2025-09-24 10:59:35,331 [INFO] PluginManage:359 - Loaded plugin lpbam (category:base,tabindex:0)
2025-09-24 10:59:35,332 [INFO] PluginManage:310 - Check plugin memorymap
2025-09-24 10:59:35,356 [INFO] PluginManage:359 - Loaded plugin memorymap (category:base,tabindex:4)
2025-09-24 10:59:35,356 [INFO] PluginManage:310 - Check plugin pinoutandconfiguration
2025-09-24 10:59:35,365 [INFO] PluginManage:359 - Loaded plugin pinoutandconfiguration (category:base,tabindex:1)
2025-09-24 10:59:35,366 [INFO] PluginManage:310 - Check plugin pinoutconfig
2025-09-24 10:59:35,490 [WARN] SupportedApi:132 - Cannot load RTOS API schema: s4s-elt-must-match.1: The content of 'definitions' must match (annotation?, (simpleType | complexType)?, (unique | key | keyref)*)). A problem was found starting at: attribute.
2025-09-24 10:59:35,721 [INFO] PluginManage:359 - Loaded plugin pinoutconfig (category:base,tabindex:0)
2025-09-24 10:59:35,721 [INFO] PluginManage:310 - Check plugin power
2025-09-24 10:59:35,736 [INFO] PluginManage:359 - Loaded plugin power (category:power,tabindex:4)
2025-09-24 10:59:35,736 [INFO] PluginManage:310 - Check plugin projectmanager
2025-09-24 10:59:35,764 [INFO] PluginManage:359 - Loaded plugin projectmanager (category:projectmanager,tabindex:4)
2025-09-24 10:59:35,764 [INFO] PluginManage:310 - Check plugin rif
2025-09-24 10:59:35,775 [INFO] PluginManage:359 - Loaded plugin rif (category:base,tabindex:3)
2025-09-24 10:59:35,775 [INFO] PluginManage:310 - Check plugin thirdparty
2025-09-24 10:59:35,964 [INFO] PluginManage:359 - Loaded plugin thirdparty (category:base,tabindex:-1)
2025-09-24 10:59:35,964 [WARN] IntegrityCheckThread:84 - waiting for thirdparty lock release [integrity check]
2025-09-24 10:59:35,966 [INFO] IntegrityCheckThread:86 - entering critical section [integrity check]
2025-09-24 10:59:35,966 [INFO] PluginManage:310 - Check plugin tools
2025-09-24 10:59:35,966 [INFO] ThirdPartyUpdaterWithRetryManager:70 - Updater plugin not ready yet. [1/15]
2025-09-24 10:59:35,970 [INFO] PluginManage:359 - Loaded plugin tools (category:base,tabindex:7)
2025-09-24 10:59:35,970 [INFO] PluginManage:310 - Check plugin tutovideos
2025-09-24 10:59:36,175 [INFO] PluginManage:359 - Loaded plugin tutovideos (category:base,tabindex:-1)
2025-09-24 10:59:36,175 [INFO] PluginManage:310 - Check plugin updater
2025-09-24 10:59:36,197 [INFO] PluginManage:359 - Loaded plugin updater (category:base,tabindex:12)
2025-09-24 10:59:36,197 [INFO] PluginManage:310 - Check plugin userauth
2025-09-24 10:59:36,201 [INFO] UserAuth:118 - Init User Auth plugin
2025-09-24 10:59:36,202 [INFO] PluginManage:359 - Loaded plugin userauth (category:base,tabindex:14)
2025-09-24 10:59:36,204 [INFO] PluginManage:283 - PluginManage : Loaded plugins [18]
2025-09-24 10:59:36,442 [INFO] PinOutPanel:1589 - setPackage(No Configuration,No Configuration)
2025-09-24 10:59:36,524 [INFO] CADModel:165 - CPN selected for project level
2025-09-24 10:59:36,525 [INFO] CADModel:114 - Register for checkConnection events
2025-09-24 10:59:36,546 [INFO] IPUIPlugin:80 - create IPUIPlugin
2025-09-24 10:59:36,546 [INFO] PluginManager:220 - loadIPPluginJar : add adc
2025-09-24 10:59:36,550 [INFO] IPUIPlugin:80 - create IPUIPlugin
2025-09-24 10:59:36,550 [INFO] PluginManager:220 - loadIPPluginJar : add aes
2025-09-24 10:59:36,553 [INFO] IPUIPlugin:80 - create IPUIPlugin
2025-09-24 10:59:36,554 [INFO] PluginManager:220 - loadIPPluginJar : add can
2025-09-24 10:59:36,555 [INFO] IPUIPlugin:80 - create IPUIPlugin
2025-09-24 10:59:36,555 [INFO] PluginManager:220 - loadIPPluginJar : add comp
2025-09-24 10:59:36,559 [INFO] IPUIPlugin:80 - create IPUIPlugin
2025-09-24 10:59:36,559 [INFO] PluginManager:220 - loadIPPluginJar : add cryp
2025-09-24 10:59:36,564 [INFO] IPUIPlugin:80 - create IPUIPlugin
2025-09-24 10:59:36,564 [INFO] PluginManager:220 - loadIPPluginJar : add ddr_ctrl_phy
2025-09-24 10:59:36,566 [INFO] IPUIPlugin:80 - create IPUIPlugin
2025-09-24 10:59:36,566 [INFO] PluginManager:220 - loadIPPluginJar : add dfsdm
2025-09-24 10:59:36,573 [INFO] IPUIPlugin:80 - create IPUIPlugin
2025-09-24 10:59:36,574 [INFO] PluginManager:220 - loadIPPluginJar : add dma
2025-09-24 10:59:36,578 [INFO] IPUIPlugin:80 - create IPUIPlugin
2025-09-24 10:59:36,578 [INFO] PluginManager:220 - loadIPPluginJar : add dma3
2025-09-24 10:59:36,581 [INFO] IPUIPlugin:80 - create IPUIPlugin
2025-09-24 10:59:36,582 [INFO] PluginManager:220 - loadIPPluginJar : add extmemmanager
2025-09-24 10:59:36,583 [INFO] IPUIPlugin:80 - create IPUIPlugin
2025-09-24 10:59:36,584 [INFO] PluginManager:220 - loadIPPluginJar : add fatfs
2025-09-24 10:59:36,588 [INFO] IPUIPlugin:80 - create IPUIPlugin
2025-09-24 10:59:36,588 [INFO] PluginManager:220 - loadIPPluginJar : add fmc
2025-09-24 10:59:36,595 [INFO] IPUIPlugin:80 - create IPUIPlugin
2025-09-24 10:59:36,595 [INFO] PluginManager:220 - loadIPPluginJar : add freertos
2025-09-24 10:59:36,598 [INFO] IPUIPlugin:80 - create IPUIPlugin
2025-09-24 10:59:36,598 [INFO] PluginManager:220 - loadIPPluginJar : add genericplugin
2025-09-24 10:59:36,600 [INFO] IPUIPlugin:80 - create IPUIPlugin
2025-09-24 10:59:36,600 [INFO] PluginManager:220 - loadIPPluginJar : add gfxmmu
2025-09-24 10:59:36,605 [INFO] IPUIPlugin:80 - create IPUIPlugin
2025-09-24 10:59:36,605 [INFO] PluginManager:220 - loadIPPluginJar : add gic
2025-09-24 10:59:36,609 [INFO] IPUIPlugin:80 - create IPUIPlugin
2025-09-24 10:59:36,610 [INFO] PluginManager:220 - loadIPPluginJar : add gpio
2025-09-24 10:59:36,614 [INFO] IPUIPlugin:80 - create IPUIPlugin
2025-09-24 10:59:36,614 [INFO] PluginManager:220 - loadIPPluginJar : add gtzc
2025-09-24 10:59:36,617 [INFO] IPUIPlugin:80 - create IPUIPlugin
2025-09-24 10:59:36,617 [INFO] PluginManager:220 - loadIPPluginJar : add hash
2025-09-24 10:59:36,621 [INFO] IPUIPlugin:80 - create IPUIPlugin
2025-09-24 10:59:36,621 [INFO] PluginManager:220 - loadIPPluginJar : add i2c
2025-09-24 10:59:36,626 [INFO] IPUIPlugin:80 - create IPUIPlugin
2025-09-24 10:59:36,626 [INFO] PluginManager:220 - loadIPPluginJar : add i2s
2025-09-24 10:59:36,629 [INFO] IPUIPlugin:80 - create IPUIPlugin
2025-09-24 10:59:36,630 [INFO] PluginManager:220 - loadIPPluginJar : add i3c
2025-09-24 10:59:36,633 [INFO] IPUIPlugin:80 - create IPUIPlugin
2025-09-24 10:59:36,633 [INFO] PluginManager:220 - loadIPPluginJar : add ipddr
2025-09-24 10:59:36,640 [INFO] IPUIPlugin:80 - create IPUIPlugin
2025-09-24 10:59:36,640 [INFO] PluginManager:220 - loadIPPluginJar : add linkedlist
2025-09-24 10:59:36,643 [INFO] IPUIPlugin:80 - create IPUIPlugin
2025-09-24 10:59:36,643 [INFO] PluginManager:220 - loadIPPluginJar : add lorawan
2025-09-24 10:59:36,644 [INFO] IPUIPlugin:80 - create IPUIPlugin
2025-09-24 10:59:36,644 [INFO] PluginManager:220 - loadIPPluginJar : add ltdc
2025-09-24 10:59:36,652 [INFO] IPUIPlugin:80 - create IPUIPlugin
2025-09-24 10:59:36,652 [INFO] PluginManager:220 - loadIPPluginJar : add mdma
2025-09-24 10:59:36,657 [INFO] IPUIPlugin:80 - create IPUIPlugin
2025-09-24 10:59:36,658 [INFO] PluginManager:220 - loadIPPluginJar : add nvic
2025-09-24 10:59:36,661 [INFO] IPUIPlugin:80 - create IPUIPlugin
2025-09-24 10:59:36,661 [INFO] PluginManager:220 - loadIPPluginJar : add opamp
2025-09-24 10:59:36,665 [INFO] IPUIPlugin:80 - create IPUIPlugin
2025-09-24 10:59:36,665 [INFO] PluginManager:220 - loadIPPluginJar : add openamp
2025-09-24 10:59:36,668 [INFO] IPUIPlugin:80 - create IPUIPlugin
2025-09-24 10:59:36,668 [INFO] PluginManager:220 - loadIPPluginJar : add pdm2pcm
2025-09-24 10:59:36,673 [INFO] IPUIPlugin:80 - create IPUIPlugin
2025-09-24 10:59:36,677 [INFO] PluginManager:220 - loadIPPluginJar : add plateformsettings
2025-09-24 10:59:36,679 [INFO] IPUIPlugin:80 - create IPUIPlugin
2025-09-24 10:59:36,679 [INFO] PluginManager:220 - loadIPPluginJar : add quadspi
2025-09-24 10:59:36,681 [INFO] IPUIPlugin:80 - create IPUIPlugin
2025-09-24 10:59:36,682 [INFO] PluginManager:220 - loadIPPluginJar : add radio
2025-09-24 10:59:36,687 [INFO] IPUIPlugin:80 - create IPUIPlugin
2025-09-24 10:59:36,687 [INFO] PluginManager:220 - loadIPPluginJar : add resmgrutility
2025-09-24 10:59:36,693 [INFO] IPUIPlugin:80 - create IPUIPlugin
2025-09-24 10:59:36,693 [INFO] PluginManager:220 - loadIPPluginJar : add sai
2025-09-24 10:59:36,697 [INFO] IPUIPlugin:80 - create IPUIPlugin
2025-09-24 10:59:36,697 [INFO] PluginManager:220 - loadIPPluginJar : add spi
2025-09-24 10:59:36,704 [INFO] IPUIPlugin:80 - create IPUIPlugin
2025-09-24 10:59:36,704 [INFO] PluginManager:220 - loadIPPluginJar : add stm32_wpan
2025-09-24 10:59:36,706 [INFO] IPUIPlugin:80 - create IPUIPlugin
2025-09-24 10:59:36,706 [INFO] PluginManager:220 - loadIPPluginJar : add tim
2025-09-24 10:59:36,709 [INFO] IPUIPlugin:80 - create IPUIPlugin
2025-09-24 10:59:36,710 [INFO] PluginManager:220 - loadIPPluginJar : add touchsensing
2025-09-24 10:59:36,713 [INFO] IPUIPlugin:80 - create IPUIPlugin
2025-09-24 10:59:36,713 [INFO] PluginManager:220 - loadIPPluginJar : add tracer_emb
2025-09-24 10:59:36,715 [INFO] IPUIPlugin:80 - create IPUIPlugin
2025-09-24 10:59:36,715 [INFO] PluginManager:220 - loadIPPluginJar : add ts
2025-09-24 10:59:36,716 [INFO] IPUIPlugin:80 - create IPUIPlugin
2025-09-24 10:59:36,716 [INFO] PluginManager:220 - loadIPPluginJar : add tsc
2025-09-24 10:59:36,718 [INFO] IPUIPlugin:80 - create IPUIPlugin
2025-09-24 10:59:36,718 [INFO] PluginManager:220 - loadIPPluginJar : add ucpd
2025-09-24 10:59:36,721 [INFO] IPUIPlugin:80 - create IPUIPlugin
2025-09-24 10:59:36,721 [INFO] PluginManager:220 - loadIPPluginJar : add usart
2025-09-24 10:59:36,724 [INFO] IPUIPlugin:80 - create IPUIPlugin
2025-09-24 10:59:36,724 [INFO] PluginManager:220 - loadIPPluginJar : add usbx
2025-09-24 10:59:36,861 [FATAL] Updater:351 - Updater called before beeing initialized
2025-09-24 10:59:36,885 [INFO] RulesReader:64 - Compatibility file has been processed (317 Rules)
2025-09-24 10:59:36,897 [INFO] RulesReader:64 - Compatibility file has been processed (317 Rules)
2025-09-24 10:59:36,916 [INFO] CADModel:165 - CPN selected for project level
2025-09-24 10:59:36,916 [INFO] CADModel:114 - Register for checkConnection events
2025-09-24 10:59:36,916 [FATAL] Updater:351 - Updater called before beeing initialized
2025-09-24 10:59:36,916 [ERROR] CADModel:125 - Updater not yet initialized, retry later 
2025-09-24 10:59:37,139 [FATAL] Updater:351 - Updater called before beeing initialized
2025-09-24 10:59:37,144 [INFO] CADModel:165 - CPN selected for project level
2025-09-24 10:59:37,144 [INFO] CADModel:114 - Register for checkConnection events
2025-09-24 10:59:37,144 [FATAL] Updater:351 - Updater called before beeing initialized
2025-09-24 10:59:37,144 [ERROR] CADModel:125 - Updater not yet initialized, retry later 
2025-09-24 10:59:37,151 [FATAL] Updater:351 - Updater called before beeing initialized
2025-09-24 10:59:37,294 [FATAL] Updater:351 - Updater called before beeing initialized
2025-09-24 10:59:37,298 [INFO] DbMcusAds:53 - JSON generation date=Tue Jul 08 13:44:23 IST 2025 (1751962463524)
2025-09-24 10:59:37,298 [FATAL] Updater:351 - Updater called before beeing initialized
2025-09-24 10:59:37,333 [WARN] DetailPanel:346 - Failed to get advertising image, set to default
2025-09-24 10:59:37,421 [FATAL] Updater:351 - Updater called before beeing initialized
2025-09-24 10:59:37,422 [FATAL] Updater:351 - Updater called before beeing initialized
2025-09-24 10:59:37,422 [FATAL] Updater:351 - Updater called before beeing initialized
2025-09-24 10:59:37,423 [WARN] DetailPanel:346 - Failed to get advertising image, set to default
2025-09-24 10:59:37,424 [FATAL] Updater:351 - Updater called before beeing initialized
2025-09-24 10:59:37,483 [ERROR] Updater:1198 - MainUpdater not yet initialized. External WinMGr cannot be set.
2025-09-24 10:59:37,485 [INFO] Updater:1134 - Updater Version found : 6.15.0
2025-09-24 10:59:37,501 [INFO] ApplicationProperties:184 - Using Application install path: C:\ST\STM32CubeIDE_1.19.0\STM32CubeIDE\plugins\com.st.stm32cube.common.mx_6.15.0.202507011659
2025-09-24 10:59:38,967 [INFO] ThirdPartyUpdaterWithRetryManager:70 - Updater plugin not ready yet. [2/15]
2025-09-24 10:59:39,075 [ERROR] LogOutputStream:75 - [STDERR_REDIRECT] Sep 24, 2025 10:59:39 AM java.util.prefs.WindowsPreferences <init>
2025-09-24 10:59:39,080 [ERROR] LogOutputStream:75 - [STDERR_REDIRECT] WARNING: Could not open/create prefs root node Software\JavaSoft\Prefs at root 0xffffffff80000002. Windows RegCreateKeyEx(...) returned error code 5.
2025-09-24 10:59:39,080 [ERROR] LogOutputStream:75 - [STDERR_REDIRECT] 
2025-09-24 10:59:39,448 [INFO] MainUpdater:2872 - connection check result : 10
2025-09-24 10:59:39,449 [INFO] MainUpdater:289 - Updater Check For Update Now.
2025-09-24 10:59:39,449 [INFO] MicroXplorer:498 - Change Database Version : DB.6.0.150
2025-09-24 10:59:39,462 [INFO] McuFinderGlobals:63 - Set McuFinder mode to 2 (CubeIDE integrated)
2025-09-24 10:59:39,463 [INFO] UserAuth:487 - Internet connection configuration mode: 1
2025-09-24 10:59:39,510 [INFO] JxBrowserEngine:152 - Initiate JxBrowser Engine with user profile folder
2025-09-24 10:59:39,696 [INFO] CheckServerUpdateThread:120 - End of CheckServer Thread
2025-09-24 10:59:39,866 [INFO] MainUpdater:2872 - connection check result : 10
2025-09-24 10:59:39,867 [INFO] MainUpdater:2872 - connection check result : 10
2025-09-24 10:59:39,898 [INFO] MicroXplorer:468 - Change Database Path : 
2025-09-24 10:59:39,898 [INFO] MicroXplorer:498 - Change Database Version : DB.6.0.150
2025-09-24 10:59:39,923 [WARN] ThirdParty:871 - waiting for thirdparty lock release [close project]
2025-09-24 10:59:40,588 [INFO] WebApp:169 - Instantiating new browser for Auth
2025-09-24 10:59:41,844 [INFO] WebApp:463 - Apply proxy settings
2025-09-24 10:59:41,845 [INFO] WebApp:548 - Chromium requires no authentication
2025-09-24 10:59:41,855 [INFO] WebApp:491 - Direct internet connection detected
2025-09-24 10:59:41,894 [INFO] WebApp:900 - Register for checkConnection events
2025-09-24 10:59:41,894 [INFO] WebApp:463 - Apply proxy settings
2025-09-24 10:59:41,894 [INFO] WebApp:548 - Chromium requires no authentication
2025-09-24 10:59:41,895 [INFO] WebApp:491 - Direct internet connection detected
2025-09-24 10:59:42,394 [WARN] PackLoader:240 - Cannot read IP mode file for STMicroelectronics.FP-SNS-MOTENVWB1.1.4.0
2025-09-24 10:59:42,419 [WARN] PackLoader:240 - Cannot read IP mode file for STMicroelectronics.FP-ATR-ASTRA1.2.0.2
2025-09-24 10:59:42,426 [INFO] WebApp:225 - Starting web application
2025-09-24 10:59:42,426 [INFO] WebApp:593 - Web application path used C:\ST\STM32CubeIDE_1.19.0\STM32CubeIDE\plugins\com.st.stm32cube.common.mx_6.15.0.202507011659\db\plugins\mcufinder\reactClient1\index.html
2025-09-24 10:59:42,445 [WARN] PackLoader:240 - Cannot read IP mode file for STMicroelectronics.X-CUBE-SMBUS.2.1.0
2025-09-24 10:59:42,455 [WARN] PackLoader:240 - Cannot read IP mode file for STMicroelectronics.X-CUBE-ST60.1.0.0
2025-09-24 10:59:42,536 [WARN] PackLoader:240 - Cannot read IP mode file for STMicroelectronics.X-CUBE-AZRTOS-F7.1.1.0
2025-09-24 10:59:42,566 [INFO] WebApp:191 - Connection restablished
2025-09-24 10:59:42,620 [WARN] PackLoader:240 - Cannot read IP mode file for Infineon.AIROC-Wi-Fi-Bluetooth-STM32.1.7.1
2025-09-24 10:59:42,716 [WARN] PackLoader:240 - Cannot read IP mode file for STMicroelectronics.X-CUBE-AZRTOS-H7.3.4.0
2025-09-24 10:59:42,745 [WARN] PackLoader:240 - Cannot read IP mode file for STMicroelectronics.X-CUBE-DISPLAY.3.0.0
2025-09-24 10:59:42,792 [WARN] PackLoader:240 - Cannot read IP mode file for STMicroelectronics.X-CUBE-NFC10.1.0.0
2025-09-24 10:59:42,808 [WARN] PackLoader:240 - Cannot read IP mode file for emotas.I-CUBE-CANOPEN.1.3.0
2025-09-24 10:59:42,827 [WARN] PackLoader:240 - Cannot read IP mode file for STMicroelectronics.FP-SNS-STBOX1.2.1.0
2025-09-24 10:59:42,828 [INFO] UserAuth:487 - Internet connection configuration mode: 1
2025-09-24 10:59:42,840 [WARN] PackLoader:240 - Cannot read IP mode file for STMicroelectronics.FP-SNS-SMARTAG2.1.2.0
2025-09-24 10:59:42,851 [WARN] PackLoader:240 - Cannot read IP mode file for STMicroelectronics.FP-SNS-FLIGHT1.5.1.0
2025-09-24 10:59:42,873 [INFO] LogOutputStream:77 - [STDOUT_REDIRECT] 1 : Invalid condition id : UX_CORESTACK_Condition cause : null
2025-09-24 10:59:42,875 [INFO] LogOutputStream:77 - [STDOUT_REDIRECT] 1 : Invalid condition id : UX_CORESTACK_Condition cause : null
2025-09-24 10:59:42,880 [INFO] LogOutputStream:77 - [STDOUT_REDIRECT] 1 : Invalid condition id : UX_CORESTACK_Condition cause : null
2025-09-24 10:59:42,885 [INFO] LogOutputStream:77 - [STDOUT_REDIRECT] 1 : Invalid condition id : UX_CORESTACK_Condition cause : null
2025-09-24 10:59:42,895 [INFO] LogOutputStream:77 - [STDOUT_REDIRECT] 1 : Invalid condition id : UX_CORESTACK_Condition cause : null
2025-09-24 10:59:42,904 [WARN] PackLoader:240 - Cannot read IP mode file for STMicroelectronics.X-CUBE-AZRTOS-WL.2.0.0
2025-09-24 10:59:42,917 [WARN] PackLoader:240 - Cannot read IP mode file for STMicroelectronics.FP-SNS-MOTENV1.5.0.0
2025-09-24 10:59:42,940 [WARN] PackLoader:240 - Cannot read IP mode file for WES.I-CUBE-Cesium.1.3.0
2025-09-24 10:59:42,955 [WARN] PackLoader:240 - Cannot read IP mode file for STMicroelectronics.X-CUBE-BLE2.3.3.0
2025-09-24 10:59:42,975 [WARN] PackLoader:240 - Cannot read IP mode file for STMicroelectronics.X-CUBE-NFC9.1.0.0
2025-09-24 10:59:42,991 [WARN] PackLoader:240 - Cannot read IP mode file for wolfSSL.I-CUBE-wolfSSL.5.8.2
2025-09-24 10:59:43,004 [WARN] PackLoader:240 - Cannot read IP mode file for STMicroelectronics.X-CUBE-BLE1.7.1.0
2025-09-24 10:59:43,014 [WARN] PackLoader:240 - Cannot read IP mode file for wolfSSL.I-CUBE-wolfMQTT.1.19.2
2025-09-24 10:59:43,028 [WARN] PackLoader:240 - Cannot read IP mode file for STMicroelectronics.X-CUBE-EEPRMA1.5.2.0
2025-09-24 10:59:43,072 [WARN] PackLoader:240 - Cannot read IP mode file for STMicroelectronics.X-CUBE-AZRTOS-G0.1.1.0
2025-09-24 10:59:43,090 [WARN] PackLoader:240 - Cannot read IP mode file for STMicroelectronics.X-CUBE-SAFEA1.1.2.2
2025-09-24 10:59:43,102 [WARN] PackLoader:240 - Cannot read IP mode file for STMicroelectronics.X-CUBE-NFC4.3.0.0
2025-09-24 10:59:43,123 [WARN] PackLoader:240 - Cannot read IP mode file for EmbeddedOffice.I-CUBE-FS-RTOS.1.0.1
2025-09-24 10:59:43,135 [WARN] PackLoader:240 - Cannot read IP mode file for STMicroelectronics.X-CUBE-WB05N.2.0.0
2025-09-24 10:59:43,144 [WARN] PackLoader:240 - Cannot read IP mode file for wolfSSL.I-CUBE-wolfTPM.3.8.0
2025-09-24 10:59:43,156 [WARN] PackLoader:240 - Cannot read IP mode file for STMicroelectronics.X-CUBE-TCPP.4.2.0
2025-09-24 10:59:43,173 [WARN] PackLoader:240 - Cannot read IP mode file for RealThread.X-CUBE-RT-Thread_Nano.4.1.1
2025-09-24 10:59:43,183 [WARN] PackLoader:240 - Cannot read IP mode file for STMicroelectronics.FP-ATR-SIGFOX1.3.2.0
2025-09-24 10:59:43,193 [WARN] PackLoader:240 - Cannot read IP mode file for ITTIA_DB.I-CUBE-ITTIADB.8.9.0
2025-09-24 10:59:43,207 [WARN] PackLoader:240 - Cannot read IP mode file for STMicroelectronics.X-CUBE-ST67W61.1.0.0
2025-09-24 10:59:43,215 [WARN] PackLoader:240 - Cannot read IP mode file for STMicroelectronics.X-CUBE-AI.10.2.0
2025-09-24 10:59:43,281 [WARN] PackLoader:240 - Cannot read IP mode file for SEGGER.I-CUBE-embOS.1.3.1
2025-09-24 10:59:43,395 [WARN] PackLoader:240 - Cannot read IP mode file for STMicroelectronics.X-CUBE-ALGOBUILD.1.4.0
2025-09-24 10:59:43,581 [WARN] PackLoader:240 - Cannot read IP mode file for STMicroelectronics.X-CUBE-MEMS1.11.3.0
2025-09-24 10:59:43,959 [WARN] PackLoader:240 - Cannot read IP mode file for STMicroelectronics.X-CUBE-PM33A1.1.0.0
2025-09-24 10:59:44,013 [WARN] PackLoader:240 - Cannot read IP mode file for STMicroelectronics.X-CUBE-AZRTOS-F4.1.1.0
2025-09-24 10:59:44,028 [WARN] PackLoader:240 - Cannot read IP mode file for STMicroelectronics.X-CUBE-ISPU.2.1.0
2025-09-24 10:59:44,046 [WARN] PackLoader:240 - Cannot read IP mode file for STMicroelectronics.X-CUBE-NFC12.1.0.0
2025-09-24 10:59:44,093 [WARN] PackLoader:240 - Cannot read IP mode file for STMicroelectronics.X-CUBE-AZRTOS-L5.2.0.0
2025-09-24 10:59:44,116 [WARN] PackLoader:240 - Cannot read IP mode file for STMicroelectronics.X-CUBE-NFC6.3.1.0
2025-09-24 10:59:44,133 [WARN] PackLoader:240 - Cannot read IP mode file for STMicroelectronics.X-CUBE-FREERTOS.1.3.1
2025-09-24 10:59:44,145 [WARN] PackLoader:240 - Cannot read IP mode file for STMicroelectronics.FP-SNS-STAIOTCFT.1.0.0
2025-09-24 10:59:44,158 [WARN] PackLoader:240 - Cannot read IP mode file for STMicroelectronics.X-CUBE-DPower.1.3.0
2025-09-24 10:59:44,205 [WARN] ConditionMgr:438 - getConditionDescription Invalid condition id : LAN8742 Phy interface Condition cause : null
2025-09-24 10:59:44,207 [WARN] PackLoader:240 - Cannot read IP mode file for STMicroelectronics.X-CUBE-AZRTOS-L4.2.0.0
2025-09-24 10:59:44,210 [WARN] ConditionMgr:1044 - genDependencies : Invalid condition id : LAN8742 Phy interface Condition cause : null
2025-09-24 10:59:44,211 [WARN] ConditionMgr:1044 - genDependencies : Invalid condition id : LAN8742 Phy interface Condition cause : null
2025-09-24 10:59:44,212 [WARN] ConditionMgr:1044 - genDependencies : Invalid condition id : LAN8742 Phy interface Condition cause : null
2025-09-24 10:59:44,230 [WARN] PackLoader:240 - Cannot read IP mode file for STMicroelectronics.X-CUBE-SFXS2LP1.4.0.0
2025-09-24 10:59:44,261 [WARN] PackLoader:240 - Cannot read IP mode file for STMicroelectronics.X-CUBE-BLEMGR.4.1.0
2025-09-24 10:59:44,299 [WARN] ConditionMgr:438 - getConditionDescription Invalid condition id : UX DEVICE CLASS RTOS Condition cause : null
2025-09-24 10:59:44,300 [WARN] ConditionMgr:438 - getConditionDescription Invalid condition id : UX DEVICE CLASS RTOS Condition cause : null
2025-09-24 10:59:44,306 [WARN] PackLoader:240 - Cannot read IP mode file for STMicroelectronics.X-CUBE-AZRTOS-WB.2.0.0
2025-09-24 10:59:44,307 [WARN] ConditionMgr:1044 - genDependencies : Invalid condition id : UX DEVICE CLASS RTOS Condition cause : null
2025-09-24 10:59:44,307 [WARN] ConditionMgr:1044 - genDependencies : Invalid condition id : UX DEVICE CLASS RTOS Condition cause : null
2025-09-24 10:59:44,309 [WARN] ConditionMgr:1044 - genDependencies : Invalid condition id : UX DEVICE CLASS RTOS Condition cause : null
2025-09-24 10:59:44,309 [WARN] ConditionMgr:1044 - genDependencies : Invalid condition id : UX DEVICE CLASS RTOS Condition cause : null
2025-09-24 10:59:44,309 [WARN] ConditionMgr:1044 - genDependencies : Invalid condition id : UX DEVICE CLASS RTOS Condition cause : null
2025-09-24 10:59:44,322 [WARN] PackLoader:240 - Cannot read IP mode file for STMicroelectronics.X-CUBE-GNSS1.7.0.1
2025-09-24 10:59:44,331 [WARN] PackLoader:240 - Cannot read IP mode file for STMicroelectronics.X-CUBE-TOUCHGFX.4.25.0
2025-09-24 10:59:44,340 [WARN] ConditionMgr:438 - getConditionDescription Invalid condition id : Cortex-A Device cause : null
2025-09-24 10:59:44,365 [WARN] ConditionMgr:1044 - genDependencies : Invalid condition id : Cortex-A Device cause : null
2025-09-24 10:59:44,365 [WARN] ConditionMgr:1044 - genDependencies : Invalid condition id : Cortex-A Device cause : null
2025-09-24 10:59:44,365 [WARN] ConditionMgr:1044 - genDependencies : Invalid condition id : Cortex-A Device cause : null
2025-09-24 10:59:44,377 [ERROR] LogOutputStream:75 - [STDERR_REDIRECT] [Fatal Error] :1:1: Premature end of file.
2025-09-24 10:59:44,378 [ERROR] LogOutputStream:75 - [STDERR_REDIRECT] 
2025-09-24 10:59:44,387 [WARN] PackLoader:240 - Cannot read IP mode file for STMicroelectronics.X-CUBE-SUBG2.5.0.0
2025-09-24 10:59:44,438 [WARN] PackLoader:240 - Cannot read IP mode file for STMicroelectronics.X-CUBE-AZRTOS-H7RS.1.1.0
2025-09-24 10:59:44,450 [WARN] PackLoader:240 - Cannot read IP mode file for Cesanta.I-CUBE-Mongoose.7.13.0
2025-09-24 10:59:44,512 [WARN] PackLoader:240 - Cannot read IP mode file for STMicroelectronics.X-CUBE-AZRTOS-G4.2.0.0
2025-09-24 10:59:44,525 [WARN] PackLoader:240 - Cannot read IP mode file for wolfSSL.I-CUBE-wolfSSH.1.4.20
2025-09-24 10:59:44,535 [WARN] PackLoader:240 - Cannot read IP mode file for STMicroelectronics.X-CUBE-NFC7.2.0.0
2025-09-24 10:59:44,571 [WARN] PackLoader:240 - Cannot read IP mode file for STMicroelectronics.X-CUBE-IPS.3.1.0
2025-09-24 10:59:44,590 [WARN] PackLoader:240 - Cannot read IP mode file for STMicroelectronics.X-CUBE-ALS.1.0.2
2025-09-24 10:59:44,605 [WARN] PackLoader:240 - Cannot read IP mode file for STMicroelectronics.X-CUBE-STSE01.1.0.0
2025-09-24 10:59:44,618 [WARN] PackLoader:240 - Cannot read IP mode file for portGmbH.I-Cube-SoM-uGOAL.1.1.0
2025-09-24 10:59:44,651 [WARN] PackLoader:240 - Cannot read IP mode file for STMicroelectronics.X-CUBE-TOF1.3.4.3
2025-09-24 10:59:44,687 [INFO] ThirdParty:978 - Integrity check success = true
2025-09-24 10:59:44,688 [INFO] IntegrityCheckThread:100 - exiting critical section [integrity check]
2025-09-24 10:59:44,688 [INFO] IntegrityCheckThread:103 - End integrity checks thread
2025-09-24 10:59:44,689 [INFO] ThirdParty:873 - entering critical section [close project]
2025-09-24 10:59:44,691 [INFO] ThirdParty:883 - exiting critical section [close project]
2025-09-24 10:59:44,698 [INFO] PinOutPanel:1589 - setPackage(No Configuration,No Configuration)
2025-09-24 10:59:44,701 [INFO] UtilMem:75 - Begin LoadConfig() Used Memory: 195804512 Bytes (340787200)
2025-09-24 10:59:44,705 [INFO] MicroXplorer:468 - Change Database Path : 
2025-09-24 10:59:44,706 [INFO] MicroXplorer:498 - Change Database Version : DB.6.0.150
2025-09-24 10:59:44,706 [INFO] OpenFileManager:355 - Change cursor
2025-09-24 10:59:44,755 [INFO] Mcu:2029 - Initializing MCU STM32F407V(E-G)Tx STM32F407VGTx STM32F407VGT6
2025-09-24 10:59:45,132 [ERROR] LogOutputStream:75 - [STDERR_REDIRECT] [Fatal Error] :1:1: Premature end of file.
2025-09-24 10:59:45,133 [ERROR] LogOutputStream:75 - [STDERR_REDIRECT] 
2025-09-24 10:59:46,090 [ERROR] LogOutputStream:75 - [STDERR_REDIRECT] [Fatal Error] :1:1: Premature end of file.
2025-09-24 10:59:46,090 [ERROR] LogOutputStream:75 - [STDERR_REDIRECT] 
2025-09-24 10:59:46,996 [ERROR] LogOutputStream:75 - [STDERR_REDIRECT] [Fatal Error] :1:1: Premature end of file.
2025-09-24 10:59:46,997 [ERROR] LogOutputStream:75 - [STDERR_REDIRECT] 
2025-09-24 10:59:48,004 [ERROR] LogOutputStream:75 - [STDERR_REDIRECT] [Fatal Error] :1:1: Premature end of file.
2025-09-24 10:59:48,005 [ERROR] LogOutputStream:75 - [STDERR_REDIRECT] 
2025-09-24 10:59:48,243 [INFO] Context:786 - Trying to add GPIOservice into a context  which must be forbidden
2025-09-24 10:59:48,990 [ERROR] LogOutputStream:75 - [STDERR_REDIRECT] [Fatal Error] :1:1: Premature end of file.
2025-09-24 10:59:48,991 [ERROR] LogOutputStream:75 - [STDERR_REDIRECT] 
2025-09-24 10:59:49,062 [INFO] ImportTextPane:234 - (OptionalMessage_ERROR) Pin6 (VP_RIF_VS_RIF1) cannot be retrieved for this MCU
2025-09-24 10:59:49,289 [INFO] RtosManager:558 - Registered RTOS mode: class=CMSIS, group=RTOS, mode=CMSIS_V1, owner=FREERTOS
2025-09-24 10:59:49,290 [INFO] RtosManager:558 - Registered RTOS mode: class=CMSIS, group=RTOS2, mode=CMSIS_V2, owner=FREERTOS
2025-09-24 10:59:49,290 [INFO] RtosManager:558 - Registered RTOS mode: class=RTOS, group=Core, mode=CMSIS_V1, owner=FREERTOS
2025-09-24 10:59:49,290 [INFO] RtosManager:558 - Registered RTOS mode: class=RTOS, group=Core, mode=CMSIS_V2, owner=FREERTOS
2025-09-24 10:59:49,291 [WARN] ModelIntegratedComponent:184 - Missing modes for component STMicroelectronics:FreeRTOS:0.0.1:STMicroelectronics:RTOS:FreeRTOS:Core:::10.2.0:
2025-09-24 10:59:49,345 [WARN] ModelIntegratedComponent:63 - No mode defined for component null
2025-09-24 10:59:49,345 [WARN] ModelIntegratedComponent:63 - No mode defined for component null
2025-09-24 10:59:49,345 [WARN] ModelIntegratedComponent:63 - No mode defined for component null
2025-09-24 10:59:49,345 [WARN] ModelIntegratedComponent:63 - No mode defined for component null
2025-09-24 10:59:49,346 [WARN] ModelIntegratedComponent:63 - No mode defined for component null
2025-09-24 10:59:49,346 [WARN] ModelIntegratedComponent:63 - No mode defined for component null
2025-09-24 10:59:49,346 [WARN] ModelIntegratedComponent:63 - No mode defined for component null
2025-09-24 10:59:49,346 [WARN] ModelIntegratedComponent:63 - No mode defined for component null
2025-09-24 10:59:49,346 [WARN] ModelIntegratedComponent:63 - No mode defined for component null
2025-09-24 10:59:49,346 [WARN] ModelIntegratedComponent:63 - No mode defined for component null
2025-09-24 10:59:49,346 [WARN] ModelIntegratedComponent:63 - No mode defined for component null
2025-09-24 10:59:49,346 [WARN] ModelIntegratedComponent:63 - No mode defined for component null
2025-09-24 10:59:49,346 [WARN] ModelIntegratedComponent:63 - No mode defined for component null
2025-09-24 10:59:49,347 [WARN] ModelIntegratedComponent:63 - No mode defined for component null
2025-09-24 10:59:49,347 [WARN] ModelIntegratedComponent:63 - No mode defined for component null
2025-09-24 10:59:49,348 [WARN] ModelIntegratedComponent:63 - No mode defined for component null
2025-09-24 10:59:49,349 [WARN] ModelIntegratedComponent:63 - No mode defined for component null
2025-09-24 10:59:49,350 [WARN] ModelIntegratedComponent:63 - No mode defined for component null
2025-09-24 10:59:49,350 [WARN] ModelIntegratedComponent:63 - No mode defined for component null
2025-09-24 10:59:49,350 [WARN] ModelIntegratedComponent:63 - No mode defined for component null
2025-09-24 10:59:49,350 [WARN] ModelIntegratedComponent:63 - No mode defined for component null
2025-09-24 10:59:49,351 [WARN] ModelIntegratedComponent:63 - No mode defined for component null
2025-09-24 10:59:49,351 [WARN] ModelIntegratedComponent:63 - No mode defined for component null
2025-09-24 10:59:49,351 [WARN] ModelIntegratedComponent:63 - No mode defined for component null
2025-09-24 10:59:49,351 [WARN] ModelIntegratedComponent:63 - No mode defined for component null
2025-09-24 10:59:49,351 [WARN] ModelIntegratedComponent:63 - No mode defined for component null
2025-09-24 10:59:49,351 [WARN] ModelIntegratedComponent:63 - No mode defined for component null
2025-09-24 10:59:49,352 [WARN] ModelIntegratedComponent:63 - No mode defined for component null
2025-09-24 10:59:49,352 [WARN] ModelIntegratedComponent:63 - No mode defined for component null
2025-09-24 10:59:49,352 [WARN] ModelIntegratedComponent:63 - No mode defined for component null
2025-09-24 10:59:49,352 [WARN] ModelIntegratedComponent:63 - No mode defined for component null
2025-09-24 10:59:49,352 [WARN] ModelIntegratedComponent:63 - No mode defined for component null
2025-09-24 10:59:49,352 [WARN] ModelIntegratedComponent:63 - No mode defined for component null
2025-09-24 10:59:49,353 [WARN] ModelIntegratedComponent:63 - No mode defined for component null
2025-09-24 10:59:49,353 [WARN] ModelIntegratedComponent:63 - No mode defined for component null
2025-09-24 10:59:49,353 [WARN] ModelPack:524 - Component already loaded: STMicroelectronics:HAL Drivers:0.0.0:STMicroelectronics:Device:STMicro_Driver:XSPI:HAL::0.0.1:HAL_XSPI
2025-09-24 10:59:49,616 [INFO] ThirdPartyModel:298 - Start build external matchings
2025-09-24 10:59:49,977 [ERROR] LogOutputStream:75 - [STDERR_REDIRECT] [Fatal Error] :1:1: Premature end of file.
2025-09-24 10:59:49,977 [ERROR] LogOutputStream:75 - [STDERR_REDIRECT] 
2025-09-24 10:59:50,266 [INFO] ThirdPartyModel:316 - End build external matchings
2025-09-24 10:59:50,984 [ERROR] LogOutputStream:75 - [STDERR_REDIRECT] [Fatal Error] :1:1: Premature end of file.
2025-09-24 10:59:50,984 [ERROR] LogOutputStream:75 - [STDERR_REDIRECT] 
2025-09-24 10:59:51,067 [INFO] ApiDb:581 - Connected to CubeFinder SQLite database (C:\Users\train\.stmcufinder\plugins\mcufinder\mcu\cube-finder-db.db)
2025-09-24 10:59:51,198 [INFO] ApiDb:668 - CubeFinder database Data Model version=2.1
2025-09-24 10:59:51,199 [INFO] ApiDb:669 - CubeFinder database Configuration version=3.0.39
2025-09-24 10:59:51,199 [INFO] ApiDb:670 - CubeFinder database generation date=2025-08-25 (1756130511)
2025-09-24 10:59:51,199 [INFO] ApiDb:671 - CubeFinder database FW Pack versions=[FP-ATR-ASTRA1_V2.0.0, FP-SNS-FLIGHT1_V5.1.0, FP-SNS-MOTENV1_V5.0.0, FP-SNS-MOTENVWB1_V1.4.0, FP-SNS-SMARTAG2_V1.2.0, FP-SNS-STBOX1_V2.1.0, STM32Cube_FW_C0_V1.4.0, STM32Cube_FW_F4_V1.28.3, STM32Cube_FW_F7_V1.17.4, STM32Cube_FW_G0_V1.6.2, STM32Cube_FW_G4_V1.6.1, STM32Cube_FW_H5_V1.5.0, STM32Cube_FW_H7RS_V1.2.0, STM32Cube_FW_H7_V1.12.1, STM32Cube_FW_L0_V1.12.2, STM32Cube_FW_L4_V1.18.1, STM32Cube_FW_L5_V1.5.1, STM32Cube_FW_N6_V1.2.0, STM32Cube_FW_U0_V1.3.0, STM32Cube_FW_U3_V1.2.0, STM32Cube_FW_U5_V1.8.0, STM32Cube_FW_WB0_V1.3.0, STM32Cube_FW_WBA_V1.7.0, STM32Cube_FW_WB_V1.23.0, STM32Cube_FW_WL3_V1.2.0, STM32Cube_FW_WL_V1.3.1, X-CUBE-ALGOBUILD_V1.4.0, X-CUBE-ALS_V1.0.2, X-CUBE-AZRTOS-F4_V1.1.0, X-CUBE-AZRTOS-F7_V1.1.0, X-CUBE-AZRTOS-G0_V1.1.0, X-CUBE-AZRTOS-G4_V2.0.0, X-CUBE-AZRTOS-H7RS_V1.1.0, X-CUBE-AZRTOS-H7_V3.4.0, X-CUBE-AZRTOS-L4_V2.0.0, X-CUBE-AZRTOS-L5_V2.0.0, X-CUBE-AZRTOS-WB_V2.0.0, X-CUBE-AZRTOS-WL_V2.0.0, X-CUBE-BLE1_V7.1.0, X-CUBE-BLE2_V3.3.0, X-CUBE-BLEMGR_V4.1.0, X-CUBE-EEPRMA1_V5.2.0, X-CUBE-FREERTOS_V1.3.1, X-CUBE-GNSS1_V6.0.0, X-CUBE-MEMS1_V11.3.0, X-CUBE-NFC4_V3.0.0, X-CUBE-NFC7_V2.0.0, X-CUBE-SFXS2LP1_V4.0.0, X-CUBE-ST67W61_V1.0.0, X-CUBE-SUBG2_V5.0.0, X-CUBE-TOF1_V3.4.3]
2025-09-24 10:59:51,287 [INFO] DbBoardsSqlite:226 - include board P-NUCLEO-WB55-NUCLEO as a kit item of type 'Nucleo-64'
2025-09-24 10:59:51,287 [INFO] DbBoardsSqlite:226 - include board P-NUCLEO-WB55-USBDONGLE as a kit item of type 'Nucleo USB Dongle'
2025-09-24 10:59:51,288 [INFO] DbBoardsSqlite:226 - include board STEVAL-IDP005V1 as a kit item of type 'Evaluation Board'
2025-09-24 10:59:51,288 [INFO] DbBoardsSqlite:226 - include board STEVAL-IDP005V2 as a kit item of type 'Evaluation Board'
2025-09-24 10:59:51,391 [INFO] ApiDb:240 - Found 880 in-development CPN: [B-G473E-ZEST1S, B-WB1M-WPAN1, B-WBA5M-WPAN, B-WL5M-SUBG1, NUCLEO-C031C6, NUCLEO-C051C8, NUCLEO-C071RB, NUCLEO-C092RC, NUCLEO-H503RB, NUCLEO-H533RE, NUCLEO-H563ZI, NUCLEO-H7S3L8, NUCLEO-N657X0-Q, NUCLEO-U031R8, NUCLEO-U083RC, NUCLEO-U385RG-Q, NUCLEO-U545RE-Q, NUCLEO-U5A5ZJ-Q, NUCLEO-WB05KZ, NUCLEO-WB07CC, NUCLEO-WB09KE, NUCLEO-WBA52CG, NUCLEO-WBA55CG, NUCLEO-WL33CC1, NUCLEO-WL33CC2, STEVAL-PROTEUS1, STEVAL-SMARTAG2, STEVAL-STWINBX1, STM320518-EVAL, STM32C0116-DK, STM32C011D6Y3TR, STM32C011D6Y6TR, STM32C011F4P3, STM32C011F4P6, STM32C011F4U3, STM32C011F4U6TR, STM32C011F6P3, STM32C011F6P6, STM32C011F6U3, STM32C011F6U6TR, STM32C011J4M3, STM32C011J4M6, STM32C011J6M3, STM32C011J6M6, STM32C0316-DK, STM32C031C4T3, STM32C031C4T6, STM32C031C4U3, STM32C031C4U6, STM32C031C6T3, STM32C031C6T6, STM32C031C6U3, STM32C031C6U6, STM32C031F4P3, STM32C031F4P6, STM32C031F6P3, STM32C031F6P6, STM32C031G4U3, STM32C031G4U6, STM32C031G6U3, STM32C031G6U6, STM32C031K4T3, STM32C031K4T6, STM32C031K4U3, STM32C031K4U6, STM32C031K6T3, STM32C031K6T6, STM32C031K6U3, STM32C031K6U6, STM32C051C6T6, STM32C051C6U6, STM32C051C8T6, STM32C051C8U6, STM32C051D8Y6TR, STM32C051F6P6, STM32C051F8P6, STM32C051G6U6, STM32C051G8U6, STM32C051K6T6, STM32C051K6U6, STM32C051K8T6, STM32C071C8T6, STM32C071C8T6N, STM32C071C8U6, STM32C071C8U6N, STM32C071CBT6, STM32C071CBT6N, STM32C071CBU6, STM32C071CBU6N, STM32C071F8P6, STM32C071F8P6N, STM32C071FBP6, STM32C071FBP6N, STM32C071FBY6TR, STM32C071G8U6, STM32C071G8U6N, STM32C071GBU6, STM32C071GBU6N, STM32C071K8T6, STM32C071K8T6N, STM32C071K8U6, STM32C071K8U6N, STM32C071KBT6, STM32C071KBT6N, STM32C071KBU6, STM32C071KBU6N, STM32C071R8T6, STM32C071R8T6N, STM32C071RBI6N, STM32C071RBT6, STM32C071RBT6N, STM32C091CBT6, STM32C091CBU6, STM32C091CCT6, STM32C091CCU6, STM32C091ECY6TR, STM32C091FBP6, STM32C091FCP6, STM32C091GBU6, STM32C091GCU6, STM32C091KBT6, STM32C091KBU6, STM32C091KCT6, STM32C091KCU6, STM32C091RBT6, STM32C091RCI6, STM32C091RCT6, STM32C092CBT6, STM32C092CBU6, STM32C092CCT6, STM32C092CCU6, STM32C092ECY6TR, STM32C092FBP6, STM32C092FCP6, STM32C092GBU6, STM32C092GCU6, STM32C092KBT6, STM32C092KBU6, STM32C092KCT6, STM32C092KCU6, STM32C092RBT6, STM32C092RCI6, STM32C092RCT6, STM32G071K8TXN, STM32G071K8UXN, STM32G081GBU6N, STM32G081KBT6N, STM32G081KBUXN, STM32G0B1CCT6N, STM32G0B1KCT6, STM32G0B1NEY6TR, STM32G0B1RCT6N, STM32G0C1CCT6, STM32G0C1CCT6N, STM32G0C1CCU6N, STM32G0C1CET6N, STM32G0C1CEU6N, STM32G0C1KCT6, STM32G0C1NEY6TR, STM32G0C1RCI6N, STM32G0C1RCT6N, STM32G0C1REI6N, STM32G0C1RET6N, STM32G0C1VCI6, STM32G0C1VEI6, STM32G411C6T3, STM32G411C6T6, STM32G411C6U3, STM32G411C6U6, STM32G411C8T3, STM32G411C8T6, STM32G411C8U3, STM32G411C8U6, STM32G411CBT3, STM32G411CBT6, STM32G411CBU3, STM32G411CBU6, STM32G411K6T3, STM32G411K6T6, STM32G411K6U3, STM32G411K6U6, STM32G411K8T3, STM32G411K8T6, STM32G411K8U3, STM32G411K8U6, STM32G411KBT3, STM32G411KBT6, STM32G411KBU3, STM32G411KBU6, STM32G411M6T3, STM32G411M6T6, STM32G411M8T3, STM32G411M8T6, STM32G411MBT3, STM32G411MBT6, STM32G411R6T3, STM32G411R6T6, STM32G411R8T3, STM32G411R8T6, STM32G411RBT3, STM32G411RBT6, STM32G414CBT3, STM32G414CBT6, STM32G414CBU3, STM32G414CBU6, STM32G414CCT3, STM32G414CCT6, STM32G414CCU3, STM32G414CCU6, STM32G414MBT3, STM32G414MBT6, STM32G414MCT3, STM32G414MCT6, STM32G414RBT3, STM32G414RBT6, STM32G414RCT3, STM32G414RCT6, STM32G414VBT3, STM32G414VBT6, STM32G414VCT3, STM32G414VCT6, STM32G431CBT3Z, STM32G431RBT3Z, STM32G471CCT6, STM32G471CCU6, STM32G471CET3, STM32G471CET6, STM32G471CEU3, STM32G471CEU6, STM32G471MCT6, STM32G471MET3, STM32G471MET6, STM32G471MEY6TR, STM32G471QCT6, STM32G471QET3, STM32G471RCT6, STM32G471RET3, STM32G471RET6, STM32G471VCH6, STM32G471VCI6, STM32G471VCT6, STM32G471VEH3, STM32G471VEH6, STM32G471VEI3, STM32G471VEI6, STM32G471VET3, STM32G471VET6, STM32G473QET3Z, STM32G473RET3Z, STM32G474CCT6, STM32G491RET3Z, STM32H503CBT6, STM32H503CBU6, STM32H503EBY6TR, STM32H503KBU6, STM32H503RBT6, STM32H523CCT6, STM32H523CCU6, STM32H523CET6, STM32H523CEU6, STM32H523HEY6TR, STM32H523RCT6, STM32H523RET6, STM32H523VCI6, STM32H523VCT6, STM32H523VEI6, STM32H523VET6, STM32H523ZCJ6, STM32H523ZCT6, STM32H523ZEJ6, STM32H523ZET6, STM32H533CET6, STM32H533CEU6, STM32H533HEY6TR, STM32H533RET6, STM32H533VEI6, STM32H533VET6, STM32H533ZEJ6, STM32H533ZET6, STM32H562AGI6, STM32H562AII6, STM32H562IGK6, STM32H562IGT6, STM32H562IIK6, STM32H562IIT6, STM32H562RGT6, STM32H562RGV6, STM32H562RIT6, STM32H562RIV6, STM32H562VGT6, STM32H562VIT6, STM32H562ZGT6, STM32H562ZIT6, STM32H563AGI6, STM32H563AII3Q, STM32H563AII6, STM32H563IGK6, STM32H563IGT6, STM32H563IIK3Q, STM32H563IIK6, STM32H563IIT3Q, STM32H563IIT6, STM32H563MIY3QTR, STM32H563RGT6, STM32H563RGV6, STM32H563RIT6, STM32H563RIV6, STM32H563VGT6, STM32H563VIT3Q, STM32H563VIT6, STM32H563ZGT6, STM32H563ZIT3Q, STM32H563ZIT6, STM32H573AII3Q, STM32H573AII6, STM32H573I-DK, STM32H573IIK3Q, STM32H573IIK6, STM32H573IIT3Q, STM32H573IIT6, STM32H573MIY3QTR, STM32H573RIT6, STM32H573RIV6, STM32H573VIT3Q, STM32H573VIT6, STM32H573ZIT3Q, STM32H573ZIT6, STM32H7R3A8I6, STM32H7R3I8K6, STM32H7R3I8T6, STM32H7R3L8H6, STM32H7R3L8H6H, STM32H7R3R8V6, STM32H7R3V8H6, STM32H7R3V8T6, STM32H7R3V8Y6TR, STM32H7R3Z8J6, STM32H7R3Z8T6, STM32H7R7A8I6, STM32H7R7I8K6, STM32H7R7I8T6, STM32H7R7L8H6, STM32H7R7L8H6H, STM32H7R7Z8J6, STM32H7S3A8I6, STM32H7S3I8K6, STM32H7S3I8T6, STM32H7S3L8H6, STM32H7S3L8H6H, STM32H7S3R8V6, STM32H7S3V8H6, STM32H7S3V8T6, STM32H7S3V8Y6TR, STM32H7S3Z8J6, STM32H7S3Z8T6, STM32H7S78-DK, STM32H7S7A8I6, STM32H7S7I8K6, STM32H7S7I8T6, STM32H7S7L8H6, STM32H7S7L8H6H, STM32H7S7Z8J6, STM32L4R5QGI6STR, STM32MP131AAE3, STM32MP131AAF3, STM32MP131AAG3, STM32MP131CAE3, STM32MP131CAF3, STM32MP131CAG3, STM32MP131DAE7, STM32MP131DAF7, STM32MP131DAG7, STM32MP131FAE7, STM32MP131FAF7, STM32MP131FAG7, STM32MP133AAE3, STM32MP133AAF3, STM32MP133AAG3, STM32MP133CAE3, STM32MP133CAF3, STM32MP133CAG3, STM32MP133DAE7, STM32MP133DAF7, STM32MP133DAG7, STM32MP133FAE7, STM32MP133FAF7, STM32MP133FAG7, STM32MP135AAE3, STM32MP135AAF3, STM32MP135AAG3, STM32MP135CAE3, STM32MP135CAF3, STM32MP135CAG3, STM32MP135DAE7, STM32MP135DAF7, STM32MP135DAG7, STM32MP135F-DK, STM32MP135FAE7, STM32MP135FAF7, STM32MP135FAF7T, STM32MP135FAF7U, STM32MP135FAG7, STM32MP211AAL3, STM32MP211AAM3, STM32MP211AAN3, STM32MP211AAO3, STM32MP211CAL3, STM32MP211CAM3, STM32MP211CAN3, STM32MP211CAO3, STM32MP211DAL3, STM32MP211DAM3, STM32MP211DAN3, STM32MP211DAO3, STM32MP211FAL3, STM32MP211FAM3, STM32MP211FAN3, STM32MP211FAO3, STM32MP213AAL3, STM32MP213AAM3, STM32MP213AAN3, STM32MP213AAO3, STM32MP213CAL3, STM32MP213CAM3, STM32MP213CAN3, STM32MP213CAO3, STM32MP213DAL3, STM32MP213DAM3, STM32MP213DAN3, STM32MP213DAO3, STM32MP213FAL3, STM32MP213FAM3, STM32MP213FAN3, STM32MP213FAO3, STM32MP215AAL3, STM32MP215AAM3, STM32MP215AAN3, STM32MP215AAO3, STM32MP215CAL3, STM32MP215CAM3, STM32MP215CAN3, STM32MP215CAO3, STM32MP215DAL3, STM32MP215DAM3, STM32MP215DAN3, STM32MP215DAO3, STM32MP215F-DK, STM32MP215FAL3, STM32MP215FAM3, STM32MP215FAN3, STM32MP215FAO3, STM32MP231AAJ3, STM32MP231AAK3, STM32MP231AAL3, STM32MP231CAJ3, STM32MP231CAK3, STM32MP231CAL3, STM32MP231DAJ3, STM32MP231DAK3, STM32MP231DAL3, STM32MP231FAJ3, STM32MP231FAK3, STM32MP231FAL3, STM32MP233AAJ3, STM32MP233AAK3, STM32MP233AAL3, STM32MP233CAJ3, STM32MP233CAK3, STM32MP233CAL3, STM32MP233DAJ3, STM32MP233DAK3, STM32MP233DAL3, STM32MP233FAJ3, STM32MP233FAK3, STM32MP233FAL3, STM32MP235AAJ3, STM32MP235AAK3, STM32MP235AAL3, STM32MP235CAJ3, STM32MP235CAK3, STM32MP235CAL3, STM32MP235DAJ3, STM32MP235DAK3, STM32MP235DAL3, STM32MP235FAJ3, STM32MP235FAK3, STM32MP235FAL3, STM32MP251AAI3, STM32MP251AAK3, STM32MP251AAL3, STM32MP251CAI3, STM32MP251CAK3, STM32MP251CAL3, STM32MP251DAI3, STM32MP251DAK3, STM32MP251DAL3, STM32MP251FAI3, STM32MP251FAK3, STM32MP251FAL3, STM32MP253AAI3, STM32MP253AAK3, STM32MP253AAL3, STM32MP253CAI3, STM32MP253CAK3, STM32MP253CAL3, STM32MP253DAI3, STM32MP253DAK3, STM32MP253DAL3, STM32MP253FAI3, STM32MP253FAK3, STM32MP253FAL3, STM32MP255AAI3, STM32MP255AAK3, STM32MP255AAL3, STM32MP255CAI3, STM32MP255CAK3, STM32MP255CAL3, STM32MP255DAI3, STM32MP255DAK3, STM32MP255DAL3, STM32MP255FAI3, STM32MP255FAK3, STM32MP255FAL3, STM32MP257AAI3, STM32MP257AAK3, STM32MP257AAL3, STM32MP257CAI3, STM32MP257CAK3, STM32MP257CAL3, STM32MP257DAI3, STM32MP257DAK3, STM32MP257DAL3, STM32MP257F-DK, STM32MP257F-EV1, STM32MP257FAI3, STM32MP257FAK3, STM32MP257FAL3, STM32N645A0H3Q, STM32N645B0H3Q, STM32N645I0H3Q, STM32N645L0H3Q, STM32N645X0H3Q, STM32N645Z0H3Q, STM32N647A0H3Q, STM32N647B0H3Q, STM32N647I0H3Q, STM32N647L0H3Q, STM32N647X0H3Q, STM32N647Z0H3Q, STM32N655A0H3Q, STM32N655B0H3Q, STM32N655I0H3Q, STM32N655L0H3Q, STM32N655X0H3Q, STM32N655Z0H3Q, STM32N6570-DK, STM32N657A0H3Q, STM32N657B0H3Q, STM32N657I0H3Q, STM32N657L0H3Q, STM32N657X0H3Q, STM32N657Z0H3Q, STM32U031C6T6, STM32U031C6U6, STM32U031C8T6, STM32U031C8U6, STM32U031F4P6, STM32U031F6P6, STM32U031F8P6, STM32U031G6Y6TR, STM32U031G8Y6TR, STM32U031K4U6, STM32U031K6U6, STM32U031K8U6, STM32U031R6I6, STM32U031R6T6, STM32U031R8I6, STM32U031R8T6, STM32U073C8T6, STM32U073C8U6, STM32U073CBT6, STM32U073CBU6, STM32U073CCT6, STM32U073CCU6, STM32U073H8Y6TR, STM32U073HBY6TR, STM32U073HCY6TR, STM32U073K8U6, STM32U073KBU6, STM32U073KCU6, STM32U073M8I6, STM32U073M8T6, STM32U073MBI6, STM32U073MBT6, STM32U073MCI6, STM32U073MCT6, STM32U073R8I6, STM32U073R8T6, STM32U073RBI6, STM32U073RBT6, STM32U073RCI6, STM32U073RCT6, STM32U083C-DK, STM32U083CCT6, STM32U083CCU6, STM32U083HCY6TR, STM32U083KCU6, STM32U083MCI6, STM32U083MCT6, STM32U083RCI6, STM32U083RCT6, STM32U375CET6, STM32U375CET6Q, STM32U375CEU6, STM32U375CEU6Q, STM32U375CEY6QTR, STM32U375CGT6, STM32U375CGT6Q, STM32U375CGU6, STM32U375CGU6Q, STM32U375CGY6QTR, STM32U375KEU6, STM32U375KGU6, STM32U375REI6, STM32U375REI6Q, STM32U375RET6, STM32U375RET6Q, STM32U375REY6GTR, STM32U375REY6QTR, STM32U375RGI6, STM32U375RGI6Q, STM32U375RGT6, STM32U375RGT6Q, STM32U375RGY6GTR, STM32U375RGY6QTR, STM32U375VEI6, STM32U375VEI6Q, STM32U375VET6, STM32U375VET6Q, STM32U375VGI6, STM32U375VGI6Q, STM32U375VGT6, STM32U375VGT6Q, STM32U385CGT6, STM32U385CGT6Q, STM32U385CGU6, STM32U385CGU6Q, STM32U385CGY6QTR, STM32U385KGU6, STM32U385RGI6, STM32U385RGI6Q, STM32U385RGT6, STM32U385RGT6Q, STM32U385RGY6GTR, STM32U385RGY6QTR, STM32U385VGI6, STM32U385VGI6Q, STM32U385VGT6, STM32U385VGT6Q, STM32U535CBT6, STM32U535CBT6Q, STM32U535CBU6, STM32U535CBU6Q, STM32U535CCT6, STM32U535CCT6Q, STM32U535CCU6, STM32U535CCU6Q, STM32U535CET6, STM32U535CET6Q, STM32U535CEU6, STM32U535CEU6Q, STM32U535JEY6QTR, STM32U535NCY6QTR, STM32U535NEY6QTR, STM32U535RBI6, STM32U535RBI6Q, STM32U535RBT6, STM32U535RBT6Q, STM32U535RCI6, STM32U535RCI6Q, STM32U535RCT6, STM32U535RCT6Q, STM32U535REI6, STM32U535REI6Q, STM32U535RET6, STM32U535RET6Q, STM32U535VCI6, STM32U535VCI6Q, STM32U535VCT6, STM32U535VCT6Q, STM32U535VEI6, STM32U535VEI6Q, STM32U535VET6, STM32U535VET6Q, STM32U545CET6, STM32U545CET6Q, STM32U545CEU6, STM32U545CEU6Q, STM32U545JEY6QTR, STM32U545NEY6QTR, STM32U545REI6, STM32U545REI6Q, STM32U545RET6, STM32U545RET6Q, STM32U545VEI6, STM32U545VEI6Q, STM32U545VET6, STM32U545VET6Q, STM32U595AIH6, STM32U595AIH6Q, STM32U595AJH6, STM32U595AJH6Q, STM32U595QII6, STM32U595QII6Q, STM32U595QJI6, STM32U595QJI6Q, STM32U595RIT6, STM32U595RIT6Q, STM32U595RJT6, STM32U595RJT6Q, STM32U595VIT6, STM32U595VIT6Q, STM32U595VJT6, STM32U595VJT6Q, STM32U595ZIT6, STM32U595ZIT6Q, STM32U595ZIY6QTR, STM32U595ZJT6, STM32U595ZJT6Q, STM32U595ZJY6QTR, STM32U599BJY6QTR, STM32U599NIH6Q, STM32U599NJH6Q, STM32U599VIT6Q, STM32U599VJT6, STM32U599VJT6Q, STM32U599ZIT6Q, STM32U599ZIY6QTR, STM32U599ZJT6Q, STM32U599ZJY6QTR, STM32U5A5AJH6, STM32U5A5AJH6Q, STM32U5A5QII3Q , STM32U5A5QJI6, STM32U5A5QJI6Q, STM32U5A5RJT6, STM32U5A5RJT6Q, STM32U5A5VJT6, STM32U5A5VJT6Q, STM32U5A5ZJT6, STM32U5A5ZJT6Q, STM32U5A5ZJY6QTR, STM32U5A9BJY6QTR, STM32U5A9J-DK, STM32U5A9NJH6Q, STM32U5A9VJT6Q, STM32U5A9ZJT6Q, STM32U5A9ZJY6QTR, STM32U5F7VIT6, STM32U5F7VIT6Q, STM32U5F7VJT6, STM32U5F7VJT6Q, STM32U5F9BJY6QTR, STM32U5F9NJH6Q, STM32U5F9VIT6Q, STM32U5F9VJT6Q, STM32U5F9ZIJ6QTR, STM32U5F9ZIT6Q, STM32U5F9ZJJ6QTR, STM32U5F9ZJT6Q, STM32U5G7VJT6, STM32U5G7VJT6Q, STM32U5G9BJY6QTR, STM32U5G9J-DK1, STM32U5G9J-DK2, STM32U5G9NJH6Q, STM32U5G9VJT6Q, STM32U5G9ZJJ6QTR, STM32U5G9ZJT6Q, STM32WB05KZV6TR, STM32WB05KZV7TR, STM32WB05TZF6TR, STM32WB05TZF7TR, STM32WB06CCF6TR, STM32WB06CCF7TR, STM32WB06CCV6TR, STM32WB06CCV7TR, STM32WB06KCV6TR, STM32WB06KCV7TR, STM32WB07CCF6TR, STM32WB07CCF7TR, STM32WB07CCV6TR, STM32WB07CCV7TR, STM32WB07KCV6TR, STM32WB07KCV7TR, STM32WB09KEV6TR, STM32WB09KEV7TR, STM32WB09TEF6TR, STM32WB09TEF7TR, STM32WB1MMCH6, STM32WBA50KGU6, STM32WBA50KGU6TR, STM32WBA52CEU6, STM32WBA52CEU6TR, STM32WBA52CEU7, STM32WBA52CEU7TR, STM32WBA52CGU6, STM32WBA52CGU6TR, STM32WBA52CGU6U, STM32WBA52CGU7, STM32WBA52CGU7TR, STM32WBA52KEU6, STM32WBA52KEU6TR, STM32WBA52KGU6, STM32WBA52KGU6TR, STM32WBA54CEU6, STM32WBA54CEU6TR, STM32WBA54CEU7, STM32WBA54CEU7TR, STM32WBA54CGU6, STM32WBA54CGU6TR, STM32WBA54CGU7, STM32WBA54CGU7TR, STM32WBA54KEU6, STM32WBA54KEU6TR, STM32WBA54KEU7, STM32WBA54KEU7TR, STM32WBA54KGU6, STM32WBA54KGU6TR, STM32WBA54KGU7, STM32WBA54KGU7TR, STM32WBA55CEU6, STM32WBA55CEU6TR, STM32WBA55CEU7, STM32WBA55CEU7TR, STM32WBA55CGU6, STM32WBA55CGU6TR, STM32WBA55CGU6U, STM32WBA55CGU7, STM32WBA55CGU7TR, STM32WBA55G-DK1, STM32WBA55HEF6, STM32WBA55HEF7, STM32WBA55HGF6, STM32WBA55HGF7, STM32WBA55UEI6, STM32WBA55UEI6TR, STM32WBA55UEI7, STM32WBA55UEI7TR, STM32WBA55UGI6, STM32WBA55UGI6TR, STM32WBA55UGI7, STM32WBA55UGI7TR, STM32WBA5MMGH6TR, STM32WBA62MGF6, STM32WBA62MIF6, STM32WBA65MGF7, STM32WBA65MIF6, STM32WBA65MIF7, STM32WL30K8V6, STM32WL30KBV6, STM32WL31C8V6, STM32WL31CBV6, STM32WL31K8V6, STM32WL31KBV6, STM32WL33C8V6, STM32WL33C8V6X, STM32WL33CBV6, STM32WL33CBV6X, STM32WL33CCV6, STM32WL33CCV6A, STM32WL33CCV6X, STM32WL33K8V7, STM32WL33K8V7X, STM32WL33KBV7 , STM32WL33KBV7X, STM32WL33KCV7, STM32WL33KCV7X, STM32WL5MOCH6, STM32WL5MOCH6TR]
2025-09-24 10:59:51,794 [INFO] BoardInfo:889 - No configuration file found for board P-NUCLEO-WB55
2025-09-24 10:59:51,796 [INFO] DbBoards:161 - Kit is not supported: P-NUCLEO-WB55
2025-09-24 10:59:51,808 [INFO] BoardInfo:889 - No configuration file found for board STEVAL-BFA001V1B
2025-09-24 10:59:51,811 [INFO] DbBoards:161 - Kit is not supported: STEVAL-BFA001V1B
2025-09-24 10:59:51,812 [INFO] BoardInfo:889 - No configuration file found for board STEVAL-BFA001V2B
2025-09-24 10:59:51,815 [INFO] DbBoards:161 - Kit is not supported: STEVAL-BFA001V2B
2025-09-24 10:59:51,968 [ERROR] LogOutputStream:75 - [STDERR_REDIRECT] [Fatal Error] :1:1: Premature end of file.
2025-09-24 10:59:51,968 [ERROR] LogOutputStream:75 - [STDERR_REDIRECT] 
2025-09-24 10:59:52,258 [INFO] DbBoards:168 - Found 212 boards, 209 are supported
2025-09-24 10:59:52,259 [INFO] DbBoards:169 - Found 212 boards, 43 of them is supported for  Bsp
2025-09-24 10:59:52,265 [INFO] ApiDb:668 - CubeFinder database Data Model version=2.1
2025-09-24 10:59:52,265 [INFO] ApiDb:669 - CubeFinder database Configuration version=3.0.39
2025-09-24 10:59:52,265 [INFO] ApiDb:670 - CubeFinder database generation date=2025-08-25 (1756130511)
2025-09-24 10:59:52,265 [INFO] ApiDb:671 - CubeFinder database FW Pack versions=[FP-ATR-ASTRA1_V2.0.0, FP-SNS-FLIGHT1_V5.1.0, FP-SNS-MOTENV1_V5.0.0, FP-SNS-MOTENVWB1_V1.4.0, FP-SNS-SMARTAG2_V1.2.0, FP-SNS-STBOX1_V2.1.0, STM32Cube_FW_C0_V1.4.0, STM32Cube_FW_F4_V1.28.3, STM32Cube_FW_F7_V1.17.4, STM32Cube_FW_G0_V1.6.2, STM32Cube_FW_G4_V1.6.1, STM32Cube_FW_H5_V1.5.0, STM32Cube_FW_H7RS_V1.2.0, STM32Cube_FW_H7_V1.12.1, STM32Cube_FW_L0_V1.12.2, STM32Cube_FW_L4_V1.18.1, STM32Cube_FW_L5_V1.5.1, STM32Cube_FW_N6_V1.2.0, STM32Cube_FW_U0_V1.3.0, STM32Cube_FW_U3_V1.2.0, STM32Cube_FW_U5_V1.8.0, STM32Cube_FW_WB0_V1.3.0, STM32Cube_FW_WBA_V1.7.0, STM32Cube_FW_WB_V1.23.0, STM32Cube_FW_WL3_V1.2.0, STM32Cube_FW_WL_V1.3.1, X-CUBE-ALGOBUILD_V1.4.0, X-CUBE-ALS_V1.0.2, X-CUBE-AZRTOS-F4_V1.1.0, X-CUBE-AZRTOS-F7_V1.1.0, X-CUBE-AZRTOS-G0_V1.1.0, X-CUBE-AZRTOS-G4_V2.0.0, X-CUBE-AZRTOS-H7RS_V1.1.0, X-CUBE-AZRTOS-H7_V3.4.0, X-CUBE-AZRTOS-L4_V2.0.0, X-CUBE-AZRTOS-L5_V2.0.0, X-CUBE-AZRTOS-WB_V2.0.0, X-CUBE-AZRTOS-WL_V2.0.0, X-CUBE-BLE1_V7.1.0, X-CUBE-BLE2_V3.3.0, X-CUBE-BLEMGR_V4.1.0, X-CUBE-EEPRMA1_V5.2.0, X-CUBE-FREERTOS_V1.3.1, X-CUBE-GNSS1_V6.0.0, X-CUBE-MEMS1_V11.3.0, X-CUBE-NFC4_V3.0.0, X-CUBE-NFC7_V2.0.0, X-CUBE-SFXS2LP1_V4.0.0, X-CUBE-ST67W61_V1.0.0, X-CUBE-SUBG2_V5.0.0, X-CUBE-TOF1_V3.4.3]
2025-09-24 10:59:52,967 [ERROR] LogOutputStream:75 - [STDERR_REDIRECT] [Fatal Error] :1:1: Premature end of file.
2025-09-24 10:59:52,968 [ERROR] LogOutputStream:75 - [STDERR_REDIRECT] 
2025-09-24 10:59:53,966 [ERROR] LogOutputStream:75 - [STDERR_REDIRECT] [Fatal Error] :1:1: Premature end of file.
2025-09-24 10:59:53,966 [ERROR] LogOutputStream:75 - [STDERR_REDIRECT] 
2025-09-24 10:59:54,964 [ERROR] LogOutputStream:75 - [STDERR_REDIRECT] [Fatal Error] :1:1: Premature end of file.
2025-09-24 10:59:54,964 [ERROR] LogOutputStream:75 - [STDERR_REDIRECT] 
2025-09-24 10:59:55,102 [INFO] ApiDb:240 - Found 880 in-development CPN: [B-G473E-ZEST1S, B-WB1M-WPAN1, B-WBA5M-WPAN, B-WL5M-SUBG1, NUCLEO-C031C6, NUCLEO-C051C8, NUCLEO-C071RB, NUCLEO-C092RC, NUCLEO-H503RB, NUCLEO-H533RE, NUCLEO-H563ZI, NUCLEO-H7S3L8, NUCLEO-N657X0-Q, NUCLEO-U031R8, NUCLEO-U083RC, NUCLEO-U385RG-Q, NUCLEO-U545RE-Q, NUCLEO-U5A5ZJ-Q, NUCLEO-WB05KZ, NUCLEO-WB07CC, NUCLEO-WB09KE, NUCLEO-WBA52CG, NUCLEO-WBA55CG, NUCLEO-WL33CC1, NUCLEO-WL33CC2, STEVAL-PROTEUS1, STEVAL-SMARTAG2, STEVAL-STWINBX1, STM320518-EVAL, STM32C0116-DK, STM32C011D6Y3TR, STM32C011D6Y6TR, STM32C011F4P3, STM32C011F4P6, STM32C011F4U3, STM32C011F4U6TR, STM32C011F6P3, STM32C011F6P6, STM32C011F6U3, STM32C011F6U6TR, STM32C011J4M3, STM32C011J4M6, STM32C011J6M3, STM32C011J6M6, STM32C0316-DK, STM32C031C4T3, STM32C031C4T6, STM32C031C4U3, STM32C031C4U6, STM32C031C6T3, STM32C031C6T6, STM32C031C6U3, STM32C031C6U6, STM32C031F4P3, STM32C031F4P6, STM32C031F6P3, STM32C031F6P6, STM32C031G4U3, STM32C031G4U6, STM32C031G6U3, STM32C031G6U6, STM32C031K4T3, STM32C031K4T6, STM32C031K4U3, STM32C031K4U6, STM32C031K6T3, STM32C031K6T6, STM32C031K6U3, STM32C031K6U6, STM32C051C6T6, STM32C051C6U6, STM32C051C8T6, STM32C051C8U6, STM32C051D8Y6TR, STM32C051F6P6, STM32C051F8P6, STM32C051G6U6, STM32C051G8U6, STM32C051K6T6, STM32C051K6U6, STM32C051K8T6, STM32C071C8T6, STM32C071C8T6N, STM32C071C8U6, STM32C071C8U6N, STM32C071CBT6, STM32C071CBT6N, STM32C071CBU6, STM32C071CBU6N, STM32C071F8P6, STM32C071F8P6N, STM32C071FBP6, STM32C071FBP6N, STM32C071FBY6TR, STM32C071G8U6, STM32C071G8U6N, STM32C071GBU6, STM32C071GBU6N, STM32C071K8T6, STM32C071K8T6N, STM32C071K8U6, STM32C071K8U6N, STM32C071KBT6, STM32C071KBT6N, STM32C071KBU6, STM32C071KBU6N, STM32C071R8T6, STM32C071R8T6N, STM32C071RBI6N, STM32C071RBT6, STM32C071RBT6N, STM32C091CBT6, STM32C091CBU6, STM32C091CCT6, STM32C091CCU6, STM32C091ECY6TR, STM32C091FBP6, STM32C091FCP6, STM32C091GBU6, STM32C091GCU6, STM32C091KBT6, STM32C091KBU6, STM32C091KCT6, STM32C091KCU6, STM32C091RBT6, STM32C091RCI6, STM32C091RCT6, STM32C092CBT6, STM32C092CBU6, STM32C092CCT6, STM32C092CCU6, STM32C092ECY6TR, STM32C092FBP6, STM32C092FCP6, STM32C092GBU6, STM32C092GCU6, STM32C092KBT6, STM32C092KBU6, STM32C092KCT6, STM32C092KCU6, STM32C092RBT6, STM32C092RCI6, STM32C092RCT6, STM32G071K8TXN, STM32G071K8UXN, STM32G081GBU6N, STM32G081KBT6N, STM32G081KBUXN, STM32G0B1CCT6N, STM32G0B1KCT6, STM32G0B1NEY6TR, STM32G0B1RCT6N, STM32G0C1CCT6, STM32G0C1CCT6N, STM32G0C1CCU6N, STM32G0C1CET6N, STM32G0C1CEU6N, STM32G0C1KCT6, STM32G0C1NEY6TR, STM32G0C1RCI6N, STM32G0C1RCT6N, STM32G0C1REI6N, STM32G0C1RET6N, STM32G0C1VCI6, STM32G0C1VEI6, STM32G411C6T3, STM32G411C6T6, STM32G411C6U3, STM32G411C6U6, STM32G411C8T3, STM32G411C8T6, STM32G411C8U3, STM32G411C8U6, STM32G411CBT3, STM32G411CBT6, STM32G411CBU3, STM32G411CBU6, STM32G411K6T3, STM32G411K6T6, STM32G411K6U3, STM32G411K6U6, STM32G411K8T3, STM32G411K8T6, STM32G411K8U3, STM32G411K8U6, STM32G411KBT3, STM32G411KBT6, STM32G411KBU3, STM32G411KBU6, STM32G411M6T3, STM32G411M6T6, STM32G411M8T3, STM32G411M8T6, STM32G411MBT3, STM32G411MBT6, STM32G411R6T3, STM32G411R6T6, STM32G411R8T3, STM32G411R8T6, STM32G411RBT3, STM32G411RBT6, STM32G414CBT3, STM32G414CBT6, STM32G414CBU3, STM32G414CBU6, STM32G414CCT3, STM32G414CCT6, STM32G414CCU3, STM32G414CCU6, STM32G414MBT3, STM32G414MBT6, STM32G414MCT3, STM32G414MCT6, STM32G414RBT3, STM32G414RBT6, STM32G414RCT3, STM32G414RCT6, STM32G414VBT3, STM32G414VBT6, STM32G414VCT3, STM32G414VCT6, STM32G431CBT3Z, STM32G431RBT3Z, STM32G471CCT6, STM32G471CCU6, STM32G471CET3, STM32G471CET6, STM32G471CEU3, STM32G471CEU6, STM32G471MCT6, STM32G471MET3, STM32G471MET6, STM32G471MEY6TR, STM32G471QCT6, STM32G471QET3, STM32G471RCT6, STM32G471RET3, STM32G471RET6, STM32G471VCH6, STM32G471VCI6, STM32G471VCT6, STM32G471VEH3, STM32G471VEH6, STM32G471VEI3, STM32G471VEI6, STM32G471VET3, STM32G471VET6, STM32G473QET3Z, STM32G473RET3Z, STM32G474CCT6, STM32G491RET3Z, STM32H503CBT6, STM32H503CBU6, STM32H503EBY6TR, STM32H503KBU6, STM32H503RBT6, STM32H523CCT6, STM32H523CCU6, STM32H523CET6, STM32H523CEU6, STM32H523HEY6TR, STM32H523RCT6, STM32H523RET6, STM32H523VCI6, STM32H523VCT6, STM32H523VEI6, STM32H523VET6, STM32H523ZCJ6, STM32H523ZCT6, STM32H523ZEJ6, STM32H523ZET6, STM32H533CET6, STM32H533CEU6, STM32H533HEY6TR, STM32H533RET6, STM32H533VEI6, STM32H533VET6, STM32H533ZEJ6, STM32H533ZET6, STM32H562AGI6, STM32H562AII6, STM32H562IGK6, STM32H562IGT6, STM32H562IIK6, STM32H562IIT6, STM32H562RGT6, STM32H562RGV6, STM32H562RIT6, STM32H562RIV6, STM32H562VGT6, STM32H562VIT6, STM32H562ZGT6, STM32H562ZIT6, STM32H563AGI6, STM32H563AII3Q, STM32H563AII6, STM32H563IGK6, STM32H563IGT6, STM32H563IIK3Q, STM32H563IIK6, STM32H563IIT3Q, STM32H563IIT6, STM32H563MIY3QTR, STM32H563RGT6, STM32H563RGV6, STM32H563RIT6, STM32H563RIV6, STM32H563VGT6, STM32H563VIT3Q, STM32H563VIT6, STM32H563ZGT6, STM32H563ZIT3Q, STM32H563ZIT6, STM32H573AII3Q, STM32H573AII6, STM32H573I-DK, STM32H573IIK3Q, STM32H573IIK6, STM32H573IIT3Q, STM32H573IIT6, STM32H573MIY3QTR, STM32H573RIT6, STM32H573RIV6, STM32H573VIT3Q, STM32H573VIT6, STM32H573ZIT3Q, STM32H573ZIT6, STM32H7R3A8I6, STM32H7R3I8K6, STM32H7R3I8T6, STM32H7R3L8H6, STM32H7R3L8H6H, STM32H7R3R8V6, STM32H7R3V8H6, STM32H7R3V8T6, STM32H7R3V8Y6TR, STM32H7R3Z8J6, STM32H7R3Z8T6, STM32H7R7A8I6, STM32H7R7I8K6, STM32H7R7I8T6, STM32H7R7L8H6, STM32H7R7L8H6H, STM32H7R7Z8J6, STM32H7S3A8I6, STM32H7S3I8K6, STM32H7S3I8T6, STM32H7S3L8H6, STM32H7S3L8H6H, STM32H7S3R8V6, STM32H7S3V8H6, STM32H7S3V8T6, STM32H7S3V8Y6TR, STM32H7S3Z8J6, STM32H7S3Z8T6, STM32H7S78-DK, STM32H7S7A8I6, STM32H7S7I8K6, STM32H7S7I8T6, STM32H7S7L8H6, STM32H7S7L8H6H, STM32H7S7Z8J6, STM32L4R5QGI6STR, STM32MP131AAE3, STM32MP131AAF3, STM32MP131AAG3, STM32MP131CAE3, STM32MP131CAF3, STM32MP131CAG3, STM32MP131DAE7, STM32MP131DAF7, STM32MP131DAG7, STM32MP131FAE7, STM32MP131FAF7, STM32MP131FAG7, STM32MP133AAE3, STM32MP133AAF3, STM32MP133AAG3, STM32MP133CAE3, STM32MP133CAF3, STM32MP133CAG3, STM32MP133DAE7, STM32MP133DAF7, STM32MP133DAG7, STM32MP133FAE7, STM32MP133FAF7, STM32MP133FAG7, STM32MP135AAE3, STM32MP135AAF3, STM32MP135AAG3, STM32MP135CAE3, STM32MP135CAF3, STM32MP135CAG3, STM32MP135DAE7, STM32MP135DAF7, STM32MP135DAG7, STM32MP135F-DK, STM32MP135FAE7, STM32MP135FAF7, STM32MP135FAF7T, STM32MP135FAF7U, STM32MP135FAG7, STM32MP211AAL3, STM32MP211AAM3, STM32MP211AAN3, STM32MP211AAO3, STM32MP211CAL3, STM32MP211CAM3, STM32MP211CAN3, STM32MP211CAO3, STM32MP211DAL3, STM32MP211DAM3, STM32MP211DAN3, STM32MP211DAO3, STM32MP211FAL3, STM32MP211FAM3, STM32MP211FAN3, STM32MP211FAO3, STM32MP213AAL3, STM32MP213AAM3, STM32MP213AAN3, STM32MP213AAO3, STM32MP213CAL3, STM32MP213CAM3, STM32MP213CAN3, STM32MP213CAO3, STM32MP213DAL3, STM32MP213DAM3, STM32MP213DAN3, STM32MP213DAO3, STM32MP213FAL3, STM32MP213FAM3, STM32MP213FAN3, STM32MP213FAO3, STM32MP215AAL3, STM32MP215AAM3, STM32MP215AAN3, STM32MP215AAO3, STM32MP215CAL3, STM32MP215CAM3, STM32MP215CAN3, STM32MP215CAO3, STM32MP215DAL3, STM32MP215DAM3, STM32MP215DAN3, STM32MP215DAO3, STM32MP215F-DK, STM32MP215FAL3, STM32MP215FAM3, STM32MP215FAN3, STM32MP215FAO3, STM32MP231AAJ3, STM32MP231AAK3, STM32MP231AAL3, STM32MP231CAJ3, STM32MP231CAK3, STM32MP231CAL3, STM32MP231DAJ3, STM32MP231DAK3, STM32MP231DAL3, STM32MP231FAJ3, STM32MP231FAK3, STM32MP231FAL3, STM32MP233AAJ3, STM32MP233AAK3, STM32MP233AAL3, STM32MP233CAJ3, STM32MP233CAK3, STM32MP233CAL3, STM32MP233DAJ3, STM32MP233DAK3, STM32MP233DAL3, STM32MP233FAJ3, STM32MP233FAK3, STM32MP233FAL3, STM32MP235AAJ3, STM32MP235AAK3, STM32MP235AAL3, STM32MP235CAJ3, STM32MP235CAK3, STM32MP235CAL3, STM32MP235DAJ3, STM32MP235DAK3, STM32MP235DAL3, STM32MP235FAJ3, STM32MP235FAK3, STM32MP235FAL3, STM32MP251AAI3, STM32MP251AAK3, STM32MP251AAL3, STM32MP251CAI3, STM32MP251CAK3, STM32MP251CAL3, STM32MP251DAI3, STM32MP251DAK3, STM32MP251DAL3, STM32MP251FAI3, STM32MP251FAK3, STM32MP251FAL3, STM32MP253AAI3, STM32MP253AAK3, STM32MP253AAL3, STM32MP253CAI3, STM32MP253CAK3, STM32MP253CAL3, STM32MP253DAI3, STM32MP253DAK3, STM32MP253DAL3, STM32MP253FAI3, STM32MP253FAK3, STM32MP253FAL3, STM32MP255AAI3, STM32MP255AAK3, STM32MP255AAL3, STM32MP255CAI3, STM32MP255CAK3, STM32MP255CAL3, STM32MP255DAI3, STM32MP255DAK3, STM32MP255DAL3, STM32MP255FAI3, STM32MP255FAK3, STM32MP255FAL3, STM32MP257AAI3, STM32MP257AAK3, STM32MP257AAL3, STM32MP257CAI3, STM32MP257CAK3, STM32MP257CAL3, STM32MP257DAI3, STM32MP257DAK3, STM32MP257DAL3, STM32MP257F-DK, STM32MP257F-EV1, STM32MP257FAI3, STM32MP257FAK3, STM32MP257FAL3, STM32N645A0H3Q, STM32N645B0H3Q, STM32N645I0H3Q, STM32N645L0H3Q, STM32N645X0H3Q, STM32N645Z0H3Q, STM32N647A0H3Q, STM32N647B0H3Q, STM32N647I0H3Q, STM32N647L0H3Q, STM32N647X0H3Q, STM32N647Z0H3Q, STM32N655A0H3Q, STM32N655B0H3Q, STM32N655I0H3Q, STM32N655L0H3Q, STM32N655X0H3Q, STM32N655Z0H3Q, STM32N6570-DK, STM32N657A0H3Q, STM32N657B0H3Q, STM32N657I0H3Q, STM32N657L0H3Q, STM32N657X0H3Q, STM32N657Z0H3Q, STM32U031C6T6, STM32U031C6U6, STM32U031C8T6, STM32U031C8U6, STM32U031F4P6, STM32U031F6P6, STM32U031F8P6, STM32U031G6Y6TR, STM32U031G8Y6TR, STM32U031K4U6, STM32U031K6U6, STM32U031K8U6, STM32U031R6I6, STM32U031R6T6, STM32U031R8I6, STM32U031R8T6, STM32U073C8T6, STM32U073C8U6, STM32U073CBT6, STM32U073CBU6, STM32U073CCT6, STM32U073CCU6, STM32U073H8Y6TR, STM32U073HBY6TR, STM32U073HCY6TR, STM32U073K8U6, STM32U073KBU6, STM32U073KCU6, STM32U073M8I6, STM32U073M8T6, STM32U073MBI6, STM32U073MBT6, STM32U073MCI6, STM32U073MCT6, STM32U073R8I6, STM32U073R8T6, STM32U073RBI6, STM32U073RBT6, STM32U073RCI6, STM32U073RCT6, STM32U083C-DK, STM32U083CCT6, STM32U083CCU6, STM32U083HCY6TR, STM32U083KCU6, STM32U083MCI6, STM32U083MCT6, STM32U083RCI6, STM32U083RCT6, STM32U375CET6, STM32U375CET6Q, STM32U375CEU6, STM32U375CEU6Q, STM32U375CEY6QTR, STM32U375CGT6, STM32U375CGT6Q, STM32U375CGU6, STM32U375CGU6Q, STM32U375CGY6QTR, STM32U375KEU6, STM32U375KGU6, STM32U375REI6, STM32U375REI6Q, STM32U375RET6, STM32U375RET6Q, STM32U375REY6GTR, STM32U375REY6QTR, STM32U375RGI6, STM32U375RGI6Q, STM32U375RGT6, STM32U375RGT6Q, STM32U375RGY6GTR, STM32U375RGY6QTR, STM32U375VEI6, STM32U375VEI6Q, STM32U375VET6, STM32U375VET6Q, STM32U375VGI6, STM32U375VGI6Q, STM32U375VGT6, STM32U375VGT6Q, STM32U385CGT6, STM32U385CGT6Q, STM32U385CGU6, STM32U385CGU6Q, STM32U385CGY6QTR, STM32U385KGU6, STM32U385RGI6, STM32U385RGI6Q, STM32U385RGT6, STM32U385RGT6Q, STM32U385RGY6GTR, STM32U385RGY6QTR, STM32U385VGI6, STM32U385VGI6Q, STM32U385VGT6, STM32U385VGT6Q, STM32U535CBT6, STM32U535CBT6Q, STM32U535CBU6, STM32U535CBU6Q, STM32U535CCT6, STM32U535CCT6Q, STM32U535CCU6, STM32U535CCU6Q, STM32U535CET6, STM32U535CET6Q, STM32U535CEU6, STM32U535CEU6Q, STM32U535JEY6QTR, STM32U535NCY6QTR, STM32U535NEY6QTR, STM32U535RBI6, STM32U535RBI6Q, STM32U535RBT6, STM32U535RBT6Q, STM32U535RCI6, STM32U535RCI6Q, STM32U535RCT6, STM32U535RCT6Q, STM32U535REI6, STM32U535REI6Q, STM32U535RET6, STM32U535RET6Q, STM32U535VCI6, STM32U535VCI6Q, STM32U535VCT6, STM32U535VCT6Q, STM32U535VEI6, STM32U535VEI6Q, STM32U535VET6, STM32U535VET6Q, STM32U545CET6, STM32U545CET6Q, STM32U545CEU6, STM32U545CEU6Q, STM32U545JEY6QTR, STM32U545NEY6QTR, STM32U545REI6, STM32U545REI6Q, STM32U545RET6, STM32U545RET6Q, STM32U545VEI6, STM32U545VEI6Q, STM32U545VET6, STM32U545VET6Q, STM32U595AIH6, STM32U595AIH6Q, STM32U595AJH6, STM32U595AJH6Q, STM32U595QII6, STM32U595QII6Q, STM32U595QJI6, STM32U595QJI6Q, STM32U595RIT6, STM32U595RIT6Q, STM32U595RJT6, STM32U595RJT6Q, STM32U595VIT6, STM32U595VIT6Q, STM32U595VJT6, STM32U595VJT6Q, STM32U595ZIT6, STM32U595ZIT6Q, STM32U595ZIY6QTR, STM32U595ZJT6, STM32U595ZJT6Q, STM32U595ZJY6QTR, STM32U599BJY6QTR, STM32U599NIH6Q, STM32U599NJH6Q, STM32U599VIT6Q, STM32U599VJT6, STM32U599VJT6Q, STM32U599ZIT6Q, STM32U599ZIY6QTR, STM32U599ZJT6Q, STM32U599ZJY6QTR, STM32U5A5AJH6, STM32U5A5AJH6Q, STM32U5A5QII3Q , STM32U5A5QJI6, STM32U5A5QJI6Q, STM32U5A5RJT6, STM32U5A5RJT6Q, STM32U5A5VJT6, STM32U5A5VJT6Q, STM32U5A5ZJT6, STM32U5A5ZJT6Q, STM32U5A5ZJY6QTR, STM32U5A9BJY6QTR, STM32U5A9J-DK, STM32U5A9NJH6Q, STM32U5A9VJT6Q, STM32U5A9ZJT6Q, STM32U5A9ZJY6QTR, STM32U5F7VIT6, STM32U5F7VIT6Q, STM32U5F7VJT6, STM32U5F7VJT6Q, STM32U5F9BJY6QTR, STM32U5F9NJH6Q, STM32U5F9VIT6Q, STM32U5F9VJT6Q, STM32U5F9ZIJ6QTR, STM32U5F9ZIT6Q, STM32U5F9ZJJ6QTR, STM32U5F9ZJT6Q, STM32U5G7VJT6, STM32U5G7VJT6Q, STM32U5G9BJY6QTR, STM32U5G9J-DK1, STM32U5G9J-DK2, STM32U5G9NJH6Q, STM32U5G9VJT6Q, STM32U5G9ZJJ6QTR, STM32U5G9ZJT6Q, STM32WB05KZV6TR, STM32WB05KZV7TR, STM32WB05TZF6TR, STM32WB05TZF7TR, STM32WB06CCF6TR, STM32WB06CCF7TR, STM32WB06CCV6TR, STM32WB06CCV7TR, STM32WB06KCV6TR, STM32WB06KCV7TR, STM32WB07CCF6TR, STM32WB07CCF7TR, STM32WB07CCV6TR, STM32WB07CCV7TR, STM32WB07KCV6TR, STM32WB07KCV7TR, STM32WB09KEV6TR, STM32WB09KEV7TR, STM32WB09TEF6TR, STM32WB09TEF7TR, STM32WB1MMCH6, STM32WBA50KGU6, STM32WBA50KGU6TR, STM32WBA52CEU6, STM32WBA52CEU6TR, STM32WBA52CEU7, STM32WBA52CEU7TR, STM32WBA52CGU6, STM32WBA52CGU6TR, STM32WBA52CGU6U, STM32WBA52CGU7, STM32WBA52CGU7TR, STM32WBA52KEU6, STM32WBA52KEU6TR, STM32WBA52KGU6, STM32WBA52KGU6TR, STM32WBA54CEU6, STM32WBA54CEU6TR, STM32WBA54CEU7, STM32WBA54CEU7TR, STM32WBA54CGU6, STM32WBA54CGU6TR, STM32WBA54CGU7, STM32WBA54CGU7TR, STM32WBA54KEU6, STM32WBA54KEU6TR, STM32WBA54KEU7, STM32WBA54KEU7TR, STM32WBA54KGU6, STM32WBA54KGU6TR, STM32WBA54KGU7, STM32WBA54KGU7TR, STM32WBA55CEU6, STM32WBA55CEU6TR, STM32WBA55CEU7, STM32WBA55CEU7TR, STM32WBA55CGU6, STM32WBA55CGU6TR, STM32WBA55CGU6U, STM32WBA55CGU7, STM32WBA55CGU7TR, STM32WBA55G-DK1, STM32WBA55HEF6, STM32WBA55HEF7, STM32WBA55HGF6, STM32WBA55HGF7, STM32WBA55UEI6, STM32WBA55UEI6TR, STM32WBA55UEI7, STM32WBA55UEI7TR, STM32WBA55UGI6, STM32WBA55UGI6TR, STM32WBA55UGI7, STM32WBA55UGI7TR, STM32WBA5MMGH6TR, STM32WBA62MGF6, STM32WBA62MIF6, STM32WBA65MGF7, STM32WBA65MIF6, STM32WBA65MIF7, STM32WL30K8V6, STM32WL30KBV6, STM32WL31C8V6, STM32WL31CBV6, STM32WL31K8V6, STM32WL31KBV6, STM32WL33C8V6, STM32WL33C8V6X, STM32WL33CBV6, STM32WL33CBV6X, STM32WL33CCV6, STM32WL33CCV6A, STM32WL33CCV6X, STM32WL33K8V7, STM32WL33K8V7X, STM32WL33KBV7 , STM32WL33KBV7X, STM32WL33KCV7, STM32WL33KCV7X, STM32WL5MOCH6, STM32WL5MOCH6TR]
2025-09-24 10:59:55,108 [INFO] DbMcus:218 - Found 4801 MCUs, 4801 are supported
2025-09-24 10:59:55,108 [INFO] ApiDb:423 - Load user favorites file C:\Users\train/.stm32cubeide/favorites.mcus.txt: 0 item(s)
2025-09-24 10:59:55,109 [INFO] ApiDb:427 - User favorites MCUs=[]
2025-09-24 10:59:55,109 [INFO] DbMcus:224 - Set 0 / 0 favorites MCUs
2025-09-24 10:59:55,736 [INFO] ApiDb:423 - Load user favorites file C:\Users\train/.stm32cubeide/favorites.boards.txt: 1 item(s)
2025-09-24 10:59:55,737 [INFO] ApiDb:427 - User favorites Boards=[STM32F407G-DISC1]
2025-09-24 10:59:55,737 [INFO] DbBoards:198 - Set 1 / 1 favorites Boards
2025-09-24 10:59:55,818 [INFO] UtilMem:75 - End LoadConfig() Used Memory: 339596120 Bytes (377487360)
2025-09-24 10:59:55,970 [ERROR] LogOutputStream:75 - [STDERR_REDIRECT] [Fatal Error] :1:1: Premature end of file.
2025-09-24 10:59:55,971 [ERROR] LogOutputStream:75 - [STDERR_REDIRECT] 
2025-09-24 10:59:55,997 [WARN] ThirdParty:833 - waiting for thirdparty lock release [change project]
2025-09-24 10:59:55,998 [INFO] ThirdParty:835 - entering critical section [change project]
2025-09-24 10:59:55,998 [INFO] ThirdParty:1030 - CMSIS Pack Vendor :STMicroelectronics X-CUBE-PM33A1 1.0.0
2025-09-24 10:59:55,998 [INFO] ThirdParty:1030 - CMSIS Pack Vendor :STMicroelectronics USBPD 4.1
2025-09-24 10:59:55,998 [INFO] ThirdParty:1030 - CMSIS Pack Vendor :STMicroelectronics X-CUBE-NFC9 1.0.0
2025-09-24 10:59:55,998 [INFO] ThirdParty:1030 - CMSIS Pack Vendor :STMicroelectronics USB_HOST 2.0.0
2025-09-24 10:59:55,998 [INFO] ThirdParty:1030 - CMSIS Pack Vendor :STMicroelectronics FP-SNS-MOTENVWB1 1.4.0
2025-09-24 10:59:55,998 [INFO] ThirdParty:1030 - CMSIS Pack Vendor :STMicroelectronics X-CUBE-AZRTOS-F4 1.1.0
2025-09-24 10:59:55,998 [INFO] ThirdParty:1030 - CMSIS Pack Vendor :STMicroelectronics LIBJPEG 8.0.0
2025-09-24 10:59:55,998 [INFO] ThirdParty:1030 - CMSIS Pack Vendor :STMicroelectronics FP-ATR-ASTRA1 2.0.2
2025-09-24 10:59:55,998 [INFO] ThirdParty:1030 - CMSIS Pack Vendor :wolfSSL I-CUBE-wolfSSL 5.8.2
2025-09-24 10:59:55,998 [INFO] ThirdParty:1030 - CMSIS Pack Vendor :STMicroelectronics X-CUBE-BLE1 7.1.0
2025-09-24 10:59:55,998 [INFO] ThirdParty:1030 - CMSIS Pack Vendor :STMicroelectronics X-CUBE-SMBUS 2.1.0
2025-09-24 10:59:55,998 [INFO] ThirdParty:1030 - CMSIS Pack Vendor :wolfSSL I-CUBE-wolfMQTT 1.19.2
2025-09-24 10:59:55,999 [INFO] ThirdParty:1030 - CMSIS Pack Vendor :STMicroelectronics USB_DEVICE 3.0.0
2025-09-24 10:59:55,999 [INFO] ThirdParty:1030 - CMSIS Pack Vendor :STMicroelectronics X-CUBE-ISPU 2.1.0
2025-09-24 10:59:55,999 [INFO] ThirdParty:1030 - CMSIS Pack Vendor :STMicroelectronics X-CUBE-EEPRMA1 5.2.0
2025-09-24 10:59:55,999 [INFO] ThirdParty:1030 - CMSIS Pack Vendor :STMicroelectronics X-CUBE-BLEMGR 4.1.0
2025-09-24 10:59:55,999 [INFO] ThirdParty:1030 - CMSIS Pack Vendor :STMicroelectronics X-CUBE-AZRTOS-WB 2.0.0
2025-09-24 10:59:55,999 [INFO] ThirdParty:1030 - CMSIS Pack Vendor :STMicroelectronics X-CUBE-ST60 1.0.0
2025-09-24 10:59:55,999 [INFO] ThirdParty:1030 - CMSIS Pack Vendor :STMicroelectronics X-CUBE-GNSS1 7.0.1
2025-09-24 10:59:55,999 [INFO] ThirdParty:1030 - CMSIS Pack Vendor :STMicroelectronics X-CUBE-NFC12 1.0.0
2025-09-24 10:59:55,999 [INFO] ThirdParty:1030 - CMSIS Pack Vendor :STMicroelectronics X-CUBE-AZRTOS-F7 1.1.0
2025-09-24 10:59:55,999 [INFO] ThirdParty:1030 - CMSIS Pack Vendor :STMicroelectronics X-CUBE-AZRTOS-L5 2.0.0
2025-09-24 10:59:55,999 [INFO] ThirdParty:1030 - CMSIS Pack Vendor :STMicroelectronics X-CUBE-TOUCHGFX 4.25.0
2025-09-24 10:59:55,999 [INFO] ThirdParty:1030 - CMSIS Pack Vendor :STMicroelectronics USB_DEVICE 2.0.0
2025-09-24 10:59:55,999 [INFO] ThirdParty:1030 - CMSIS Pack Vendor :STMicroelectronics X-CUBE-NFC6 3.1.0
2025-09-24 10:59:55,999 [INFO] ThirdParty:1030 - CMSIS Pack Vendor :quantropi X-CUBE-qispace-sdk-base 2.1.0
2025-09-24 10:59:55,999 [INFO] ThirdParty:1030 - CMSIS Pack Vendor :STMicroelectronics FreeRTOS 0.0.1
2025-09-24 10:59:55,999 [INFO] ThirdParty:1030 - CMSIS Pack Vendor :STMicroelectronics X-CUBE-AZRTOS-G0 1.1.0
2025-09-24 10:59:55,999 [INFO] ThirdParty:1030 - CMSIS Pack Vendor :STMicroelectronics X-CUBE-SAFEA1 1.2.2
2025-09-24 10:59:55,999 [INFO] ThirdParty:1030 - CMSIS Pack Vendor :STMicroelectronics X-CUBE-NFC4 3.0.0
2025-09-24 10:59:55,999 [INFO] ThirdParty:1030 - CMSIS Pack Vendor :STMicroelectronics X-CUBE-SUBG2 5.0.0
2025-09-24 10:59:55,999 [INFO] ThirdParty:1030 - CMSIS Pack Vendor :STMicroelectronics X-CUBE-AZRTOS-H7RS 1.1.0
2025-09-24 10:59:56,000 [INFO] ThirdParty:1030 - CMSIS Pack Vendor :STMicroelectronics STM32_WPAN 1.0.0
2025-09-24 10:59:56,000 [INFO] ThirdParty:1030 - CMSIS Pack Vendor :EmbeddedOffice I-CUBE-FS-RTOS 1.0.1
2025-09-24 10:59:56,000 [INFO] ThirdParty:1030 - CMSIS Pack Vendor :STMicroelectronics lwIP 2.0.3
2025-09-24 10:59:56,000 [INFO] ThirdParty:1030 - CMSIS Pack Vendor :Cesanta I-CUBE-Mongoose 7.13.0
2025-09-24 10:59:56,000 [INFO] ThirdParty:1030 - CMSIS Pack Vendor :STMicroelectronics USB_HOST 1.0.0
2025-09-24 10:59:56,000 [INFO] ThirdParty:1030 - CMSIS Pack Vendor :Infineon AIROC-Wi-Fi-Bluetooth-STM32 1.7.1
2025-09-24 10:59:56,000 [INFO] ThirdParty:1030 - CMSIS Pack Vendor :STMicroelectronics X-CUBE-AZRTOS-G4 2.0.0
2025-09-24 10:59:56,000 [INFO] ThirdParty:1030 - CMSIS Pack Vendor :STMicroelectronics X-CUBE-WB05N 2.0.0
2025-09-24 10:59:56,000 [INFO] ThirdParty:1030 - CMSIS Pack Vendor :STMicroelectronics PDM2PCM 3.1.0
2025-09-24 10:59:56,000 [INFO] ThirdParty:1030 - CMSIS Pack Vendor :STMicroelectronics PDM2PCM 3.3.0
2025-09-24 10:59:56,000 [INFO] ThirdParty:1030 - CMSIS Pack Vendor :wolfSSL I-CUBE-wolfTPM 3.8.0
2025-09-24 10:59:56,000 [INFO] ThirdParty:1030 - CMSIS Pack Vendor :STMicroelectronics X-CUBE-AZRTOS-H7 3.4.0
2025-09-24 10:59:56,000 [INFO] ThirdParty:1030 - CMSIS Pack Vendor :STMicroelectronics X-CUBE-DISPLAY 3.0.0
2025-09-24 10:59:56,000 [INFO] ThirdParty:1030 - CMSIS Pack Vendor :wolfSSL I-CUBE-wolfSSH 1.4.20
2025-09-24 10:59:56,000 [INFO] ThirdParty:1030 - CMSIS Pack Vendor :STMicroelectronics X-CUBE-NFC7 2.0.0
2025-09-24 10:59:56,000 [INFO] ThirdParty:1030 - CMSIS Pack Vendor :STMicroelectronics X-CUBE-TCPP 4.2.0
2025-09-24 10:59:56,000 [INFO] ThirdParty:1030 - CMSIS Pack Vendor :RealThread X-CUBE-RT-Thread_Nano 4.1.1
2025-09-24 10:59:56,000 [INFO] ThirdParty:1030 - CMSIS Pack Vendor :STMicroelectronics FP-ATR-SIGFOX1 3.2.0
2025-09-24 10:59:56,000 [INFO] ThirdParty:1030 - CMSIS Pack Vendor :STMicroelectronics X-CUBE-NFC10 1.0.0
2025-09-24 10:59:56,001 [INFO] ThirdParty:1030 - CMSIS Pack Vendor :STMicroelectronics X-CUBE-FREERTOS 1.3.1
2025-09-24 10:59:56,001 [INFO] ThirdParty:1030 - CMSIS Pack Vendor :STMicroelectronics HAL Drivers 0.0.0
2025-09-24 10:59:56,001 [INFO] ThirdParty:1030 - CMSIS Pack Vendor :STMicroelectronics MBEDTLS 2.16.2
2025-09-24 10:59:56,001 [INFO] ThirdParty:1030 - CMSIS Pack Vendor :STMicroelectronics X-CUBE-IPS 3.1.0
2025-09-24 10:59:56,001 [INFO] ThirdParty:1030 - CMSIS Pack Vendor :STMicroelectronics X-CUBE-ALS 1.0.2
2025-09-24 10:59:56,001 [INFO] ThirdParty:1030 - CMSIS Pack Vendor :emotas I-CUBE-CANOPEN 1.3.0
2025-09-24 10:59:56,001 [INFO] ThirdParty:1030 - CMSIS Pack Vendor :STMicroelectronics MBEDTLS 2.14.1
2025-09-24 10:59:56,001 [INFO] ThirdParty:1030 - CMSIS Pack Vendor :ITTIA_DB I-CUBE-ITTIADB 8.9.0
2025-09-24 10:59:56,001 [INFO] ThirdParty:1030 - CMSIS Pack Vendor :STMicroelectronics X-CUBE-STSE01 1.0.0
2025-09-24 10:59:56,001 [INFO] ThirdParty:1030 - CMSIS Pack Vendor :portGmbH I-Cube-SoM-uGOAL 1.1.0
2025-09-24 10:59:56,001 [INFO] ThirdParty:1030 - CMSIS Pack Vendor :STMicroelectronics X-CUBE-ST67W61 1.0.0
2025-09-24 10:59:56,001 [INFO] ThirdParty:1030 - CMSIS Pack Vendor :STMicroelectronics FP-SNS-STBOX1 2.1.0
2025-09-24 10:59:56,001 [INFO] ThirdParty:1030 - CMSIS Pack Vendor :STMicroelectronics X-CUBE-AI 10.2.0
2025-09-24 10:59:56,001 [INFO] ThirdParty:1030 - CMSIS Pack Vendor :STMicroelectronics FP-SNS-STAIOTCFT 1.0.0
2025-09-24 10:59:56,001 [INFO] ThirdParty:1030 - CMSIS Pack Vendor :STMicroelectronics ThreadX 1.0.0
2025-09-24 10:59:56,001 [INFO] ThirdParty:1030 - CMSIS Pack Vendor :STMicroelectronics FP-SNS-SMARTAG2 1.2.0
2025-09-24 10:59:56,001 [INFO] ThirdParty:1030 - CMSIS Pack Vendor :STMicroelectronics FP-SNS-FLIGHT1 5.1.0
2025-09-24 10:59:56,001 [INFO] ThirdParty:1030 - CMSIS Pack Vendor :STMicroelectronics X-CUBE-AZRTOS-WL 2.0.0
2025-09-24 10:59:56,001 [INFO] ThirdParty:1030 - CMSIS Pack Vendor :SEGGER I-CUBE-embOS 1.3.1
2025-09-24 10:59:56,002 [INFO] ThirdParty:1030 - CMSIS Pack Vendor :STMicroelectronics X-CUBE-ALGOBUILD 1.4.0
2025-09-24 10:59:56,002 [INFO] ThirdParty:1030 - CMSIS Pack Vendor :STMicroelectronics X-CUBE-DPower 1.3.0
2025-09-24 10:59:56,002 [INFO] ThirdParty:1030 - CMSIS Pack Vendor :STMicroelectronics X-CUBE-MEMS1 11.3.0
2025-09-24 10:59:56,002 [INFO] ThirdParty:1030 - CMSIS Pack Vendor :STMicroelectronics FP-SNS-MOTENV1 5.0.0
2025-09-24 10:59:56,002 [INFO] ThirdParty:1030 - CMSIS Pack Vendor :STMicroelectronics USB_DEVICE 1.0.0
2025-09-24 10:59:56,002 [INFO] ThirdParty:1030 - CMSIS Pack Vendor :STMicroelectronics X-CUBE-AZRTOS-L4 2.0.0
2025-09-24 10:59:56,002 [INFO] ThirdParty:1030 - CMSIS Pack Vendor :STMicroelectronics ThreadX 0.0.2
2025-09-24 10:59:56,002 [INFO] ThirdParty:1030 - CMSIS Pack Vendor :WES I-CUBE-Cesium 1.3.0
2025-09-24 10:59:56,002 [INFO] ThirdParty:1030 - CMSIS Pack Vendor :STMicroelectronics lwIP 2.1.2
2025-09-24 10:59:56,002 [INFO] ThirdParty:1030 - CMSIS Pack Vendor :STMicroelectronics X-CUBE-SFXS2LP1 4.0.0
2025-09-24 10:59:56,002 [INFO] ThirdParty:1030 - CMSIS Pack Vendor :STMicroelectronics X-CUBE-BLE2 3.3.0
2025-09-24 10:59:56,002 [INFO] ThirdParty:1030 - CMSIS Pack Vendor :STMicroelectronics X-CUBE-TOF1 3.4.3
2025-09-24 10:59:56,002 [INFO] ThirdParty:1030 - CMSIS Pack Vendor :STMicroelectronics PDM2PCM 3.2.0
2025-09-24 10:59:56,002 [INFO] ThirdParty:841 - exiting critical section [change project]
2025-09-24 10:59:56,860 [INFO] PinOutPanel:1589 - setPackage(No Configuration,No Configuration)
2025-09-24 10:59:56,862 [INFO] PinOutPanel:1589 - setPackage(STM32F407VGTx,LQFP100)
2025-09-24 10:59:56,990 [ERROR] LogOutputStream:75 - [STDERR_REDIRECT] [Fatal Error] :1:1: Premature end of file.
2025-09-24 10:59:56,992 [ERROR] LogOutputStream:75 - [STDERR_REDIRECT] 
2025-09-24 10:59:57,824 [INFO] UtilMem:75 - Before build in PCC Used Memory: 218285536 Bytes (377487360)
2025-09-24 10:59:58,043 [ERROR] LogOutputStream:75 - [STDERR_REDIRECT] [Fatal Error] :1:1: Premature end of file.
2025-09-24 10:59:58,044 [ERROR] LogOutputStream:75 - [STDERR_REDIRECT] 
2025-09-24 10:59:58,996 [ERROR] LogOutputStream:75 - [STDERR_REDIRECT] [Fatal Error] :1:1: Premature end of file.
2025-09-24 10:59:58,998 [ERROR] LogOutputStream:75 - [STDERR_REDIRECT] 
2025-09-24 10:59:59,474 [INFO] UtilMem:75 - After build in PCC Used Memory: 281772784 Bytes (377487360)
2025-09-24 10:59:59,538 [INFO] IPUIPlugin:80 - create IPUIPlugin
2025-09-24 10:59:59,538 [INFO] IPUIPlugin:80 - create IPUIPlugin
2025-09-24 10:59:59,539 [INFO] IPUIPlugin:80 - create IPUIPlugin
2025-09-24 10:59:59,539 [INFO] IPUIPlugin:80 - create IPUIPlugin
2025-09-24 10:59:59,539 [INFO] IPUIPlugin:80 - create IPUIPlugin
2025-09-24 10:59:59,540 [INFO] IPUIPlugin:80 - create IPUIPlugin
2025-09-24 10:59:59,540 [INFO] IPUIPlugin:80 - create IPUIPlugin
2025-09-24 10:59:59,541 [INFO] IPUIPlugin:80 - create IPUIPlugin
2025-09-24 10:59:59,541 [INFO] IPUIPlugin:80 - create IPUIPlugin
2025-09-24 10:59:59,541 [INFO] IPUIPlugin:80 - create IPUIPlugin
2025-09-24 10:59:59,542 [INFO] IPUIPlugin:80 - create IPUIPlugin
2025-09-24 10:59:59,542 [INFO] IPUIPlugin:80 - create IPUIPlugin
2025-09-24 10:59:59,542 [INFO] IPUIPlugin:80 - create IPUIPlugin
2025-09-24 10:59:59,542 [INFO] IPUIPlugin:80 - create IPUIPlugin
2025-09-24 10:59:59,542 [INFO] IPUIPlugin:80 - create IPUIPlugin
2025-09-24 10:59:59,542 [INFO] IPUIPlugin:80 - create IPUIPlugin
2025-09-24 10:59:59,542 [INFO] IPUIPlugin:80 - create IPUIPlugin
2025-09-24 10:59:59,542 [INFO] IPUIPlugin:80 - create IPUIPlugin
2025-09-24 10:59:59,542 [INFO] IPUIPlugin:80 - create IPUIPlugin
2025-09-24 10:59:59,543 [INFO] IPUIPlugin:80 - create IPUIPlugin
2025-09-24 10:59:59,543 [INFO] IPUIPlugin:80 - create IPUIPlugin
2025-09-24 10:59:59,543 [INFO] IPUIPlugin:80 - create IPUIPlugin
2025-09-24 10:59:59,543 [INFO] IPUIPlugin:80 - create IPUIPlugin
2025-09-24 10:59:59,544 [INFO] IPUIPlugin:80 - create IPUIPlugin
2025-09-24 10:59:59,544 [INFO] IPUIPlugin:80 - create IPUIPlugin
2025-09-24 10:59:59,544 [INFO] IPUIPlugin:80 - create IPUIPlugin
2025-09-24 10:59:59,544 [INFO] IPUIPlugin:80 - create IPUIPlugin
2025-09-24 10:59:59,545 [INFO] IPUIPlugin:80 - create IPUIPlugin
2025-09-24 10:59:59,545 [INFO] IPUIPlugin:80 - create IPUIPlugin
2025-09-24 10:59:59,545 [INFO] IPUIPlugin:80 - create IPUIPlugin
2025-09-24 10:59:59,545 [INFO] IPUIPlugin:80 - create IPUIPlugin
2025-09-24 10:59:59,545 [INFO] IPUIPlugin:80 - create IPUIPlugin
2025-09-24 10:59:59,546 [INFO] IPUIPlugin:80 - create IPUIPlugin
2025-09-24 10:59:59,546 [INFO] IPUIPlugin:80 - create IPUIPlugin
2025-09-24 10:59:59,547 [INFO] IPUIPlugin:80 - create IPUIPlugin
2025-09-24 10:59:59,547 [INFO] IPUIPlugin:80 - create IPUIPlugin
2025-09-24 10:59:59,547 [INFO] IPUIPlugin:80 - create IPUIPlugin
2025-09-24 10:59:59,548 [INFO] IPUIPlugin:80 - create IPUIPlugin
2025-09-24 10:59:59,548 [INFO] IPUIPlugin:80 - create IPUIPlugin
2025-09-24 10:59:59,548 [INFO] IPUIPlugin:80 - create IPUIPlugin
2025-09-24 10:59:59,548 [INFO] IPUIPlugin:80 - create IPUIPlugin
2025-09-24 10:59:59,549 [INFO] IPUIPlugin:80 - create IPUIPlugin
2025-09-24 10:59:59,549 [INFO] IPUIPlugin:80 - create IPUIPlugin
2025-09-24 10:59:59,549 [INFO] IPUIPlugin:80 - create IPUIPlugin
2025-09-24 10:59:59,550 [INFO] IPUIPlugin:80 - create IPUIPlugin
2025-09-24 10:59:59,550 [INFO] IPUIPlugin:80 - create IPUIPlugin
2025-09-24 10:59:59,550 [INFO] IPUIPlugin:80 - create IPUIPlugin
2025-09-24 10:59:59,551 [INFO] IPUIPlugin:80 - create IPUIPlugin
2025-09-24 10:59:59,551 [INFO] IPUIPlugin:80 - create IPUIPlugin
2025-09-24 10:59:59,551 [INFO] IPUIPlugin:80 - create IPUIPlugin
2025-09-24 10:59:59,552 [INFO] IPUIPlugin:80 - create IPUIPlugin
2025-09-24 10:59:59,552 [INFO] IPUIPlugin:80 - create IPUIPlugin
2025-09-24 10:59:59,552 [INFO] IPUIPlugin:80 - create IPUIPlugin
2025-09-24 10:59:59,553 [INFO] IPUIPlugin:80 - create IPUIPlugin
2025-09-24 10:59:59,553 [INFO] IPUIPlugin:80 - create IPUIPlugin
2025-09-24 10:59:59,554 [INFO] IPUIPlugin:80 - create IPUIPlugin
2025-09-24 10:59:59,554 [INFO] IPUIPlugin:80 - create IPUIPlugin
2025-09-24 10:59:59,555 [INFO] IPUIPlugin:80 - create IPUIPlugin
2025-09-24 10:59:59,845 [INFO] ApiDbMcu:532 - Load IP Config File for PDM2PCM
2025-09-24 10:59:59,992 [ERROR] LogOutputStream:75 - [STDERR_REDIRECT] [Fatal Error] :1:1: Premature end of file.
2025-09-24 10:59:59,993 [ERROR] LogOutputStream:75 - [STDERR_REDIRECT] 
2025-09-24 11:00:00,314 [INFO] CADModel:165 - CPN selected for project levelSTM32F407VGT6
2025-09-24 11:00:00,314 [INFO] CADModel:114 - Register for checkConnection events
2025-09-24 11:00:00,409 [INFO] OpenFileManager:386 - Restore cursor
2025-09-24 11:00:00,767 [ERROR] LogOutputStream:75 - [STDERR_REDIRECT] Exception in thread "AWT-EventQueue-0" java.lang.NullPointerException: Cannot invoke "com.st.stm32cube.common.mx.oss.core.awtswtbridge.EmbeddedSwingComposite$AwtContext.setContentPane(java.awt.Container)" because "this.awtContext" is null
2025-09-24 11:00:00,771 [ERROR] LogOutputStream:75 - [STDERR_REDIRECT] 	at com.st.stm32cube.common.mx.oss.core.awtswtbridge.EmbeddedSwingComposite.doComponentCreation(EmbeddedSwingComposite.java:494)
2025-09-24 11:00:00,777 [ERROR] LogOutputStream:75 - [STDERR_REDIRECT] 	at com.st.stm32cube.common.mx.oss.core.awtswtbridge.EmbeddedSwingComposite$4.run(EmbeddedSwingComposite.java:291)
2025-09-24 11:00:00,782 [ERROR] LogOutputStream:75 - [STDERR_REDIRECT] 	at com.st.stm32cube.common.mx.oss.core.awtswtbridge.AwtEnvironment$2.run(AwtEnvironment.java:166)
2025-09-24 11:00:00,786 [ERROR] LogOutputStream:75 - [STDERR_REDIRECT] 	at java.desktop/java.awt.event.InvocationEvent.dispatch(InvocationEvent.java:318)
2025-09-24 11:00:00,791 [ERROR] LogOutputStream:75 - [STDERR_REDIRECT] 	at java.desktop/java.awt.EventQueue.dispatchEventImpl(EventQueue.java:773)
2025-09-24 11:00:00,793 [ERROR] LogOutputStream:75 - [STDERR_REDIRECT] 	at java.desktop/java.awt.EventQueue$4.run(EventQueue.java:720)
2025-09-24 11:00:00,795 [ERROR] LogOutputStream:75 - [STDERR_REDIRECT] 	at java.desktop/java.awt.EventQueue$4.run(EventQueue.java:714)
2025-09-24 11:00:00,799 [ERROR] LogOutputStream:75 - [STDERR_REDIRECT] 	at java.base/java.security.AccessController.doPrivileged(AccessController.java:400)
2025-09-24 11:00:00,804 [ERROR] LogOutputStream:75 - [STDERR_REDIRECT] 	at java.base/java.security.ProtectionDomain$JavaSecurityAccessImpl.doIntersectionPrivilege(ProtectionDomain.java:87)
2025-09-24 11:00:00,809 [ERROR] LogOutputStream:75 - [STDERR_REDIRECT] 	at java.desktop/java.awt.EventQueue.dispatchEvent(EventQueue.java:742)
2025-09-24 11:00:00,812 [ERROR] LogOutputStream:75 - [STDERR_REDIRECT] 	at java.desktop/java.awt.EventDispatchThread.pumpOneEventForFilters(EventDispatchThread.java:203)
2025-09-24 11:00:00,814 [ERROR] LogOutputStream:75 - [STDERR_REDIRECT] 	at java.desktop/java.awt.EventDispatchThread.pumpEventsForFilter(EventDispatchThread.java:124)
2025-09-24 11:00:00,819 [ERROR] LogOutputStream:75 - [STDERR_REDIRECT] 	at java.desktop/java.awt.EventDispatchThread.pumpEventsForHierarchy(EventDispatchThread.java:113)
2025-09-24 11:00:00,821 [ERROR] LogOutputStream:75 - [STDERR_REDIRECT] 	at java.desktop/java.awt.EventDispatchThread.pumpEvents(EventDispatchThread.java:109)
2025-09-24 11:00:00,825 [ERROR] LogOutputStream:75 - [STDERR_REDIRECT] 	at java.desktop/java.awt.EventDispatchThread.pumpEvents(EventDispatchThread.java:101)
2025-09-24 11:00:00,827 [ERROR] LogOutputStream:75 - [STDERR_REDIRECT] 	at java.desktop/java.awt.EventDispatchThread.run(EventDispatchThread.java:90)
2025-09-24 11:00:00,985 [ERROR] LogOutputStream:75 - [STDERR_REDIRECT] [Fatal Error] :1:1: Premature end of file.
2025-09-24 11:00:00,985 [ERROR] LogOutputStream:75 - [STDERR_REDIRECT] 
2025-09-24 11:00:01,972 [ERROR] LogOutputStream:75 - [STDERR_REDIRECT] [Fatal Error] :1:1: Premature end of file.
2025-09-24 11:00:01,973 [ERROR] LogOutputStream:75 - [STDERR_REDIRECT] 
2025-09-24 11:00:02,969 [ERROR] LogOutputStream:75 - [STDERR_REDIRECT] [Fatal Error] :1:1: Premature end of file.
2025-09-24 11:00:02,970 [ERROR] LogOutputStream:75 - [STDERR_REDIRECT] 
2025-09-24 11:00:04,011 [ERROR] LogOutputStream:75 - [STDERR_REDIRECT] [Fatal Error] :1:1: Premature end of file.
2025-09-24 11:00:04,012 [ERROR] LogOutputStream:75 - [STDERR_REDIRECT] 
2025-09-24 11:00:04,974 [ERROR] LogOutputStream:75 - [STDERR_REDIRECT] [Fatal Error] :1:1: Premature end of file.
2025-09-24 11:00:04,974 [ERROR] LogOutputStream:75 - [STDERR_REDIRECT] 
2025-09-24 11:00:05,999 [ERROR] LogOutputStream:75 - [STDERR_REDIRECT] [Fatal Error] :1:1: Premature end of file.
2025-09-24 11:00:06,000 [ERROR] LogOutputStream:75 - [STDERR_REDIRECT] 
2025-09-24 11:00:06,997 [ERROR] LogOutputStream:75 - [STDERR_REDIRECT] [Fatal Error] :1:1: Premature end of file.
2025-09-24 11:00:06,997 [ERROR] LogOutputStream:75 - [STDERR_REDIRECT] 
2025-09-24 11:00:07,071 [INFO] MainUpdater:2872 - connection check result : 10
2025-09-24 11:00:07,427 [INFO] McuFinderGlobals:76 - Set McuFinderConnectedMode to true
2025-09-24 11:00:07,441 [INFO] MultiScanPanel:200 - Auto-refresh data requested => check proxy status ongoing
2025-09-24 11:00:07,444 [INFO] FinderPluginLoader:96 - Searching for filters in installed packs
2025-09-24 11:00:07,988 [ERROR] LogOutputStream:75 - [STDERR_REDIRECT] [Fatal Error] :1:1: Premature end of file.
2025-09-24 11:00:07,990 [ERROR] LogOutputStream:75 - [STDERR_REDIRECT] 
2025-09-24 11:00:08,998 [ERROR] LogOutputStream:75 - [STDERR_REDIRECT] [Fatal Error] :1:1: Premature end of file.
2025-09-24 11:00:08,999 [ERROR] LogOutputStream:75 - [STDERR_REDIRECT] 
2025-09-24 11:00:09,786 [INFO] LoadUrlFilesThread:185 - End of LoadServerUrlFiles without Thread
2025-09-24 11:00:09,939 [INFO] DetailPanel:341 - Set advertising image to C:/Users/train/STM32Cube/Repository/\en.2400x1350px.jpeg
2025-09-24 11:00:09,982 [ERROR] LogOutputStream:75 - [STDERR_REDIRECT] [Fatal Error] :1:1: Premature end of file.
2025-09-24 11:00:09,982 [ERROR] LogOutputStream:75 - [STDERR_REDIRECT] 
2025-09-24 11:00:11,061 [ERROR] LogOutputStream:75 - [STDERR_REDIRECT] [Fatal Error] :1:1: Premature end of file.
2025-09-24 11:00:11,062 [ERROR] LogOutputStream:75 - [STDERR_REDIRECT] 
2025-09-24 11:00:12,019 [ERROR] LogOutputStream:75 - [STDERR_REDIRECT] [Fatal Error] :1:1: Premature end of file.
2025-09-24 11:00:12,020 [ERROR] LogOutputStream:75 - [STDERR_REDIRECT] 
2025-09-24 11:00:13,034 [ERROR] LogOutputStream:75 - [STDERR_REDIRECT] [Fatal Error] :1:1: Premature end of file.
2025-09-24 11:00:13,036 [ERROR] LogOutputStream:75 - [STDERR_REDIRECT] 
2025-09-24 11:00:13,993 [ERROR] LogOutputStream:75 - [STDERR_REDIRECT] [Fatal Error] :1:1: Premature end of file.
2025-09-24 11:00:13,995 [ERROR] LogOutputStream:75 - [STDERR_REDIRECT] 
2025-09-24 11:00:15,005 [ERROR] LogOutputStream:75 - [STDERR_REDIRECT] [Fatal Error] :1:1: Premature end of file.
2025-09-24 11:00:15,005 [ERROR] LogOutputStream:75 - [STDERR_REDIRECT] 
2025-09-24 11:00:15,978 [ERROR] LogOutputStream:75 - [STDERR_REDIRECT] [Fatal Error] :1:1: Premature end of file.
2025-09-24 11:00:15,979 [ERROR] LogOutputStream:75 - [STDERR_REDIRECT] 
2025-09-24 11:00:16,974 [ERROR] LogOutputStream:75 - [STDERR_REDIRECT] [Fatal Error] :1:1: Premature end of file.
2025-09-24 11:00:16,974 [ERROR] LogOutputStream:75 - [STDERR_REDIRECT] 
2025-09-24 11:00:17,975 [ERROR] LogOutputStream:75 - [STDERR_REDIRECT] [Fatal Error] :1:1: Premature end of file.
2025-09-24 11:00:17,976 [ERROR] LogOutputStream:75 - [STDERR_REDIRECT] 
2025-09-24 11:00:18,972 [ERROR] LogOutputStream:75 - [STDERR_REDIRECT] [Fatal Error] :1:1: Premature end of file.
2025-09-24 11:00:18,972 [ERROR] LogOutputStream:75 - [STDERR_REDIRECT] 
2025-09-24 11:00:19,980 [ERROR] LogOutputStream:75 - [STDERR_REDIRECT] [Fatal Error] :1:1: Premature end of file.
2025-09-24 11:00:19,980 [ERROR] LogOutputStream:75 - [STDERR_REDIRECT] 
2025-09-24 11:00:20,978 [ERROR] LogOutputStream:75 - [STDERR_REDIRECT] [Fatal Error] :1:1: Premature end of file.
2025-09-24 11:00:20,979 [ERROR] LogOutputStream:75 - [STDERR_REDIRECT] 
2025-09-24 11:00:21,982 [ERROR] LogOutputStream:75 - [STDERR_REDIRECT] [Fatal Error] :1:1: Premature end of file.
2025-09-24 11:00:21,983 [ERROR] LogOutputStream:75 - [STDERR_REDIRECT] 
2025-09-24 11:00:22,985 [ERROR] LogOutputStream:75 - [STDERR_REDIRECT] [Fatal Error] :1:1: Premature end of file.
2025-09-24 11:00:22,986 [ERROR] LogOutputStream:75 - [STDERR_REDIRECT] 
2025-09-24 11:00:23,980 [ERROR] LogOutputStream:75 - [STDERR_REDIRECT] [Fatal Error] :1:1: Premature end of file.
2025-09-24 11:00:23,980 [ERROR] LogOutputStream:75 - [STDERR_REDIRECT] 
2025-09-24 11:00:24,978 [ERROR] LogOutputStream:75 - [STDERR_REDIRECT] [Fatal Error] :1:1: Premature end of file.
2025-09-24 11:00:24,978 [ERROR] LogOutputStream:75 - [STDERR_REDIRECT] 
2025-09-24 11:00:25,979 [ERROR] LogOutputStream:75 - [STDERR_REDIRECT] [Fatal Error] :1:1: Premature end of file.
2025-09-24 11:00:25,979 [ERROR] LogOutputStream:75 - [STDERR_REDIRECT] 
2025-09-24 11:00:27,008 [ERROR] LogOutputStream:75 - [STDERR_REDIRECT] [Fatal Error] :1:1: Premature end of file.
2025-09-24 11:00:27,008 [ERROR] LogOutputStream:75 - [STDERR_REDIRECT] 
2025-09-24 11:00:27,970 [ERROR] LogOutputStream:75 - [STDERR_REDIRECT] [Fatal Error] :1:1: Premature end of file.
2025-09-24 11:00:27,971 [ERROR] LogOutputStream:75 - [STDERR_REDIRECT] 
2025-09-24 11:00:28,983 [ERROR] LogOutputStream:75 - [STDERR_REDIRECT] [Fatal Error] :1:1: Premature end of file.
2025-09-24 11:00:28,983 [ERROR] LogOutputStream:75 - [STDERR_REDIRECT] 
2025-09-24 11:00:29,975 [ERROR] LogOutputStream:75 - [STDERR_REDIRECT] [Fatal Error] :1:1: Premature end of file.
2025-09-24 11:00:29,975 [ERROR] LogOutputStream:75 - [STDERR_REDIRECT] 
2025-09-24 11:00:31,135 [ERROR] LogOutputStream:75 - [STDERR_REDIRECT] [Fatal Error] :1:1: Premature end of file.
2025-09-24 11:00:31,136 [ERROR] LogOutputStream:75 - [STDERR_REDIRECT] 
2025-09-24 11:00:31,969 [ERROR] LogOutputStream:75 - [STDERR_REDIRECT] [Fatal Error] :1:1: Premature end of file.
2025-09-24 11:00:31,970 [ERROR] LogOutputStream:75 - [STDERR_REDIRECT] 
2025-09-24 11:00:32,969 [ERROR] LogOutputStream:75 - [STDERR_REDIRECT] [Fatal Error] :1:1: Premature end of file.
2025-09-24 11:00:32,970 [ERROR] LogOutputStream:75 - [STDERR_REDIRECT] 
2025-09-24 11:00:34,020 [ERROR] LogOutputStream:75 - [STDERR_REDIRECT] [Fatal Error] :1:1: Premature end of file.
2025-09-24 11:00:34,021 [ERROR] LogOutputStream:75 - [STDERR_REDIRECT] 
2025-09-24 11:00:34,983 [ERROR] LogOutputStream:75 - [STDERR_REDIRECT] [Fatal Error] :1:1: Premature end of file.
2025-09-24 11:00:34,984 [ERROR] LogOutputStream:75 - [STDERR_REDIRECT] 
2025-09-24 11:00:35,967 [ERROR] LogOutputStream:75 - [STDERR_REDIRECT] [Fatal Error] :1:1: Premature end of file.
2025-09-24 11:00:35,968 [ERROR] LogOutputStream:75 - [STDERR_REDIRECT] 
2025-09-24 11:00:36,970 [ERROR] LogOutputStream:75 - [STDERR_REDIRECT] [Fatal Error] :1:1: Premature end of file.
2025-09-24 11:00:36,970 [ERROR] LogOutputStream:75 - [STDERR_REDIRECT] 
2025-09-24 11:00:37,975 [ERROR] LogOutputStream:75 - [STDERR_REDIRECT] [Fatal Error] :1:1: Premature end of file.
2025-09-24 11:00:37,976 [ERROR] LogOutputStream:75 - [STDERR_REDIRECT] 
2025-09-24 11:00:38,971 [ERROR] LogOutputStream:75 - [STDERR_REDIRECT] [Fatal Error] :1:1: Premature end of file.
2025-09-24 11:00:38,971 [ERROR] LogOutputStream:75 - [STDERR_REDIRECT] 
2025-09-24 11:00:39,993 [ERROR] LogOutputStream:75 - [STDERR_REDIRECT] [Fatal Error] :1:1: Premature end of file.
2025-09-24 11:00:39,994 [ERROR] LogOutputStream:75 - [STDERR_REDIRECT] 
2025-09-24 11:00:41,113 [ERROR] LogOutputStream:75 - [STDERR_REDIRECT] [Fatal Error] :1:1: Premature end of file.
2025-09-24 11:00:41,114 [ERROR] LogOutputStream:75 - [STDERR_REDIRECT] 
2025-09-24 11:00:41,970 [ERROR] LogOutputStream:75 - [STDERR_REDIRECT] [Fatal Error] :1:1: Premature end of file.
2025-09-24 11:00:41,971 [ERROR] LogOutputStream:75 - [STDERR_REDIRECT] 
2025-09-24 11:00:42,728 [INFO] McuFinderGlobals:76 - Set McuFinderConnectedMode to true
2025-09-24 11:00:42,934 [INFO] ApiDb:448 - Save user favorites file C:\Users\train/.stm32cubeide/favorites.mcus.txt: 0 item(s)
2025-09-24 11:00:42,935 [INFO] ApiDb:452 - User favorites MCUs=[]
2025-09-24 11:00:43,305 [ERROR] LogOutputStream:75 - [STDERR_REDIRECT] [Fatal Error] :1:1: Premature end of file.
2025-09-24 11:00:43,312 [ERROR] LogOutputStream:75 - [STDERR_REDIRECT] 
2025-09-24 11:00:44,016 [ERROR] LogOutputStream:75 - [STDERR_REDIRECT] [Fatal Error] :1:1: Premature end of file.
2025-09-24 11:00:44,017 [ERROR] LogOutputStream:75 - [STDERR_REDIRECT] 
2025-09-24 11:00:44,976 [ERROR] LogOutputStream:75 - [STDERR_REDIRECT] [Fatal Error] :1:1: Premature end of file.
2025-09-24 11:00:44,977 [ERROR] LogOutputStream:75 - [STDERR_REDIRECT] 
2025-09-24 11:00:45,981 [ERROR] LogOutputStream:75 - [STDERR_REDIRECT] [Fatal Error] :1:1: Premature end of file.
2025-09-24 11:00:45,982 [ERROR] LogOutputStream:75 - [STDERR_REDIRECT] 
2025-09-24 11:00:46,972 [ERROR] LogOutputStream:75 - [STDERR_REDIRECT] [Fatal Error] :1:1: Premature end of file.
2025-09-24 11:00:46,972 [ERROR] LogOutputStream:75 - [STDERR_REDIRECT] 
2025-09-24 11:00:47,852 [INFO] MainUpdater:2872 - connection check result : 10
2025-09-24 11:00:47,996 [ERROR] LogOutputStream:75 - [STDERR_REDIRECT] [Fatal Error] :1:1: Premature end of file.
2025-09-24 11:00:47,996 [ERROR] LogOutputStream:75 - [STDERR_REDIRECT] 
2025-09-24 11:00:48,046 [INFO] McuFinderGlobals:76 - Set McuFinderConnectedMode to true
2025-09-24 11:00:48,048 [INFO] MultiScanPanel:200 - Auto-refresh data requested => check proxy status ongoing
2025-09-24 11:00:48,048 [INFO] FinderPluginLoader:96 - Searching for filters in installed packs
2025-09-24 11:00:48,996 [ERROR] LogOutputStream:75 - [STDERR_REDIRECT] [Fatal Error] :1:1: Premature end of file.
2025-09-24 11:00:48,997 [ERROR] LogOutputStream:75 - [STDERR_REDIRECT] 
2025-09-24 11:00:49,578 [INFO] LoadUrlFilesThread:185 - End of LoadServerUrlFiles without Thread
2025-09-24 11:00:49,579 [INFO] DetailPanel:341 - Set advertising image to C:/Users/train/STM32Cube/Repository/\en.2400x1350px.jpeg
2025-09-24 11:00:50,090 [ERROR] LogOutputStream:75 - [STDERR_REDIRECT] [Fatal Error] :1:1: Premature end of file.
2025-09-24 11:00:50,090 [ERROR] LogOutputStream:75 - [STDERR_REDIRECT] 
2025-09-24 11:00:50,409 [INFO] MultiScanPanel:728 - adjusting invalid saved split location: -0.11
2025-09-24 11:00:50,746 [INFO] MultiScanPanel:728 - adjusting invalid saved split location: -0.11
2025-09-24 11:00:51,277 [ERROR] LogOutputStream:75 - [STDERR_REDIRECT] [Fatal Error] :1:1: Premature end of file.
2025-09-24 11:00:51,278 [ERROR] LogOutputStream:75 - [STDERR_REDIRECT] 
2025-09-24 11:00:52,358 [ERROR] LogOutputStream:75 - [STDERR_REDIRECT] [Fatal Error] :1:1: Premature end of file.
2025-09-24 11:00:52,359 [ERROR] LogOutputStream:75 - [STDERR_REDIRECT] 
2025-09-24 11:00:52,992 [ERROR] LogOutputStream:75 - [STDERR_REDIRECT] [Fatal Error] :1:1: Premature end of file.
2025-09-24 11:00:52,992 [ERROR] LogOutputStream:75 - [STDERR_REDIRECT] 
2025-09-24 11:00:54,006 [ERROR] LogOutputStream:75 - [STDERR_REDIRECT] [Fatal Error] :1:1: Premature end of file.
2025-09-24 11:00:54,007 [ERROR] LogOutputStream:75 - [STDERR_REDIRECT] 
2025-09-24 11:01:14,072 [INFO] Activator:176 - 


2025-09-24 11:01:14,074 [INFO] Activator:177 - !SESSION log4j initialized
2025-09-24 11:01:22,685 [INFO] LogOutputStream:77 - [STDOUT_REDIRECT] 
2025-09-24 11:01:24,439 [INFO] ApplicationProperties:184 - Using Application install path: C:\ST\STM32CubeIDE_1.19.0\STM32CubeIDE\plugins\com.st.stm32cube.common.mx_6.15.0.202507011659
2025-09-24 11:01:24,462 [INFO] DbMcusXml:78 - Set database path to: C:\ST\STM32CubeIDE_1.19.0\STM32CubeIDE\plugins\com.st.stm32cube.common.mx_6.15.0.202507011659\\db\/mcu/
2025-09-24 11:01:24,462 [INFO] ApiDb:274 - Set plugin database path to: C:\ST\STM32CubeIDE_1.19.0\STM32CubeIDE\plugins\com.st.stm32cube.common.mx_6.15.0.202507011659\\db\/plugins/boardmanager/
2025-09-24 11:01:24,462 [WARN] ApiDb:259 - Overriding images path with different value:  => C:\ST\STM32CubeIDE_1.19.0\STM32CubeIDE\plugins\com.st.stm32cube.common.mx_6.15.0.202507011659\\db\/plugins/mcufinder/images/
2025-09-24 11:01:24,469 [INFO] ApiDb:250 - Set database path to: C:\Users\train\.stmcufinder\plugins\mcufinder//mcu/
2025-09-24 11:01:24,471 [INFO] DbMcusAds:125 - Set database path to: C:\Users\train\.stmcufinder\plugins\mcufinder//mcu/
2025-09-24 11:01:24,475 [INFO] CrossReferenceDbSqlite:203 - Set database path to: C:\Users\train\.stmcufinder\plugins\mcufinder//mcu/cs/
2025-09-24 11:01:24,652 [INFO] RulesReader:64 - Compatibility file has been processed (317 Rules)
2025-09-24 11:01:24,760 [INFO] DbMcusXml:78 - Set database path to: C:\ST\STM32CubeIDE_1.19.0\STM32CubeIDE\plugins\com.st.stm32cube.common.mx_6.15.0.202507011659\\db\/mcu/
2025-09-24 11:01:24,760 [INFO] ApiDb:274 - Set plugin database path to: C:\ST\STM32CubeIDE_1.19.0\STM32CubeIDE\plugins\com.st.stm32cube.common.mx_6.15.0.202507011659\\db\/plugins/boardmanager/
2025-09-24 11:01:24,761 [INFO] ApiDb:261 - Set plugin images path to: C:\ST\STM32CubeIDE_1.19.0\STM32CubeIDE\plugins\com.st.stm32cube.common.mx_6.15.0.202507011659\\db\/plugins/mcufinder/images/
2025-09-24 11:01:24,761 [WARN] DbFile:41 - Overriding database path with different value: C:\Users\train\.stmcufinder\plugins\mcufinder/ => C:\Users\train\.stmcufinder\plugins\mcufinder
2025-09-24 11:01:24,761 [INFO] ApiDb:250 - Set database path to: C:\Users\train\.stmcufinder\plugins\mcufinder//mcu/
2025-09-24 11:01:24,761 [WARN] DbFile:41 - Overriding database path with different value: C:\Users\train\.stmcufinder\plugins\mcufinder/ => C:\Users\train\.stmcufinder\plugins\mcufinder
2025-09-24 11:01:24,761 [INFO] DbMcusAds:125 - Set database path to: C:\Users\train\.stmcufinder\plugins\mcufinder//mcu/
2025-09-24 11:01:24,761 [WARN] DbFile:41 - Overriding database path with different value: C:\Users\train\.stmcufinder\plugins\mcufinder/ => C:\Users\train\.stmcufinder\plugins\mcufinder
2025-09-24 11:01:24,761 [WARN] DbFile:41 - Overriding database path with different value: C:\Users\train\.stmcufinder\plugins\mcufinder/ => C:\Users\train\.stmcufinder\plugins\mcufinder
2025-09-24 11:01:24,762 [INFO] CrossReferenceDbSqlite:203 - Set database path to: C:\Users\train\.stmcufinder\plugins\mcufinder//mcu/cs/
2025-09-24 11:01:24,856 [INFO] MainPanel:274 - HeapMemory: 268435456
2025-09-24 11:01:24,978 [INFO] DbMcusXml:78 - Set database path to: C:\ST\STM32CubeIDE_1.19.0\STM32CubeIDE\plugins\com.st.stm32cube.common.mx_6.15.0.202507011659\\db\/mcu/
2025-09-24 11:01:24,979 [INFO] ApiDb:274 - Set plugin database path to: C:\ST\STM32CubeIDE_1.19.0\STM32CubeIDE\plugins\com.st.stm32cube.common.mx_6.15.0.202507011659\\db\/plugins/boardmanager/
2025-09-24 11:01:24,979 [INFO] ApiDb:261 - Set plugin images path to: C:\ST\STM32CubeIDE_1.19.0\STM32CubeIDE\plugins\com.st.stm32cube.common.mx_6.15.0.202507011659\\db\/plugins/mcufinder/images/
2025-09-24 11:01:24,982 [WARN] DbFile:41 - Overriding database path with different value: C:\Users\train\.stmcufinder\plugins\mcufinder/ => C:\Users\train\.stmcufinder\plugins\mcufinder
2025-09-24 11:01:24,982 [INFO] ApiDb:250 - Set database path to: C:\Users\train\.stmcufinder\plugins\mcufinder//mcu/
2025-09-24 11:01:24,982 [WARN] DbFile:41 - Overriding database path with different value: C:\Users\train\.stmcufinder\plugins\mcufinder/ => C:\Users\train\.stmcufinder\plugins\mcufinder
2025-09-24 11:01:24,982 [INFO] DbMcusAds:125 - Set database path to: C:\Users\train\.stmcufinder\plugins\mcufinder//mcu/
2025-09-24 11:01:24,983 [WARN] DbFile:41 - Overriding database path with different value: C:\Users\train\.stmcufinder\plugins\mcufinder/ => C:\Users\train\.stmcufinder\plugins\mcufinder
2025-09-24 11:01:24,983 [WARN] DbFile:41 - Overriding database path with different value: C:\Users\train\.stmcufinder\plugins\mcufinder/ => C:\Users\train\.stmcufinder\plugins\mcufinder
2025-09-24 11:01:24,983 [INFO] CrossReferenceDbSqlite:203 - Set database path to: C:\Users\train\.stmcufinder\plugins\mcufinder//mcu/cs/
2025-09-24 11:01:25,010 [INFO] ApplicationProperties:184 - Using Application install path: C:\ST\STM32CubeIDE_1.19.0\STM32CubeIDE\plugins\com.st.stm32cube.common.mx_6.15.0.202507011659
2025-09-24 11:01:25,012 [INFO] PluginManage:196 - Search for loadable plugins [exclusion list=, ]
2025-09-24 11:01:25,013 [INFO] PluginManage:310 - Check plugin analytics
2025-09-24 11:01:25,354 [INFO] AnalyticsPlugin:253 - Accepted Software Licenses: 
2025-09-24 11:01:25,354 [INFO] AnalyticsPlugin:255 - Accepted CMSIS Pack Licenses: 
2025-09-24 11:01:25,355 [INFO] AnalyticsPlugin:257 - Accepted Firmware Licenses: FW.F4.1.28.0
2025-09-24 11:01:25,360 [INFO] PluginManage:359 - Loaded plugin analytics (category:tool,tabindex:-1)
2025-09-24 11:01:25,360 [INFO] PluginManage:310 - Check plugin cadmodel
2025-09-24 11:01:25,365 [INFO] CADModel:105 - Init CAD model plugin
2025-09-24 11:01:25,365 [INFO] PluginManage:359 - Loaded plugin cadmodel (category:power,tabindex:5)
2025-09-24 11:01:25,366 [INFO] PluginManage:310 - Check plugin clock
2025-09-24 11:01:25,381 [INFO] PluginManage:359 - Loaded plugin clock (category:base,tabindex:2)
2025-09-24 11:01:25,381 [INFO] PluginManage:310 - Check plugin ddr
2025-09-24 11:01:25,388 [INFO] PluginManage:359 - Loaded plugin ddr (category:tool,tabindex:6)
2025-09-24 11:01:25,388 [INFO] PluginManage:310 - Check plugin filemanager
2025-09-24 11:01:25,604 [INFO] PluginManage:359 - Loaded plugin filemanager (category:base,tabindex:10)
2025-09-24 11:01:25,604 [INFO] PluginManage:310 - Check plugin ipmanager
2025-09-24 11:01:25,617 [INFO] PluginManage:359 - Loaded plugin ipmanager (category:base,tabindex:5)
2025-09-24 11:01:25,617 [INFO] PluginManage:310 - Check plugin lpbam
2025-09-24 11:01:25,627 [INFO] PluginManage:359 - Loaded plugin lpbam (category:base,tabindex:0)
2025-09-24 11:01:25,628 [INFO] PluginManage:310 - Check plugin memorymap
2025-09-24 11:01:25,649 [INFO] PluginManage:359 - Loaded plugin memorymap (category:base,tabindex:4)
2025-09-24 11:01:25,649 [INFO] PluginManage:310 - Check plugin pinoutandconfiguration
2025-09-24 11:01:25,660 [INFO] PluginManage:359 - Loaded plugin pinoutandconfiguration (category:base,tabindex:1)
2025-09-24 11:01:25,660 [INFO] PluginManage:310 - Check plugin pinoutconfig
2025-09-24 11:01:25,822 [WARN] SupportedApi:132 - Cannot load RTOS API schema: s4s-elt-must-match.1: The content of 'definitions' must match (annotation?, (simpleType | complexType)?, (unique | key | keyref)*)). A problem was found starting at: attribute.
2025-09-24 11:01:26,085 [INFO] PluginManage:359 - Loaded plugin pinoutconfig (category:base,tabindex:0)
2025-09-24 11:01:26,085 [INFO] PluginManage:310 - Check plugin power
2025-09-24 11:01:26,106 [INFO] PluginManage:359 - Loaded plugin power (category:power,tabindex:4)
2025-09-24 11:01:26,107 [INFO] PluginManage:310 - Check plugin projectmanager
2025-09-24 11:01:26,143 [INFO] PluginManage:359 - Loaded plugin projectmanager (category:projectmanager,tabindex:4)
2025-09-24 11:01:26,143 [INFO] PluginManage:310 - Check plugin rif
2025-09-24 11:01:26,156 [INFO] PluginManage:359 - Loaded plugin rif (category:base,tabindex:3)
2025-09-24 11:01:26,156 [INFO] PluginManage:310 - Check plugin thirdparty
2025-09-24 11:01:26,375 [INFO] PluginManage:359 - Loaded plugin thirdparty (category:base,tabindex:-1)
2025-09-24 11:01:26,375 [WARN] IntegrityCheckThread:84 - waiting for thirdparty lock release [integrity check]
2025-09-24 11:01:26,375 [INFO] PluginManage:310 - Check plugin tools
2025-09-24 11:01:26,375 [INFO] IntegrityCheckThread:86 - entering critical section [integrity check]
2025-09-24 11:01:26,375 [INFO] ThirdPartyUpdaterWithRetryManager:70 - Updater plugin not ready yet. [1/15]
2025-09-24 11:01:26,382 [INFO] PluginManage:359 - Loaded plugin tools (category:base,tabindex:7)
2025-09-24 11:01:26,382 [INFO] PluginManage:310 - Check plugin tutovideos
2025-09-24 11:01:26,642 [INFO] PluginManage:359 - Loaded plugin tutovideos (category:base,tabindex:-1)
2025-09-24 11:01:26,643 [INFO] PluginManage:310 - Check plugin updater
2025-09-24 11:01:26,667 [INFO] PluginManage:359 - Loaded plugin updater (category:base,tabindex:12)
2025-09-24 11:01:26,667 [INFO] PluginManage:310 - Check plugin userauth
2025-09-24 11:01:26,674 [INFO] UserAuth:118 - Init User Auth plugin
2025-09-24 11:01:26,675 [INFO] PluginManage:359 - Loaded plugin userauth (category:base,tabindex:14)
2025-09-24 11:01:26,675 [INFO] PluginManage:283 - PluginManage : Loaded plugins [18]
2025-09-24 11:01:26,925 [INFO] PinOutPanel:1589 - setPackage(No Configuration,No Configuration)
2025-09-24 11:01:27,029 [INFO] CADModel:165 - CPN selected for project level
2025-09-24 11:01:27,029 [INFO] CADModel:114 - Register for checkConnection events
2025-09-24 11:01:27,052 [INFO] IPUIPlugin:80 - create IPUIPlugin
2025-09-24 11:01:27,053 [INFO] PluginManager:220 - loadIPPluginJar : add adc
2025-09-24 11:01:27,056 [INFO] IPUIPlugin:80 - create IPUIPlugin
2025-09-24 11:01:27,056 [INFO] PluginManager:220 - loadIPPluginJar : add aes
2025-09-24 11:01:27,059 [INFO] IPUIPlugin:80 - create IPUIPlugin
2025-09-24 11:01:27,060 [INFO] PluginManager:220 - loadIPPluginJar : add can
2025-09-24 11:01:27,061 [INFO] IPUIPlugin:80 - create IPUIPlugin
2025-09-24 11:01:27,062 [INFO] PluginManager:220 - loadIPPluginJar : add comp
2025-09-24 11:01:27,064 [INFO] IPUIPlugin:80 - create IPUIPlugin
2025-09-24 11:01:27,064 [INFO] PluginManager:220 - loadIPPluginJar : add cryp
2025-09-24 11:01:27,068 [INFO] IPUIPlugin:80 - create IPUIPlugin
2025-09-24 11:01:27,068 [INFO] PluginManager:220 - loadIPPluginJar : add ddr_ctrl_phy
2025-09-24 11:01:27,072 [INFO] IPUIPlugin:80 - create IPUIPlugin
2025-09-24 11:01:27,072 [INFO] PluginManager:220 - loadIPPluginJar : add dfsdm
2025-09-24 11:01:27,079 [INFO] IPUIPlugin:80 - create IPUIPlugin
2025-09-24 11:01:27,080 [INFO] PluginManager:220 - loadIPPluginJar : add dma
2025-09-24 11:01:27,083 [INFO] IPUIPlugin:80 - create IPUIPlugin
2025-09-24 11:01:27,083 [INFO] PluginManager:220 - loadIPPluginJar : add dma3
2025-09-24 11:01:27,085 [INFO] IPUIPlugin:80 - create IPUIPlugin
2025-09-24 11:01:27,086 [INFO] PluginManager:220 - loadIPPluginJar : add extmemmanager
2025-09-24 11:01:27,088 [INFO] IPUIPlugin:80 - create IPUIPlugin
2025-09-24 11:01:27,088 [INFO] PluginManager:220 - loadIPPluginJar : add fatfs
2025-09-24 11:01:27,093 [INFO] IPUIPlugin:80 - create IPUIPlugin
2025-09-24 11:01:27,093 [INFO] PluginManager:220 - loadIPPluginJar : add fmc
2025-09-24 11:01:27,106 [INFO] IPUIPlugin:80 - create IPUIPlugin
2025-09-24 11:01:27,107 [INFO] PluginManager:220 - loadIPPluginJar : add freertos
2025-09-24 11:01:27,108 [INFO] IPUIPlugin:80 - create IPUIPlugin
2025-09-24 11:01:27,108 [INFO] PluginManager:220 - loadIPPluginJar : add genericplugin
2025-09-24 11:01:27,111 [INFO] IPUIPlugin:80 - create IPUIPlugin
2025-09-24 11:01:27,111 [INFO] PluginManager:220 - loadIPPluginJar : add gfxmmu
2025-09-24 11:01:27,117 [INFO] IPUIPlugin:80 - create IPUIPlugin
2025-09-24 11:01:27,118 [INFO] PluginManager:220 - loadIPPluginJar : add gic
2025-09-24 11:01:27,123 [INFO] IPUIPlugin:80 - create IPUIPlugin
2025-09-24 11:01:27,123 [INFO] PluginManager:220 - loadIPPluginJar : add gpio
2025-09-24 11:01:27,126 [INFO] IPUIPlugin:80 - create IPUIPlugin
2025-09-24 11:01:27,126 [INFO] PluginManager:220 - loadIPPluginJar : add gtzc
2025-09-24 11:01:27,129 [INFO] IPUIPlugin:80 - create IPUIPlugin
2025-09-24 11:01:27,129 [INFO] PluginManager:220 - loadIPPluginJar : add hash
2025-09-24 11:01:27,132 [INFO] IPUIPlugin:80 - create IPUIPlugin
2025-09-24 11:01:27,133 [INFO] PluginManager:220 - loadIPPluginJar : add i2c
2025-09-24 11:01:27,135 [INFO] IPUIPlugin:80 - create IPUIPlugin
2025-09-24 11:01:27,135 [INFO] PluginManager:220 - loadIPPluginJar : add i2s
2025-09-24 11:01:27,142 [INFO] IPUIPlugin:80 - create IPUIPlugin
2025-09-24 11:01:27,142 [INFO] PluginManager:220 - loadIPPluginJar : add i3c
2025-09-24 11:01:27,147 [INFO] IPUIPlugin:80 - create IPUIPlugin
2025-09-24 11:01:27,147 [INFO] PluginManager:220 - loadIPPluginJar : add ipddr
2025-09-24 11:01:27,157 [INFO] IPUIPlugin:80 - create IPUIPlugin
2025-09-24 11:01:27,157 [INFO] PluginManager:220 - loadIPPluginJar : add linkedlist
2025-09-24 11:01:27,161 [INFO] IPUIPlugin:80 - create IPUIPlugin
2025-09-24 11:01:27,161 [INFO] PluginManager:220 - loadIPPluginJar : add lorawan
2025-09-24 11:01:27,163 [INFO] IPUIPlugin:80 - create IPUIPlugin
2025-09-24 11:01:27,163 [INFO] PluginManager:220 - loadIPPluginJar : add ltdc
2025-09-24 11:01:27,172 [INFO] IPUIPlugin:80 - create IPUIPlugin
2025-09-24 11:01:27,172 [INFO] PluginManager:220 - loadIPPluginJar : add mdma
2025-09-24 11:01:27,177 [INFO] IPUIPlugin:80 - create IPUIPlugin
2025-09-24 11:01:27,177 [INFO] PluginManager:220 - loadIPPluginJar : add nvic
2025-09-24 11:01:27,181 [INFO] IPUIPlugin:80 - create IPUIPlugin
2025-09-24 11:01:27,181 [INFO] PluginManager:220 - loadIPPluginJar : add opamp
2025-09-24 11:01:27,185 [INFO] IPUIPlugin:80 - create IPUIPlugin
2025-09-24 11:01:27,185 [INFO] PluginManager:220 - loadIPPluginJar : add openamp
2025-09-24 11:01:27,190 [INFO] IPUIPlugin:80 - create IPUIPlugin
2025-09-24 11:01:27,190 [INFO] PluginManager:220 - loadIPPluginJar : add pdm2pcm
2025-09-24 11:01:27,197 [INFO] IPUIPlugin:80 - create IPUIPlugin
2025-09-24 11:01:27,202 [INFO] PluginManager:220 - loadIPPluginJar : add plateformsettings
2025-09-24 11:01:27,204 [INFO] IPUIPlugin:80 - create IPUIPlugin
2025-09-24 11:01:27,204 [INFO] PluginManager:220 - loadIPPluginJar : add quadspi
2025-09-24 11:01:27,207 [INFO] IPUIPlugin:80 - create IPUIPlugin
2025-09-24 11:01:27,208 [INFO] PluginManager:220 - loadIPPluginJar : add radio
2025-09-24 11:01:27,212 [INFO] IPUIPlugin:80 - create IPUIPlugin
2025-09-24 11:01:27,212 [INFO] PluginManager:220 - loadIPPluginJar : add resmgrutility
2025-09-24 11:01:27,216 [INFO] IPUIPlugin:80 - create IPUIPlugin
2025-09-24 11:01:27,217 [INFO] PluginManager:220 - loadIPPluginJar : add sai
2025-09-24 11:01:27,221 [INFO] IPUIPlugin:80 - create IPUIPlugin
2025-09-24 11:01:27,221 [INFO] PluginManager:220 - loadIPPluginJar : add spi
2025-09-24 11:01:27,228 [INFO] IPUIPlugin:80 - create IPUIPlugin
2025-09-24 11:01:27,229 [INFO] PluginManager:220 - loadIPPluginJar : add stm32_wpan
2025-09-24 11:01:27,231 [INFO] IPUIPlugin:80 - create IPUIPlugin
2025-09-24 11:01:27,231 [INFO] PluginManager:220 - loadIPPluginJar : add tim
2025-09-24 11:01:27,235 [INFO] IPUIPlugin:80 - create IPUIPlugin
2025-09-24 11:01:27,236 [INFO] PluginManager:220 - loadIPPluginJar : add touchsensing
2025-09-24 11:01:27,241 [INFO] IPUIPlugin:80 - create IPUIPlugin
2025-09-24 11:01:27,241 [INFO] PluginManager:220 - loadIPPluginJar : add tracer_emb
2025-09-24 11:01:27,243 [INFO] IPUIPlugin:80 - create IPUIPlugin
2025-09-24 11:01:27,244 [INFO] PluginManager:220 - loadIPPluginJar : add ts
2025-09-24 11:01:27,245 [INFO] IPUIPlugin:80 - create IPUIPlugin
2025-09-24 11:01:27,246 [INFO] PluginManager:220 - loadIPPluginJar : add tsc
2025-09-24 11:01:27,249 [INFO] IPUIPlugin:80 - create IPUIPlugin
2025-09-24 11:01:27,250 [INFO] PluginManager:220 - loadIPPluginJar : add ucpd
2025-09-24 11:01:27,254 [INFO] IPUIPlugin:80 - create IPUIPlugin
2025-09-24 11:01:27,255 [INFO] PluginManager:220 - loadIPPluginJar : add usart
2025-09-24 11:01:27,260 [INFO] IPUIPlugin:80 - create IPUIPlugin
2025-09-24 11:01:27,261 [INFO] PluginManager:220 - loadIPPluginJar : add usbx
2025-09-24 11:01:27,417 [FATAL] Updater:351 - Updater called before beeing initialized
2025-09-24 11:01:27,452 [INFO] RulesReader:64 - Compatibility file has been processed (317 Rules)
2025-09-24 11:01:27,469 [INFO] RulesReader:64 - Compatibility file has been processed (317 Rules)
2025-09-24 11:01:27,492 [INFO] CADModel:165 - CPN selected for project level
2025-09-24 11:01:27,492 [INFO] CADModel:114 - Register for checkConnection events
2025-09-24 11:01:27,492 [FATAL] Updater:351 - Updater called before beeing initialized
2025-09-24 11:01:27,493 [ERROR] CADModel:125 - Updater not yet initialized, retry later 
2025-09-24 11:01:27,764 [FATAL] Updater:351 - Updater called before beeing initialized
2025-09-24 11:01:27,768 [INFO] CADModel:165 - CPN selected for project level
2025-09-24 11:01:27,768 [INFO] CADModel:114 - Register for checkConnection events
2025-09-24 11:01:27,768 [FATAL] Updater:351 - Updater called before beeing initialized
2025-09-24 11:01:27,768 [ERROR] CADModel:125 - Updater not yet initialized, retry later 
2025-09-24 11:01:27,774 [FATAL] Updater:351 - Updater called before beeing initialized
2025-09-24 11:01:27,998 [FATAL] Updater:351 - Updater called before beeing initialized
2025-09-24 11:01:28,004 [INFO] DbMcusAds:53 - JSON generation date=Tue Jul 08 13:44:23 IST 2025 (1751962463524)
2025-09-24 11:01:28,004 [FATAL] Updater:351 - Updater called before beeing initialized
2025-09-24 11:01:28,052 [WARN] DetailPanel:346 - Failed to get advertising image, set to default
2025-09-24 11:01:28,169 [FATAL] Updater:351 - Updater called before beeing initialized
2025-09-24 11:01:28,171 [FATAL] Updater:351 - Updater called before beeing initialized
2025-09-24 11:01:28,171 [FATAL] Updater:351 - Updater called before beeing initialized
2025-09-24 11:01:28,172 [WARN] DetailPanel:346 - Failed to get advertising image, set to default
2025-09-24 11:01:28,174 [FATAL] Updater:351 - Updater called before beeing initialized
2025-09-24 11:01:28,251 [ERROR] Updater:1198 - MainUpdater not yet initialized. External WinMGr cannot be set.
2025-09-24 11:01:28,252 [INFO] Updater:1134 - Updater Version found : 6.15.0
2025-09-24 11:01:28,274 [INFO] ApplicationProperties:184 - Using Application install path: C:\ST\STM32CubeIDE_1.19.0\STM32CubeIDE\plugins\com.st.stm32cube.common.mx_6.15.0.202507011659
2025-09-24 11:01:29,377 [INFO] ThirdPartyUpdaterWithRetryManager:70 - Updater plugin not ready yet. [2/15]
2025-09-24 11:01:29,848 [ERROR] LogOutputStream:75 - [STDERR_REDIRECT] Sep 24, 2025 11:01:29 AM java.util.prefs.WindowsPreferences <init>
2025-09-24 11:01:29,852 [ERROR] LogOutputStream:75 - [STDERR_REDIRECT] WARNING: Could not open/create prefs root node Software\JavaSoft\Prefs at root 0xffffffff80000002. Windows RegCreateKeyEx(...) returned error code 5.
2025-09-24 11:01:29,852 [ERROR] LogOutputStream:75 - [STDERR_REDIRECT] 
2025-09-24 11:01:30,426 [INFO] MainUpdater:2872 - connection check result : 10
2025-09-24 11:01:30,427 [INFO] MainUpdater:289 - Updater Check For Update Now.
2025-09-24 11:01:30,427 [INFO] MicroXplorer:498 - Change Database Version : DB.6.0.150
2025-09-24 11:01:30,438 [INFO] McuFinderGlobals:63 - Set McuFinder mode to 2 (CubeIDE integrated)
2025-09-24 11:01:30,439 [INFO] UserAuth:487 - Internet connection configuration mode: 1
2025-09-24 11:01:30,478 [INFO] JxBrowserEngine:152 - Initiate JxBrowser Engine with user profile folder
2025-09-24 11:01:30,665 [INFO] CheckServerUpdateThread:120 - End of CheckServer Thread
2025-09-24 11:01:30,843 [INFO] MainUpdater:2872 - connection check result : 10
2025-09-24 11:01:30,844 [INFO] MainUpdater:2872 - connection check result : 10
2025-09-24 11:01:30,875 [INFO] MicroXplorer:468 - Change Database Path : 
2025-09-24 11:01:30,876 [INFO] MicroXplorer:498 - Change Database Version : DB.6.0.150
2025-09-24 11:01:30,890 [WARN] ThirdParty:871 - waiting for thirdparty lock release [close project]
2025-09-24 11:01:32,039 [INFO] WebApp:169 - Instantiating new browser for Auth
2025-09-24 11:01:32,996 [WARN] PackLoader:240 - Cannot read IP mode file for STMicroelectronics.FP-SNS-MOTENVWB1.1.4.0
2025-09-24 11:01:33,018 [WARN] PackLoader:240 - Cannot read IP mode file for STMicroelectronics.FP-ATR-ASTRA1.2.0.2
2025-09-24 11:01:33,051 [WARN] PackLoader:240 - Cannot read IP mode file for STMicroelectronics.X-CUBE-SMBUS.2.1.0
2025-09-24 11:01:33,059 [WARN] PackLoader:240 - Cannot read IP mode file for STMicroelectronics.X-CUBE-ST60.1.0.0
2025-09-24 11:01:33,131 [WARN] PackLoader:240 - Cannot read IP mode file for STMicroelectronics.X-CUBE-AZRTOS-F7.1.1.0
2025-09-24 11:01:33,183 [WARN] PackLoader:240 - Cannot read IP mode file for Infineon.AIROC-Wi-Fi-Bluetooth-STM32.1.7.1
2025-09-24 11:01:33,280 [WARN] PackLoader:240 - Cannot read IP mode file for STMicroelectronics.X-CUBE-AZRTOS-H7.3.4.0
2025-09-24 11:01:33,306 [WARN] PackLoader:240 - Cannot read IP mode file for STMicroelectronics.X-CUBE-DISPLAY.3.0.0
2025-09-24 11:01:33,341 [WARN] PackLoader:240 - Cannot read IP mode file for STMicroelectronics.X-CUBE-NFC10.1.0.0
2025-09-24 11:01:33,359 [WARN] PackLoader:240 - Cannot read IP mode file for emotas.I-CUBE-CANOPEN.1.3.0
2025-09-24 11:01:33,380 [WARN] PackLoader:240 - Cannot read IP mode file for STMicroelectronics.FP-SNS-STBOX1.2.1.0
2025-09-24 11:01:33,396 [WARN] PackLoader:240 - Cannot read IP mode file for STMicroelectronics.FP-SNS-SMARTAG2.1.2.0
2025-09-24 11:01:33,407 [WARN] PackLoader:240 - Cannot read IP mode file for STMicroelectronics.FP-SNS-FLIGHT1.5.1.0
2025-09-24 11:01:33,430 [INFO] LogOutputStream:77 - [STDOUT_REDIRECT] 1 : Invalid condition id : UX_CORESTACK_Condition cause : null
2025-09-24 11:01:33,431 [INFO] LogOutputStream:77 - [STDOUT_REDIRECT] 1 : Invalid condition id : UX_CORESTACK_Condition cause : null
2025-09-24 11:01:33,435 [INFO] LogOutputStream:77 - [STDOUT_REDIRECT] 1 : Invalid condition id : UX_CORESTACK_Condition cause : null
2025-09-24 11:01:33,440 [INFO] LogOutputStream:77 - [STDOUT_REDIRECT] 1 : Invalid condition id : UX_CORESTACK_Condition cause : null
2025-09-24 11:01:33,443 [INFO] LogOutputStream:77 - [STDOUT_REDIRECT] 1 : Invalid condition id : UX_CORESTACK_Condition cause : null
2025-09-24 11:01:33,453 [WARN] PackLoader:240 - Cannot read IP mode file for STMicroelectronics.X-CUBE-AZRTOS-WL.2.0.0
2025-09-24 11:01:33,465 [WARN] PackLoader:240 - Cannot read IP mode file for STMicroelectronics.FP-SNS-MOTENV1.5.0.0
2025-09-24 11:01:33,483 [WARN] PackLoader:240 - Cannot read IP mode file for WES.I-CUBE-Cesium.1.3.0
2025-09-24 11:01:33,493 [WARN] PackLoader:240 - Cannot read IP mode file for STMicroelectronics.X-CUBE-BLE2.3.3.0
2025-09-24 11:01:33,509 [WARN] PackLoader:240 - Cannot read IP mode file for STMicroelectronics.X-CUBE-NFC9.1.0.0
2025-09-24 11:01:33,523 [WARN] PackLoader:240 - Cannot read IP mode file for wolfSSL.I-CUBE-wolfSSL.5.8.2
2025-09-24 11:01:33,538 [WARN] PackLoader:240 - Cannot read IP mode file for STMicroelectronics.X-CUBE-BLE1.7.1.0
2025-09-24 11:01:33,545 [WARN] PackLoader:240 - Cannot read IP mode file for wolfSSL.I-CUBE-wolfMQTT.1.19.2
2025-09-24 11:01:33,561 [WARN] PackLoader:240 - Cannot read IP mode file for STMicroelectronics.X-CUBE-EEPRMA1.5.2.0
2025-09-24 11:01:33,608 [WARN] PackLoader:240 - Cannot read IP mode file for STMicroelectronics.X-CUBE-AZRTOS-G0.1.1.0
2025-09-24 11:01:33,626 [WARN] PackLoader:240 - Cannot read IP mode file for STMicroelectronics.X-CUBE-SAFEA1.1.2.2
2025-09-24 11:01:33,638 [WARN] PackLoader:240 - Cannot read IP mode file for STMicroelectronics.X-CUBE-NFC4.3.0.0
2025-09-24 11:01:33,659 [WARN] PackLoader:240 - Cannot read IP mode file for EmbeddedOffice.I-CUBE-FS-RTOS.1.0.1
2025-09-24 11:01:33,668 [WARN] PackLoader:240 - Cannot read IP mode file for STMicroelectronics.X-CUBE-WB05N.2.0.0
2025-09-24 11:01:33,675 [WARN] PackLoader:240 - Cannot read IP mode file for wolfSSL.I-CUBE-wolfTPM.3.8.0
2025-09-24 11:01:33,682 [WARN] PackLoader:240 - Cannot read IP mode file for STMicroelectronics.X-CUBE-TCPP.4.2.0
2025-09-24 11:01:33,693 [WARN] PackLoader:240 - Cannot read IP mode file for RealThread.X-CUBE-RT-Thread_Nano.4.1.1
2025-09-24 11:01:33,700 [WARN] PackLoader:240 - Cannot read IP mode file for STMicroelectronics.FP-ATR-SIGFOX1.3.2.0
2025-09-24 11:01:33,709 [WARN] PackLoader:240 - Cannot read IP mode file for ITTIA_DB.I-CUBE-ITTIADB.8.9.0
2025-09-24 11:01:33,722 [WARN] PackLoader:240 - Cannot read IP mode file for STMicroelectronics.X-CUBE-ST67W61.1.0.0
2025-09-24 11:01:33,728 [WARN] PackLoader:240 - Cannot read IP mode file for STMicroelectronics.X-CUBE-AI.10.2.0
2025-09-24 11:01:33,790 [WARN] PackLoader:240 - Cannot read IP mode file for SEGGER.I-CUBE-embOS.1.3.1
2025-09-24 11:01:33,908 [WARN] PackLoader:240 - Cannot read IP mode file for STMicroelectronics.X-CUBE-ALGOBUILD.1.4.0
2025-09-24 11:01:34,080 [WARN] PackLoader:240 - Cannot read IP mode file for STMicroelectronics.X-CUBE-MEMS1.11.3.0
2025-09-24 11:05:14,917 [INFO] Activator:176 - 


2025-09-24 11:05:14,920 [INFO] Activator:177 - !SESSION log4j initialized
2025-09-24 11:05:24,930 [INFO] LogOutputStream:77 - [STDOUT_REDIRECT] 
2025-09-24 11:05:27,548 [INFO] ApplicationProperties:184 - Using Application install path: C:\ST\STM32CubeIDE_1.19.0\STM32CubeIDE\plugins\com.st.stm32cube.common.mx_6.15.0.202507011659
2025-09-24 11:05:27,620 [INFO] DbMcusXml:78 - Set database path to: C:\ST\STM32CubeIDE_1.19.0\STM32CubeIDE\plugins\com.st.stm32cube.common.mx_6.15.0.202507011659\\db\/mcu/
2025-09-24 11:05:27,621 [INFO] ApiDb:274 - Set plugin database path to: C:\ST\STM32CubeIDE_1.19.0\STM32CubeIDE\plugins\com.st.stm32cube.common.mx_6.15.0.202507011659\\db\/plugins/boardmanager/
2025-09-24 11:05:27,621 [WARN] ApiDb:259 - Overriding images path with different value:  => C:\ST\STM32CubeIDE_1.19.0\STM32CubeIDE\plugins\com.st.stm32cube.common.mx_6.15.0.202507011659\\db\/plugins/mcufinder/images/
2025-09-24 11:05:27,643 [INFO] ApiDb:250 - Set database path to: C:\Users\train\.stmcufinder\plugins\mcufinder//mcu/
2025-09-24 11:05:27,646 [INFO] DbMcusAds:125 - Set database path to: C:\Users\train\.stmcufinder\plugins\mcufinder//mcu/
2025-09-24 11:05:27,655 [INFO] CrossReferenceDbSqlite:203 - Set database path to: C:\Users\train\.stmcufinder\plugins\mcufinder//mcu/cs/
2025-09-24 11:05:27,926 [INFO] RulesReader:64 - Compatibility file has been processed (317 Rules)
2025-09-24 11:05:28,133 [INFO] DbMcusXml:78 - Set database path to: C:\ST\STM32CubeIDE_1.19.0\STM32CubeIDE\plugins\com.st.stm32cube.common.mx_6.15.0.202507011659\\db\/mcu/
2025-09-24 11:05:28,134 [INFO] ApiDb:274 - Set plugin database path to: C:\ST\STM32CubeIDE_1.19.0\STM32CubeIDE\plugins\com.st.stm32cube.common.mx_6.15.0.202507011659\\db\/plugins/boardmanager/
2025-09-24 11:05:28,134 [INFO] ApiDb:261 - Set plugin images path to: C:\ST\STM32CubeIDE_1.19.0\STM32CubeIDE\plugins\com.st.stm32cube.common.mx_6.15.0.202507011659\\db\/plugins/mcufinder/images/
2025-09-24 11:05:28,134 [WARN] DbFile:41 - Overriding database path with different value: C:\Users\train\.stmcufinder\plugins\mcufinder/ => C:\Users\train\.stmcufinder\plugins\mcufinder
2025-09-24 11:05:28,135 [INFO] ApiDb:250 - Set database path to: C:\Users\train\.stmcufinder\plugins\mcufinder//mcu/
2025-09-24 11:05:28,135 [WARN] DbFile:41 - Overriding database path with different value: C:\Users\train\.stmcufinder\plugins\mcufinder/ => C:\Users\train\.stmcufinder\plugins\mcufinder
2025-09-24 11:05:28,135 [INFO] DbMcusAds:125 - Set database path to: C:\Users\train\.stmcufinder\plugins\mcufinder//mcu/
2025-09-24 11:05:28,135 [WARN] DbFile:41 - Overriding database path with different value: C:\Users\train\.stmcufinder\plugins\mcufinder/ => C:\Users\train\.stmcufinder\plugins\mcufinder
2025-09-24 11:05:28,135 [WARN] DbFile:41 - Overriding database path with different value: C:\Users\train\.stmcufinder\plugins\mcufinder/ => C:\Users\train\.stmcufinder\plugins\mcufinder
2025-09-24 11:05:28,135 [INFO] CrossReferenceDbSqlite:203 - Set database path to: C:\Users\train\.stmcufinder\plugins\mcufinder//mcu/cs/
2025-09-24 11:05:28,312 [INFO] MainPanel:274 - HeapMemory: 268435456
2025-09-24 11:05:28,563 [INFO] DbMcusXml:78 - Set database path to: C:\ST\STM32CubeIDE_1.19.0\STM32CubeIDE\plugins\com.st.stm32cube.common.mx_6.15.0.202507011659\\db\/mcu/
2025-09-24 11:05:28,563 [INFO] ApiDb:274 - Set plugin database path to: C:\ST\STM32CubeIDE_1.19.0\STM32CubeIDE\plugins\com.st.stm32cube.common.mx_6.15.0.202507011659\\db\/plugins/boardmanager/
2025-09-24 11:05:28,563 [INFO] ApiDb:261 - Set plugin images path to: C:\ST\STM32CubeIDE_1.19.0\STM32CubeIDE\plugins\com.st.stm32cube.common.mx_6.15.0.202507011659\\db\/plugins/mcufinder/images/
2025-09-24 11:05:28,564 [WARN] DbFile:41 - Overriding database path with different value: C:\Users\train\.stmcufinder\plugins\mcufinder/ => C:\Users\train\.stmcufinder\plugins\mcufinder
2025-09-24 11:05:28,564 [INFO] ApiDb:250 - Set database path to: C:\Users\train\.stmcufinder\plugins\mcufinder//mcu/
2025-09-24 11:05:28,564 [WARN] DbFile:41 - Overriding database path with different value: C:\Users\train\.stmcufinder\plugins\mcufinder/ => C:\Users\train\.stmcufinder\plugins\mcufinder
2025-09-24 11:05:28,564 [INFO] DbMcusAds:125 - Set database path to: C:\Users\train\.stmcufinder\plugins\mcufinder//mcu/
2025-09-24 11:05:28,564 [WARN] DbFile:41 - Overriding database path with different value: C:\Users\train\.stmcufinder\plugins\mcufinder/ => C:\Users\train\.stmcufinder\plugins\mcufinder
2025-09-24 11:05:28,565 [WARN] DbFile:41 - Overriding database path with different value: C:\Users\train\.stmcufinder\plugins\mcufinder/ => C:\Users\train\.stmcufinder\plugins\mcufinder
2025-09-24 11:05:28,565 [INFO] CrossReferenceDbSqlite:203 - Set database path to: C:\Users\train\.stmcufinder\plugins\mcufinder//mcu/cs/
2025-09-24 11:05:28,601 [INFO] ApplicationProperties:184 - Using Application install path: C:\ST\STM32CubeIDE_1.19.0\STM32CubeIDE\plugins\com.st.stm32cube.common.mx_6.15.0.202507011659
2025-09-24 11:05:28,606 [INFO] PluginManage:196 - Search for loadable plugins [exclusion list=, ]
2025-09-24 11:05:28,612 [INFO] PluginManage:310 - Check plugin analytics
2025-09-24 11:05:29,244 [INFO] AnalyticsPlugin:253 - Accepted Software Licenses: 
2025-09-24 11:05:29,245 [INFO] AnalyticsPlugin:255 - Accepted CMSIS Pack Licenses: 
2025-09-24 11:05:29,245 [INFO] AnalyticsPlugin:257 - Accepted Firmware Licenses: FW.F4.1.28.0
2025-09-24 11:05:29,253 [INFO] PluginManage:359 - Loaded plugin analytics (category:tool,tabindex:-1)
2025-09-24 11:05:29,254 [INFO] PluginManage:310 - Check plugin cadmodel
2025-09-24 11:05:29,269 [INFO] CADModel:105 - Init CAD model plugin
2025-09-24 11:05:29,269 [INFO] PluginManage:359 - Loaded plugin cadmodel (category:power,tabindex:5)
2025-09-24 11:05:29,269 [INFO] PluginManage:310 - Check plugin clock
2025-09-24 11:05:29,299 [INFO] PluginManage:359 - Loaded plugin clock (category:base,tabindex:2)
2025-09-24 11:05:29,299 [INFO] PluginManage:310 - Check plugin ddr
2025-09-24 11:05:29,310 [INFO] PluginManage:359 - Loaded plugin ddr (category:tool,tabindex:6)
2025-09-24 11:05:29,310 [INFO] PluginManage:310 - Check plugin filemanager
2025-09-24 11:05:29,645 [INFO] PluginManage:359 - Loaded plugin filemanager (category:base,tabindex:10)
2025-09-24 11:05:29,645 [INFO] PluginManage:310 - Check plugin ipmanager
2025-09-24 11:05:29,657 [INFO] PluginManage:359 - Loaded plugin ipmanager (category:base,tabindex:5)
2025-09-24 11:05:29,658 [INFO] PluginManage:310 - Check plugin lpbam
2025-09-24 11:05:29,679 [INFO] PluginManage:359 - Loaded plugin lpbam (category:base,tabindex:0)
2025-09-24 11:05:29,679 [INFO] PluginManage:310 - Check plugin memorymap
2025-09-24 11:05:29,737 [INFO] PluginManage:359 - Loaded plugin memorymap (category:base,tabindex:4)
2025-09-24 11:05:29,737 [INFO] PluginManage:310 - Check plugin pinoutandconfiguration
2025-09-24 11:05:29,761 [INFO] PluginManage:359 - Loaded plugin pinoutandconfiguration (category:base,tabindex:1)
2025-09-24 11:05:29,761 [INFO] PluginManage:310 - Check plugin pinoutconfig
2025-09-24 11:05:29,986 [WARN] SupportedApi:132 - Cannot load RTOS API schema: s4s-elt-must-match.1: The content of 'definitions' must match (annotation?, (simpleType | complexType)?, (unique | key | keyref)*)). A problem was found starting at: attribute.
2025-09-24 11:05:30,363 [INFO] PluginManage:359 - Loaded plugin pinoutconfig (category:base,tabindex:0)
2025-09-24 11:05:30,363 [INFO] PluginManage:310 - Check plugin power
2025-09-24 11:05:30,383 [INFO] PluginManage:359 - Loaded plugin power (category:power,tabindex:4)
2025-09-24 11:05:30,383 [INFO] PluginManage:310 - Check plugin projectmanager
2025-09-24 11:05:30,408 [INFO] PluginManage:359 - Loaded plugin projectmanager (category:projectmanager,tabindex:4)
2025-09-24 11:05:30,408 [INFO] PluginManage:310 - Check plugin rif
2025-09-24 11:05:30,431 [INFO] PluginManage:359 - Loaded plugin rif (category:base,tabindex:3)
2025-09-24 11:05:30,431 [INFO] PluginManage:310 - Check plugin thirdparty
2025-09-24 11:05:30,474 [ERROR] BinarySerializedPreferences:204 - invalid stream header: 00000000
2025-09-24 11:05:30,673 [INFO] PluginManage:359 - Loaded plugin thirdparty (category:base,tabindex:-1)
2025-09-24 11:05:30,673 [WARN] IntegrityCheckThread:84 - waiting for thirdparty lock release [integrity check]
2025-09-24 11:05:30,673 [INFO] IntegrityCheckThread:86 - entering critical section [integrity check]
2025-09-24 11:05:30,673 [INFO] PluginManage:310 - Check plugin tools
2025-09-24 11:05:30,674 [INFO] ThirdPartyUpdaterWithRetryManager:70 - Updater plugin not ready yet. [1/15]
2025-09-24 11:05:30,678 [INFO] PluginManage:359 - Loaded plugin tools (category:base,tabindex:7)
2025-09-24 11:05:30,678 [INFO] PluginManage:310 - Check plugin tutovideos
2025-09-24 11:05:31,392 [INFO] PluginManage:359 - Loaded plugin tutovideos (category:base,tabindex:-1)
2025-09-24 11:05:31,393 [INFO] PluginManage:310 - Check plugin updater
2025-09-24 11:05:31,439 [INFO] PluginManage:359 - Loaded plugin updater (category:base,tabindex:12)
2025-09-24 11:05:31,439 [INFO] PluginManage:310 - Check plugin userauth
2025-09-24 11:05:31,450 [INFO] UserAuth:118 - Init User Auth plugin
2025-09-24 11:05:31,452 [INFO] PluginManage:359 - Loaded plugin userauth (category:base,tabindex:14)
2025-09-24 11:05:31,453 [INFO] PluginManage:283 - PluginManage : Loaded plugins [18]
2025-09-24 11:05:31,917 [INFO] PinOutPanel:1589 - setPackage(No Configuration,No Configuration)
2025-09-24 11:05:32,055 [INFO] CADModel:165 - CPN selected for project level
2025-09-24 11:05:32,055 [INFO] CADModel:114 - Register for checkConnection events
2025-09-24 11:05:32,083 [INFO] IPUIPlugin:80 - create IPUIPlugin
2025-09-24 11:05:32,083 [INFO] PluginManager:220 - loadIPPluginJar : add adc
2025-09-24 11:05:32,090 [INFO] IPUIPlugin:80 - create IPUIPlugin
2025-09-24 11:05:32,090 [INFO] PluginManager:220 - loadIPPluginJar : add aes
2025-09-24 11:05:32,095 [INFO] IPUIPlugin:80 - create IPUIPlugin
2025-09-24 11:05:32,096 [INFO] PluginManager:220 - loadIPPluginJar : add can
2025-09-24 11:05:32,098 [INFO] IPUIPlugin:80 - create IPUIPlugin
2025-09-24 11:05:32,098 [INFO] PluginManager:220 - loadIPPluginJar : add comp
2025-09-24 11:05:32,102 [INFO] IPUIPlugin:80 - create IPUIPlugin
2025-09-24 11:05:32,103 [INFO] PluginManager:220 - loadIPPluginJar : add cryp
2025-09-24 11:05:32,108 [INFO] IPUIPlugin:80 - create IPUIPlugin
2025-09-24 11:05:32,108 [INFO] PluginManager:220 - loadIPPluginJar : add ddr_ctrl_phy
2025-09-24 11:05:32,112 [INFO] IPUIPlugin:80 - create IPUIPlugin
2025-09-24 11:05:32,113 [INFO] PluginManager:220 - loadIPPluginJar : add dfsdm
2025-09-24 11:05:32,119 [INFO] IPUIPlugin:80 - create IPUIPlugin
2025-09-24 11:05:32,120 [INFO] PluginManager:220 - loadIPPluginJar : add dma
2025-09-24 11:05:32,125 [INFO] IPUIPlugin:80 - create IPUIPlugin
2025-09-24 11:05:32,125 [INFO] PluginManager:220 - loadIPPluginJar : add dma3
2025-09-24 11:05:32,128 [INFO] IPUIPlugin:80 - create IPUIPlugin
2025-09-24 11:05:32,128 [INFO] PluginManager:220 - loadIPPluginJar : add extmemmanager
2025-09-24 11:05:32,132 [INFO] IPUIPlugin:80 - create IPUIPlugin
2025-09-24 11:05:32,132 [INFO] PluginManager:220 - loadIPPluginJar : add fatfs
2025-09-24 11:05:32,138 [INFO] IPUIPlugin:80 - create IPUIPlugin
2025-09-24 11:05:32,138 [INFO] PluginManager:220 - loadIPPluginJar : add fmc
2025-09-24 11:05:32,155 [INFO] IPUIPlugin:80 - create IPUIPlugin
2025-09-24 11:05:32,155 [INFO] PluginManager:220 - loadIPPluginJar : add freertos
2025-09-24 11:05:32,158 [INFO] IPUIPlugin:80 - create IPUIPlugin
2025-09-24 11:05:32,158 [INFO] PluginManager:220 - loadIPPluginJar : add genericplugin
2025-09-24 11:05:32,161 [INFO] IPUIPlugin:80 - create IPUIPlugin
2025-09-24 11:05:32,161 [INFO] PluginManager:220 - loadIPPluginJar : add gfxmmu
2025-09-24 11:05:32,168 [INFO] IPUIPlugin:80 - create IPUIPlugin
2025-09-24 11:05:32,168 [INFO] PluginManager:220 - loadIPPluginJar : add gic
2025-09-24 11:05:32,175 [INFO] IPUIPlugin:80 - create IPUIPlugin
2025-09-24 11:05:32,175 [INFO] PluginManager:220 - loadIPPluginJar : add gpio
2025-09-24 11:05:32,180 [INFO] IPUIPlugin:80 - create IPUIPlugin
2025-09-24 11:05:32,180 [INFO] PluginManager:220 - loadIPPluginJar : add gtzc
2025-09-24 11:05:32,184 [INFO] IPUIPlugin:80 - create IPUIPlugin
2025-09-24 11:05:32,184 [INFO] PluginManager:220 - loadIPPluginJar : add hash
2025-09-24 11:05:32,189 [INFO] IPUIPlugin:80 - create IPUIPlugin
2025-09-24 11:05:32,189 [INFO] PluginManager:220 - loadIPPluginJar : add i2c
2025-09-24 11:05:32,193 [INFO] IPUIPlugin:80 - create IPUIPlugin
2025-09-24 11:05:32,194 [INFO] PluginManager:220 - loadIPPluginJar : add i2s
2025-09-24 11:05:32,197 [INFO] IPUIPlugin:80 - create IPUIPlugin
2025-09-24 11:05:32,198 [INFO] PluginManager:220 - loadIPPluginJar : add i3c
2025-09-24 11:05:32,203 [INFO] IPUIPlugin:80 - create IPUIPlugin
2025-09-24 11:05:32,203 [INFO] PluginManager:220 - loadIPPluginJar : add ipddr
2025-09-24 11:05:32,211 [INFO] IPUIPlugin:80 - create IPUIPlugin
2025-09-24 11:05:32,211 [INFO] PluginManager:220 - loadIPPluginJar : add linkedlist
2025-09-24 11:05:32,215 [INFO] IPUIPlugin:80 - create IPUIPlugin
2025-09-24 11:05:32,215 [INFO] PluginManager:220 - loadIPPluginJar : add lorawan
2025-09-24 11:05:32,218 [INFO] IPUIPlugin:80 - create IPUIPlugin
2025-09-24 11:05:32,218 [INFO] PluginManager:220 - loadIPPluginJar : add ltdc
2025-09-24 11:05:32,225 [INFO] IPUIPlugin:80 - create IPUIPlugin
2025-09-24 11:05:32,225 [INFO] PluginManager:220 - loadIPPluginJar : add mdma
2025-09-24 11:05:32,231 [INFO] IPUIPlugin:80 - create IPUIPlugin
2025-09-24 11:05:32,231 [INFO] PluginManager:220 - loadIPPluginJar : add nvic
2025-09-24 11:05:32,237 [INFO] IPUIPlugin:80 - create IPUIPlugin
2025-09-24 11:05:32,237 [INFO] PluginManager:220 - loadIPPluginJar : add opamp
2025-09-24 11:05:32,245 [INFO] IPUIPlugin:80 - create IPUIPlugin
2025-09-24 11:05:32,245 [INFO] PluginManager:220 - loadIPPluginJar : add openamp
2025-09-24 11:05:32,251 [INFO] IPUIPlugin:80 - create IPUIPlugin
2025-09-24 11:05:32,251 [INFO] PluginManager:220 - loadIPPluginJar : add pdm2pcm
2025-09-24 11:05:32,260 [INFO] IPUIPlugin:80 - create IPUIPlugin
2025-09-24 11:05:32,268 [INFO] PluginManager:220 - loadIPPluginJar : add plateformsettings
2025-09-24 11:05:32,273 [INFO] IPUIPlugin:80 - create IPUIPlugin
2025-09-24 11:05:32,273 [INFO] PluginManager:220 - loadIPPluginJar : add quadspi
2025-09-24 11:05:32,279 [INFO] IPUIPlugin:80 - create IPUIPlugin
2025-09-24 11:05:32,281 [INFO] PluginManager:220 - loadIPPluginJar : add radio
2025-09-24 11:05:32,287 [INFO] IPUIPlugin:80 - create IPUIPlugin
2025-09-24 11:05:32,287 [INFO] PluginManager:220 - loadIPPluginJar : add resmgrutility
2025-09-24 11:05:32,292 [INFO] IPUIPlugin:80 - create IPUIPlugin
2025-09-24 11:05:32,292 [INFO] PluginManager:220 - loadIPPluginJar : add sai
2025-09-24 11:05:32,296 [INFO] IPUIPlugin:80 - create IPUIPlugin
2025-09-24 11:05:32,296 [INFO] PluginManager:220 - loadIPPluginJar : add spi
2025-09-24 11:05:32,313 [INFO] IPUIPlugin:80 - create IPUIPlugin
2025-09-24 11:05:32,313 [INFO] PluginManager:220 - loadIPPluginJar : add stm32_wpan
2025-09-24 11:05:32,317 [INFO] IPUIPlugin:80 - create IPUIPlugin
2025-09-24 11:05:32,318 [INFO] PluginManager:220 - loadIPPluginJar : add tim
2025-09-24 11:05:32,326 [INFO] IPUIPlugin:80 - create IPUIPlugin
2025-09-24 11:05:32,326 [INFO] PluginManager:220 - loadIPPluginJar : add touchsensing
2025-09-24 11:05:32,331 [INFO] IPUIPlugin:80 - create IPUIPlugin
2025-09-24 11:05:32,331 [INFO] PluginManager:220 - loadIPPluginJar : add tracer_emb
2025-09-24 11:05:32,336 [INFO] IPUIPlugin:80 - create IPUIPlugin
2025-09-24 11:05:32,336 [INFO] PluginManager:220 - loadIPPluginJar : add ts
2025-09-24 11:05:32,340 [INFO] IPUIPlugin:80 - create IPUIPlugin
2025-09-24 11:05:32,340 [INFO] PluginManager:220 - loadIPPluginJar : add tsc
2025-09-24 11:05:32,347 [INFO] IPUIPlugin:80 - create IPUIPlugin
2025-09-24 11:05:32,347 [INFO] PluginManager:220 - loadIPPluginJar : add ucpd
2025-09-24 11:05:32,352 [INFO] IPUIPlugin:80 - create IPUIPlugin
2025-09-24 11:05:32,352 [INFO] PluginManager:220 - loadIPPluginJar : add usart
2025-09-24 11:05:32,358 [INFO] IPUIPlugin:80 - create IPUIPlugin
2025-09-24 11:05:32,358 [INFO] PluginManager:220 - loadIPPluginJar : add usbx
2025-09-24 11:05:32,544 [FATAL] Updater:351 - Updater called before beeing initialized
2025-09-24 11:05:32,608 [INFO] RulesReader:64 - Compatibility file has been processed (317 Rules)
2025-09-24 11:05:32,632 [INFO] RulesReader:64 - Compatibility file has been processed (317 Rules)
2025-09-24 11:05:32,647 [INFO] CADModel:165 - CPN selected for project level
2025-09-24 11:05:32,647 [INFO] CADModel:114 - Register for checkConnection events
2025-09-24 11:05:32,648 [FATAL] Updater:351 - Updater called before beeing initialized
2025-09-24 11:05:32,648 [ERROR] CADModel:125 - Updater not yet initialized, retry later 
2025-09-24 11:05:32,908 [FATAL] Updater:351 - Updater called before beeing initialized
2025-09-24 11:05:32,911 [INFO] CADModel:165 - CPN selected for project level
2025-09-24 11:05:32,911 [INFO] CADModel:114 - Register for checkConnection events
2025-09-24 11:05:32,912 [FATAL] Updater:351 - Updater called before beeing initialized
2025-09-24 11:05:32,912 [ERROR] CADModel:125 - Updater not yet initialized, retry later 
2025-09-24 11:05:32,916 [FATAL] Updater:351 - Updater called before beeing initialized
2025-09-24 11:05:33,091 [FATAL] Updater:351 - Updater called before beeing initialized
2025-09-24 11:05:33,108 [INFO] DbMcusAds:53 - JSON generation date=Tue Jul 08 13:44:23 IST 2025 (1751962463524)
2025-09-24 11:05:33,108 [FATAL] Updater:351 - Updater called before beeing initialized
2025-09-24 11:05:33,166 [WARN] DetailPanel:346 - Failed to get advertising image, set to default
2025-09-24 11:05:33,284 [FATAL] Updater:351 - Updater called before beeing initialized
2025-09-24 11:05:33,287 [FATAL] Updater:351 - Updater called before beeing initialized
2025-09-24 11:05:33,287 [FATAL] Updater:351 - Updater called before beeing initialized
2025-09-24 11:05:33,287 [WARN] DetailPanel:346 - Failed to get advertising image, set to default
2025-09-24 11:05:33,288 [FATAL] Updater:351 - Updater called before beeing initialized
2025-09-24 11:05:33,354 [ERROR] Updater:1198 - MainUpdater not yet initialized. External WinMGr cannot be set.
2025-09-24 11:05:33,358 [INFO] Updater:1134 - Updater Version found : 6.15.0
2025-09-24 11:05:33,380 [INFO] ApplicationProperties:184 - Using Application install path: C:\ST\STM32CubeIDE_1.19.0\STM32CubeIDE\plugins\com.st.stm32cube.common.mx_6.15.0.202507011659
2025-09-24 11:05:33,385 [ERROR] MainUpdater:3382 - Invalid format: data found outside section
2025-09-24 11:05:33,676 [INFO] ThirdPartyUpdaterWithRetryManager:70 - Updater plugin not ready yet. [2/15]
2025-09-24 11:05:34,962 [ERROR] LogOutputStream:75 - [STDERR_REDIRECT] Sep 24, 2025 11:05:34 AM java.util.prefs.WindowsPreferences <init>
2025-09-24 11:05:34,963 [ERROR] LogOutputStream:75 - [STDERR_REDIRECT] WARNING: Could not open/create prefs root node Software\JavaSoft\Prefs at root 0xffffffff80000002. Windows RegCreateKeyEx(...) returned error code 5.
2025-09-24 11:05:34,964 [ERROR] LogOutputStream:75 - [STDERR_REDIRECT] 
2025-09-24 11:05:35,010 [INFO] MainUpdater:525 - Copy updater definitions from MX database
2025-09-24 11:05:35,365 [INFO] MainUpdater:2872 - connection check result : 10
2025-09-24 11:05:35,366 [INFO] MainUpdater:3604 - Updater definition file requires update
2025-09-24 11:05:35,366 [INFO] MainUpdater:289 - Updater Check For Update Now.
2025-09-24 11:05:35,367 [INFO] MicroXplorer:498 - Change Database Version : DB.6.0.150
2025-09-24 11:05:35,375 [INFO] McuFinderGlobals:63 - Set McuFinder mode to 2 (CubeIDE integrated)
2025-09-24 11:05:35,376 [INFO] UserAuth:487 - Internet connection configuration mode: 1
2025-09-24 11:05:35,401 [INFO] JxBrowserEngine:152 - Initiate JxBrowser Engine with user profile folder
2025-09-24 11:05:35,418 [INFO] ServerAccessManage:452 - Complete download http(s) 200
2025-09-24 11:05:35,419 [INFO] ServerAccessManage:509 - Download File updaters.zip
2025-09-24 11:05:35,558 [INFO] FileExtend:248 - Unzip File : updaters.zip
2025-09-24 11:05:35,558 [INFO] FileExtend:263 - Standard Zip Deflate
2025-09-24 11:05:35,980 [INFO] ServerAccessManage:452 - Complete download http(s) 200
2025-09-24 11:05:35,980 [INFO] ServerAccessManage:509 - Download File PacksControlFlags.xml
2025-09-24 11:05:36,233 [INFO] ServerAccessManage:452 - Complete download http(s) 200
2025-09-24 11:05:36,233 [INFO] ServerAccessManage:509 - Download File cubemx.pidx
2025-09-24 11:05:36,415 [INFO] LoadServerUpdatesThread:375 - End of LoadServerUpdate Thread
2025-09-24 11:05:36,510 [ERROR] LogOutputStream:75 - [STDERR_REDIRECT] [Fatal Error] STMCheckUpdates.xml:1:1: Content is not allowed in prolog.
2025-09-24 11:05:36,511 [ERROR] LogOutputStream:75 - [STDERR_REDIRECT] 
2025-09-24 11:05:36,512 [ERROR] AbstractXmlFileManage:141 - Content is not allowed in prolog.
2025-09-24 11:05:36,512 [WARN] CheckServerUpdateThread:151 - Open CheckUpdateFile Fail
2025-09-24 11:05:36,664 [INFO] CheckServerUpdateThread:120 - End of CheckServer Thread
2025-09-24 11:05:37,568 [WARN] PackLoader:240 - Cannot read IP mode file for STMicroelectronics.FP-SNS-MOTENVWB1.1.4.0
2025-09-24 11:05:37,588 [WARN] PackLoader:240 - Cannot read IP mode file for STMicroelectronics.FP-ATR-ASTRA1.2.0.2
2025-09-24 11:05:37,607 [WARN] PackLoader:240 - Cannot read IP mode file for STMicroelectronics.X-CUBE-SMBUS.2.1.0
2025-09-24 11:05:37,616 [WARN] PackLoader:240 - Cannot read IP mode file for STMicroelectronics.X-CUBE-ST60.1.0.0
2025-09-24 11:05:37,664 [WARN] PackLoader:240 - Cannot read IP mode file for STMicroelectronics.X-CUBE-AZRTOS-F7.1.1.0
2025-09-24 11:05:37,747 [WARN] PackLoader:240 - Cannot read IP mode file for Infineon.AIROC-Wi-Fi-Bluetooth-STM32.1.7.1
2025-09-24 11:05:37,844 [WARN] PackLoader:240 - Cannot read IP mode file for STMicroelectronics.X-CUBE-AZRTOS-H7.3.4.0
2025-09-24 11:05:37,875 [WARN] PackLoader:240 - Cannot read IP mode file for STMicroelectronics.X-CUBE-DISPLAY.3.0.0
2025-09-24 11:05:37,907 [WARN] PackLoader:240 - Cannot read IP mode file for STMicroelectronics.X-CUBE-NFC10.1.0.0
2025-09-24 11:05:37,926 [WARN] PackLoader:240 - Cannot read IP mode file for emotas.I-CUBE-CANOPEN.1.3.0
2025-09-24 11:05:37,945 [WARN] PackLoader:240 - Cannot read IP mode file for STMicroelectronics.FP-SNS-STBOX1.2.1.0
2025-09-24 11:05:37,965 [WARN] PackLoader:240 - Cannot read IP mode file for STMicroelectronics.FP-SNS-SMARTAG2.1.2.0
2025-09-24 11:05:37,982 [WARN] PackLoader:240 - Cannot read IP mode file for STMicroelectronics.FP-SNS-FLIGHT1.5.1.0
2025-09-24 11:05:38,005 [INFO] LogOutputStream:77 - [STDOUT_REDIRECT] 1 : Invalid condition id : UX_CORESTACK_Condition cause : null
2025-09-24 11:05:38,006 [INFO] LogOutputStream:77 - [STDOUT_REDIRECT] 1 : Invalid condition id : UX_CORESTACK_Condition cause : null
2025-09-24 11:05:38,009 [INFO] LogOutputStream:77 - [STDOUT_REDIRECT] 1 : Invalid condition id : UX_CORESTACK_Condition cause : null
2025-09-24 11:05:38,013 [INFO] LogOutputStream:77 - [STDOUT_REDIRECT] 1 : Invalid condition id : UX_CORESTACK_Condition cause : null
2025-09-24 11:05:38,017 [INFO] LogOutputStream:77 - [STDOUT_REDIRECT] 1 : Invalid condition id : UX_CORESTACK_Condition cause : null
2025-09-24 11:05:38,026 [WARN] PackLoader:240 - Cannot read IP mode file for STMicroelectronics.X-CUBE-AZRTOS-WL.2.0.0
2025-09-24 11:05:38,039 [WARN] PackLoader:240 - Cannot read IP mode file for STMicroelectronics.FP-SNS-MOTENV1.5.0.0
2025-09-24 11:05:38,058 [WARN] PackLoader:240 - Cannot read IP mode file for WES.I-CUBE-Cesium.1.3.0
2025-09-24 11:05:38,072 [WARN] PackLoader:240 - Cannot read IP mode file for STMicroelectronics.X-CUBE-BLE2.3.3.0
2025-09-24 11:05:38,088 [WARN] PackLoader:240 - Cannot read IP mode file for STMicroelectronics.X-CUBE-NFC9.1.0.0
2025-09-24 11:05:38,106 [WARN] PackLoader:240 - Cannot read IP mode file for wolfSSL.I-CUBE-wolfSSL.5.8.2
2025-09-24 11:05:38,120 [WARN] PackLoader:240 - Cannot read IP mode file for STMicroelectronics.X-CUBE-BLE1.7.1.0
2025-09-24 11:05:38,147 [WARN] PackLoader:240 - Cannot read IP mode file for wolfSSL.I-CUBE-wolfMQTT.1.19.2
2025-09-24 11:05:38,161 [WARN] PackLoader:240 - Cannot read IP mode file for STMicroelectronics.X-CUBE-EEPRMA1.5.2.0
2025-09-24 11:05:38,207 [WARN] PackLoader:240 - Cannot read IP mode file for STMicroelectronics.X-CUBE-AZRTOS-G0.1.1.0
2025-09-24 11:05:38,227 [WARN] PackLoader:240 - Cannot read IP mode file for STMicroelectronics.X-CUBE-SAFEA1.1.2.2
2025-09-24 11:05:38,240 [WARN] PackLoader:240 - Cannot read IP mode file for STMicroelectronics.X-CUBE-NFC4.3.0.0
2025-09-24 11:05:38,262 [WARN] PackLoader:240 - Cannot read IP mode file for EmbeddedOffice.I-CUBE-FS-RTOS.1.0.1
2025-09-24 11:05:38,274 [WARN] PackLoader:240 - Cannot read IP mode file for STMicroelectronics.X-CUBE-WB05N.2.0.0
2025-09-24 11:05:38,285 [WARN] PackLoader:240 - Cannot read IP mode file for wolfSSL.I-CUBE-wolfTPM.3.8.0
2025-09-24 11:05:38,298 [WARN] PackLoader:240 - Cannot read IP mode file for STMicroelectronics.X-CUBE-TCPP.4.2.0
2025-09-24 11:05:38,311 [WARN] PackLoader:240 - Cannot read IP mode file for RealThread.X-CUBE-RT-Thread_Nano.4.1.1
2025-09-24 11:05:38,321 [WARN] PackLoader:240 - Cannot read IP mode file for STMicroelectronics.FP-ATR-SIGFOX1.3.2.0
2025-09-24 11:05:38,335 [WARN] PackLoader:240 - Cannot read IP mode file for ITTIA_DB.I-CUBE-ITTIADB.8.9.0
2025-09-24 11:05:38,352 [WARN] PackLoader:240 - Cannot read IP mode file for STMicroelectronics.X-CUBE-ST67W61.1.0.0
2025-09-24 11:05:38,363 [WARN] PackLoader:240 - Cannot read IP mode file for STMicroelectronics.X-CUBE-AI.10.2.0
2025-09-24 11:05:38,424 [WARN] PackLoader:240 - Cannot read IP mode file for SEGGER.I-CUBE-embOS.1.3.1
2025-09-24 11:05:38,513 [WARN] PackLoader:240 - Cannot read IP mode file for STMicroelectronics.X-CUBE-ALGOBUILD.1.4.0
2025-09-24 11:05:38,610 [WARN] PackLoader:240 - Cannot read IP mode file for STMicroelectronics.X-CUBE-MEMS1.11.3.0
2025-09-24 11:05:38,650 [INFO] WebApp:169 - Instantiating new browser for Auth
2025-09-24 11:05:38,979 [WARN] PackLoader:240 - Cannot read IP mode file for STMicroelectronics.X-CUBE-PM33A1.1.0.0
2025-09-24 11:05:39,017 [WARN] PackLoader:240 - Cannot read IP mode file for STMicroelectronics.X-CUBE-AZRTOS-F4.1.1.0
2025-09-24 11:05:39,032 [WARN] PackLoader:240 - Cannot read IP mode file for STMicroelectronics.X-CUBE-ISPU.2.1.0
2025-09-24 11:05:39,046 [WARN] PackLoader:240 - Cannot read IP mode file for STMicroelectronics.X-CUBE-NFC12.1.0.0
2025-09-24 11:05:39,080 [WARN] PackLoader:240 - Cannot read IP mode file for STMicroelectronics.X-CUBE-AZRTOS-L5.2.0.0
2025-09-24 11:05:39,097 [WARN] PackLoader:240 - Cannot read IP mode file for STMicroelectronics.X-CUBE-NFC6.3.1.0
2025-09-24 11:05:39,112 [WARN] PackLoader:240 - Cannot read IP mode file for STMicroelectronics.X-CUBE-FREERTOS.1.3.1
2025-09-24 11:05:39,121 [WARN] PackLoader:240 - Cannot read IP mode file for STMicroelectronics.FP-SNS-STAIOTCFT.1.0.0
2025-09-24 11:05:39,132 [WARN] PackLoader:240 - Cannot read IP mode file for STMicroelectronics.X-CUBE-DPower.1.3.0
2025-09-24 11:05:39,155 [WARN] ConditionMgr:438 - getConditionDescription Invalid condition id : LAN8742 Phy interface Condition cause : null
2025-09-24 11:05:39,155 [WARN] PackLoader:240 - Cannot read IP mode file for STMicroelectronics.X-CUBE-AZRTOS-L4.2.0.0
2025-09-24 11:05:39,157 [WARN] ConditionMgr:1044 - genDependencies : Invalid condition id : LAN8742 Phy interface Condition cause : null
2025-09-24 11:05:39,157 [WARN] ConditionMgr:1044 - genDependencies : Invalid condition id : LAN8742 Phy interface Condition cause : null
2025-09-24 11:05:39,158 [WARN] ConditionMgr:1044 - genDependencies : Invalid condition id : LAN8742 Phy interface Condition cause : null
2025-09-24 11:05:39,173 [WARN] PackLoader:240 - Cannot read IP mode file for STMicroelectronics.X-CUBE-SFXS2LP1.4.0.0
2025-09-24 11:05:39,197 [WARN] PackLoader:240 - Cannot read IP mode file for STMicroelectronics.X-CUBE-BLEMGR.4.1.0
2025-09-24 11:05:39,226 [WARN] ConditionMgr:438 - getConditionDescription Invalid condition id : UX DEVICE CLASS RTOS Condition cause : null
2025-09-24 11:05:39,226 [WARN] ConditionMgr:438 - getConditionDescription Invalid condition id : UX DEVICE CLASS RTOS Condition cause : null
2025-09-24 11:05:39,248 [WARN] PackLoader:240 - Cannot read IP mode file for STMicroelectronics.X-CUBE-AZRTOS-WB.2.0.0
2025-09-24 11:05:39,248 [WARN] ConditionMgr:1044 - genDependencies : Invalid condition id : UX DEVICE CLASS RTOS Condition cause : null
2025-09-24 11:05:39,248 [WARN] ConditionMgr:1044 - genDependencies : Invalid condition id : UX DEVICE CLASS RTOS Condition cause : null
2025-09-24 11:05:39,250 [WARN] ConditionMgr:1044 - genDependencies : Invalid condition id : UX DEVICE CLASS RTOS Condition cause : null
2025-09-24 11:05:39,250 [WARN] ConditionMgr:1044 - genDependencies : Invalid condition id : UX DEVICE CLASS RTOS Condition cause : null
2025-09-24 11:05:39,251 [WARN] ConditionMgr:1044 - genDependencies : Invalid condition id : UX DEVICE CLASS RTOS Condition cause : null
2025-09-24 11:05:39,263 [WARN] PackLoader:240 - Cannot read IP mode file for STMicroelectronics.X-CUBE-GNSS1.7.0.1
2025-09-24 11:05:39,275 [WARN] PackLoader:240 - Cannot read IP mode file for STMicroelectronics.X-CUBE-TOUCHGFX.4.25.0
2025-09-24 11:05:39,283 [WARN] ConditionMgr:438 - getConditionDescription Invalid condition id : Cortex-A Device cause : null
2025-09-24 11:05:39,310 [WARN] ConditionMgr:1044 - genDependencies : Invalid condition id : Cortex-A Device cause : null
2025-09-24 11:05:39,310 [WARN] ConditionMgr:1044 - genDependencies : Invalid condition id : Cortex-A Device cause : null
2025-09-24 11:05:39,310 [WARN] ConditionMgr:1044 - genDependencies : Invalid condition id : Cortex-A Device cause : null
2025-09-24 11:05:39,330 [WARN] PackLoader:240 - Cannot read IP mode file for STMicroelectronics.X-CUBE-SUBG2.5.0.0
2025-09-24 11:05:39,375 [WARN] PackLoader:240 - Cannot read IP mode file for STMicroelectronics.X-CUBE-AZRTOS-H7RS.1.1.0
2025-09-24 11:05:39,386 [WARN] PackLoader:240 - Cannot read IP mode file for Cesanta.I-CUBE-Mongoose.7.13.0
2025-09-24 11:05:39,414 [WARN] PackLoader:240 - Cannot read IP mode file for STMicroelectronics.X-CUBE-AZRTOS-G4.2.0.0
2025-09-24 11:05:39,427 [WARN] PackLoader:240 - Cannot read IP mode file for wolfSSL.I-CUBE-wolfSSH.1.4.20
2025-09-24 11:05:39,436 [WARN] PackLoader:240 - Cannot read IP mode file for STMicroelectronics.X-CUBE-NFC7.2.0.0
2025-09-24 11:05:39,467 [WARN] PackLoader:240 - Cannot read IP mode file for STMicroelectronics.X-CUBE-IPS.3.1.0
2025-09-24 11:05:39,488 [WARN] PackLoader:240 - Cannot read IP mode file for STMicroelectronics.X-CUBE-ALS.1.0.2
2025-09-24 11:05:39,502 [WARN] PackLoader:240 - Cannot read IP mode file for STMicroelectronics.X-CUBE-STSE01.1.0.0
2025-09-24 11:05:39,515 [WARN] PackLoader:240 - Cannot read IP mode file for portGmbH.I-Cube-SoM-uGOAL.1.1.0
2025-09-24 11:05:39,540 [WARN] PackLoader:240 - Cannot read IP mode file for STMicroelectronics.X-CUBE-TOF1.3.4.3
2025-09-24 11:05:39,563 [INFO] ThirdParty:978 - Integrity check success = true
2025-09-24 11:05:39,563 [INFO] IntegrityCheckThread:100 - exiting critical section [integrity check]
2025-09-24 11:05:39,563 [INFO] IntegrityCheckThread:103 - End integrity checks thread
2025-09-24 11:05:40,519 [INFO] WebApp:463 - Apply proxy settings
2025-09-24 11:05:40,520 [INFO] WebApp:548 - Chromium requires no authentication
2025-09-24 11:05:40,536 [INFO] WebApp:491 - Direct internet connection detected
2025-09-24 11:05:40,586 [INFO] WebApp:900 - Register for checkConnection events
2025-09-24 11:05:40,586 [INFO] WebApp:463 - Apply proxy settings
2025-09-24 11:05:40,587 [INFO] WebApp:548 - Chromium requires no authentication
2025-09-24 11:05:40,587 [INFO] WebApp:491 - Direct internet connection detected
2025-09-24 11:05:40,884 [INFO] WebApp:225 - Starting web application
2025-09-24 11:05:40,885 [INFO] WebApp:593 - Web application path used C:\ST\STM32CubeIDE_1.19.0\STM32CubeIDE\plugins\com.st.stm32cube.common.mx_6.15.0.202507011659\db\plugins\mcufinder\reactClient1\index.html
2025-09-24 11:05:41,145 [INFO] UserAuth:487 - Internet connection configuration mode: 1
2025-09-24 11:05:41,304 [ERROR] LogOutputStream:75 - [STDERR_REDIRECT] [Fatal Error] :1:1: Premature end of file.
2025-09-24 11:05:41,304 [ERROR] LogOutputStream:75 - [STDERR_REDIRECT] 
2025-09-24 11:05:41,395 [INFO] WebApp:191 - Connection restablished
2025-09-24 11:05:42,228 [ERROR] LogOutputStream:75 - [STDERR_REDIRECT] [Fatal Error] :1:1: Premature end of file.
2025-09-24 11:05:42,228 [ERROR] LogOutputStream:75 - [STDERR_REDIRECT] 
2025-09-24 11:05:43,242 [ERROR] LogOutputStream:75 - [STDERR_REDIRECT] [Fatal Error] :1:1: Premature end of file.
2025-09-24 11:05:43,242 [ERROR] LogOutputStream:75 - [STDERR_REDIRECT] 
2025-09-24 11:05:44,223 [ERROR] LogOutputStream:75 - [STDERR_REDIRECT] [Fatal Error] :1:1: Premature end of file.
2025-09-24 11:05:44,223 [ERROR] LogOutputStream:75 - [STDERR_REDIRECT] 
2025-09-24 11:05:45,220 [ERROR] LogOutputStream:75 - [STDERR_REDIRECT] [Fatal Error] :1:1: Premature end of file.
2025-09-24 11:05:45,220 [ERROR] LogOutputStream:75 - [STDERR_REDIRECT] 
2025-09-24 11:05:46,222 [ERROR] LogOutputStream:75 - [STDERR_REDIRECT] [Fatal Error] :1:1: Premature end of file.
2025-09-24 11:05:46,222 [ERROR] LogOutputStream:75 - [STDERR_REDIRECT] 
2025-09-24 11:05:47,222 [ERROR] LogOutputStream:75 - [STDERR_REDIRECT] [Fatal Error] :1:1: Premature end of file.
2025-09-24 11:05:47,222 [ERROR] LogOutputStream:75 - [STDERR_REDIRECT] 
2025-09-24 11:05:48,172 [INFO] McuFinderGlobals:63 - Set McuFinder mode to 2 (CubeIDE integrated)
2025-09-24 11:05:48,178 [INFO] MainUpdater:2872 - connection check result : 10
2025-09-24 11:05:48,179 [INFO] MainUpdater:2872 - connection check result : 10
2025-09-24 11:05:48,228 [ERROR] LogOutputStream:75 - [STDERR_REDIRECT] [Fatal Error] :1:1: Premature end of file.
2025-09-24 11:05:48,228 [ERROR] LogOutputStream:75 - [STDERR_REDIRECT] 
2025-09-24 11:05:48,243 [INFO] MicroXplorer:468 - Change Database Path : 
2025-09-24 11:05:48,244 [INFO] MicroXplorer:498 - Change Database Version : DB.6.0.150
2025-09-24 11:05:48,252 [WARN] ThirdParty:871 - waiting for thirdparty lock release [close project]
2025-09-24 11:05:48,252 [INFO] ThirdParty:873 - entering critical section [close project]
2025-09-24 11:05:48,253 [INFO] ThirdParty:883 - exiting critical section [close project]
2025-09-24 11:05:48,257 [INFO] PinOutPanel:1589 - setPackage(No Configuration,No Configuration)
2025-09-24 11:05:48,258 [INFO] UtilMem:75 - Begin LoadConfig() Used Memory: 280919744 Bytes (576716800)
2025-09-24 11:05:48,261 [INFO] MicroXplorer:468 - Change Database Path : 
2025-09-24 11:05:48,261 [INFO] MicroXplorer:498 - Change Database Version : DB.6.0.150
2025-09-24 11:05:48,262 [INFO] OpenFileManager:355 - Change cursor
2025-09-24 11:05:48,333 [INFO] Mcu:2029 - Initializing MCU STM32F407V(E-G)Tx STM32F407VGTx STM32F407VGT6
2025-09-24 11:05:49,293 [ERROR] LogOutputStream:75 - [STDERR_REDIRECT] [Fatal Error] :1:1: Premature end of file.
2025-09-24 11:05:49,294 [ERROR] LogOutputStream:75 - [STDERR_REDIRECT] 
2025-09-24 11:05:50,260 [ERROR] LogOutputStream:75 - [STDERR_REDIRECT] [Fatal Error] :1:1: Premature end of file.
2025-09-24 11:05:50,260 [ERROR] LogOutputStream:75 - [STDERR_REDIRECT] 
2025-09-24 11:05:51,245 [ERROR] LogOutputStream:75 - [STDERR_REDIRECT] [Fatal Error] :1:1: Premature end of file.
2025-09-24 11:05:51,247 [ERROR] LogOutputStream:75 - [STDERR_REDIRECT] 
2025-09-24 11:05:51,768 [INFO] Context:786 - Trying to add GPIOservice into a context  which must be forbidden
2025-09-24 11:05:52,245 [ERROR] LogOutputStream:75 - [STDERR_REDIRECT] [Fatal Error] :1:1: Premature end of file.
2025-09-24 11:05:52,246 [ERROR] LogOutputStream:75 - [STDERR_REDIRECT] 
2025-09-24 11:05:52,675 [INFO] ImportTextPane:234 - (OptionalMessage_ERROR) Pin6 (VP_RIF_VS_RIF1) cannot be retrieved for this MCU
2025-09-24 11:05:52,822 [INFO] RtosManager:558 - Registered RTOS mode: class=CMSIS, group=RTOS, mode=CMSIS_V1, owner=FREERTOS
2025-09-24 11:05:52,822 [INFO] RtosManager:558 - Registered RTOS mode: class=CMSIS, group=RTOS2, mode=CMSIS_V2, owner=FREERTOS
2025-09-24 11:05:52,822 [INFO] RtosManager:558 - Registered RTOS mode: class=RTOS, group=Core, mode=CMSIS_V1, owner=FREERTOS
2025-09-24 11:05:52,823 [INFO] RtosManager:558 - Registered RTOS mode: class=RTOS, group=Core, mode=CMSIS_V2, owner=FREERTOS
2025-09-24 11:05:52,823 [WARN] ModelIntegratedComponent:184 - Missing modes for component STMicroelectronics:FreeRTOS:0.0.1:STMicroelectronics:RTOS:FreeRTOS:Core:::10.2.0:
2025-09-24 11:05:52,862 [WARN] ModelIntegratedComponent:63 - No mode defined for component null
2025-09-24 11:05:52,862 [WARN] ModelIntegratedComponent:63 - No mode defined for component null
2025-09-24 11:05:52,863 [WARN] ModelIntegratedComponent:63 - No mode defined for component null
2025-09-24 11:05:52,863 [WARN] ModelIntegratedComponent:63 - No mode defined for component null
2025-09-24 11:05:52,863 [WARN] ModelIntegratedComponent:63 - No mode defined for component null
2025-09-24 11:05:52,863 [WARN] ModelIntegratedComponent:63 - No mode defined for component null
2025-09-24 11:05:52,864 [WARN] ModelIntegratedComponent:63 - No mode defined for component null
2025-09-24 11:05:52,864 [WARN] ModelIntegratedComponent:63 - No mode defined for component null
2025-09-24 11:05:52,864 [WARN] ModelIntegratedComponent:63 - No mode defined for component null
2025-09-24 11:05:52,864 [WARN] ModelIntegratedComponent:63 - No mode defined for component null
2025-09-24 11:05:52,864 [WARN] ModelIntegratedComponent:63 - No mode defined for component null
2025-09-24 11:05:52,864 [WARN] ModelIntegratedComponent:63 - No mode defined for component null
2025-09-24 11:05:52,864 [WARN] ModelIntegratedComponent:63 - No mode defined for component null
2025-09-24 11:05:52,865 [WARN] ModelIntegratedComponent:63 - No mode defined for component null
2025-09-24 11:05:52,865 [WARN] ModelIntegratedComponent:63 - No mode defined for component null
2025-09-24 11:05:52,865 [WARN] ModelIntegratedComponent:63 - No mode defined for component null
2025-09-24 11:05:52,865 [WARN] ModelIntegratedComponent:63 - No mode defined for component null
2025-09-24 11:05:52,865 [WARN] ModelIntegratedComponent:63 - No mode defined for component null
2025-09-24 11:05:52,865 [WARN] ModelIntegratedComponent:63 - No mode defined for component null
2025-09-24 11:05:52,865 [WARN] ModelIntegratedComponent:63 - No mode defined for component null
2025-09-24 11:05:52,865 [WARN] ModelIntegratedComponent:63 - No mode defined for component null
2025-09-24 11:05:52,865 [WARN] ModelIntegratedComponent:63 - No mode defined for component null
2025-09-24 11:05:52,865 [WARN] ModelIntegratedComponent:63 - No mode defined for component null
2025-09-24 11:05:52,865 [WARN] ModelIntegratedComponent:63 - No mode defined for component null
2025-09-24 11:05:52,866 [WARN] ModelIntegratedComponent:63 - No mode defined for component null
2025-09-24 11:05:52,866 [WARN] ModelIntegratedComponent:63 - No mode defined for component null
2025-09-24 11:05:52,866 [WARN] ModelIntegratedComponent:63 - No mode defined for component null
2025-09-24 11:05:52,866 [WARN] ModelIntegratedComponent:63 - No mode defined for component null
2025-09-24 11:05:52,866 [WARN] ModelIntegratedComponent:63 - No mode defined for component null
2025-09-24 11:05:52,866 [WARN] ModelIntegratedComponent:63 - No mode defined for component null
2025-09-24 11:05:52,866 [WARN] ModelIntegratedComponent:63 - No mode defined for component null
2025-09-24 11:05:52,866 [WARN] ModelIntegratedComponent:63 - No mode defined for component null
2025-09-24 11:05:52,866 [WARN] ModelIntegratedComponent:63 - No mode defined for component null
2025-09-24 11:05:52,866 [WARN] ModelIntegratedComponent:63 - No mode defined for component null
2025-09-24 11:05:52,866 [WARN] ModelIntegratedComponent:63 - No mode defined for component null
2025-09-24 11:05:52,867 [WARN] ModelPack:524 - Component already loaded: STMicroelectronics:HAL Drivers:0.0.0:STMicroelectronics:Device:STMicro_Driver:XSPI:HAL::0.0.1:HAL_XSPI
2025-09-24 11:05:53,108 [INFO] ThirdPartyModel:298 - Start build external matchings
2025-09-24 11:05:53,238 [ERROR] LogOutputStream:75 - [STDERR_REDIRECT] [Fatal Error] :1:1: Premature end of file.
2025-09-24 11:05:53,238 [ERROR] LogOutputStream:75 - [STDERR_REDIRECT] 
2025-09-24 11:05:53,740 [INFO] ThirdPartyModel:316 - End build external matchings
2025-09-24 11:05:54,276 [ERROR] LogOutputStream:75 - [STDERR_REDIRECT] [Fatal Error] :1:1: Premature end of file.
2025-09-24 11:05:54,276 [ERROR] LogOutputStream:75 - [STDERR_REDIRECT] 
2025-09-24 11:05:54,678 [INFO] ApiDb:581 - Connected to CubeFinder SQLite database (C:\Users\train\.stmcufinder\plugins\mcufinder\mcu\cube-finder-db.db)
2025-09-24 11:05:54,868 [INFO] ApiDb:668 - CubeFinder database Data Model version=2.1
2025-09-24 11:05:54,869 [INFO] ApiDb:669 - CubeFinder database Configuration version=3.0.39
2025-09-24 11:05:54,869 [INFO] ApiDb:670 - CubeFinder database generation date=2025-08-25 (1756130511)
2025-09-24 11:05:54,869 [INFO] ApiDb:671 - CubeFinder database FW Pack versions=[FP-ATR-ASTRA1_V2.0.0, FP-SNS-FLIGHT1_V5.1.0, FP-SNS-MOTENV1_V5.0.0, FP-SNS-MOTENVWB1_V1.4.0, FP-SNS-SMARTAG2_V1.2.0, FP-SNS-STBOX1_V2.1.0, STM32Cube_FW_C0_V1.4.0, STM32Cube_FW_F4_V1.28.3, STM32Cube_FW_F7_V1.17.4, STM32Cube_FW_G0_V1.6.2, STM32Cube_FW_G4_V1.6.1, STM32Cube_FW_H5_V1.5.0, STM32Cube_FW_H7RS_V1.2.0, STM32Cube_FW_H7_V1.12.1, STM32Cube_FW_L0_V1.12.2, STM32Cube_FW_L4_V1.18.1, STM32Cube_FW_L5_V1.5.1, STM32Cube_FW_N6_V1.2.0, STM32Cube_FW_U0_V1.3.0, STM32Cube_FW_U3_V1.2.0, STM32Cube_FW_U5_V1.8.0, STM32Cube_FW_WB0_V1.3.0, STM32Cube_FW_WBA_V1.7.0, STM32Cube_FW_WB_V1.23.0, STM32Cube_FW_WL3_V1.2.0, STM32Cube_FW_WL_V1.3.1, X-CUBE-ALGOBUILD_V1.4.0, X-CUBE-ALS_V1.0.2, X-CUBE-AZRTOS-F4_V1.1.0, X-CUBE-AZRTOS-F7_V1.1.0, X-CUBE-AZRTOS-G0_V1.1.0, X-CUBE-AZRTOS-G4_V2.0.0, X-CUBE-AZRTOS-H7RS_V1.1.0, X-CUBE-AZRTOS-H7_V3.4.0, X-CUBE-AZRTOS-L4_V2.0.0, X-CUBE-AZRTOS-L5_V2.0.0, X-CUBE-AZRTOS-WB_V2.0.0, X-CUBE-AZRTOS-WL_V2.0.0, X-CUBE-BLE1_V7.1.0, X-CUBE-BLE2_V3.3.0, X-CUBE-BLEMGR_V4.1.0, X-CUBE-EEPRMA1_V5.2.0, X-CUBE-FREERTOS_V1.3.1, X-CUBE-GNSS1_V6.0.0, X-CUBE-MEMS1_V11.3.0, X-CUBE-NFC4_V3.0.0, X-CUBE-NFC7_V2.0.0, X-CUBE-SFXS2LP1_V4.0.0, X-CUBE-ST67W61_V1.0.0, X-CUBE-SUBG2_V5.0.0, X-CUBE-TOF1_V3.4.3]
2025-09-24 11:05:55,068 [INFO] DbBoardsSqlite:226 - include board P-NUCLEO-WB55-NUCLEO as a kit item of type 'Nucleo-64'
2025-09-24 11:05:55,068 [INFO] DbBoardsSqlite:226 - include board P-NUCLEO-WB55-USBDONGLE as a kit item of type 'Nucleo USB Dongle'
2025-09-24 11:05:55,070 [INFO] DbBoardsSqlite:226 - include board STEVAL-IDP005V1 as a kit item of type 'Evaluation Board'
2025-09-24 11:05:55,071 [INFO] DbBoardsSqlite:226 - include board STEVAL-IDP005V2 as a kit item of type 'Evaluation Board'
2025-09-24 11:05:55,229 [ERROR] LogOutputStream:75 - [STDERR_REDIRECT] [Fatal Error] :1:1: Premature end of file.
2025-09-24 11:05:55,229 [ERROR] LogOutputStream:75 - [STDERR_REDIRECT] 
2025-09-24 11:05:55,815 [INFO] ApiDb:240 - Found 880 in-development CPN: [B-G473E-ZEST1S, B-WB1M-WPAN1, B-WBA5M-WPAN, B-WL5M-SUBG1, NUCLEO-C031C6, NUCLEO-C051C8, NUCLEO-C071RB, NUCLEO-C092RC, NUCLEO-H503RB, NUCLEO-H533RE, NUCLEO-H563ZI, NUCLEO-H7S3L8, NUCLEO-N657X0-Q, NUCLEO-U031R8, NUCLEO-U083RC, NUCLEO-U385RG-Q, NUCLEO-U545RE-Q, NUCLEO-U5A5ZJ-Q, NUCLEO-WB05KZ, NUCLEO-WB07CC, NUCLEO-WB09KE, NUCLEO-WBA52CG, NUCLEO-WBA55CG, NUCLEO-WL33CC1, NUCLEO-WL33CC2, STEVAL-PROTEUS1, STEVAL-SMARTAG2, STEVAL-STWINBX1, STM320518-EVAL, STM32C0116-DK, STM32C011D6Y3TR, STM32C011D6Y6TR, STM32C011F4P3, STM32C011F4P6, STM32C011F4U3, STM32C011F4U6TR, STM32C011F6P3, STM32C011F6P6, STM32C011F6U3, STM32C011F6U6TR, STM32C011J4M3, STM32C011J4M6, STM32C011J6M3, STM32C011J6M6, STM32C0316-DK, STM32C031C4T3, STM32C031C4T6, STM32C031C4U3, STM32C031C4U6, STM32C031C6T3, STM32C031C6T6, STM32C031C6U3, STM32C031C6U6, STM32C031F4P3, STM32C031F4P6, STM32C031F6P3, STM32C031F6P6, STM32C031G4U3, STM32C031G4U6, STM32C031G6U3, STM32C031G6U6, STM32C031K4T3, STM32C031K4T6, STM32C031K4U3, STM32C031K4U6, STM32C031K6T3, STM32C031K6T6, STM32C031K6U3, STM32C031K6U6, STM32C051C6T6, STM32C051C6U6, STM32C051C8T6, STM32C051C8U6, STM32C051D8Y6TR, STM32C051F6P6, STM32C051F8P6, STM32C051G6U6, STM32C051G8U6, STM32C051K6T6, STM32C051K6U6, STM32C051K8T6, STM32C071C8T6, STM32C071C8T6N, STM32C071C8U6, STM32C071C8U6N, STM32C071CBT6, STM32C071CBT6N, STM32C071CBU6, STM32C071CBU6N, STM32C071F8P6, STM32C071F8P6N, STM32C071FBP6, STM32C071FBP6N, STM32C071FBY6TR, STM32C071G8U6, STM32C071G8U6N, STM32C071GBU6, STM32C071GBU6N, STM32C071K8T6, STM32C071K8T6N, STM32C071K8U6, STM32C071K8U6N, STM32C071KBT6, STM32C071KBT6N, STM32C071KBU6, STM32C071KBU6N, STM32C071R8T6, STM32C071R8T6N, STM32C071RBI6N, STM32C071RBT6, STM32C071RBT6N, STM32C091CBT6, STM32C091CBU6, STM32C091CCT6, STM32C091CCU6, STM32C091ECY6TR, STM32C091FBP6, STM32C091FCP6, STM32C091GBU6, STM32C091GCU6, STM32C091KBT6, STM32C091KBU6, STM32C091KCT6, STM32C091KCU6, STM32C091RBT6, STM32C091RCI6, STM32C091RCT6, STM32C092CBT6, STM32C092CBU6, STM32C092CCT6, STM32C092CCU6, STM32C092ECY6TR, STM32C092FBP6, STM32C092FCP6, STM32C092GBU6, STM32C092GCU6, STM32C092KBT6, STM32C092KBU6, STM32C092KCT6, STM32C092KCU6, STM32C092RBT6, STM32C092RCI6, STM32C092RCT6, STM32G071K8TXN, STM32G071K8UXN, STM32G081GBU6N, STM32G081KBT6N, STM32G081KBUXN, STM32G0B1CCT6N, STM32G0B1KCT6, STM32G0B1NEY6TR, STM32G0B1RCT6N, STM32G0C1CCT6, STM32G0C1CCT6N, STM32G0C1CCU6N, STM32G0C1CET6N, STM32G0C1CEU6N, STM32G0C1KCT6, STM32G0C1NEY6TR, STM32G0C1RCI6N, STM32G0C1RCT6N, STM32G0C1REI6N, STM32G0C1RET6N, STM32G0C1VCI6, STM32G0C1VEI6, STM32G411C6T3, STM32G411C6T6, STM32G411C6U3, STM32G411C6U6, STM32G411C8T3, STM32G411C8T6, STM32G411C8U3, STM32G411C8U6, STM32G411CBT3, STM32G411CBT6, STM32G411CBU3, STM32G411CBU6, STM32G411K6T3, STM32G411K6T6, STM32G411K6U3, STM32G411K6U6, STM32G411K8T3, STM32G411K8T6, STM32G411K8U3, STM32G411K8U6, STM32G411KBT3, STM32G411KBT6, STM32G411KBU3, STM32G411KBU6, STM32G411M6T3, STM32G411M6T6, STM32G411M8T3, STM32G411M8T6, STM32G411MBT3, STM32G411MBT6, STM32G411R6T3, STM32G411R6T6, STM32G411R8T3, STM32G411R8T6, STM32G411RBT3, STM32G411RBT6, STM32G414CBT3, STM32G414CBT6, STM32G414CBU3, STM32G414CBU6, STM32G414CCT3, STM32G414CCT6, STM32G414CCU3, STM32G414CCU6, STM32G414MBT3, STM32G414MBT6, STM32G414MCT3, STM32G414MCT6, STM32G414RBT3, STM32G414RBT6, STM32G414RCT3, STM32G414RCT6, STM32G414VBT3, STM32G414VBT6, STM32G414VCT3, STM32G414VCT6, STM32G431CBT3Z, STM32G431RBT3Z, STM32G471CCT6, STM32G471CCU6, STM32G471CET3, STM32G471CET6, STM32G471CEU3, STM32G471CEU6, STM32G471MCT6, STM32G471MET3, STM32G471MET6, STM32G471MEY6TR, STM32G471QCT6, STM32G471QET3, STM32G471RCT6, STM32G471RET3, STM32G471RET6, STM32G471VCH6, STM32G471VCI6, STM32G471VCT6, STM32G471VEH3, STM32G471VEH6, STM32G471VEI3, STM32G471VEI6, STM32G471VET3, STM32G471VET6, STM32G473QET3Z, STM32G473RET3Z, STM32G474CCT6, STM32G491RET3Z, STM32H503CBT6, STM32H503CBU6, STM32H503EBY6TR, STM32H503KBU6, STM32H503RBT6, STM32H523CCT6, STM32H523CCU6, STM32H523CET6, STM32H523CEU6, STM32H523HEY6TR, STM32H523RCT6, STM32H523RET6, STM32H523VCI6, STM32H523VCT6, STM32H523VEI6, STM32H523VET6, STM32H523ZCJ6, STM32H523ZCT6, STM32H523ZEJ6, STM32H523ZET6, STM32H533CET6, STM32H533CEU6, STM32H533HEY6TR, STM32H533RET6, STM32H533VEI6, STM32H533VET6, STM32H533ZEJ6, STM32H533ZET6, STM32H562AGI6, STM32H562AII6, STM32H562IGK6, STM32H562IGT6, STM32H562IIK6, STM32H562IIT6, STM32H562RGT6, STM32H562RGV6, STM32H562RIT6, STM32H562RIV6, STM32H562VGT6, STM32H562VIT6, STM32H562ZGT6, STM32H562ZIT6, STM32H563AGI6, STM32H563AII3Q, STM32H563AII6, STM32H563IGK6, STM32H563IGT6, STM32H563IIK3Q, STM32H563IIK6, STM32H563IIT3Q, STM32H563IIT6, STM32H563MIY3QTR, STM32H563RGT6, STM32H563RGV6, STM32H563RIT6, STM32H563RIV6, STM32H563VGT6, STM32H563VIT3Q, STM32H563VIT6, STM32H563ZGT6, STM32H563ZIT3Q, STM32H563ZIT6, STM32H573AII3Q, STM32H573AII6, STM32H573I-DK, STM32H573IIK3Q, STM32H573IIK6, STM32H573IIT3Q, STM32H573IIT6, STM32H573MIY3QTR, STM32H573RIT6, STM32H573RIV6, STM32H573VIT3Q, STM32H573VIT6, STM32H573ZIT3Q, STM32H573ZIT6, STM32H7R3A8I6, STM32H7R3I8K6, STM32H7R3I8T6, STM32H7R3L8H6, STM32H7R3L8H6H, STM32H7R3R8V6, STM32H7R3V8H6, STM32H7R3V8T6, STM32H7R3V8Y6TR, STM32H7R3Z8J6, STM32H7R3Z8T6, STM32H7R7A8I6, STM32H7R7I8K6, STM32H7R7I8T6, STM32H7R7L8H6, STM32H7R7L8H6H, STM32H7R7Z8J6, STM32H7S3A8I6, STM32H7S3I8K6, STM32H7S3I8T6, STM32H7S3L8H6, STM32H7S3L8H6H, STM32H7S3R8V6, STM32H7S3V8H6, STM32H7S3V8T6, STM32H7S3V8Y6TR, STM32H7S3Z8J6, STM32H7S3Z8T6, STM32H7S78-DK, STM32H7S7A8I6, STM32H7S7I8K6, STM32H7S7I8T6, STM32H7S7L8H6, STM32H7S7L8H6H, STM32H7S7Z8J6, STM32L4R5QGI6STR, STM32MP131AAE3, STM32MP131AAF3, STM32MP131AAG3, STM32MP131CAE3, STM32MP131CAF3, STM32MP131CAG3, STM32MP131DAE7, STM32MP131DAF7, STM32MP131DAG7, STM32MP131FAE7, STM32MP131FAF7, STM32MP131FAG7, STM32MP133AAE3, STM32MP133AAF3, STM32MP133AAG3, STM32MP133CAE3, STM32MP133CAF3, STM32MP133CAG3, STM32MP133DAE7, STM32MP133DAF7, STM32MP133DAG7, STM32MP133FAE7, STM32MP133FAF7, STM32MP133FAG7, STM32MP135AAE3, STM32MP135AAF3, STM32MP135AAG3, STM32MP135CAE3, STM32MP135CAF3, STM32MP135CAG3, STM32MP135DAE7, STM32MP135DAF7, STM32MP135DAG7, STM32MP135F-DK, STM32MP135FAE7, STM32MP135FAF7, STM32MP135FAF7T, STM32MP135FAF7U, STM32MP135FAG7, STM32MP211AAL3, STM32MP211AAM3, STM32MP211AAN3, STM32MP211AAO3, STM32MP211CAL3, STM32MP211CAM3, STM32MP211CAN3, STM32MP211CAO3, STM32MP211DAL3, STM32MP211DAM3, STM32MP211DAN3, STM32MP211DAO3, STM32MP211FAL3, STM32MP211FAM3, STM32MP211FAN3, STM32MP211FAO3, STM32MP213AAL3, STM32MP213AAM3, STM32MP213AAN3, STM32MP213AAO3, STM32MP213CAL3, STM32MP213CAM3, STM32MP213CAN3, STM32MP213CAO3, STM32MP213DAL3, STM32MP213DAM3, STM32MP213DAN3, STM32MP213DAO3, STM32MP213FAL3, STM32MP213FAM3, STM32MP213FAN3, STM32MP213FAO3, STM32MP215AAL3, STM32MP215AAM3, STM32MP215AAN3, STM32MP215AAO3, STM32MP215CAL3, STM32MP215CAM3, STM32MP215CAN3, STM32MP215CAO3, STM32MP215DAL3, STM32MP215DAM3, STM32MP215DAN3, STM32MP215DAO3, STM32MP215F-DK, STM32MP215FAL3, STM32MP215FAM3, STM32MP215FAN3, STM32MP215FAO3, STM32MP231AAJ3, STM32MP231AAK3, STM32MP231AAL3, STM32MP231CAJ3, STM32MP231CAK3, STM32MP231CAL3, STM32MP231DAJ3, STM32MP231DAK3, STM32MP231DAL3, STM32MP231FAJ3, STM32MP231FAK3, STM32MP231FAL3, STM32MP233AAJ3, STM32MP233AAK3, STM32MP233AAL3, STM32MP233CAJ3, STM32MP233CAK3, STM32MP233CAL3, STM32MP233DAJ3, STM32MP233DAK3, STM32MP233DAL3, STM32MP233FAJ3, STM32MP233FAK3, STM32MP233FAL3, STM32MP235AAJ3, STM32MP235AAK3, STM32MP235AAL3, STM32MP235CAJ3, STM32MP235CAK3, STM32MP235CAL3, STM32MP235DAJ3, STM32MP235DAK3, STM32MP235DAL3, STM32MP235FAJ3, STM32MP235FAK3, STM32MP235FAL3, STM32MP251AAI3, STM32MP251AAK3, STM32MP251AAL3, STM32MP251CAI3, STM32MP251CAK3, STM32MP251CAL3, STM32MP251DAI3, STM32MP251DAK3, STM32MP251DAL3, STM32MP251FAI3, STM32MP251FAK3, STM32MP251FAL3, STM32MP253AAI3, STM32MP253AAK3, STM32MP253AAL3, STM32MP253CAI3, STM32MP253CAK3, STM32MP253CAL3, STM32MP253DAI3, STM32MP253DAK3, STM32MP253DAL3, STM32MP253FAI3, STM32MP253FAK3, STM32MP253FAL3, STM32MP255AAI3, STM32MP255AAK3, STM32MP255AAL3, STM32MP255CAI3, STM32MP255CAK3, STM32MP255CAL3, STM32MP255DAI3, STM32MP255DAK3, STM32MP255DAL3, STM32MP255FAI3, STM32MP255FAK3, STM32MP255FAL3, STM32MP257AAI3, STM32MP257AAK3, STM32MP257AAL3, STM32MP257CAI3, STM32MP257CAK3, STM32MP257CAL3, STM32MP257DAI3, STM32MP257DAK3, STM32MP257DAL3, STM32MP257F-DK, STM32MP257F-EV1, STM32MP257FAI3, STM32MP257FAK3, STM32MP257FAL3, STM32N645A0H3Q, STM32N645B0H3Q, STM32N645I0H3Q, STM32N645L0H3Q, STM32N645X0H3Q, STM32N645Z0H3Q, STM32N647A0H3Q, STM32N647B0H3Q, STM32N647I0H3Q, STM32N647L0H3Q, STM32N647X0H3Q, STM32N647Z0H3Q, STM32N655A0H3Q, STM32N655B0H3Q, STM32N655I0H3Q, STM32N655L0H3Q, STM32N655X0H3Q, STM32N655Z0H3Q, STM32N6570-DK, STM32N657A0H3Q, STM32N657B0H3Q, STM32N657I0H3Q, STM32N657L0H3Q, STM32N657X0H3Q, STM32N657Z0H3Q, STM32U031C6T6, STM32U031C6U6, STM32U031C8T6, STM32U031C8U6, STM32U031F4P6, STM32U031F6P6, STM32U031F8P6, STM32U031G6Y6TR, STM32U031G8Y6TR, STM32U031K4U6, STM32U031K6U6, STM32U031K8U6, STM32U031R6I6, STM32U031R6T6, STM32U031R8I6, STM32U031R8T6, STM32U073C8T6, STM32U073C8U6, STM32U073CBT6, STM32U073CBU6, STM32U073CCT6, STM32U073CCU6, STM32U073H8Y6TR, STM32U073HBY6TR, STM32U073HCY6TR, STM32U073K8U6, STM32U073KBU6, STM32U073KCU6, STM32U073M8I6, STM32U073M8T6, STM32U073MBI6, STM32U073MBT6, STM32U073MCI6, STM32U073MCT6, STM32U073R8I6, STM32U073R8T6, STM32U073RBI6, STM32U073RBT6, STM32U073RCI6, STM32U073RCT6, STM32U083C-DK, STM32U083CCT6, STM32U083CCU6, STM32U083HCY6TR, STM32U083KCU6, STM32U083MCI6, STM32U083MCT6, STM32U083RCI6, STM32U083RCT6, STM32U375CET6, STM32U375CET6Q, STM32U375CEU6, STM32U375CEU6Q, STM32U375CEY6QTR, STM32U375CGT6, STM32U375CGT6Q, STM32U375CGU6, STM32U375CGU6Q, STM32U375CGY6QTR, STM32U375KEU6, STM32U375KGU6, STM32U375REI6, STM32U375REI6Q, STM32U375RET6, STM32U375RET6Q, STM32U375REY6GTR, STM32U375REY6QTR, STM32U375RGI6, STM32U375RGI6Q, STM32U375RGT6, STM32U375RGT6Q, STM32U375RGY6GTR, STM32U375RGY6QTR, STM32U375VEI6, STM32U375VEI6Q, STM32U375VET6, STM32U375VET6Q, STM32U375VGI6, STM32U375VGI6Q, STM32U375VGT6, STM32U375VGT6Q, STM32U385CGT6, STM32U385CGT6Q, STM32U385CGU6, STM32U385CGU6Q, STM32U385CGY6QTR, STM32U385KGU6, STM32U385RGI6, STM32U385RGI6Q, STM32U385RGT6, STM32U385RGT6Q, STM32U385RGY6GTR, STM32U385RGY6QTR, STM32U385VGI6, STM32U385VGI6Q, STM32U385VGT6, STM32U385VGT6Q, STM32U535CBT6, STM32U535CBT6Q, STM32U535CBU6, STM32U535CBU6Q, STM32U535CCT6, STM32U535CCT6Q, STM32U535CCU6, STM32U535CCU6Q, STM32U535CET6, STM32U535CET6Q, STM32U535CEU6, STM32U535CEU6Q, STM32U535JEY6QTR, STM32U535NCY6QTR, STM32U535NEY6QTR, STM32U535RBI6, STM32U535RBI6Q, STM32U535RBT6, STM32U535RBT6Q, STM32U535RCI6, STM32U535RCI6Q, STM32U535RCT6, STM32U535RCT6Q, STM32U535REI6, STM32U535REI6Q, STM32U535RET6, STM32U535RET6Q, STM32U535VCI6, STM32U535VCI6Q, STM32U535VCT6, STM32U535VCT6Q, STM32U535VEI6, STM32U535VEI6Q, STM32U535VET6, STM32U535VET6Q, STM32U545CET6, STM32U545CET6Q, STM32U545CEU6, STM32U545CEU6Q, STM32U545JEY6QTR, STM32U545NEY6QTR, STM32U545REI6, STM32U545REI6Q, STM32U545RET6, STM32U545RET6Q, STM32U545VEI6, STM32U545VEI6Q, STM32U545VET6, STM32U545VET6Q, STM32U595AIH6, STM32U595AIH6Q, STM32U595AJH6, STM32U595AJH6Q, STM32U595QII6, STM32U595QII6Q, STM32U595QJI6, STM32U595QJI6Q, STM32U595RIT6, STM32U595RIT6Q, STM32U595RJT6, STM32U595RJT6Q, STM32U595VIT6, STM32U595VIT6Q, STM32U595VJT6, STM32U595VJT6Q, STM32U595ZIT6, STM32U595ZIT6Q, STM32U595ZIY6QTR, STM32U595ZJT6, STM32U595ZJT6Q, STM32U595ZJY6QTR, STM32U599BJY6QTR, STM32U599NIH6Q, STM32U599NJH6Q, STM32U599VIT6Q, STM32U599VJT6, STM32U599VJT6Q, STM32U599ZIT6Q, STM32U599ZIY6QTR, STM32U599ZJT6Q, STM32U599ZJY6QTR, STM32U5A5AJH6, STM32U5A5AJH6Q, STM32U5A5QII3Q , STM32U5A5QJI6, STM32U5A5QJI6Q, STM32U5A5RJT6, STM32U5A5RJT6Q, STM32U5A5VJT6, STM32U5A5VJT6Q, STM32U5A5ZJT6, STM32U5A5ZJT6Q, STM32U5A5ZJY6QTR, STM32U5A9BJY6QTR, STM32U5A9J-DK, STM32U5A9NJH6Q, STM32U5A9VJT6Q, STM32U5A9ZJT6Q, STM32U5A9ZJY6QTR, STM32U5F7VIT6, STM32U5F7VIT6Q, STM32U5F7VJT6, STM32U5F7VJT6Q, STM32U5F9BJY6QTR, STM32U5F9NJH6Q, STM32U5F9VIT6Q, STM32U5F9VJT6Q, STM32U5F9ZIJ6QTR, STM32U5F9ZIT6Q, STM32U5F9ZJJ6QTR, STM32U5F9ZJT6Q, STM32U5G7VJT6, STM32U5G7VJT6Q, STM32U5G9BJY6QTR, STM32U5G9J-DK1, STM32U5G9J-DK2, STM32U5G9NJH6Q, STM32U5G9VJT6Q, STM32U5G9ZJJ6QTR, STM32U5G9ZJT6Q, STM32WB05KZV6TR, STM32WB05KZV7TR, STM32WB05TZF6TR, STM32WB05TZF7TR, STM32WB06CCF6TR, STM32WB06CCF7TR, STM32WB06CCV6TR, STM32WB06CCV7TR, STM32WB06KCV6TR, STM32WB06KCV7TR, STM32WB07CCF6TR, STM32WB07CCF7TR, STM32WB07CCV6TR, STM32WB07CCV7TR, STM32WB07KCV6TR, STM32WB07KCV7TR, STM32WB09KEV6TR, STM32WB09KEV7TR, STM32WB09TEF6TR, STM32WB09TEF7TR, STM32WB1MMCH6, STM32WBA50KGU6, STM32WBA50KGU6TR, STM32WBA52CEU6, STM32WBA52CEU6TR, STM32WBA52CEU7, STM32WBA52CEU7TR, STM32WBA52CGU6, STM32WBA52CGU6TR, STM32WBA52CGU6U, STM32WBA52CGU7, STM32WBA52CGU7TR, STM32WBA52KEU6, STM32WBA52KEU6TR, STM32WBA52KGU6, STM32WBA52KGU6TR, STM32WBA54CEU6, STM32WBA54CEU6TR, STM32WBA54CEU7, STM32WBA54CEU7TR, STM32WBA54CGU6, STM32WBA54CGU6TR, STM32WBA54CGU7, STM32WBA54CGU7TR, STM32WBA54KEU6, STM32WBA54KEU6TR, STM32WBA54KEU7, STM32WBA54KEU7TR, STM32WBA54KGU6, STM32WBA54KGU6TR, STM32WBA54KGU7, STM32WBA54KGU7TR, STM32WBA55CEU6, STM32WBA55CEU6TR, STM32WBA55CEU7, STM32WBA55CEU7TR, STM32WBA55CGU6, STM32WBA55CGU6TR, STM32WBA55CGU6U, STM32WBA55CGU7, STM32WBA55CGU7TR, STM32WBA55G-DK1, STM32WBA55HEF6, STM32WBA55HEF7, STM32WBA55HGF6, STM32WBA55HGF7, STM32WBA55UEI6, STM32WBA55UEI6TR, STM32WBA55UEI7, STM32WBA55UEI7TR, STM32WBA55UGI6, STM32WBA55UGI6TR, STM32WBA55UGI7, STM32WBA55UGI7TR, STM32WBA5MMGH6TR, STM32WBA62MGF6, STM32WBA62MIF6, STM32WBA65MGF7, STM32WBA65MIF6, STM32WBA65MIF7, STM32WL30K8V6, STM32WL30KBV6, STM32WL31C8V6, STM32WL31CBV6, STM32WL31K8V6, STM32WL31KBV6, STM32WL33C8V6, STM32WL33C8V6X, STM32WL33CBV6, STM32WL33CBV6X, STM32WL33CCV6, STM32WL33CCV6A, STM32WL33CCV6X, STM32WL33K8V7, STM32WL33K8V7X, STM32WL33KBV7 , STM32WL33KBV7X, STM32WL33KCV7, STM32WL33KCV7X, STM32WL5MOCH6, STM32WL5MOCH6TR]
2025-09-24 11:05:56,203 [INFO] BoardInfo:889 - No configuration file found for board P-NUCLEO-WB55
2025-09-24 11:05:56,206 [INFO] DbBoards:161 - Kit is not supported: P-NUCLEO-WB55
2025-09-24 11:05:56,219 [INFO] BoardInfo:889 - No configuration file found for board STEVAL-BFA001V1B
2025-09-24 11:05:56,224 [ERROR] LogOutputStream:75 - [STDERR_REDIRECT] [Fatal Error] :1:1: Premature end of file.
2025-09-24 11:05:56,224 [INFO] DbBoards:161 - Kit is not supported: STEVAL-BFA001V1B
2025-09-24 11:05:56,224 [ERROR] LogOutputStream:75 - [STDERR_REDIRECT] 
2025-09-24 11:05:56,225 [INFO] BoardInfo:889 - No configuration file found for board STEVAL-BFA001V2B
2025-09-24 11:05:56,228 [INFO] DbBoards:161 - Kit is not supported: STEVAL-BFA001V2B
2025-09-24 11:05:56,633 [INFO] DbBoards:168 - Found 212 boards, 209 are supported
2025-09-24 11:05:56,633 [INFO] DbBoards:169 - Found 212 boards, 43 of them is supported for  Bsp
2025-09-24 11:05:56,637 [INFO] ApiDb:668 - CubeFinder database Data Model version=2.1
2025-09-24 11:05:56,637 [INFO] ApiDb:669 - CubeFinder database Configuration version=3.0.39
2025-09-24 11:05:56,637 [INFO] ApiDb:670 - CubeFinder database generation date=2025-08-25 (1756130511)
2025-09-24 11:05:56,637 [INFO] ApiDb:671 - CubeFinder database FW Pack versions=[FP-ATR-ASTRA1_V2.0.0, FP-SNS-FLIGHT1_V5.1.0, FP-SNS-MOTENV1_V5.0.0, FP-SNS-MOTENVWB1_V1.4.0, FP-SNS-SMARTAG2_V1.2.0, FP-SNS-STBOX1_V2.1.0, STM32Cube_FW_C0_V1.4.0, STM32Cube_FW_F4_V1.28.3, STM32Cube_FW_F7_V1.17.4, STM32Cube_FW_G0_V1.6.2, STM32Cube_FW_G4_V1.6.1, STM32Cube_FW_H5_V1.5.0, STM32Cube_FW_H7RS_V1.2.0, STM32Cube_FW_H7_V1.12.1, STM32Cube_FW_L0_V1.12.2, STM32Cube_FW_L4_V1.18.1, STM32Cube_FW_L5_V1.5.1, STM32Cube_FW_N6_V1.2.0, STM32Cube_FW_U0_V1.3.0, STM32Cube_FW_U3_V1.2.0, STM32Cube_FW_U5_V1.8.0, STM32Cube_FW_WB0_V1.3.0, STM32Cube_FW_WBA_V1.7.0, STM32Cube_FW_WB_V1.23.0, STM32Cube_FW_WL3_V1.2.0, STM32Cube_FW_WL_V1.3.1, X-CUBE-ALGOBUILD_V1.4.0, X-CUBE-ALS_V1.0.2, X-CUBE-AZRTOS-F4_V1.1.0, X-CUBE-AZRTOS-F7_V1.1.0, X-CUBE-AZRTOS-G0_V1.1.0, X-CUBE-AZRTOS-G4_V2.0.0, X-CUBE-AZRTOS-H7RS_V1.1.0, X-CUBE-AZRTOS-H7_V3.4.0, X-CUBE-AZRTOS-L4_V2.0.0, X-CUBE-AZRTOS-L5_V2.0.0, X-CUBE-AZRTOS-WB_V2.0.0, X-CUBE-AZRTOS-WL_V2.0.0, X-CUBE-BLE1_V7.1.0, X-CUBE-BLE2_V3.3.0, X-CUBE-BLEMGR_V4.1.0, X-CUBE-EEPRMA1_V5.2.0, X-CUBE-FREERTOS_V1.3.1, X-CUBE-GNSS1_V6.0.0, X-CUBE-MEMS1_V11.3.0, X-CUBE-NFC4_V3.0.0, X-CUBE-NFC7_V2.0.0, X-CUBE-SFXS2LP1_V4.0.0, X-CUBE-ST67W61_V1.0.0, X-CUBE-SUBG2_V5.0.0, X-CUBE-TOF1_V3.4.3]
2025-09-24 11:05:57,219 [ERROR] LogOutputStream:75 - [STDERR_REDIRECT] [Fatal Error] :1:1: Premature end of file.
2025-09-24 11:05:57,220 [ERROR] LogOutputStream:75 - [STDERR_REDIRECT] 
2025-09-24 11:05:58,222 [ERROR] LogOutputStream:75 - [STDERR_REDIRECT] [Fatal Error] :1:1: Premature end of file.
2025-09-24 11:05:58,222 [ERROR] LogOutputStream:75 - [STDERR_REDIRECT] 
2025-09-24 11:05:59,069 [INFO] MainUpdater:2872 - connection check result : 10
2025-09-24 11:05:59,072 [INFO] McuFinderGlobals:76 - Set McuFinderConnectedMode to true
2025-09-24 11:05:59,255 [ERROR] LogOutputStream:75 - [STDERR_REDIRECT] [Fatal Error] :1:1: Premature end of file.
2025-09-24 11:05:59,256 [ERROR] LogOutputStream:75 - [STDERR_REDIRECT] 
2025-09-24 11:05:59,741 [INFO] ServerAccessManage:452 - Complete download http(s) 200
2025-09-24 11:05:59,743 [INFO] ServerAccessManage:509 - Download File mcusAds.json._tmp_
2025-09-24 11:05:59,912 [INFO] LoadUrlFilesThread:156 - End of LoadUrlFiles Thread
2025-09-24 11:06:00,111 [INFO] ApiDb:240 - Found 880 in-development CPN: [B-G473E-ZEST1S, B-WB1M-WPAN1, B-WBA5M-WPAN, B-WL5M-SUBG1, NUCLEO-C031C6, NUCLEO-C051C8, NUCLEO-C071RB, NUCLEO-C092RC, NUCLEO-H503RB, NUCLEO-H533RE, NUCLEO-H563ZI, NUCLEO-H7S3L8, NUCLEO-N657X0-Q, NUCLEO-U031R8, NUCLEO-U083RC, NUCLEO-U385RG-Q, NUCLEO-U545RE-Q, NUCLEO-U5A5ZJ-Q, NUCLEO-WB05KZ, NUCLEO-WB07CC, NUCLEO-WB09KE, NUCLEO-WBA52CG, NUCLEO-WBA55CG, NUCLEO-WL33CC1, NUCLEO-WL33CC2, STEVAL-PROTEUS1, STEVAL-SMARTAG2, STEVAL-STWINBX1, STM320518-EVAL, STM32C0116-DK, STM32C011D6Y3TR, STM32C011D6Y6TR, STM32C011F4P3, STM32C011F4P6, STM32C011F4U3, STM32C011F4U6TR, STM32C011F6P3, STM32C011F6P6, STM32C011F6U3, STM32C011F6U6TR, STM32C011J4M3, STM32C011J4M6, STM32C011J6M3, STM32C011J6M6, STM32C0316-DK, STM32C031C4T3, STM32C031C4T6, STM32C031C4U3, STM32C031C4U6, STM32C031C6T3, STM32C031C6T6, STM32C031C6U3, STM32C031C6U6, STM32C031F4P3, STM32C031F4P6, STM32C031F6P3, STM32C031F6P6, STM32C031G4U3, STM32C031G4U6, STM32C031G6U3, STM32C031G6U6, STM32C031K4T3, STM32C031K4T6, STM32C031K4U3, STM32C031K4U6, STM32C031K6T3, STM32C031K6T6, STM32C031K6U3, STM32C031K6U6, STM32C051C6T6, STM32C051C6U6, STM32C051C8T6, STM32C051C8U6, STM32C051D8Y6TR, STM32C051F6P6, STM32C051F8P6, STM32C051G6U6, STM32C051G8U6, STM32C051K6T6, STM32C051K6U6, STM32C051K8T6, STM32C071C8T6, STM32C071C8T6N, STM32C071C8U6, STM32C071C8U6N, STM32C071CBT6, STM32C071CBT6N, STM32C071CBU6, STM32C071CBU6N, STM32C071F8P6, STM32C071F8P6N, STM32C071FBP6, STM32C071FBP6N, STM32C071FBY6TR, STM32C071G8U6, STM32C071G8U6N, STM32C071GBU6, STM32C071GBU6N, STM32C071K8T6, STM32C071K8T6N, STM32C071K8U6, STM32C071K8U6N, STM32C071KBT6, STM32C071KBT6N, STM32C071KBU6, STM32C071KBU6N, STM32C071R8T6, STM32C071R8T6N, STM32C071RBI6N, STM32C071RBT6, STM32C071RBT6N, STM32C091CBT6, STM32C091CBU6, STM32C091CCT6, STM32C091CCU6, STM32C091ECY6TR, STM32C091FBP6, STM32C091FCP6, STM32C091GBU6, STM32C091GCU6, STM32C091KBT6, STM32C091KBU6, STM32C091KCT6, STM32C091KCU6, STM32C091RBT6, STM32C091RCI6, STM32C091RCT6, STM32C092CBT6, STM32C092CBU6, STM32C092CCT6, STM32C092CCU6, STM32C092ECY6TR, STM32C092FBP6, STM32C092FCP6, STM32C092GBU6, STM32C092GCU6, STM32C092KBT6, STM32C092KBU6, STM32C092KCT6, STM32C092KCU6, STM32C092RBT6, STM32C092RCI6, STM32C092RCT6, STM32G071K8TXN, STM32G071K8UXN, STM32G081GBU6N, STM32G081KBT6N, STM32G081KBUXN, STM32G0B1CCT6N, STM32G0B1KCT6, STM32G0B1NEY6TR, STM32G0B1RCT6N, STM32G0C1CCT6, STM32G0C1CCT6N, STM32G0C1CCU6N, STM32G0C1CET6N, STM32G0C1CEU6N, STM32G0C1KCT6, STM32G0C1NEY6TR, STM32G0C1RCI6N, STM32G0C1RCT6N, STM32G0C1REI6N, STM32G0C1RET6N, STM32G0C1VCI6, STM32G0C1VEI6, STM32G411C6T3, STM32G411C6T6, STM32G411C6U3, STM32G411C6U6, STM32G411C8T3, STM32G411C8T6, STM32G411C8U3, STM32G411C8U6, STM32G411CBT3, STM32G411CBT6, STM32G411CBU3, STM32G411CBU6, STM32G411K6T3, STM32G411K6T6, STM32G411K6U3, STM32G411K6U6, STM32G411K8T3, STM32G411K8T6, STM32G411K8U3, STM32G411K8U6, STM32G411KBT3, STM32G411KBT6, STM32G411KBU3, STM32G411KBU6, STM32G411M6T3, STM32G411M6T6, STM32G411M8T3, STM32G411M8T6, STM32G411MBT3, STM32G411MBT6, STM32G411R6T3, STM32G411R6T6, STM32G411R8T3, STM32G411R8T6, STM32G411RBT3, STM32G411RBT6, STM32G414CBT3, STM32G414CBT6, STM32G414CBU3, STM32G414CBU6, STM32G414CCT3, STM32G414CCT6, STM32G414CCU3, STM32G414CCU6, STM32G414MBT3, STM32G414MBT6, STM32G414MCT3, STM32G414MCT6, STM32G414RBT3, STM32G414RBT6, STM32G414RCT3, STM32G414RCT6, STM32G414VBT3, STM32G414VBT6, STM32G414VCT3, STM32G414VCT6, STM32G431CBT3Z, STM32G431RBT3Z, STM32G471CCT6, STM32G471CCU6, STM32G471CET3, STM32G471CET6, STM32G471CEU3, STM32G471CEU6, STM32G471MCT6, STM32G471MET3, STM32G471MET6, STM32G471MEY6TR, STM32G471QCT6, STM32G471QET3, STM32G471RCT6, STM32G471RET3, STM32G471RET6, STM32G471VCH6, STM32G471VCI6, STM32G471VCT6, STM32G471VEH3, STM32G471VEH6, STM32G471VEI3, STM32G471VEI6, STM32G471VET3, STM32G471VET6, STM32G473QET3Z, STM32G473RET3Z, STM32G474CCT6, STM32G491RET3Z, STM32H503CBT6, STM32H503CBU6, STM32H503EBY6TR, STM32H503KBU6, STM32H503RBT6, STM32H523CCT6, STM32H523CCU6, STM32H523CET6, STM32H523CEU6, STM32H523HEY6TR, STM32H523RCT6, STM32H523RET6, STM32H523VCI6, STM32H523VCT6, STM32H523VEI6, STM32H523VET6, STM32H523ZCJ6, STM32H523ZCT6, STM32H523ZEJ6, STM32H523ZET6, STM32H533CET6, STM32H533CEU6, STM32H533HEY6TR, STM32H533RET6, STM32H533VEI6, STM32H533VET6, STM32H533ZEJ6, STM32H533ZET6, STM32H562AGI6, STM32H562AII6, STM32H562IGK6, STM32H562IGT6, STM32H562IIK6, STM32H562IIT6, STM32H562RGT6, STM32H562RGV6, STM32H562RIT6, STM32H562RIV6, STM32H562VGT6, STM32H562VIT6, STM32H562ZGT6, STM32H562ZIT6, STM32H563AGI6, STM32H563AII3Q, STM32H563AII6, STM32H563IGK6, STM32H563IGT6, STM32H563IIK3Q, STM32H563IIK6, STM32H563IIT3Q, STM32H563IIT6, STM32H563MIY3QTR, STM32H563RGT6, STM32H563RGV6, STM32H563RIT6, STM32H563RIV6, STM32H563VGT6, STM32H563VIT3Q, STM32H563VIT6, STM32H563ZGT6, STM32H563ZIT3Q, STM32H563ZIT6, STM32H573AII3Q, STM32H573AII6, STM32H573I-DK, STM32H573IIK3Q, STM32H573IIK6, STM32H573IIT3Q, STM32H573IIT6, STM32H573MIY3QTR, STM32H573RIT6, STM32H573RIV6, STM32H573VIT3Q, STM32H573VIT6, STM32H573ZIT3Q, STM32H573ZIT6, STM32H7R3A8I6, STM32H7R3I8K6, STM32H7R3I8T6, STM32H7R3L8H6, STM32H7R3L8H6H, STM32H7R3R8V6, STM32H7R3V8H6, STM32H7R3V8T6, STM32H7R3V8Y6TR, STM32H7R3Z8J6, STM32H7R3Z8T6, STM32H7R7A8I6, STM32H7R7I8K6, STM32H7R7I8T6, STM32H7R7L8H6, STM32H7R7L8H6H, STM32H7R7Z8J6, STM32H7S3A8I6, STM32H7S3I8K6, STM32H7S3I8T6, STM32H7S3L8H6, STM32H7S3L8H6H, STM32H7S3R8V6, STM32H7S3V8H6, STM32H7S3V8T6, STM32H7S3V8Y6TR, STM32H7S3Z8J6, STM32H7S3Z8T6, STM32H7S78-DK, STM32H7S7A8I6, STM32H7S7I8K6, STM32H7S7I8T6, STM32H7S7L8H6, STM32H7S7L8H6H, STM32H7S7Z8J6, STM32L4R5QGI6STR, STM32MP131AAE3, STM32MP131AAF3, STM32MP131AAG3, STM32MP131CAE3, STM32MP131CAF3, STM32MP131CAG3, STM32MP131DAE7, STM32MP131DAF7, STM32MP131DAG7, STM32MP131FAE7, STM32MP131FAF7, STM32MP131FAG7, STM32MP133AAE3, STM32MP133AAF3, STM32MP133AAG3, STM32MP133CAE3, STM32MP133CAF3, STM32MP133CAG3, STM32MP133DAE7, STM32MP133DAF7, STM32MP133DAG7, STM32MP133FAE7, STM32MP133FAF7, STM32MP133FAG7, STM32MP135AAE3, STM32MP135AAF3, STM32MP135AAG3, STM32MP135CAE3, STM32MP135CAF3, STM32MP135CAG3, STM32MP135DAE7, STM32MP135DAF7, STM32MP135DAG7, STM32MP135F-DK, STM32MP135FAE7, STM32MP135FAF7, STM32MP135FAF7T, STM32MP135FAF7U, STM32MP135FAG7, STM32MP211AAL3, STM32MP211AAM3, STM32MP211AAN3, STM32MP211AAO3, STM32MP211CAL3, STM32MP211CAM3, STM32MP211CAN3, STM32MP211CAO3, STM32MP211DAL3, STM32MP211DAM3, STM32MP211DAN3, STM32MP211DAO3, STM32MP211FAL3, STM32MP211FAM3, STM32MP211FAN3, STM32MP211FAO3, STM32MP213AAL3, STM32MP213AAM3, STM32MP213AAN3, STM32MP213AAO3, STM32MP213CAL3, STM32MP213CAM3, STM32MP213CAN3, STM32MP213CAO3, STM32MP213DAL3, STM32MP213DAM3, STM32MP213DAN3, STM32MP213DAO3, STM32MP213FAL3, STM32MP213FAM3, STM32MP213FAN3, STM32MP213FAO3, STM32MP215AAL3, STM32MP215AAM3, STM32MP215AAN3, STM32MP215AAO3, STM32MP215CAL3, STM32MP215CAM3, STM32MP215CAN3, STM32MP215CAO3, STM32MP215DAL3, STM32MP215DAM3, STM32MP215DAN3, STM32MP215DAO3, STM32MP215F-DK, STM32MP215FAL3, STM32MP215FAM3, STM32MP215FAN3, STM32MP215FAO3, STM32MP231AAJ3, STM32MP231AAK3, STM32MP231AAL3, STM32MP231CAJ3, STM32MP231CAK3, STM32MP231CAL3, STM32MP231DAJ3, STM32MP231DAK3, STM32MP231DAL3, STM32MP231FAJ3, STM32MP231FAK3, STM32MP231FAL3, STM32MP233AAJ3, STM32MP233AAK3, STM32MP233AAL3, STM32MP233CAJ3, STM32MP233CAK3, STM32MP233CAL3, STM32MP233DAJ3, STM32MP233DAK3, STM32MP233DAL3, STM32MP233FAJ3, STM32MP233FAK3, STM32MP233FAL3, STM32MP235AAJ3, STM32MP235AAK3, STM32MP235AAL3, STM32MP235CAJ3, STM32MP235CAK3, STM32MP235CAL3, STM32MP235DAJ3, STM32MP235DAK3, STM32MP235DAL3, STM32MP235FAJ3, STM32MP235FAK3, STM32MP235FAL3, STM32MP251AAI3, STM32MP251AAK3, STM32MP251AAL3, STM32MP251CAI3, STM32MP251CAK3, STM32MP251CAL3, STM32MP251DAI3, STM32MP251DAK3, STM32MP251DAL3, STM32MP251FAI3, STM32MP251FAK3, STM32MP251FAL3, STM32MP253AAI3, STM32MP253AAK3, STM32MP253AAL3, STM32MP253CAI3, STM32MP253CAK3, STM32MP253CAL3, STM32MP253DAI3, STM32MP253DAK3, STM32MP253DAL3, STM32MP253FAI3, STM32MP253FAK3, STM32MP253FAL3, STM32MP255AAI3, STM32MP255AAK3, STM32MP255AAL3, STM32MP255CAI3, STM32MP255CAK3, STM32MP255CAL3, STM32MP255DAI3, STM32MP255DAK3, STM32MP255DAL3, STM32MP255FAI3, STM32MP255FAK3, STM32MP255FAL3, STM32MP257AAI3, STM32MP257AAK3, STM32MP257AAL3, STM32MP257CAI3, STM32MP257CAK3, STM32MP257CAL3, STM32MP257DAI3, STM32MP257DAK3, STM32MP257DAL3, STM32MP257F-DK, STM32MP257F-EV1, STM32MP257FAI3, STM32MP257FAK3, STM32MP257FAL3, STM32N645A0H3Q, STM32N645B0H3Q, STM32N645I0H3Q, STM32N645L0H3Q, STM32N645X0H3Q, STM32N645Z0H3Q, STM32N647A0H3Q, STM32N647B0H3Q, STM32N647I0H3Q, STM32N647L0H3Q, STM32N647X0H3Q, STM32N647Z0H3Q, STM32N655A0H3Q, STM32N655B0H3Q, STM32N655I0H3Q, STM32N655L0H3Q, STM32N655X0H3Q, STM32N655Z0H3Q, STM32N6570-DK, STM32N657A0H3Q, STM32N657B0H3Q, STM32N657I0H3Q, STM32N657L0H3Q, STM32N657X0H3Q, STM32N657Z0H3Q, STM32U031C6T6, STM32U031C6U6, STM32U031C8T6, STM32U031C8U6, STM32U031F4P6, STM32U031F6P6, STM32U031F8P6, STM32U031G6Y6TR, STM32U031G8Y6TR, STM32U031K4U6, STM32U031K6U6, STM32U031K8U6, STM32U031R6I6, STM32U031R6T6, STM32U031R8I6, STM32U031R8T6, STM32U073C8T6, STM32U073C8U6, STM32U073CBT6, STM32U073CBU6, STM32U073CCT6, STM32U073CCU6, STM32U073H8Y6TR, STM32U073HBY6TR, STM32U073HCY6TR, STM32U073K8U6, STM32U073KBU6, STM32U073KCU6, STM32U073M8I6, STM32U073M8T6, STM32U073MBI6, STM32U073MBT6, STM32U073MCI6, STM32U073MCT6, STM32U073R8I6, STM32U073R8T6, STM32U073RBI6, STM32U073RBT6, STM32U073RCI6, STM32U073RCT6, STM32U083C-DK, STM32U083CCT6, STM32U083CCU6, STM32U083HCY6TR, STM32U083KCU6, STM32U083MCI6, STM32U083MCT6, STM32U083RCI6, STM32U083RCT6, STM32U375CET6, STM32U375CET6Q, STM32U375CEU6, STM32U375CEU6Q, STM32U375CEY6QTR, STM32U375CGT6, STM32U375CGT6Q, STM32U375CGU6, STM32U375CGU6Q, STM32U375CGY6QTR, STM32U375KEU6, STM32U375KGU6, STM32U375REI6, STM32U375REI6Q, STM32U375RET6, STM32U375RET6Q, STM32U375REY6GTR, STM32U375REY6QTR, STM32U375RGI6, STM32U375RGI6Q, STM32U375RGT6, STM32U375RGT6Q, STM32U375RGY6GTR, STM32U375RGY6QTR, STM32U375VEI6, STM32U375VEI6Q, STM32U375VET6, STM32U375VET6Q, STM32U375VGI6, STM32U375VGI6Q, STM32U375VGT6, STM32U375VGT6Q, STM32U385CGT6, STM32U385CGT6Q, STM32U385CGU6, STM32U385CGU6Q, STM32U385CGY6QTR, STM32U385KGU6, STM32U385RGI6, STM32U385RGI6Q, STM32U385RGT6, STM32U385RGT6Q, STM32U385RGY6GTR, STM32U385RGY6QTR, STM32U385VGI6, STM32U385VGI6Q, STM32U385VGT6, STM32U385VGT6Q, STM32U535CBT6, STM32U535CBT6Q, STM32U535CBU6, STM32U535CBU6Q, STM32U535CCT6, STM32U535CCT6Q, STM32U535CCU6, STM32U535CCU6Q, STM32U535CET6, STM32U535CET6Q, STM32U535CEU6, STM32U535CEU6Q, STM32U535JEY6QTR, STM32U535NCY6QTR, STM32U535NEY6QTR, STM32U535RBI6, STM32U535RBI6Q, STM32U535RBT6, STM32U535RBT6Q, STM32U535RCI6, STM32U535RCI6Q, STM32U535RCT6, STM32U535RCT6Q, STM32U535REI6, STM32U535REI6Q, STM32U535RET6, STM32U535RET6Q, STM32U535VCI6, STM32U535VCI6Q, STM32U535VCT6, STM32U535VCT6Q, STM32U535VEI6, STM32U535VEI6Q, STM32U535VET6, STM32U535VET6Q, STM32U545CET6, STM32U545CET6Q, STM32U545CEU6, STM32U545CEU6Q, STM32U545JEY6QTR, STM32U545NEY6QTR, STM32U545REI6, STM32U545REI6Q, STM32U545RET6, STM32U545RET6Q, STM32U545VEI6, STM32U545VEI6Q, STM32U545VET6, STM32U545VET6Q, STM32U595AIH6, STM32U595AIH6Q, STM32U595AJH6, STM32U595AJH6Q, STM32U595QII6, STM32U595QII6Q, STM32U595QJI6, STM32U595QJI6Q, STM32U595RIT6, STM32U595RIT6Q, STM32U595RJT6, STM32U595RJT6Q, STM32U595VIT6, STM32U595VIT6Q, STM32U595VJT6, STM32U595VJT6Q, STM32U595ZIT6, STM32U595ZIT6Q, STM32U595ZIY6QTR, STM32U595ZJT6, STM32U595ZJT6Q, STM32U595ZJY6QTR, STM32U599BJY6QTR, STM32U599NIH6Q, STM32U599NJH6Q, STM32U599VIT6Q, STM32U599VJT6, STM32U599VJT6Q, STM32U599ZIT6Q, STM32U599ZIY6QTR, STM32U599ZJT6Q, STM32U599ZJY6QTR, STM32U5A5AJH6, STM32U5A5AJH6Q, STM32U5A5QII3Q , STM32U5A5QJI6, STM32U5A5QJI6Q, STM32U5A5RJT6, STM32U5A5RJT6Q, STM32U5A5VJT6, STM32U5A5VJT6Q, STM32U5A5ZJT6, STM32U5A5ZJT6Q, STM32U5A5ZJY6QTR, STM32U5A9BJY6QTR, STM32U5A9J-DK, STM32U5A9NJH6Q, STM32U5A9VJT6Q, STM32U5A9ZJT6Q, STM32U5A9ZJY6QTR, STM32U5F7VIT6, STM32U5F7VIT6Q, STM32U5F7VJT6, STM32U5F7VJT6Q, STM32U5F9BJY6QTR, STM32U5F9NJH6Q, STM32U5F9VIT6Q, STM32U5F9VJT6Q, STM32U5F9ZIJ6QTR, STM32U5F9ZIT6Q, STM32U5F9ZJJ6QTR, STM32U5F9ZJT6Q, STM32U5G7VJT6, STM32U5G7VJT6Q, STM32U5G9BJY6QTR, STM32U5G9J-DK1, STM32U5G9J-DK2, STM32U5G9NJH6Q, STM32U5G9VJT6Q, STM32U5G9ZJJ6QTR, STM32U5G9ZJT6Q, STM32WB05KZV6TR, STM32WB05KZV7TR, STM32WB05TZF6TR, STM32WB05TZF7TR, STM32WB06CCF6TR, STM32WB06CCF7TR, STM32WB06CCV6TR, STM32WB06CCV7TR, STM32WB06KCV6TR, STM32WB06KCV7TR, STM32WB07CCF6TR, STM32WB07CCF7TR, STM32WB07CCV6TR, STM32WB07CCV7TR, STM32WB07KCV6TR, STM32WB07KCV7TR, STM32WB09KEV6TR, STM32WB09KEV7TR, STM32WB09TEF6TR, STM32WB09TEF7TR, STM32WB1MMCH6, STM32WBA50KGU6, STM32WBA50KGU6TR, STM32WBA52CEU6, STM32WBA52CEU6TR, STM32WBA52CEU7, STM32WBA52CEU7TR, STM32WBA52CGU6, STM32WBA52CGU6TR, STM32WBA52CGU6U, STM32WBA52CGU7, STM32WBA52CGU7TR, STM32WBA52KEU6, STM32WBA52KEU6TR, STM32WBA52KGU6, STM32WBA52KGU6TR, STM32WBA54CEU6, STM32WBA54CEU6TR, STM32WBA54CEU7, STM32WBA54CEU7TR, STM32WBA54CGU6, STM32WBA54CGU6TR, STM32WBA54CGU7, STM32WBA54CGU7TR, STM32WBA54KEU6, STM32WBA54KEU6TR, STM32WBA54KEU7, STM32WBA54KEU7TR, STM32WBA54KGU6, STM32WBA54KGU6TR, STM32WBA54KGU7, STM32WBA54KGU7TR, STM32WBA55CEU6, STM32WBA55CEU6TR, STM32WBA55CEU7, STM32WBA55CEU7TR, STM32WBA55CGU6, STM32WBA55CGU6TR, STM32WBA55CGU6U, STM32WBA55CGU7, STM32WBA55CGU7TR, STM32WBA55G-DK1, STM32WBA55HEF6, STM32WBA55HEF7, STM32WBA55HGF6, STM32WBA55HGF7, STM32WBA55UEI6, STM32WBA55UEI6TR, STM32WBA55UEI7, STM32WBA55UEI7TR, STM32WBA55UGI6, STM32WBA55UGI6TR, STM32WBA55UGI7, STM32WBA55UGI7TR, STM32WBA5MMGH6TR, STM32WBA62MGF6, STM32WBA62MIF6, STM32WBA65MGF7, STM32WBA65MIF6, STM32WBA65MIF7, STM32WL30K8V6, STM32WL30KBV6, STM32WL31C8V6, STM32WL31CBV6, STM32WL31K8V6, STM32WL31KBV6, STM32WL33C8V6, STM32WL33C8V6X, STM32WL33CBV6, STM32WL33CBV6X, STM32WL33CCV6, STM32WL33CCV6A, STM32WL33CCV6X, STM32WL33K8V7, STM32WL33K8V7X, STM32WL33KBV7 , STM32WL33KBV7X, STM32WL33KCV7, STM32WL33KCV7X, STM32WL5MOCH6, STM32WL5MOCH6TR]
2025-09-24 11:06:00,120 [INFO] DbMcus:218 - Found 4801 MCUs, 4801 are supported
2025-09-24 11:06:00,125 [INFO] ApiDb:423 - Load user favorites file C:\Users\train/.stm32cubeide/favorites.mcus.txt: 0 item(s)
2025-09-24 11:06:00,126 [INFO] ApiDb:427 - User favorites MCUs=[]
2025-09-24 11:06:00,126 [INFO] DbMcus:224 - Set 0 / 0 favorites MCUs
2025-09-24 11:06:00,238 [ERROR] LogOutputStream:75 - [STDERR_REDIRECT] [Fatal Error] :1:1: Premature end of file.
2025-09-24 11:06:00,240 [ERROR] LogOutputStream:75 - [STDERR_REDIRECT] 
2025-09-24 11:06:00,995 [INFO] ApiDb:423 - Load user favorites file C:\Users\train/.stm32cubeide/favorites.boards.txt: 1 item(s)
2025-09-24 11:06:00,995 [INFO] ApiDb:427 - User favorites Boards=[STM32F407G-DISC1]
2025-09-24 11:06:00,995 [INFO] DbBoards:198 - Set 1 / 1 favorites Boards
2025-09-24 11:06:01,221 [ERROR] LogOutputStream:75 - [STDERR_REDIRECT] [Fatal Error] :1:1: Premature end of file.
2025-09-24 11:06:01,222 [ERROR] LogOutputStream:75 - [STDERR_REDIRECT] 
2025-09-24 11:06:02,243 [ERROR] LogOutputStream:75 - [STDERR_REDIRECT] [Fatal Error] :1:1: Premature end of file.
2025-09-24 11:06:02,244 [ERROR] LogOutputStream:75 - [STDERR_REDIRECT] 
2025-09-24 11:06:03,232 [ERROR] LogOutputStream:75 - [STDERR_REDIRECT] [Fatal Error] :1:1: Premature end of file.
2025-09-24 11:06:03,233 [ERROR] LogOutputStream:75 - [STDERR_REDIRECT] 
2025-09-24 11:06:04,242 [ERROR] LogOutputStream:75 - [STDERR_REDIRECT] [Fatal Error] :1:1: Premature end of file.
2025-09-24 11:06:04,242 [ERROR] LogOutputStream:75 - [STDERR_REDIRECT] 
2025-09-24 11:06:05,232 [ERROR] LogOutputStream:75 - [STDERR_REDIRECT] [Fatal Error] :1:1: Premature end of file.
2025-09-24 11:06:05,233 [ERROR] LogOutputStream:75 - [STDERR_REDIRECT] 
2025-09-24 11:06:06,217 [ERROR] LogOutputStream:75 - [STDERR_REDIRECT] [Fatal Error] :1:1: Premature end of file.
2025-09-24 11:06:06,217 [ERROR] LogOutputStream:75 - [STDERR_REDIRECT] 
2025-09-24 11:06:07,225 [ERROR] LogOutputStream:75 - [STDERR_REDIRECT] [Fatal Error] :1:1: Premature end of file.
2025-09-24 11:06:07,225 [ERROR] LogOutputStream:75 - [STDERR_REDIRECT] 
2025-09-24 11:06:08,228 [ERROR] LogOutputStream:75 - [STDERR_REDIRECT] [Fatal Error] :1:1: Premature end of file.
2025-09-24 11:06:08,229 [ERROR] LogOutputStream:75 - [STDERR_REDIRECT] 
2025-09-24 11:06:09,230 [ERROR] LogOutputStream:75 - [STDERR_REDIRECT] [Fatal Error] :1:1: Premature end of file.
2025-09-24 11:06:09,230 [ERROR] LogOutputStream:75 - [STDERR_REDIRECT] 
2025-09-24 11:06:10,228 [ERROR] LogOutputStream:75 - [STDERR_REDIRECT] [Fatal Error] :1:1: Premature end of file.
2025-09-24 11:06:10,228 [ERROR] LogOutputStream:75 - [STDERR_REDIRECT] 
2025-09-24 11:06:11,234 [ERROR] LogOutputStream:75 - [STDERR_REDIRECT] [Fatal Error] :1:1: Premature end of file.
2025-09-24 11:06:11,234 [ERROR] LogOutputStream:75 - [STDERR_REDIRECT] 
2025-09-24 11:06:12,228 [ERROR] LogOutputStream:75 - [STDERR_REDIRECT] [Fatal Error] :1:1: Premature end of file.
2025-09-24 11:06:12,228 [ERROR] LogOutputStream:75 - [STDERR_REDIRECT] 
2025-09-24 11:06:13,231 [ERROR] LogOutputStream:75 - [STDERR_REDIRECT] [Fatal Error] :1:1: Premature end of file.
2025-09-24 11:06:13,232 [ERROR] LogOutputStream:75 - [STDERR_REDIRECT] 
2025-09-24 11:06:14,221 [ERROR] LogOutputStream:75 - [STDERR_REDIRECT] [Fatal Error] :1:1: Premature end of file.
2025-09-24 11:06:14,221 [ERROR] LogOutputStream:75 - [STDERR_REDIRECT] 
2025-09-24 11:06:15,226 [ERROR] LogOutputStream:75 - [STDERR_REDIRECT] [Fatal Error] :1:1: Premature end of file.
2025-09-24 11:06:15,226 [ERROR] LogOutputStream:75 - [STDERR_REDIRECT] 
2025-09-24 11:06:16,226 [ERROR] LogOutputStream:75 - [STDERR_REDIRECT] [Fatal Error] :1:1: Premature end of file.
2025-09-24 11:06:16,227 [ERROR] LogOutputStream:75 - [STDERR_REDIRECT] 
2025-09-24 11:06:17,228 [ERROR] LogOutputStream:75 - [STDERR_REDIRECT] [Fatal Error] :1:1: Premature end of file.
2025-09-24 11:06:17,228 [ERROR] LogOutputStream:75 - [STDERR_REDIRECT] 
2025-09-24 11:06:18,226 [ERROR] LogOutputStream:75 - [STDERR_REDIRECT] [Fatal Error] :1:1: Premature end of file.
2025-09-24 11:06:18,227 [ERROR] LogOutputStream:75 - [STDERR_REDIRECT] 
2025-09-24 11:06:19,226 [ERROR] LogOutputStream:75 - [STDERR_REDIRECT] [Fatal Error] :1:1: Premature end of file.
2025-09-24 11:06:19,227 [ERROR] LogOutputStream:75 - [STDERR_REDIRECT] 
2025-09-24 11:06:20,227 [ERROR] LogOutputStream:75 - [STDERR_REDIRECT] [Fatal Error] :1:1: Premature end of file.
2025-09-24 11:06:20,228 [ERROR] LogOutputStream:75 - [STDERR_REDIRECT] 
2025-09-24 11:06:21,236 [ERROR] LogOutputStream:75 - [STDERR_REDIRECT] [Fatal Error] :1:1: Premature end of file.
2025-09-24 11:06:21,237 [ERROR] LogOutputStream:75 - [STDERR_REDIRECT] 
2025-09-24 11:06:22,226 [ERROR] LogOutputStream:75 - [STDERR_REDIRECT] [Fatal Error] :1:1: Premature end of file.
2025-09-24 11:06:22,226 [ERROR] LogOutputStream:75 - [STDERR_REDIRECT] 
2025-09-24 11:06:23,225 [ERROR] LogOutputStream:75 - [STDERR_REDIRECT] [Fatal Error] :1:1: Premature end of file.
2025-09-24 11:06:23,226 [ERROR] LogOutputStream:75 - [STDERR_REDIRECT] 
2025-09-24 11:06:24,226 [ERROR] LogOutputStream:75 - [STDERR_REDIRECT] [Fatal Error] :1:1: Premature end of file.
2025-09-24 11:06:24,227 [ERROR] LogOutputStream:75 - [STDERR_REDIRECT] 
2025-09-24 11:06:25,222 [ERROR] LogOutputStream:75 - [STDERR_REDIRECT] [Fatal Error] :1:1: Premature end of file.
2025-09-24 11:06:25,223 [ERROR] LogOutputStream:75 - [STDERR_REDIRECT] 
2025-09-24 11:06:26,227 [ERROR] LogOutputStream:75 - [STDERR_REDIRECT] [Fatal Error] :1:1: Premature end of file.
2025-09-24 11:06:26,227 [ERROR] LogOutputStream:75 - [STDERR_REDIRECT] 
2025-09-24 11:06:27,221 [ERROR] LogOutputStream:75 - [STDERR_REDIRECT] [Fatal Error] :1:1: Premature end of file.
2025-09-24 11:06:27,221 [ERROR] LogOutputStream:75 - [STDERR_REDIRECT] 
2025-09-24 11:06:28,222 [ERROR] LogOutputStream:75 - [STDERR_REDIRECT] [Fatal Error] :1:1: Premature end of file.
2025-09-24 11:06:28,223 [ERROR] LogOutputStream:75 - [STDERR_REDIRECT] 
2025-09-24 11:06:29,219 [ERROR] LogOutputStream:75 - [STDERR_REDIRECT] [Fatal Error] :1:1: Premature end of file.
2025-09-24 11:06:29,221 [ERROR] LogOutputStream:75 - [STDERR_REDIRECT] 
2025-09-24 11:06:30,218 [ERROR] LogOutputStream:75 - [STDERR_REDIRECT] [Fatal Error] :1:1: Premature end of file.
2025-09-24 11:06:30,219 [ERROR] LogOutputStream:75 - [STDERR_REDIRECT] 
2025-09-24 11:06:31,232 [ERROR] LogOutputStream:75 - [STDERR_REDIRECT] [Fatal Error] :1:1: Premature end of file.
2025-09-24 11:06:31,232 [ERROR] LogOutputStream:75 - [STDERR_REDIRECT] 
2025-09-24 11:06:32,238 [ERROR] LogOutputStream:75 - [STDERR_REDIRECT] [Fatal Error] :1:1: Premature end of file.
2025-09-24 11:06:32,238 [ERROR] LogOutputStream:75 - [STDERR_REDIRECT] 
2025-09-24 11:06:33,224 [ERROR] LogOutputStream:75 - [STDERR_REDIRECT] [Fatal Error] :1:1: Premature end of file.
2025-09-24 11:06:33,224 [ERROR] LogOutputStream:75 - [STDERR_REDIRECT] 
2025-09-24 11:06:34,307 [ERROR] LogOutputStream:75 - [STDERR_REDIRECT] [Fatal Error] :1:1: Premature end of file.
2025-09-24 11:06:34,307 [ERROR] LogOutputStream:75 - [STDERR_REDIRECT] 
2025-09-24 11:06:35,238 [ERROR] LogOutputStream:75 - [STDERR_REDIRECT] [Fatal Error] :1:1: Premature end of file.
2025-09-24 11:06:35,238 [ERROR] LogOutputStream:75 - [STDERR_REDIRECT] 
2025-09-24 11:06:36,225 [ERROR] LogOutputStream:75 - [STDERR_REDIRECT] [Fatal Error] :1:1: Premature end of file.
2025-09-24 11:06:36,225 [ERROR] LogOutputStream:75 - [STDERR_REDIRECT] 
2025-09-24 11:06:37,235 [ERROR] LogOutputStream:75 - [STDERR_REDIRECT] [Fatal Error] :1:1: Premature end of file.
2025-09-24 11:06:37,235 [ERROR] LogOutputStream:75 - [STDERR_REDIRECT] 
2025-09-24 11:06:38,223 [ERROR] LogOutputStream:75 - [STDERR_REDIRECT] [Fatal Error] :1:1: Premature end of file.
2025-09-24 11:06:38,224 [ERROR] LogOutputStream:75 - [STDERR_REDIRECT] 
2025-09-24 11:06:39,234 [ERROR] LogOutputStream:75 - [STDERR_REDIRECT] [Fatal Error] :1:1: Premature end of file.
2025-09-24 11:06:39,234 [ERROR] LogOutputStream:75 - [STDERR_REDIRECT] 
2025-09-24 11:06:40,227 [ERROR] LogOutputStream:75 - [STDERR_REDIRECT] [Fatal Error] :1:1: Premature end of file.
2025-09-24 11:06:40,227 [ERROR] LogOutputStream:75 - [STDERR_REDIRECT] 
2025-09-24 11:06:41,223 [ERROR] LogOutputStream:75 - [STDERR_REDIRECT] [Fatal Error] :1:1: Premature end of file.
2025-09-24 11:06:41,224 [ERROR] LogOutputStream:75 - [STDERR_REDIRECT] 
2025-09-24 11:06:42,225 [ERROR] LogOutputStream:75 - [STDERR_REDIRECT] [Fatal Error] :1:1: Premature end of file.
2025-09-24 11:06:42,226 [ERROR] LogOutputStream:75 - [STDERR_REDIRECT] 
2025-09-24 11:06:43,229 [ERROR] LogOutputStream:75 - [STDERR_REDIRECT] [Fatal Error] :1:1: Premature end of file.
2025-09-24 11:06:43,230 [ERROR] LogOutputStream:75 - [STDERR_REDIRECT] 
2025-09-24 11:06:44,221 [ERROR] LogOutputStream:75 - [STDERR_REDIRECT] [Fatal Error] :1:1: Premature end of file.
2025-09-24 11:06:44,222 [ERROR] LogOutputStream:75 - [STDERR_REDIRECT] 
2025-09-24 11:06:45,218 [ERROR] LogOutputStream:75 - [STDERR_REDIRECT] [Fatal Error] :1:1: Premature end of file.
2025-09-24 11:06:45,219 [ERROR] LogOutputStream:75 - [STDERR_REDIRECT] 
2025-09-24 11:06:46,225 [ERROR] LogOutputStream:75 - [STDERR_REDIRECT] [Fatal Error] :1:1: Premature end of file.
2025-09-24 11:06:46,225 [ERROR] LogOutputStream:75 - [STDERR_REDIRECT] 
2025-09-24 11:06:47,229 [ERROR] LogOutputStream:75 - [STDERR_REDIRECT] [Fatal Error] :1:1: Premature end of file.
2025-09-24 11:06:47,229 [ERROR] LogOutputStream:75 - [STDERR_REDIRECT] 
2025-09-24 11:06:48,225 [ERROR] LogOutputStream:75 - [STDERR_REDIRECT] [Fatal Error] :1:1: Premature end of file.
2025-09-24 11:06:48,225 [ERROR] LogOutputStream:75 - [STDERR_REDIRECT] 
2025-09-24 11:06:49,220 [ERROR] LogOutputStream:75 - [STDERR_REDIRECT] [Fatal Error] :1:1: Premature end of file.
2025-09-24 11:06:49,221 [ERROR] LogOutputStream:75 - [STDERR_REDIRECT] 
2025-09-24 11:06:50,222 [ERROR] LogOutputStream:75 - [STDERR_REDIRECT] [Fatal Error] :1:1: Premature end of file.
2025-09-24 11:06:50,223 [ERROR] LogOutputStream:75 - [STDERR_REDIRECT] 
2025-09-24 11:06:51,224 [ERROR] LogOutputStream:75 - [STDERR_REDIRECT] [Fatal Error] :1:1: Premature end of file.
2025-09-24 11:06:51,225 [ERROR] LogOutputStream:75 - [STDERR_REDIRECT] 
2025-09-24 11:06:52,225 [ERROR] LogOutputStream:75 - [STDERR_REDIRECT] [Fatal Error] :1:1: Premature end of file.
2025-09-24 11:06:52,225 [ERROR] LogOutputStream:75 - [STDERR_REDIRECT] 
2025-09-24 11:06:52,712 [INFO] MainUpdater:2872 - connection check result : 10
2025-09-24 11:06:53,224 [ERROR] LogOutputStream:75 - [STDERR_REDIRECT] [Fatal Error] :1:1: Premature end of file.
2025-09-24 11:06:53,224 [ERROR] LogOutputStream:75 - [STDERR_REDIRECT] 
2025-09-24 11:06:54,224 [ERROR] LogOutputStream:75 - [STDERR_REDIRECT] [Fatal Error] :1:1: Premature end of file.
2025-09-24 11:06:54,224 [ERROR] LogOutputStream:75 - [STDERR_REDIRECT] 
2025-09-24 11:06:55,220 [ERROR] LogOutputStream:75 - [STDERR_REDIRECT] [Fatal Error] :1:1: Premature end of file.
2025-09-24 11:06:55,220 [ERROR] LogOutputStream:75 - [STDERR_REDIRECT] 
2025-09-24 11:06:56,229 [ERROR] LogOutputStream:75 - [STDERR_REDIRECT] [Fatal Error] :1:1: Premature end of file.
2025-09-24 11:06:56,229 [ERROR] LogOutputStream:75 - [STDERR_REDIRECT] 
2025-09-24 11:06:57,231 [ERROR] LogOutputStream:75 - [STDERR_REDIRECT] [Fatal Error] :1:1: Premature end of file.
2025-09-24 11:06:57,231 [ERROR] LogOutputStream:75 - [STDERR_REDIRECT] 
2025-09-24 11:06:58,223 [ERROR] LogOutputStream:75 - [STDERR_REDIRECT] [Fatal Error] :1:1: Premature end of file.
2025-09-24 11:06:58,223 [ERROR] LogOutputStream:75 - [STDERR_REDIRECT] 
2025-09-24 11:06:59,222 [ERROR] LogOutputStream:75 - [STDERR_REDIRECT] [Fatal Error] :1:1: Premature end of file.
2025-09-24 11:06:59,222 [ERROR] LogOutputStream:75 - [STDERR_REDIRECT] 
2025-09-24 11:07:00,220 [ERROR] LogOutputStream:75 - [STDERR_REDIRECT] [Fatal Error] :1:1: Premature end of file.
2025-09-24 11:07:00,220 [ERROR] LogOutputStream:75 - [STDERR_REDIRECT] 
2025-09-24 11:07:01,219 [ERROR] LogOutputStream:75 - [STDERR_REDIRECT] [Fatal Error] :1:1: Premature end of file.
2025-09-24 11:07:01,219 [ERROR] LogOutputStream:75 - [STDERR_REDIRECT] 
2025-09-24 11:07:02,218 [ERROR] LogOutputStream:75 - [STDERR_REDIRECT] [Fatal Error] :1:1: Premature end of file.
2025-09-24 11:07:02,219 [ERROR] LogOutputStream:75 - [STDERR_REDIRECT] 
2025-09-24 11:07:03,230 [ERROR] LogOutputStream:75 - [STDERR_REDIRECT] [Fatal Error] :1:1: Premature end of file.
2025-09-24 11:07:03,230 [ERROR] LogOutputStream:75 - [STDERR_REDIRECT] 
2025-09-24 11:07:04,230 [ERROR] LogOutputStream:75 - [STDERR_REDIRECT] [Fatal Error] :1:1: Premature end of file.
2025-09-24 11:07:04,235 [ERROR] LogOutputStream:75 - [STDERR_REDIRECT] 
2025-09-24 11:07:05,240 [ERROR] LogOutputStream:75 - [STDERR_REDIRECT] [Fatal Error] :1:1: Premature end of file.
2025-09-24 11:07:05,240 [ERROR] LogOutputStream:75 - [STDERR_REDIRECT] 
2025-09-24 11:07:06,245 [ERROR] LogOutputStream:75 - [STDERR_REDIRECT] [Fatal Error] :1:1: Premature end of file.
2025-09-24 11:07:06,245 [ERROR] LogOutputStream:75 - [STDERR_REDIRECT] 
2025-09-24 11:07:07,236 [ERROR] LogOutputStream:75 - [STDERR_REDIRECT] [Fatal Error] :1:1: Premature end of file.
2025-09-24 11:07:07,236 [ERROR] LogOutputStream:75 - [STDERR_REDIRECT] 
2025-09-24 11:07:08,236 [ERROR] LogOutputStream:75 - [STDERR_REDIRECT] [Fatal Error] :1:1: Premature end of file.
2025-09-24 11:07:08,236 [ERROR] LogOutputStream:75 - [STDERR_REDIRECT] 
2025-09-24 11:07:09,230 [ERROR] LogOutputStream:75 - [STDERR_REDIRECT] [Fatal Error] :1:1: Premature end of file.
2025-09-24 11:07:09,230 [ERROR] LogOutputStream:75 - [STDERR_REDIRECT] 
2025-09-24 11:07:10,242 [ERROR] LogOutputStream:75 - [STDERR_REDIRECT] [Fatal Error] :1:1: Premature end of file.
2025-09-24 11:07:10,242 [ERROR] LogOutputStream:75 - [STDERR_REDIRECT] 
2025-09-24 11:07:11,230 [ERROR] LogOutputStream:75 - [STDERR_REDIRECT] [Fatal Error] :1:1: Premature end of file.
2025-09-24 11:07:11,230 [ERROR] LogOutputStream:75 - [STDERR_REDIRECT] 
2025-09-24 11:07:12,223 [ERROR] LogOutputStream:75 - [STDERR_REDIRECT] [Fatal Error] :1:1: Premature end of file.
2025-09-24 11:07:12,223 [ERROR] LogOutputStream:75 - [STDERR_REDIRECT] 
2025-09-24 11:07:13,220 [ERROR] LogOutputStream:75 - [STDERR_REDIRECT] [Fatal Error] :1:1: Premature end of file.
2025-09-24 11:07:13,220 [ERROR] LogOutputStream:75 - [STDERR_REDIRECT] 
2025-09-24 11:07:14,220 [ERROR] LogOutputStream:75 - [STDERR_REDIRECT] [Fatal Error] :1:1: Premature end of file.
2025-09-24 11:07:14,220 [ERROR] LogOutputStream:75 - [STDERR_REDIRECT] 
2025-09-24 11:07:15,220 [ERROR] LogOutputStream:75 - [STDERR_REDIRECT] [Fatal Error] :1:1: Premature end of file.
2025-09-24 11:07:15,220 [ERROR] LogOutputStream:75 - [STDERR_REDIRECT] 
2025-09-24 11:07:16,220 [ERROR] LogOutputStream:75 - [STDERR_REDIRECT] [Fatal Error] :1:1: Premature end of file.
2025-09-24 11:07:16,220 [ERROR] LogOutputStream:75 - [STDERR_REDIRECT] 
2025-09-24 11:07:17,221 [ERROR] LogOutputStream:75 - [STDERR_REDIRECT] [Fatal Error] :1:1: Premature end of file.
2025-09-24 11:07:17,221 [ERROR] LogOutputStream:75 - [STDERR_REDIRECT] 
2025-09-24 11:07:18,221 [ERROR] LogOutputStream:75 - [STDERR_REDIRECT] [Fatal Error] :1:1: Premature end of file.
2025-09-24 11:07:18,221 [ERROR] LogOutputStream:75 - [STDERR_REDIRECT] 
2025-09-24 11:07:19,221 [ERROR] LogOutputStream:75 - [STDERR_REDIRECT] [Fatal Error] :1:1: Premature end of file.
2025-09-24 11:07:19,230 [ERROR] LogOutputStream:75 - [STDERR_REDIRECT] 
2025-09-24 11:07:20,221 [ERROR] LogOutputStream:75 - [STDERR_REDIRECT] [Fatal Error] :1:1: Premature end of file.
2025-09-24 11:07:20,221 [ERROR] LogOutputStream:75 - [STDERR_REDIRECT] 
2025-09-24 11:07:21,228 [ERROR] LogOutputStream:75 - [STDERR_REDIRECT] [Fatal Error] :1:1: Premature end of file.
2025-09-24 11:07:21,230 [ERROR] LogOutputStream:75 - [STDERR_REDIRECT] 
2025-09-24 11:07:22,220 [ERROR] LogOutputStream:75 - [STDERR_REDIRECT] [Fatal Error] :1:1: Premature end of file.
2025-09-24 11:07:22,224 [ERROR] LogOutputStream:75 - [STDERR_REDIRECT] 
2025-09-24 11:07:23,220 [ERROR] LogOutputStream:75 - [STDERR_REDIRECT] [Fatal Error] :1:1: Premature end of file.
2025-09-24 11:07:23,220 [ERROR] LogOutputStream:75 - [STDERR_REDIRECT] 
2025-09-24 11:07:24,211 [ERROR] LogOutputStream:75 - [STDERR_REDIRECT] [Fatal Error] :1:1: Premature end of file.
2025-09-24 11:07:24,211 [ERROR] LogOutputStream:75 - [STDERR_REDIRECT] 
2025-09-24 11:07:25,236 [ERROR] LogOutputStream:75 - [STDERR_REDIRECT] [Fatal Error] :1:1: Premature end of file.
2025-09-24 11:07:25,239 [ERROR] LogOutputStream:75 - [STDERR_REDIRECT] 
2025-09-24 11:07:26,221 [ERROR] LogOutputStream:75 - [STDERR_REDIRECT] [Fatal Error] :1:1: Premature end of file.
2025-09-24 11:07:26,221 [ERROR] LogOutputStream:75 - [STDERR_REDIRECT] 
2025-09-24 11:07:27,221 [ERROR] LogOutputStream:75 - [STDERR_REDIRECT] [Fatal Error] :1:1: Premature end of file.
2025-09-24 11:07:27,221 [ERROR] LogOutputStream:75 - [STDERR_REDIRECT] 
2025-09-24 11:07:28,221 [ERROR] LogOutputStream:75 - [STDERR_REDIRECT] [Fatal Error] :1:1: Premature end of file.
2025-09-24 11:07:28,221 [ERROR] LogOutputStream:75 - [STDERR_REDIRECT] 
2025-09-24 11:07:29,220 [ERROR] LogOutputStream:75 - [STDERR_REDIRECT] [Fatal Error] :1:1: Premature end of file.
2025-09-24 11:07:29,220 [ERROR] LogOutputStream:75 - [STDERR_REDIRECT] 
2025-09-24 11:07:30,224 [ERROR] LogOutputStream:75 - [STDERR_REDIRECT] [Fatal Error] :1:1: Premature end of file.
2025-09-24 11:07:30,224 [ERROR] LogOutputStream:75 - [STDERR_REDIRECT] 
2025-09-24 11:07:31,220 [ERROR] LogOutputStream:75 - [STDERR_REDIRECT] [Fatal Error] :1:1: Premature end of file.
2025-09-24 11:07:31,220 [ERROR] LogOutputStream:75 - [STDERR_REDIRECT] 
2025-09-24 11:07:32,220 [ERROR] LogOutputStream:75 - [STDERR_REDIRECT] [Fatal Error] :1:1: Premature end of file.
2025-09-24 11:07:32,220 [ERROR] LogOutputStream:75 - [STDERR_REDIRECT] 
2025-09-24 11:07:33,221 [ERROR] LogOutputStream:75 - [STDERR_REDIRECT] [Fatal Error] :1:1: Premature end of file.
2025-09-24 11:07:33,221 [ERROR] LogOutputStream:75 - [STDERR_REDIRECT] 
2025-09-24 11:07:34,221 [ERROR] LogOutputStream:75 - [STDERR_REDIRECT] [Fatal Error] :1:1: Premature end of file.
2025-09-24 11:07:34,221 [ERROR] LogOutputStream:75 - [STDERR_REDIRECT] 
2025-09-24 11:07:35,221 [ERROR] LogOutputStream:75 - [STDERR_REDIRECT] [Fatal Error] :1:1: Premature end of file.
2025-09-24 11:07:35,221 [ERROR] LogOutputStream:75 - [STDERR_REDIRECT] 
2025-09-24 11:07:36,221 [ERROR] LogOutputStream:75 - [STDERR_REDIRECT] [Fatal Error] :1:1: Premature end of file.
2025-09-24 11:07:36,221 [ERROR] LogOutputStream:75 - [STDERR_REDIRECT] 
2025-09-24 11:07:37,224 [ERROR] LogOutputStream:75 - [STDERR_REDIRECT] [Fatal Error] :1:1: Premature end of file.
2025-09-24 11:07:37,224 [ERROR] LogOutputStream:75 - [STDERR_REDIRECT] 
2025-09-24 11:07:38,229 [ERROR] LogOutputStream:75 - [STDERR_REDIRECT] [Fatal Error] :1:1: Premature end of file.
2025-09-24 11:07:38,230 [ERROR] LogOutputStream:75 - [STDERR_REDIRECT] 
2025-09-24 11:07:39,233 [ERROR] LogOutputStream:75 - [STDERR_REDIRECT] [Fatal Error] :1:1: Premature end of file.
2025-09-24 11:07:39,233 [ERROR] LogOutputStream:75 - [STDERR_REDIRECT] 
2025-09-24 11:07:40,232 [ERROR] LogOutputStream:75 - [STDERR_REDIRECT] [Fatal Error] :1:1: Premature end of file.
2025-09-24 11:07:40,232 [ERROR] LogOutputStream:75 - [STDERR_REDIRECT] 
2025-09-24 11:07:41,229 [ERROR] LogOutputStream:75 - [STDERR_REDIRECT] [Fatal Error] :1:1: Premature end of file.
2025-09-24 11:07:41,229 [ERROR] LogOutputStream:75 - [STDERR_REDIRECT] 
2025-09-24 11:07:42,222 [ERROR] LogOutputStream:75 - [STDERR_REDIRECT] [Fatal Error] :1:1: Premature end of file.
2025-09-24 11:07:42,222 [ERROR] LogOutputStream:75 - [STDERR_REDIRECT] 
2025-09-24 11:07:43,230 [ERROR] LogOutputStream:75 - [STDERR_REDIRECT] [Fatal Error] :1:1: Premature end of file.
2025-09-24 11:07:43,230 [ERROR] LogOutputStream:75 - [STDERR_REDIRECT] 
2025-09-24 11:07:44,224 [ERROR] LogOutputStream:75 - [STDERR_REDIRECT] [Fatal Error] :1:1: Premature end of file.
2025-09-24 11:07:44,224 [ERROR] LogOutputStream:75 - [STDERR_REDIRECT] 
2025-09-24 11:07:45,220 [ERROR] LogOutputStream:75 - [STDERR_REDIRECT] [Fatal Error] :1:1: Premature end of file.
2025-09-24 11:07:45,220 [ERROR] LogOutputStream:75 - [STDERR_REDIRECT] 
2025-09-24 11:07:46,220 [ERROR] LogOutputStream:75 - [STDERR_REDIRECT] [Fatal Error] :1:1: Premature end of file.
2025-09-24 11:07:46,220 [ERROR] LogOutputStream:75 - [STDERR_REDIRECT] 
2025-09-24 11:07:47,220 [ERROR] LogOutputStream:75 - [STDERR_REDIRECT] [Fatal Error] :1:1: Premature end of file.
2025-09-24 11:07:47,220 [ERROR] LogOutputStream:75 - [STDERR_REDIRECT] 
2025-09-24 11:07:48,230 [ERROR] LogOutputStream:75 - [STDERR_REDIRECT] [Fatal Error] :1:1: Premature end of file.
2025-09-24 11:07:48,231 [ERROR] LogOutputStream:75 - [STDERR_REDIRECT] 
2025-09-24 11:07:49,242 [ERROR] LogOutputStream:75 - [STDERR_REDIRECT] [Fatal Error] :1:1: Premature end of file.
2025-09-24 11:07:49,242 [ERROR] LogOutputStream:75 - [STDERR_REDIRECT] 
2025-09-24 11:07:50,270 [ERROR] LogOutputStream:75 - [STDERR_REDIRECT] [Fatal Error] :1:1: Premature end of file.
2025-09-24 11:07:50,270 [ERROR] LogOutputStream:75 - [STDERR_REDIRECT] 
2025-09-24 11:07:51,261 [ERROR] LogOutputStream:75 - [STDERR_REDIRECT] [Fatal Error] :1:1: Premature end of file.
2025-09-24 11:07:51,261 [ERROR] LogOutputStream:75 - [STDERR_REDIRECT] 
2025-09-24 11:07:52,262 [ERROR] LogOutputStream:75 - [STDERR_REDIRECT] [Fatal Error] :1:1: Premature end of file.
2025-09-24 11:07:52,262 [ERROR] LogOutputStream:75 - [STDERR_REDIRECT] 
2025-09-24 11:07:53,231 [ERROR] LogOutputStream:75 - [STDERR_REDIRECT] [Fatal Error] :1:1: Premature end of file.
2025-09-24 11:07:53,235 [ERROR] LogOutputStream:75 - [STDERR_REDIRECT] 
2025-09-24 11:07:54,232 [ERROR] LogOutputStream:75 - [STDERR_REDIRECT] [Fatal Error] :1:1: Premature end of file.
2025-09-24 11:07:54,232 [ERROR] LogOutputStream:75 - [STDERR_REDIRECT] 
2025-09-24 11:07:55,221 [ERROR] LogOutputStream:75 - [STDERR_REDIRECT] [Fatal Error] :1:1: Premature end of file.
2025-09-24 11:07:55,221 [ERROR] LogOutputStream:75 - [STDERR_REDIRECT] 
2025-09-24 11:07:56,222 [ERROR] LogOutputStream:75 - [STDERR_REDIRECT] [Fatal Error] :1:1: Premature end of file.
2025-09-24 11:07:56,222 [ERROR] LogOutputStream:75 - [STDERR_REDIRECT] 
2025-09-24 11:07:57,221 [ERROR] LogOutputStream:75 - [STDERR_REDIRECT] [Fatal Error] :1:1: Premature end of file.
2025-09-24 11:07:57,221 [ERROR] LogOutputStream:75 - [STDERR_REDIRECT] 
2025-09-24 11:07:58,227 [ERROR] LogOutputStream:75 - [STDERR_REDIRECT] [Fatal Error] :1:1: Premature end of file.
2025-09-24 11:07:58,227 [ERROR] LogOutputStream:75 - [STDERR_REDIRECT] 
2025-09-24 11:07:59,225 [ERROR] LogOutputStream:75 - [STDERR_REDIRECT] [Fatal Error] :1:1: Premature end of file.
2025-09-24 11:07:59,225 [ERROR] LogOutputStream:75 - [STDERR_REDIRECT] 
2025-09-24 11:08:00,230 [ERROR] LogOutputStream:75 - [STDERR_REDIRECT] [Fatal Error] :1:1: Premature end of file.
2025-09-24 11:08:00,230 [ERROR] LogOutputStream:75 - [STDERR_REDIRECT] 
2025-09-24 11:08:01,220 [ERROR] LogOutputStream:75 - [STDERR_REDIRECT] [Fatal Error] :1:1: Premature end of file.
2025-09-24 11:08:01,220 [ERROR] LogOutputStream:75 - [STDERR_REDIRECT] 
2025-09-24 11:08:02,220 [ERROR] LogOutputStream:75 - [STDERR_REDIRECT] [Fatal Error] :1:1: Premature end of file.
2025-09-24 11:08:02,220 [ERROR] LogOutputStream:75 - [STDERR_REDIRECT] 
2025-09-24 11:08:03,220 [ERROR] LogOutputStream:75 - [STDERR_REDIRECT] [Fatal Error] :1:1: Premature end of file.
2025-09-24 11:08:03,220 [ERROR] LogOutputStream:75 - [STDERR_REDIRECT] 
2025-09-24 11:08:04,223 [ERROR] LogOutputStream:75 - [STDERR_REDIRECT] [Fatal Error] :1:1: Premature end of file.
2025-09-24 11:08:04,223 [ERROR] LogOutputStream:75 - [STDERR_REDIRECT] 
2025-09-24 11:08:05,233 [ERROR] LogOutputStream:75 - [STDERR_REDIRECT] [Fatal Error] :1:1: Premature end of file.
2025-09-24 11:08:05,233 [ERROR] LogOutputStream:75 - [STDERR_REDIRECT] 
2025-09-24 11:08:06,233 [ERROR] LogOutputStream:75 - [STDERR_REDIRECT] [Fatal Error] :1:1: Premature end of file.
2025-09-24 11:08:06,235 [ERROR] LogOutputStream:75 - [STDERR_REDIRECT] 
2025-09-24 11:08:07,230 [ERROR] LogOutputStream:75 - [STDERR_REDIRECT] [Fatal Error] :1:1: Premature end of file.
2025-09-24 11:08:07,230 [ERROR] LogOutputStream:75 - [STDERR_REDIRECT] 
2025-09-24 11:08:08,230 [ERROR] LogOutputStream:75 - [STDERR_REDIRECT] [Fatal Error] :1:1: Premature end of file.
2025-09-24 11:08:08,230 [ERROR] LogOutputStream:75 - [STDERR_REDIRECT] 
2025-09-24 11:08:09,237 [ERROR] LogOutputStream:75 - [STDERR_REDIRECT] [Fatal Error] :1:1: Premature end of file.
2025-09-24 11:08:09,237 [ERROR] LogOutputStream:75 - [STDERR_REDIRECT] 
2025-09-24 11:08:10,220 [ERROR] LogOutputStream:75 - [STDERR_REDIRECT] [Fatal Error] :1:1: Premature end of file.
2025-09-24 11:08:10,220 [ERROR] LogOutputStream:75 - [STDERR_REDIRECT] 
2025-09-24 11:08:11,222 [ERROR] LogOutputStream:75 - [STDERR_REDIRECT] [Fatal Error] :1:1: Premature end of file.
2025-09-24 11:08:11,222 [ERROR] LogOutputStream:75 - [STDERR_REDIRECT] 
2025-09-24 11:08:12,256 [ERROR] LogOutputStream:75 - [STDERR_REDIRECT] [Fatal Error] :1:1: Premature end of file.
2025-09-24 11:08:12,256 [ERROR] LogOutputStream:75 - [STDERR_REDIRECT] 
2025-09-24 11:08:13,230 [ERROR] LogOutputStream:75 - [STDERR_REDIRECT] [Fatal Error] :1:1: Premature end of file.
2025-09-24 11:08:13,239 [ERROR] LogOutputStream:75 - [STDERR_REDIRECT] 
2025-09-24 11:08:14,228 [ERROR] LogOutputStream:75 - [STDERR_REDIRECT] [Fatal Error] :1:1: Premature end of file.
2025-09-24 11:08:14,228 [ERROR] LogOutputStream:75 - [STDERR_REDIRECT] 
2025-09-24 11:08:15,237 [ERROR] LogOutputStream:75 - [STDERR_REDIRECT] [Fatal Error] :1:1: Premature end of file.
2025-09-24 11:08:15,237 [ERROR] LogOutputStream:75 - [STDERR_REDIRECT] 
2025-09-24 11:08:16,240 [ERROR] LogOutputStream:75 - [STDERR_REDIRECT] [Fatal Error] :1:1: Premature end of file.
2025-09-24 11:08:16,240 [ERROR] LogOutputStream:75 - [STDERR_REDIRECT] 
2025-09-24 11:08:17,238 [ERROR] LogOutputStream:75 - [STDERR_REDIRECT] [Fatal Error] :1:1: Premature end of file.
2025-09-24 11:08:17,240 [ERROR] LogOutputStream:75 - [STDERR_REDIRECT] 
2025-09-24 11:08:18,231 [ERROR] LogOutputStream:75 - [STDERR_REDIRECT] [Fatal Error] :1:1: Premature end of file.
2025-09-24 11:08:18,231 [ERROR] LogOutputStream:75 - [STDERR_REDIRECT] 
2025-09-24 11:08:19,269 [ERROR] LogOutputStream:75 - [STDERR_REDIRECT] [Fatal Error] :1:1: Premature end of file.
2025-09-24 11:08:19,269 [ERROR] LogOutputStream:75 - [STDERR_REDIRECT] 
2025-09-24 11:08:20,256 [ERROR] LogOutputStream:75 - [STDERR_REDIRECT] [Fatal Error] :1:1: Premature end of file.
2025-09-24 11:08:20,256 [ERROR] LogOutputStream:75 - [STDERR_REDIRECT] 
2025-09-24 11:08:21,226 [ERROR] LogOutputStream:75 - [STDERR_REDIRECT] [Fatal Error] :1:1: Premature end of file.
2025-09-24 11:08:21,226 [ERROR] LogOutputStream:75 - [STDERR_REDIRECT] 
2025-09-24 11:08:22,224 [ERROR] LogOutputStream:75 - [STDERR_REDIRECT] [Fatal Error] :1:1: Premature end of file.
2025-09-24 11:08:22,224 [ERROR] LogOutputStream:75 - [STDERR_REDIRECT] 
2025-09-24 11:08:23,233 [ERROR] LogOutputStream:75 - [STDERR_REDIRECT] [Fatal Error] :1:1: Premature end of file.
2025-09-24 11:08:23,233 [ERROR] LogOutputStream:75 - [STDERR_REDIRECT] 
2025-09-24 11:08:24,223 [ERROR] LogOutputStream:75 - [STDERR_REDIRECT] [Fatal Error] :1:1: Premature end of file.
2025-09-24 11:08:24,223 [ERROR] LogOutputStream:75 - [STDERR_REDIRECT] 
2025-09-24 11:08:25,235 [ERROR] LogOutputStream:75 - [STDERR_REDIRECT] [Fatal Error] :1:1: Premature end of file.
2025-09-24 11:08:25,235 [ERROR] LogOutputStream:75 - [STDERR_REDIRECT] 
2025-09-24 11:08:26,231 [ERROR] LogOutputStream:75 - [STDERR_REDIRECT] [Fatal Error] :1:1: Premature end of file.
2025-09-24 11:08:26,235 [ERROR] LogOutputStream:75 - [STDERR_REDIRECT] 
2025-09-24 11:08:27,236 [ERROR] LogOutputStream:75 - [STDERR_REDIRECT] [Fatal Error] :1:1: Premature end of file.
2025-09-24 11:08:27,236 [ERROR] LogOutputStream:75 - [STDERR_REDIRECT] 
2025-09-24 11:08:28,220 [ERROR] LogOutputStream:75 - [STDERR_REDIRECT] [Fatal Error] :1:1: Premature end of file.
2025-09-24 11:08:28,220 [ERROR] LogOutputStream:75 - [STDERR_REDIRECT] 
2025-09-24 11:08:29,222 [ERROR] LogOutputStream:75 - [STDERR_REDIRECT] [Fatal Error] :1:1: Premature end of file.
2025-09-24 11:08:29,222 [ERROR] LogOutputStream:75 - [STDERR_REDIRECT] 
2025-09-24 11:08:30,228 [ERROR] LogOutputStream:75 - [STDERR_REDIRECT] [Fatal Error] :1:1: Premature end of file.
2025-09-24 11:08:30,228 [ERROR] LogOutputStream:75 - [STDERR_REDIRECT] 
2025-09-24 11:08:31,221 [ERROR] LogOutputStream:75 - [STDERR_REDIRECT] [Fatal Error] :1:1: Premature end of file.
2025-09-24 11:08:31,221 [ERROR] LogOutputStream:75 - [STDERR_REDIRECT] 
2025-09-24 11:08:32,230 [ERROR] LogOutputStream:75 - [STDERR_REDIRECT] [Fatal Error] :1:1: Premature end of file.
2025-09-24 11:08:32,230 [ERROR] LogOutputStream:75 - [STDERR_REDIRECT] 
2025-09-24 11:08:33,220 [ERROR] LogOutputStream:75 - [STDERR_REDIRECT] [Fatal Error] :1:1: Premature end of file.
2025-09-24 11:08:33,220 [ERROR] LogOutputStream:75 - [STDERR_REDIRECT] 
2025-09-24 11:08:34,225 [ERROR] LogOutputStream:75 - [STDERR_REDIRECT] [Fatal Error] :1:1: Premature end of file.
2025-09-24 11:08:34,225 [ERROR] LogOutputStream:75 - [STDERR_REDIRECT] 
2025-09-24 11:08:35,231 [ERROR] LogOutputStream:75 - [STDERR_REDIRECT] [Fatal Error] :1:1: Premature end of file.
2025-09-24 11:08:35,231 [ERROR] LogOutputStream:75 - [STDERR_REDIRECT] 
2025-09-24 11:08:36,230 [ERROR] LogOutputStream:75 - [STDERR_REDIRECT] [Fatal Error] :1:1: Premature end of file.
2025-09-24 11:08:36,230 [ERROR] LogOutputStream:75 - [STDERR_REDIRECT] 
2025-09-24 11:08:37,230 [ERROR] LogOutputStream:75 - [STDERR_REDIRECT] [Fatal Error] :1:1: Premature end of file.
2025-09-24 11:08:37,230 [ERROR] LogOutputStream:75 - [STDERR_REDIRECT] 
2025-09-24 11:08:38,221 [ERROR] LogOutputStream:75 - [STDERR_REDIRECT] [Fatal Error] :1:1: Premature end of file.
2025-09-24 11:08:38,226 [ERROR] LogOutputStream:75 - [STDERR_REDIRECT] 
2025-09-24 11:08:39,230 [ERROR] LogOutputStream:75 - [STDERR_REDIRECT] [Fatal Error] :1:1: Premature end of file.
2025-09-24 11:08:39,230 [ERROR] LogOutputStream:75 - [STDERR_REDIRECT] 
2025-09-24 11:08:40,230 [ERROR] LogOutputStream:75 - [STDERR_REDIRECT] [Fatal Error] :1:1: Premature end of file.
2025-09-24 11:08:40,230 [ERROR] LogOutputStream:75 - [STDERR_REDIRECT] 
2025-09-24 11:08:41,231 [ERROR] LogOutputStream:75 - [STDERR_REDIRECT] [Fatal Error] :1:1: Premature end of file.
2025-09-24 11:08:41,231 [ERROR] LogOutputStream:75 - [STDERR_REDIRECT] 
2025-09-24 11:08:42,229 [ERROR] LogOutputStream:75 - [STDERR_REDIRECT] [Fatal Error] :1:1: Premature end of file.
2025-09-24 11:08:42,229 [ERROR] LogOutputStream:75 - [STDERR_REDIRECT] 
2025-09-24 11:08:43,228 [ERROR] LogOutputStream:75 - [STDERR_REDIRECT] [Fatal Error] :1:1: Premature end of file.
2025-09-24 11:08:43,228 [ERROR] LogOutputStream:75 - [STDERR_REDIRECT] 
2025-09-24 11:08:44,220 [ERROR] LogOutputStream:75 - [STDERR_REDIRECT] [Fatal Error] :1:1: Premature end of file.
2025-09-24 11:08:44,220 [ERROR] LogOutputStream:75 - [STDERR_REDIRECT] 
2025-09-24 11:08:45,221 [ERROR] LogOutputStream:75 - [STDERR_REDIRECT] [Fatal Error] :1:1: Premature end of file.
2025-09-24 11:08:45,221 [ERROR] LogOutputStream:75 - [STDERR_REDIRECT] 
2025-09-24 11:08:46,230 [ERROR] LogOutputStream:75 - [STDERR_REDIRECT] [Fatal Error] :1:1: Premature end of file.
2025-09-24 11:08:46,230 [ERROR] LogOutputStream:75 - [STDERR_REDIRECT] 
2025-09-24 11:08:47,231 [ERROR] LogOutputStream:75 - [STDERR_REDIRECT] [Fatal Error] :1:1: Premature end of file.
2025-09-24 11:08:47,234 [ERROR] LogOutputStream:75 - [STDERR_REDIRECT] 
2025-09-24 11:08:48,229 [ERROR] LogOutputStream:75 - [STDERR_REDIRECT] [Fatal Error] :1:1: Premature end of file.
2025-09-24 11:08:48,229 [ERROR] LogOutputStream:75 - [STDERR_REDIRECT] 
2025-09-24 11:08:49,231 [ERROR] LogOutputStream:75 - [STDERR_REDIRECT] [Fatal Error] :1:1: Premature end of file.
2025-09-24 11:08:49,231 [ERROR] LogOutputStream:75 - [STDERR_REDIRECT] 
2025-09-24 11:08:50,230 [ERROR] LogOutputStream:75 - [STDERR_REDIRECT] [Fatal Error] :1:1: Premature end of file.
2025-09-24 11:08:50,230 [ERROR] LogOutputStream:75 - [STDERR_REDIRECT] 
2025-09-24 11:08:51,225 [ERROR] LogOutputStream:75 - [STDERR_REDIRECT] [Fatal Error] :1:1: Premature end of file.
2025-09-24 11:08:51,225 [ERROR] LogOutputStream:75 - [STDERR_REDIRECT] 
2025-09-24 11:08:52,220 [ERROR] LogOutputStream:75 - [STDERR_REDIRECT] [Fatal Error] :1:1: Premature end of file.
2025-09-24 11:08:52,220 [ERROR] LogOutputStream:75 - [STDERR_REDIRECT] 
2025-09-24 11:08:53,221 [ERROR] LogOutputStream:75 - [STDERR_REDIRECT] [Fatal Error] :1:1: Premature end of file.
2025-09-24 11:08:53,221 [ERROR] LogOutputStream:75 - [STDERR_REDIRECT] 
2025-09-24 11:08:54,221 [ERROR] LogOutputStream:75 - [STDERR_REDIRECT] [Fatal Error] :1:1: Premature end of file.
2025-09-24 11:08:54,221 [ERROR] LogOutputStream:75 - [STDERR_REDIRECT] 
2025-09-24 11:08:55,237 [ERROR] LogOutputStream:75 - [STDERR_REDIRECT] [Fatal Error] :1:1: Premature end of file.
2025-09-24 11:08:55,237 [ERROR] LogOutputStream:75 - [STDERR_REDIRECT] 
2025-09-24 11:08:56,230 [ERROR] LogOutputStream:75 - [STDERR_REDIRECT] [Fatal Error] :1:1: Premature end of file.
2025-09-24 11:08:56,230 [ERROR] LogOutputStream:75 - [STDERR_REDIRECT] 
2025-09-24 11:08:57,231 [ERROR] LogOutputStream:75 - [STDERR_REDIRECT] [Fatal Error] :1:1: Premature end of file.
2025-09-24 11:08:57,236 [ERROR] LogOutputStream:75 - [STDERR_REDIRECT] 
2025-09-24 11:08:58,231 [ERROR] LogOutputStream:75 - [STDERR_REDIRECT] [Fatal Error] :1:1: Premature end of file.
2025-09-24 11:08:58,231 [ERROR] LogOutputStream:75 - [STDERR_REDIRECT] 
2025-09-24 11:08:59,211 [ERROR] LogOutputStream:75 - [STDERR_REDIRECT] [Fatal Error] :1:1: Premature end of file.
2025-09-24 11:08:59,220 [ERROR] LogOutputStream:75 - [STDERR_REDIRECT] 
2025-09-24 11:09:00,220 [ERROR] LogOutputStream:75 - [STDERR_REDIRECT] [Fatal Error] :1:1: Premature end of file.
2025-09-24 11:09:00,222 [ERROR] LogOutputStream:75 - [STDERR_REDIRECT] 
2025-09-24 11:09:01,230 [ERROR] LogOutputStream:75 - [STDERR_REDIRECT] [Fatal Error] :1:1: Premature end of file.
2025-09-24 11:09:01,230 [ERROR] LogOutputStream:75 - [STDERR_REDIRECT] 
2025-09-24 11:09:02,230 [ERROR] LogOutputStream:75 - [STDERR_REDIRECT] [Fatal Error] :1:1: Premature end of file.
2025-09-24 11:09:02,230 [ERROR] LogOutputStream:75 - [STDERR_REDIRECT] 
2025-09-24 11:09:03,230 [ERROR] LogOutputStream:75 - [STDERR_REDIRECT] [Fatal Error] :1:1: Premature end of file.
2025-09-24 11:09:03,230 [ERROR] LogOutputStream:75 - [STDERR_REDIRECT] 
2025-09-24 11:09:04,221 [ERROR] LogOutputStream:75 - [STDERR_REDIRECT] [Fatal Error] :1:1: Premature end of file.
2025-09-24 11:09:04,227 [ERROR] LogOutputStream:75 - [STDERR_REDIRECT] 
2025-09-24 11:09:05,220 [ERROR] LogOutputStream:75 - [STDERR_REDIRECT] [Fatal Error] :1:1: Premature end of file.
2025-09-24 11:09:05,220 [ERROR] LogOutputStream:75 - [STDERR_REDIRECT] 
2025-09-24 11:09:06,221 [ERROR] LogOutputStream:75 - [STDERR_REDIRECT] [Fatal Error] :1:1: Premature end of file.
2025-09-24 11:09:06,221 [ERROR] LogOutputStream:75 - [STDERR_REDIRECT] 
2025-09-24 11:09:07,221 [ERROR] LogOutputStream:75 - [STDERR_REDIRECT] [Fatal Error] :1:1: Premature end of file.
2025-09-24 11:09:07,221 [ERROR] LogOutputStream:75 - [STDERR_REDIRECT] 
2025-09-24 11:09:08,231 [ERROR] LogOutputStream:75 - [STDERR_REDIRECT] [Fatal Error] :1:1: Premature end of file.
2025-09-24 11:09:08,231 [ERROR] LogOutputStream:75 - [STDERR_REDIRECT] 
2025-09-24 11:09:09,230 [ERROR] LogOutputStream:75 - [STDERR_REDIRECT] [Fatal Error] :1:1: Premature end of file.
2025-09-24 11:09:09,230 [ERROR] LogOutputStream:75 - [STDERR_REDIRECT] 
2025-09-24 11:09:10,219 [ERROR] LogOutputStream:75 - [STDERR_REDIRECT] [Fatal Error] :1:1: Premature end of file.
2025-09-24 11:09:10,219 [ERROR] LogOutputStream:75 - [STDERR_REDIRECT] 
2025-09-24 11:09:11,220 [ERROR] LogOutputStream:75 - [STDERR_REDIRECT] [Fatal Error] :1:1: Premature end of file.
2025-09-24 11:09:11,220 [ERROR] LogOutputStream:75 - [STDERR_REDIRECT] 
2025-09-24 11:09:12,220 [ERROR] LogOutputStream:75 - [STDERR_REDIRECT] [Fatal Error] :1:1: Premature end of file.
2025-09-24 11:09:12,220 [ERROR] LogOutputStream:75 - [STDERR_REDIRECT] 
2025-09-24 11:09:13,237 [ERROR] LogOutputStream:75 - [STDERR_REDIRECT] [Fatal Error] :1:1: Premature end of file.
2025-09-24 11:09:13,237 [ERROR] LogOutputStream:75 - [STDERR_REDIRECT] 
2025-09-24 11:09:14,231 [ERROR] LogOutputStream:75 - [STDERR_REDIRECT] [Fatal Error] :1:1: Premature end of file.
2025-09-24 11:09:14,231 [ERROR] LogOutputStream:75 - [STDERR_REDIRECT] 
2025-09-24 11:09:15,221 [ERROR] LogOutputStream:75 - [STDERR_REDIRECT] [Fatal Error] :1:1: Premature end of file.
2025-09-24 11:09:15,221 [ERROR] LogOutputStream:75 - [STDERR_REDIRECT] 
2025-09-24 11:09:16,231 [ERROR] LogOutputStream:75 - [STDERR_REDIRECT] [Fatal Error] :1:1: Premature end of file.
2025-09-24 11:09:16,231 [ERROR] LogOutputStream:75 - [STDERR_REDIRECT] 
2025-09-24 11:09:17,230 [ERROR] LogOutputStream:75 - [STDERR_REDIRECT] [Fatal Error] :1:1: Premature end of file.
2025-09-24 11:09:17,230 [ERROR] LogOutputStream:75 - [STDERR_REDIRECT] 
2025-09-24 11:09:18,220 [ERROR] LogOutputStream:75 - [STDERR_REDIRECT] [Fatal Error] :1:1: Premature end of file.
2025-09-24 11:09:18,220 [ERROR] LogOutputStream:75 - [STDERR_REDIRECT] 
2025-09-24 11:09:19,221 [ERROR] LogOutputStream:75 - [STDERR_REDIRECT] [Fatal Error] :1:1: Premature end of file.
2025-09-24 11:09:19,221 [ERROR] LogOutputStream:75 - [STDERR_REDIRECT] 
2025-09-24 11:09:20,221 [ERROR] LogOutputStream:75 - [STDERR_REDIRECT] [Fatal Error] :1:1: Premature end of file.
2025-09-24 11:09:20,221 [ERROR] LogOutputStream:75 - [STDERR_REDIRECT] 
2025-09-24 11:09:21,227 [ERROR] LogOutputStream:75 - [STDERR_REDIRECT] [Fatal Error] :1:1: Premature end of file.
2025-09-24 11:09:21,227 [ERROR] LogOutputStream:75 - [STDERR_REDIRECT] 
2025-09-24 11:09:22,220 [ERROR] LogOutputStream:75 - [STDERR_REDIRECT] [Fatal Error] :1:1: Premature end of file.
2025-09-24 11:09:22,220 [ERROR] LogOutputStream:75 - [STDERR_REDIRECT] 
2025-09-24 11:09:23,220 [ERROR] LogOutputStream:75 - [STDERR_REDIRECT] [Fatal Error] :1:1: Premature end of file.
2025-09-24 11:09:23,220 [ERROR] LogOutputStream:75 - [STDERR_REDIRECT] 
2025-09-24 11:09:24,220 [ERROR] LogOutputStream:75 - [STDERR_REDIRECT] [Fatal Error] :1:1: Premature end of file.
2025-09-24 11:09:24,220 [ERROR] LogOutputStream:75 - [STDERR_REDIRECT] 
2025-09-24 11:09:25,224 [ERROR] LogOutputStream:75 - [STDERR_REDIRECT] [Fatal Error] :1:1: Premature end of file.
2025-09-24 11:09:25,224 [ERROR] LogOutputStream:75 - [STDERR_REDIRECT] 
2025-09-24 11:09:26,221 [ERROR] LogOutputStream:75 - [STDERR_REDIRECT] [Fatal Error] :1:1: Premature end of file.
2025-09-24 11:09:26,221 [ERROR] LogOutputStream:75 - [STDERR_REDIRECT] 
2025-09-24 11:09:27,222 [ERROR] LogOutputStream:75 - [STDERR_REDIRECT] [Fatal Error] :1:1: Premature end of file.
2025-09-24 11:09:27,222 [ERROR] LogOutputStream:75 - [STDERR_REDIRECT] 
2025-09-24 11:09:28,221 [ERROR] LogOutputStream:75 - [STDERR_REDIRECT] [Fatal Error] :1:1: Premature end of file.
2025-09-24 11:09:28,221 [ERROR] LogOutputStream:75 - [STDERR_REDIRECT] 
2025-09-24 11:09:29,231 [ERROR] LogOutputStream:75 - [STDERR_REDIRECT] [Fatal Error] :1:1: Premature end of file.
2025-09-24 11:09:29,231 [ERROR] LogOutputStream:75 - [STDERR_REDIRECT] 
2025-09-24 11:09:30,229 [ERROR] LogOutputStream:75 - [STDERR_REDIRECT] [Fatal Error] :1:1: Premature end of file.
2025-09-24 11:09:30,229 [ERROR] LogOutputStream:75 - [STDERR_REDIRECT] 
2025-09-24 11:09:31,220 [ERROR] LogOutputStream:75 - [STDERR_REDIRECT] [Fatal Error] :1:1: Premature end of file.
2025-09-24 11:09:31,220 [ERROR] LogOutputStream:75 - [STDERR_REDIRECT] 
2025-09-24 11:09:32,231 [ERROR] LogOutputStream:75 - [STDERR_REDIRECT] [Fatal Error] :1:1: Premature end of file.
2025-09-24 11:09:32,231 [ERROR] LogOutputStream:75 - [STDERR_REDIRECT] 
2025-09-24 11:09:33,230 [ERROR] LogOutputStream:75 - [STDERR_REDIRECT] [Fatal Error] :1:1: Premature end of file.
2025-09-24 11:09:33,230 [ERROR] LogOutputStream:75 - [STDERR_REDIRECT] 
2025-09-24 11:09:34,221 [ERROR] LogOutputStream:75 - [STDERR_REDIRECT] [Fatal Error] :1:1: Premature end of file.
2025-09-24 11:09:34,221 [ERROR] LogOutputStream:75 - [STDERR_REDIRECT] 
2025-09-24 11:09:35,221 [ERROR] LogOutputStream:75 - [STDERR_REDIRECT] [Fatal Error] :1:1: Premature end of file.
2025-09-24 11:09:35,230 [ERROR] LogOutputStream:75 - [STDERR_REDIRECT] 
2025-09-24 11:09:36,229 [ERROR] LogOutputStream:75 - [STDERR_REDIRECT] [Fatal Error] :1:1: Premature end of file.
2025-09-24 11:09:36,229 [ERROR] LogOutputStream:75 - [STDERR_REDIRECT] 
2025-09-24 11:09:37,233 [ERROR] LogOutputStream:75 - [STDERR_REDIRECT] [Fatal Error] :1:1: Premature end of file.
2025-09-24 11:09:37,233 [ERROR] LogOutputStream:75 - [STDERR_REDIRECT] 
2025-09-24 11:09:38,230 [ERROR] LogOutputStream:75 - [STDERR_REDIRECT] [Fatal Error] :1:1: Premature end of file.
2025-09-24 11:09:38,230 [ERROR] LogOutputStream:75 - [STDERR_REDIRECT] 
2025-09-24 11:09:39,231 [ERROR] LogOutputStream:75 - [STDERR_REDIRECT] [Fatal Error] :1:1: Premature end of file.
2025-09-24 11:09:39,231 [ERROR] LogOutputStream:75 - [STDERR_REDIRECT] 
2025-09-24 11:09:40,222 [ERROR] LogOutputStream:75 - [STDERR_REDIRECT] [Fatal Error] :1:1: Premature end of file.
2025-09-24 11:09:40,222 [ERROR] LogOutputStream:75 - [STDERR_REDIRECT] 
2025-09-24 11:09:41,223 [ERROR] LogOutputStream:75 - [STDERR_REDIRECT] [Fatal Error] :1:1: Premature end of file.
2025-09-24 11:09:41,223 [ERROR] LogOutputStream:75 - [STDERR_REDIRECT] 
2025-09-24 11:09:42,223 [ERROR] LogOutputStream:75 - [STDERR_REDIRECT] [Fatal Error] :1:1: Premature end of file.
2025-09-24 11:09:42,223 [ERROR] LogOutputStream:75 - [STDERR_REDIRECT] 
2025-09-24 11:09:43,221 [ERROR] LogOutputStream:75 - [STDERR_REDIRECT] [Fatal Error] :1:1: Premature end of file.
2025-09-24 11:09:43,221 [ERROR] LogOutputStream:75 - [STDERR_REDIRECT] 
2025-09-24 11:09:44,221 [ERROR] LogOutputStream:75 - [STDERR_REDIRECT] [Fatal Error] :1:1: Premature end of file.
2025-09-24 11:09:44,221 [ERROR] LogOutputStream:75 - [STDERR_REDIRECT] 
2025-09-24 11:09:45,222 [ERROR] LogOutputStream:75 - [STDERR_REDIRECT] [Fatal Error] :1:1: Premature end of file.
2025-09-24 11:09:45,222 [ERROR] LogOutputStream:75 - [STDERR_REDIRECT] 
2025-09-24 11:09:46,220 [ERROR] LogOutputStream:75 - [STDERR_REDIRECT] [Fatal Error] :1:1: Premature end of file.
2025-09-24 11:09:46,220 [ERROR] LogOutputStream:75 - [STDERR_REDIRECT] 
2025-09-24 11:09:47,220 [ERROR] LogOutputStream:75 - [STDERR_REDIRECT] [Fatal Error] :1:1: Premature end of file.
2025-09-24 11:09:47,220 [ERROR] LogOutputStream:75 - [STDERR_REDIRECT] 
2025-09-24 11:09:48,224 [ERROR] LogOutputStream:75 - [STDERR_REDIRECT] [Fatal Error] :1:1: Premature end of file.
2025-09-24 11:09:48,224 [ERROR] LogOutputStream:75 - [STDERR_REDIRECT] 
2025-09-24 11:09:49,227 [ERROR] LogOutputStream:75 - [STDERR_REDIRECT] [Fatal Error] :1:1: Premature end of file.
2025-09-24 11:09:49,227 [ERROR] LogOutputStream:75 - [STDERR_REDIRECT] 
2025-09-24 11:09:50,221 [ERROR] LogOutputStream:75 - [STDERR_REDIRECT] [Fatal Error] :1:1: Premature end of file.
2025-09-24 11:09:50,221 [ERROR] LogOutputStream:75 - [STDERR_REDIRECT] 
2025-09-24 11:09:51,223 [ERROR] LogOutputStream:75 - [STDERR_REDIRECT] [Fatal Error] :1:1: Premature end of file.
2025-09-24 11:09:51,223 [ERROR] LogOutputStream:75 - [STDERR_REDIRECT] 
2025-09-24 11:09:52,221 [ERROR] LogOutputStream:75 - [STDERR_REDIRECT] [Fatal Error] :1:1: Premature end of file.
2025-09-24 11:09:52,230 [ERROR] LogOutputStream:75 - [STDERR_REDIRECT] 
2025-09-24 11:09:53,220 [ERROR] LogOutputStream:75 - [STDERR_REDIRECT] [Fatal Error] :1:1: Premature end of file.
2025-09-24 11:09:53,220 [ERROR] LogOutputStream:75 - [STDERR_REDIRECT] 
2025-09-24 11:09:54,231 [ERROR] LogOutputStream:75 - [STDERR_REDIRECT] [Fatal Error] :1:1: Premature end of file.
2025-09-24 11:09:54,231 [ERROR] LogOutputStream:75 - [STDERR_REDIRECT] 
2025-09-24 11:09:55,220 [ERROR] LogOutputStream:75 - [STDERR_REDIRECT] [Fatal Error] :1:1: Premature end of file.
2025-09-24 11:09:55,220 [ERROR] LogOutputStream:75 - [STDERR_REDIRECT] 
2025-09-24 11:09:56,220 [ERROR] LogOutputStream:75 - [STDERR_REDIRECT] [Fatal Error] :1:1: Premature end of file.
2025-09-24 11:09:56,220 [ERROR] LogOutputStream:75 - [STDERR_REDIRECT] 
2025-09-24 11:09:57,221 [ERROR] LogOutputStream:75 - [STDERR_REDIRECT] [Fatal Error] :1:1: Premature end of file.
2025-09-24 11:09:57,221 [ERROR] LogOutputStream:75 - [STDERR_REDIRECT] 
2025-09-24 11:09:58,236 [ERROR] LogOutputStream:75 - [STDERR_REDIRECT] [Fatal Error] :1:1: Premature end of file.
2025-09-24 11:09:58,236 [ERROR] LogOutputStream:75 - [STDERR_REDIRECT] 
2025-09-24 11:09:59,230 [ERROR] LogOutputStream:75 - [STDERR_REDIRECT] [Fatal Error] :1:1: Premature end of file.
2025-09-24 11:09:59,230 [ERROR] LogOutputStream:75 - [STDERR_REDIRECT] 
2025-09-24 11:10:00,232 [ERROR] LogOutputStream:75 - [STDERR_REDIRECT] [Fatal Error] :1:1: Premature end of file.
2025-09-24 11:10:00,232 [ERROR] LogOutputStream:75 - [STDERR_REDIRECT] 
2025-09-24 11:10:01,238 [ERROR] LogOutputStream:75 - [STDERR_REDIRECT] [Fatal Error] :1:1: Premature end of file.
2025-09-24 11:10:01,238 [ERROR] LogOutputStream:75 - [STDERR_REDIRECT] 
2025-09-24 11:10:02,220 [ERROR] LogOutputStream:75 - [STDERR_REDIRECT] [Fatal Error] :1:1: Premature end of file.
2025-09-24 11:10:02,220 [ERROR] LogOutputStream:75 - [STDERR_REDIRECT] 
2025-09-24 11:10:03,232 [ERROR] LogOutputStream:75 - [STDERR_REDIRECT] [Fatal Error] :1:1: Premature end of file.
2025-09-24 11:10:03,232 [ERROR] LogOutputStream:75 - [STDERR_REDIRECT] 
2025-09-24 11:10:04,236 [ERROR] LogOutputStream:75 - [STDERR_REDIRECT] [Fatal Error] :1:1: Premature end of file.
2025-09-24 11:10:04,236 [ERROR] LogOutputStream:75 - [STDERR_REDIRECT] 
2025-09-24 11:10:05,221 [ERROR] LogOutputStream:75 - [STDERR_REDIRECT] [Fatal Error] :1:1: Premature end of file.
2025-09-24 11:10:05,221 [ERROR] LogOutputStream:75 - [STDERR_REDIRECT] 
2025-09-24 11:10:06,236 [ERROR] LogOutputStream:75 - [STDERR_REDIRECT] [Fatal Error] :1:1: Premature end of file.
2025-09-24 11:10:06,236 [ERROR] LogOutputStream:75 - [STDERR_REDIRECT] 
2025-09-24 11:10:07,222 [ERROR] LogOutputStream:75 - [STDERR_REDIRECT] [Fatal Error] :1:1: Premature end of file.
2025-09-24 11:10:07,222 [ERROR] LogOutputStream:75 - [STDERR_REDIRECT] 
2025-09-24 11:10:08,221 [ERROR] LogOutputStream:75 - [STDERR_REDIRECT] [Fatal Error] :1:1: Premature end of file.
2025-09-24 11:10:08,228 [ERROR] LogOutputStream:75 - [STDERR_REDIRECT] 
2025-09-24 11:10:09,236 [ERROR] LogOutputStream:75 - [STDERR_REDIRECT] [Fatal Error] :1:1: Premature end of file.
2025-09-24 11:10:09,236 [ERROR] LogOutputStream:75 - [STDERR_REDIRECT] 
2025-09-24 11:10:10,231 [ERROR] LogOutputStream:75 - [STDERR_REDIRECT] [Fatal Error] :1:1: Premature end of file.
2025-09-24 11:10:10,231 [ERROR] LogOutputStream:75 - [STDERR_REDIRECT] 
2025-09-24 11:10:11,229 [ERROR] LogOutputStream:75 - [STDERR_REDIRECT] [Fatal Error] :1:1: Premature end of file.
2025-09-24 11:10:11,229 [ERROR] LogOutputStream:75 - [STDERR_REDIRECT] 
2025-09-24 11:10:12,225 [ERROR] LogOutputStream:75 - [STDERR_REDIRECT] [Fatal Error] :1:1: Premature end of file.
2025-09-24 11:10:12,225 [ERROR] LogOutputStream:75 - [STDERR_REDIRECT] 
2025-09-24 11:10:13,224 [ERROR] LogOutputStream:75 - [STDERR_REDIRECT] [Fatal Error] :1:1: Premature end of file.
2025-09-24 11:10:13,224 [ERROR] LogOutputStream:75 - [STDERR_REDIRECT] 
2025-09-24 11:10:14,220 [ERROR] LogOutputStream:75 - [STDERR_REDIRECT] [Fatal Error] :1:1: Premature end of file.
2025-09-24 11:10:14,220 [ERROR] LogOutputStream:75 - [STDERR_REDIRECT] 
2025-09-24 11:10:15,225 [ERROR] LogOutputStream:75 - [STDERR_REDIRECT] [Fatal Error] :1:1: Premature end of file.
2025-09-24 11:10:15,225 [ERROR] LogOutputStream:75 - [STDERR_REDIRECT] 
2025-09-24 11:10:16,223 [ERROR] LogOutputStream:75 - [STDERR_REDIRECT] [Fatal Error] :1:1: Premature end of file.
2025-09-24 11:10:16,223 [ERROR] LogOutputStream:75 - [STDERR_REDIRECT] 
2025-09-24 11:10:17,223 [ERROR] LogOutputStream:75 - [STDERR_REDIRECT] [Fatal Error] :1:1: Premature end of file.
2025-09-24 11:10:17,223 [ERROR] LogOutputStream:75 - [STDERR_REDIRECT] 
2025-09-24 11:10:18,229 [ERROR] LogOutputStream:75 - [STDERR_REDIRECT] [Fatal Error] :1:1: Premature end of file.
2025-09-24 11:10:18,229 [ERROR] LogOutputStream:75 - [STDERR_REDIRECT] 
2025-09-24 11:10:19,231 [ERROR] LogOutputStream:75 - [STDERR_REDIRECT] [Fatal Error] :1:1: Premature end of file.
2025-09-24 11:10:19,231 [ERROR] LogOutputStream:75 - [STDERR_REDIRECT] 
2025-09-24 11:10:20,231 [ERROR] LogOutputStream:75 - [STDERR_REDIRECT] [Fatal Error] :1:1: Premature end of file.
2025-09-24 11:10:20,231 [ERROR] LogOutputStream:75 - [STDERR_REDIRECT] 
2025-09-24 11:10:21,225 [ERROR] LogOutputStream:75 - [STDERR_REDIRECT] [Fatal Error] :1:1: Premature end of file.
2025-09-24 11:10:21,225 [ERROR] LogOutputStream:75 - [STDERR_REDIRECT] 
2025-09-24 11:10:22,236 [ERROR] LogOutputStream:75 - [STDERR_REDIRECT] [Fatal Error] :1:1: Premature end of file.
2025-09-24 11:10:22,236 [ERROR] LogOutputStream:75 - [STDERR_REDIRECT] 
2025-09-24 11:10:23,233 [ERROR] LogOutputStream:75 - [STDERR_REDIRECT] [Fatal Error] :1:1: Premature end of file.
2025-09-24 11:10:23,233 [ERROR] LogOutputStream:75 - [STDERR_REDIRECT] 
2025-09-24 11:10:24,220 [ERROR] LogOutputStream:75 - [STDERR_REDIRECT] [Fatal Error] :1:1: Premature end of file.
2025-09-24 11:10:24,220 [ERROR] LogOutputStream:75 - [STDERR_REDIRECT] 
2025-09-24 11:10:25,236 [ERROR] LogOutputStream:75 - [STDERR_REDIRECT] [Fatal Error] :1:1: Premature end of file.
2025-09-24 11:10:25,238 [ERROR] LogOutputStream:75 - [STDERR_REDIRECT] 
2025-09-24 11:10:26,235 [ERROR] LogOutputStream:75 - [STDERR_REDIRECT] [Fatal Error] :1:1: Premature end of file.
2025-09-24 11:10:26,235 [ERROR] LogOutputStream:75 - [STDERR_REDIRECT] 
2025-09-24 11:10:27,231 [ERROR] LogOutputStream:75 - [STDERR_REDIRECT] [Fatal Error] :1:1: Premature end of file.
2025-09-24 11:10:27,231 [ERROR] LogOutputStream:75 - [STDERR_REDIRECT] 
2025-09-24 11:10:28,231 [ERROR] LogOutputStream:75 - [STDERR_REDIRECT] [Fatal Error] :1:1: Premature end of file.
2025-09-24 11:10:28,231 [ERROR] LogOutputStream:75 - [STDERR_REDIRECT] 
2025-09-24 11:10:29,230 [ERROR] LogOutputStream:75 - [STDERR_REDIRECT] [Fatal Error] :1:1: Premature end of file.
2025-09-24 11:10:29,230 [ERROR] LogOutputStream:75 - [STDERR_REDIRECT] 
2025-09-24 11:10:30,230 [ERROR] LogOutputStream:75 - [STDERR_REDIRECT] [Fatal Error] :1:1: Premature end of file.
2025-09-24 11:10:30,230 [ERROR] LogOutputStream:75 - [STDERR_REDIRECT] 
2025-09-24 11:10:31,230 [ERROR] LogOutputStream:75 - [STDERR_REDIRECT] [Fatal Error] :1:1: Premature end of file.
2025-09-24 11:10:31,230 [ERROR] LogOutputStream:75 - [STDERR_REDIRECT] 
2025-09-24 11:10:32,230 [ERROR] LogOutputStream:75 - [STDERR_REDIRECT] [Fatal Error] :1:1: Premature end of file.
2025-09-24 11:10:32,230 [ERROR] LogOutputStream:75 - [STDERR_REDIRECT] 
2025-09-24 11:10:33,224 [ERROR] LogOutputStream:75 - [STDERR_REDIRECT] [Fatal Error] :1:1: Premature end of file.
2025-09-24 11:10:33,224 [ERROR] LogOutputStream:75 - [STDERR_REDIRECT] 
2025-09-24 11:10:34,220 [ERROR] LogOutputStream:75 - [STDERR_REDIRECT] [Fatal Error] :1:1: Premature end of file.
2025-09-24 11:10:34,220 [ERROR] LogOutputStream:75 - [STDERR_REDIRECT] 
2025-09-24 11:10:35,220 [ERROR] LogOutputStream:75 - [STDERR_REDIRECT] [Fatal Error] :1:1: Premature end of file.
2025-09-24 11:10:35,220 [ERROR] LogOutputStream:75 - [STDERR_REDIRECT] 
2025-09-24 11:10:36,223 [ERROR] LogOutputStream:75 - [STDERR_REDIRECT] [Fatal Error] :1:1: Premature end of file.
2025-09-24 11:10:36,223 [ERROR] LogOutputStream:75 - [STDERR_REDIRECT] 
2025-09-24 11:10:37,222 [ERROR] LogOutputStream:75 - [STDERR_REDIRECT] [Fatal Error] :1:1: Premature end of file.
2025-09-24 11:10:37,222 [ERROR] LogOutputStream:75 - [STDERR_REDIRECT] 
2025-09-24 11:10:38,225 [ERROR] LogOutputStream:75 - [STDERR_REDIRECT] [Fatal Error] :1:1: Premature end of file.
2025-09-24 11:10:38,225 [ERROR] LogOutputStream:75 - [STDERR_REDIRECT] 
2025-09-24 11:10:39,229 [ERROR] LogOutputStream:75 - [STDERR_REDIRECT] [Fatal Error] :1:1: Premature end of file.
2025-09-24 11:10:39,229 [ERROR] LogOutputStream:75 - [STDERR_REDIRECT] 
2025-09-24 11:10:40,230 [ERROR] LogOutputStream:75 - [STDERR_REDIRECT] [Fatal Error] :1:1: Premature end of file.
2025-09-24 11:10:40,230 [ERROR] LogOutputStream:75 - [STDERR_REDIRECT] 
2025-09-24 11:10:41,235 [ERROR] LogOutputStream:75 - [STDERR_REDIRECT] [Fatal Error] :1:1: Premature end of file.
2025-09-24 11:10:41,235 [ERROR] LogOutputStream:75 - [STDERR_REDIRECT] 
2025-09-24 11:10:42,231 [ERROR] LogOutputStream:75 - [STDERR_REDIRECT] [Fatal Error] :1:1: Premature end of file.
2025-09-24 11:10:42,231 [ERROR] LogOutputStream:75 - [STDERR_REDIRECT] 
2025-09-24 11:10:43,220 [ERROR] LogOutputStream:75 - [STDERR_REDIRECT] [Fatal Error] :1:1: Premature end of file.
2025-09-24 11:10:43,220 [ERROR] LogOutputStream:75 - [STDERR_REDIRECT] 
2025-09-24 11:10:44,220 [ERROR] LogOutputStream:75 - [STDERR_REDIRECT] [Fatal Error] :1:1: Premature end of file.
2025-09-24 11:10:44,220 [ERROR] LogOutputStream:75 - [STDERR_REDIRECT] 
2025-09-24 11:10:45,210 [ERROR] LogOutputStream:75 - [STDERR_REDIRECT] [Fatal Error] :1:1: Premature end of file.
2025-09-24 11:10:45,210 [ERROR] LogOutputStream:75 - [STDERR_REDIRECT] 
2025-09-24 11:10:46,226 [ERROR] LogOutputStream:75 - [STDERR_REDIRECT] [Fatal Error] :1:1: Premature end of file.
2025-09-24 11:10:46,226 [ERROR] LogOutputStream:75 - [STDERR_REDIRECT] 
2025-09-24 11:10:47,227 [ERROR] LogOutputStream:75 - [STDERR_REDIRECT] [Fatal Error] :1:1: Premature end of file.
2025-09-24 11:10:47,227 [ERROR] LogOutputStream:75 - [STDERR_REDIRECT] 
2025-09-24 11:10:48,226 [ERROR] LogOutputStream:75 - [STDERR_REDIRECT] [Fatal Error] :1:1: Premature end of file.
2025-09-24 11:10:48,226 [ERROR] LogOutputStream:75 - [STDERR_REDIRECT] 
2025-09-24 11:10:49,236 [ERROR] LogOutputStream:75 - [STDERR_REDIRECT] [Fatal Error] :1:1: Premature end of file.
2025-09-24 11:10:49,236 [ERROR] LogOutputStream:75 - [STDERR_REDIRECT] 
2025-09-24 11:10:50,235 [ERROR] LogOutputStream:75 - [STDERR_REDIRECT] [Fatal Error] :1:1: Premature end of file.
2025-09-24 11:10:50,235 [ERROR] LogOutputStream:75 - [STDERR_REDIRECT] 
2025-09-24 11:10:51,231 [ERROR] LogOutputStream:75 - [STDERR_REDIRECT] [Fatal Error] :1:1: Premature end of file.
2025-09-24 11:10:51,231 [ERROR] LogOutputStream:75 - [STDERR_REDIRECT] 
2025-09-24 11:10:52,220 [ERROR] LogOutputStream:75 - [STDERR_REDIRECT] [Fatal Error] :1:1: Premature end of file.
2025-09-24 11:10:52,220 [ERROR] LogOutputStream:75 - [STDERR_REDIRECT] 
2025-09-24 11:10:53,220 [ERROR] LogOutputStream:75 - [STDERR_REDIRECT] [Fatal Error] :1:1: Premature end of file.
2025-09-24 11:10:53,220 [ERROR] LogOutputStream:75 - [STDERR_REDIRECT] 
2025-09-24 11:10:54,235 [ERROR] LogOutputStream:75 - [STDERR_REDIRECT] [Fatal Error] :1:1: Premature end of file.
2025-09-24 11:10:54,235 [ERROR] LogOutputStream:75 - [STDERR_REDIRECT] 
2025-09-24 11:10:55,232 [ERROR] LogOutputStream:75 - [STDERR_REDIRECT] [Fatal Error] :1:1: Premature end of file.
2025-09-24 11:10:55,232 [ERROR] LogOutputStream:75 - [STDERR_REDIRECT] 
2025-09-24 11:10:56,222 [ERROR] LogOutputStream:75 - [STDERR_REDIRECT] [Fatal Error] :1:1: Premature end of file.
2025-09-24 11:10:56,222 [ERROR] LogOutputStream:75 - [STDERR_REDIRECT] 
2025-09-24 11:10:57,232 [ERROR] LogOutputStream:75 - [STDERR_REDIRECT] [Fatal Error] :1:1: Premature end of file.
2025-09-24 11:10:57,232 [ERROR] LogOutputStream:75 - [STDERR_REDIRECT] 
2025-09-24 11:10:58,233 [ERROR] LogOutputStream:75 - [STDERR_REDIRECT] [Fatal Error] :1:1: Premature end of file.
2025-09-24 11:10:58,236 [ERROR] LogOutputStream:75 - [STDERR_REDIRECT] 
2025-09-24 11:10:59,232 [ERROR] LogOutputStream:75 - [STDERR_REDIRECT] [Fatal Error] :1:1: Premature end of file.
2025-09-24 11:10:59,232 [ERROR] LogOutputStream:75 - [STDERR_REDIRECT] 
2025-09-24 11:11:00,230 [ERROR] LogOutputStream:75 - [STDERR_REDIRECT] [Fatal Error] :1:1: Premature end of file.
2025-09-24 11:11:00,231 [ERROR] LogOutputStream:75 - [STDERR_REDIRECT] 
2025-09-24 11:11:01,230 [ERROR] LogOutputStream:75 - [STDERR_REDIRECT] [Fatal Error] :1:1: Premature end of file.
2025-09-24 11:11:01,230 [ERROR] LogOutputStream:75 - [STDERR_REDIRECT] 
2025-09-24 11:11:02,221 [ERROR] LogOutputStream:75 - [STDERR_REDIRECT] [Fatal Error] :1:1: Premature end of file.
2025-09-24 11:11:02,225 [ERROR] LogOutputStream:75 - [STDERR_REDIRECT] 
2025-09-24 11:11:03,225 [ERROR] LogOutputStream:75 - [STDERR_REDIRECT] [Fatal Error] :1:1: Premature end of file.
2025-09-24 11:11:03,225 [ERROR] LogOutputStream:75 - [STDERR_REDIRECT] 
2025-09-24 11:11:04,230 [ERROR] LogOutputStream:75 - [STDERR_REDIRECT] [Fatal Error] :1:1: Premature end of file.
2025-09-24 11:11:04,230 [ERROR] LogOutputStream:75 - [STDERR_REDIRECT] 
2025-09-24 11:11:05,233 [ERROR] LogOutputStream:75 - [STDERR_REDIRECT] [Fatal Error] :1:1: Premature end of file.
2025-09-24 11:11:05,233 [ERROR] LogOutputStream:75 - [STDERR_REDIRECT] 
2025-09-24 11:11:06,231 [ERROR] LogOutputStream:75 - [STDERR_REDIRECT] [Fatal Error] :1:1: Premature end of file.
2025-09-24 11:11:06,231 [ERROR] LogOutputStream:75 - [STDERR_REDIRECT] 
2025-09-24 11:11:07,231 [ERROR] LogOutputStream:75 - [STDERR_REDIRECT] [Fatal Error] :1:1: Premature end of file.
2025-09-24 11:11:07,231 [ERROR] LogOutputStream:75 - [STDERR_REDIRECT] 
2025-09-24 11:11:08,231 [ERROR] LogOutputStream:75 - [STDERR_REDIRECT] [Fatal Error] :1:1: Premature end of file.
2025-09-24 11:11:08,231 [ERROR] LogOutputStream:75 - [STDERR_REDIRECT] 
2025-09-24 11:11:09,221 [ERROR] LogOutputStream:75 - [STDERR_REDIRECT] [Fatal Error] :1:1: Premature end of file.
2025-09-24 11:11:09,221 [ERROR] LogOutputStream:75 - [STDERR_REDIRECT] 
2025-09-24 11:11:10,221 [ERROR] LogOutputStream:75 - [STDERR_REDIRECT] [Fatal Error] :1:1: Premature end of file.
2025-09-24 11:11:10,221 [ERROR] LogOutputStream:75 - [STDERR_REDIRECT] 
2025-09-24 11:11:11,230 [ERROR] LogOutputStream:75 - [STDERR_REDIRECT] [Fatal Error] :1:1: Premature end of file.
2025-09-24 11:11:11,230 [ERROR] LogOutputStream:75 - [STDERR_REDIRECT] 
2025-09-24 11:11:12,230 [ERROR] LogOutputStream:75 - [STDERR_REDIRECT] [Fatal Error] :1:1: Premature end of file.
2025-09-24 11:11:12,230 [ERROR] LogOutputStream:75 - [STDERR_REDIRECT] 
2025-09-24 11:11:13,231 [ERROR] LogOutputStream:75 - [STDERR_REDIRECT] [Fatal Error] :1:1: Premature end of file.
2025-09-24 11:11:13,231 [ERROR] LogOutputStream:75 - [STDERR_REDIRECT] 
2025-09-24 11:11:14,231 [ERROR] LogOutputStream:75 - [STDERR_REDIRECT] [Fatal Error] :1:1: Premature end of file.
2025-09-24 11:11:14,231 [ERROR] LogOutputStream:75 - [STDERR_REDIRECT] 
2025-09-24 11:11:15,232 [ERROR] LogOutputStream:75 - [STDERR_REDIRECT] [Fatal Error] :1:1: Premature end of file.
2025-09-24 11:11:15,232 [ERROR] LogOutputStream:75 - [STDERR_REDIRECT] 
2025-09-24 11:11:16,229 [ERROR] LogOutputStream:75 - [STDERR_REDIRECT] [Fatal Error] :1:1: Premature end of file.
2025-09-24 11:11:16,229 [ERROR] LogOutputStream:75 - [STDERR_REDIRECT] 
2025-09-24 11:11:17,221 [ERROR] LogOutputStream:75 - [STDERR_REDIRECT] [Fatal Error] :1:1: Premature end of file.
2025-09-24 11:11:17,221 [ERROR] LogOutputStream:75 - [STDERR_REDIRECT] 
2025-09-24 11:11:18,223 [ERROR] LogOutputStream:75 - [STDERR_REDIRECT] [Fatal Error] :1:1: Premature end of file.
2025-09-24 11:11:18,225 [ERROR] LogOutputStream:75 - [STDERR_REDIRECT] 
2025-09-24 11:11:19,221 [ERROR] LogOutputStream:75 - [STDERR_REDIRECT] [Fatal Error] :1:1: Premature end of file.
2025-09-24 11:11:19,221 [ERROR] LogOutputStream:75 - [STDERR_REDIRECT] 
2025-09-24 11:11:20,221 [ERROR] LogOutputStream:75 - [STDERR_REDIRECT] [Fatal Error] :1:1: Premature end of file.
2025-09-24 11:11:20,221 [ERROR] LogOutputStream:75 - [STDERR_REDIRECT] 
2025-09-24 11:11:21,220 [ERROR] LogOutputStream:75 - [STDERR_REDIRECT] [Fatal Error] :1:1: Premature end of file.
2025-09-24 11:11:21,222 [ERROR] LogOutputStream:75 - [STDERR_REDIRECT] 
2025-09-24 11:11:22,220 [ERROR] LogOutputStream:75 - [STDERR_REDIRECT] [Fatal Error] :1:1: Premature end of file.
2025-09-24 11:11:22,220 [ERROR] LogOutputStream:75 - [STDERR_REDIRECT] 
2025-09-24 11:11:23,220 [ERROR] LogOutputStream:75 - [STDERR_REDIRECT] [Fatal Error] :1:1: Premature end of file.
2025-09-24 11:11:23,220 [ERROR] LogOutputStream:75 - [STDERR_REDIRECT] 
2025-09-24 11:11:24,236 [ERROR] LogOutputStream:75 - [STDERR_REDIRECT] [Fatal Error] :1:1: Premature end of file.
2025-09-24 11:11:24,236 [ERROR] LogOutputStream:75 - [STDERR_REDIRECT] 
2025-09-24 11:11:25,210 [ERROR] LogOutputStream:75 - [STDERR_REDIRECT] [Fatal Error] :1:1: Premature end of file.
2025-09-24 11:11:25,210 [ERROR] LogOutputStream:75 - [STDERR_REDIRECT] 
2025-09-24 11:11:26,230 [ERROR] LogOutputStream:75 - [STDERR_REDIRECT] [Fatal Error] :1:1: Premature end of file.
2025-09-24 11:11:26,230 [ERROR] LogOutputStream:75 - [STDERR_REDIRECT] 
2025-09-24 11:11:27,230 [ERROR] LogOutputStream:75 - [STDERR_REDIRECT] [Fatal Error] :1:1: Premature end of file.
2025-09-24 11:11:27,230 [ERROR] LogOutputStream:75 - [STDERR_REDIRECT] 
2025-09-24 11:11:28,221 [ERROR] LogOutputStream:75 - [STDERR_REDIRECT] [Fatal Error] :1:1: Premature end of file.
2025-09-24 11:11:28,221 [ERROR] LogOutputStream:75 - [STDERR_REDIRECT] 
2025-09-24 11:11:29,224 [ERROR] LogOutputStream:75 - [STDERR_REDIRECT] [Fatal Error] :1:1: Premature end of file.
2025-09-24 11:11:29,224 [ERROR] LogOutputStream:75 - [STDERR_REDIRECT] 
2025-09-24 11:11:30,220 [ERROR] LogOutputStream:75 - [STDERR_REDIRECT] [Fatal Error] :1:1: Premature end of file.
2025-09-24 11:11:30,220 [ERROR] LogOutputStream:75 - [STDERR_REDIRECT] 
2025-09-24 11:11:31,231 [ERROR] LogOutputStream:75 - [STDERR_REDIRECT] [Fatal Error] :1:1: Premature end of file.
2025-09-24 11:11:31,231 [ERROR] LogOutputStream:75 - [STDERR_REDIRECT] 
2025-09-24 11:11:32,231 [ERROR] LogOutputStream:75 - [STDERR_REDIRECT] [Fatal Error] :1:1: Premature end of file.
2025-09-24 11:11:32,231 [ERROR] LogOutputStream:75 - [STDERR_REDIRECT] 
2025-09-24 11:11:33,221 [ERROR] LogOutputStream:75 - [STDERR_REDIRECT] [Fatal Error] :1:1: Premature end of file.
2025-09-24 11:11:33,221 [ERROR] LogOutputStream:75 - [STDERR_REDIRECT] 
2025-09-24 11:11:34,221 [ERROR] LogOutputStream:75 - [STDERR_REDIRECT] [Fatal Error] :1:1: Premature end of file.
2025-09-24 11:11:34,230 [ERROR] LogOutputStream:75 - [STDERR_REDIRECT] 
2025-09-24 11:11:35,221 [ERROR] LogOutputStream:75 - [STDERR_REDIRECT] [Fatal Error] :1:1: Premature end of file.
2025-09-24 11:11:35,221 [ERROR] LogOutputStream:75 - [STDERR_REDIRECT] 
2025-09-24 11:11:36,230 [ERROR] LogOutputStream:75 - [STDERR_REDIRECT] [Fatal Error] :1:1: Premature end of file.
2025-09-24 11:11:36,230 [ERROR] LogOutputStream:75 - [STDERR_REDIRECT] 
2025-09-24 11:11:37,233 [ERROR] LogOutputStream:75 - [STDERR_REDIRECT] [Fatal Error] :1:1: Premature end of file.
2025-09-24 11:11:37,233 [ERROR] LogOutputStream:75 - [STDERR_REDIRECT] 
2025-09-24 11:12:09,334 [INFO] Activator:176 - 


2025-09-24 11:12:09,336 [INFO] Activator:177 - !SESSION log4j initialized
2025-09-24 11:12:37,954 [INFO] Activator:176 - 


2025-09-24 11:12:37,957 [INFO] Activator:177 - !SESSION log4j initialized
2025-09-24 11:12:46,553 [INFO] LogOutputStream:77 - [STDOUT_REDIRECT] 
2025-09-24 11:12:59,610 [INFO] ApplicationProperties:184 - Using Application install path: C:\ST\STM32CubeIDE_1.19.0\STM32CubeIDE\plugins\com.st.stm32cube.common.mx_6.15.0.202507011659
2025-09-24 11:12:59,636 [INFO] DbMcusXml:78 - Set database path to: C:\ST\STM32CubeIDE_1.19.0\STM32CubeIDE\plugins\com.st.stm32cube.common.mx_6.15.0.202507011659\\db\/mcu/
2025-09-24 11:12:59,636 [INFO] ApiDb:274 - Set plugin database path to: C:\ST\STM32CubeIDE_1.19.0\STM32CubeIDE\plugins\com.st.stm32cube.common.mx_6.15.0.202507011659\\db\/plugins/boardmanager/
2025-09-24 11:12:59,637 [WARN] ApiDb:259 - Overriding images path with different value:  => C:\ST\STM32CubeIDE_1.19.0\STM32CubeIDE\plugins\com.st.stm32cube.common.mx_6.15.0.202507011659\\db\/plugins/mcufinder/images/
2025-09-24 11:12:59,643 [INFO] ApiDb:250 - Set database path to: C:\Users\train\.stmcufinder\plugins\mcufinder//mcu/
2025-09-24 11:12:59,644 [INFO] DbMcusAds:125 - Set database path to: C:\Users\train\.stmcufinder\plugins\mcufinder//mcu/
2025-09-24 11:12:59,647 [INFO] CrossReferenceDbSqlite:203 - Set database path to: C:\Users\train\.stmcufinder\plugins\mcufinder//mcu/cs/
2025-09-24 11:12:59,807 [INFO] RulesReader:64 - Compatibility file has been processed (317 Rules)
2025-09-24 11:12:59,894 [INFO] DbMcusXml:78 - Set database path to: C:\ST\STM32CubeIDE_1.19.0\STM32CubeIDE\plugins\com.st.stm32cube.common.mx_6.15.0.202507011659\\db\/mcu/
2025-09-24 11:12:59,894 [INFO] ApiDb:274 - Set plugin database path to: C:\ST\STM32CubeIDE_1.19.0\STM32CubeIDE\plugins\com.st.stm32cube.common.mx_6.15.0.202507011659\\db\/plugins/boardmanager/
2025-09-24 11:12:59,894 [INFO] ApiDb:261 - Set plugin images path to: C:\ST\STM32CubeIDE_1.19.0\STM32CubeIDE\plugins\com.st.stm32cube.common.mx_6.15.0.202507011659\\db\/plugins/mcufinder/images/
2025-09-24 11:12:59,894 [WARN] DbFile:41 - Overriding database path with different value: C:\Users\train\.stmcufinder\plugins\mcufinder/ => C:\Users\train\.stmcufinder\plugins\mcufinder
2025-09-24 11:12:59,894 [INFO] ApiDb:250 - Set database path to: C:\Users\train\.stmcufinder\plugins\mcufinder//mcu/
2025-09-24 11:12:59,895 [WARN] DbFile:41 - Overriding database path with different value: C:\Users\train\.stmcufinder\plugins\mcufinder/ => C:\Users\train\.stmcufinder\plugins\mcufinder
2025-09-24 11:12:59,895 [INFO] DbMcusAds:125 - Set database path to: C:\Users\train\.stmcufinder\plugins\mcufinder//mcu/
2025-09-24 11:12:59,895 [WARN] DbFile:41 - Overriding database path with different value: C:\Users\train\.stmcufinder\plugins\mcufinder/ => C:\Users\train\.stmcufinder\plugins\mcufinder
2025-09-24 11:12:59,895 [WARN] DbFile:41 - Overriding database path with different value: C:\Users\train\.stmcufinder\plugins\mcufinder/ => C:\Users\train\.stmcufinder\plugins\mcufinder
2025-09-24 11:12:59,895 [INFO] CrossReferenceDbSqlite:203 - Set database path to: C:\Users\train\.stmcufinder\plugins\mcufinder//mcu/cs/
2025-09-24 11:12:59,974 [INFO] MainPanel:274 - HeapMemory: 268435456
2025-09-24 11:13:00,064 [INFO] DbMcusXml:78 - Set database path to: C:\ST\STM32CubeIDE_1.19.0\STM32CubeIDE\plugins\com.st.stm32cube.common.mx_6.15.0.202507011659\\db\/mcu/
2025-09-24 11:13:00,064 [INFO] ApiDb:274 - Set plugin database path to: C:\ST\STM32CubeIDE_1.19.0\STM32CubeIDE\plugins\com.st.stm32cube.common.mx_6.15.0.202507011659\\db\/plugins/boardmanager/
2025-09-24 11:13:00,064 [INFO] ApiDb:261 - Set plugin images path to: C:\ST\STM32CubeIDE_1.19.0\STM32CubeIDE\plugins\com.st.stm32cube.common.mx_6.15.0.202507011659\\db\/plugins/mcufinder/images/
2025-09-24 11:13:00,065 [WARN] DbFile:41 - Overriding database path with different value: C:\Users\train\.stmcufinder\plugins\mcufinder/ => C:\Users\train\.stmcufinder\plugins\mcufinder
2025-09-24 11:13:00,065 [INFO] ApiDb:250 - Set database path to: C:\Users\train\.stmcufinder\plugins\mcufinder//mcu/
2025-09-24 11:13:00,065 [WARN] DbFile:41 - Overriding database path with different value: C:\Users\train\.stmcufinder\plugins\mcufinder/ => C:\Users\train\.stmcufinder\plugins\mcufinder
2025-09-24 11:13:00,065 [INFO] DbMcusAds:125 - Set database path to: C:\Users\train\.stmcufinder\plugins\mcufinder//mcu/
2025-09-24 11:13:00,065 [WARN] DbFile:41 - Overriding database path with different value: C:\Users\train\.stmcufinder\plugins\mcufinder/ => C:\Users\train\.stmcufinder\plugins\mcufinder
2025-09-24 11:13:00,065 [WARN] DbFile:41 - Overriding database path with different value: C:\Users\train\.stmcufinder\plugins\mcufinder/ => C:\Users\train\.stmcufinder\plugins\mcufinder
2025-09-24 11:13:00,065 [INFO] CrossReferenceDbSqlite:203 - Set database path to: C:\Users\train\.stmcufinder\plugins\mcufinder//mcu/cs/
2025-09-24 11:13:00,086 [INFO] ApplicationProperties:184 - Using Application install path: C:\ST\STM32CubeIDE_1.19.0\STM32CubeIDE\plugins\com.st.stm32cube.common.mx_6.15.0.202507011659
2025-09-24 11:13:00,088 [INFO] PluginManage:196 - Search for loadable plugins [exclusion list=, ]
2025-09-24 11:13:00,088 [INFO] PluginManage:310 - Check plugin analytics
2025-09-24 11:13:00,358 [INFO] AnalyticsPlugin:253 - Accepted Software Licenses: 
2025-09-24 11:13:00,358 [INFO] AnalyticsPlugin:255 - Accepted CMSIS Pack Licenses: 
2025-09-24 11:13:00,359 [INFO] AnalyticsPlugin:257 - Accepted Firmware Licenses: FW.F4.1.28.0
2025-09-24 11:13:00,364 [INFO] PluginManage:359 - Loaded plugin analytics (category:tool,tabindex:-1)
2025-09-24 11:13:00,365 [INFO] PluginManage:310 - Check plugin cadmodel
2025-09-24 11:13:00,372 [INFO] CADModel:105 - Init CAD model plugin
2025-09-24 11:13:00,372 [INFO] PluginManage:359 - Loaded plugin cadmodel (category:power,tabindex:5)
2025-09-24 11:13:00,372 [INFO] PluginManage:310 - Check plugin clock
2025-09-24 11:13:00,381 [INFO] PluginManage:359 - Loaded plugin clock (category:base,tabindex:2)
2025-09-24 11:13:00,382 [INFO] PluginManage:310 - Check plugin ddr
2025-09-24 11:13:00,384 [INFO] PluginManage:359 - Loaded plugin ddr (category:tool,tabindex:6)
2025-09-24 11:13:00,384 [INFO] PluginManage:310 - Check plugin filemanager
2025-09-24 11:13:00,547 [INFO] PluginManage:359 - Loaded plugin filemanager (category:base,tabindex:10)
2025-09-24 11:13:00,547 [INFO] PluginManage:310 - Check plugin ipmanager
2025-09-24 11:13:00,553 [INFO] PluginManage:359 - Loaded plugin ipmanager (category:base,tabindex:5)
2025-09-24 11:13:00,554 [INFO] PluginManage:310 - Check plugin lpbam
2025-09-24 11:13:00,561 [INFO] PluginManage:359 - Loaded plugin lpbam (category:base,tabindex:0)
2025-09-24 11:13:00,562 [INFO] PluginManage:310 - Check plugin memorymap
2025-09-24 11:13:00,574 [INFO] PluginManage:359 - Loaded plugin memorymap (category:base,tabindex:4)
2025-09-24 11:13:00,574 [INFO] PluginManage:310 - Check plugin pinoutandconfiguration
2025-09-24 11:13:00,582 [INFO] PluginManage:359 - Loaded plugin pinoutandconfiguration (category:base,tabindex:1)
2025-09-24 11:13:00,582 [INFO] PluginManage:310 - Check plugin pinoutconfig
2025-09-24 11:13:00,688 [WARN] SupportedApi:132 - Cannot load RTOS API schema: s4s-elt-must-match.1: The content of 'definitions' must match (annotation?, (simpleType | complexType)?, (unique | key | keyref)*)). A problem was found starting at: attribute.
2025-09-24 11:13:00,857 [INFO] PluginManage:359 - Loaded plugin pinoutconfig (category:base,tabindex:0)
2025-09-24 11:13:00,857 [INFO] PluginManage:310 - Check plugin power
2025-09-24 11:13:00,874 [INFO] PluginManage:359 - Loaded plugin power (category:power,tabindex:4)
2025-09-24 11:13:00,875 [INFO] PluginManage:310 - Check plugin projectmanager
2025-09-24 11:13:00,895 [INFO] PluginManage:359 - Loaded plugin projectmanager (category:projectmanager,tabindex:4)
2025-09-24 11:13:00,896 [INFO] PluginManage:310 - Check plugin rif
2025-09-24 11:13:00,913 [INFO] PluginManage:359 - Loaded plugin rif (category:base,tabindex:3)
2025-09-24 11:13:00,914 [INFO] PluginManage:310 - Check plugin thirdparty
2025-09-24 11:13:01,094 [WARN] IntegrityCheckThread:84 - waiting for thirdparty lock release [integrity check]
2025-09-24 11:13:01,095 [INFO] IntegrityCheckThread:86 - entering critical section [integrity check]
2025-09-24 11:13:01,096 [INFO] ThirdPartyUpdaterWithRetryManager:70 - Updater plugin not ready yet. [1/15]
2025-09-24 11:13:01,096 [INFO] PluginManage:359 - Loaded plugin thirdparty (category:base,tabindex:-1)
2025-09-24 11:13:01,096 [INFO] PluginManage:310 - Check plugin tools
2025-09-24 11:13:01,100 [INFO] PluginManage:359 - Loaded plugin tools (category:base,tabindex:7)
2025-09-24 11:13:01,100 [INFO] PluginManage:310 - Check plugin tutovideos
2025-09-24 11:13:01,331 [INFO] PluginManage:359 - Loaded plugin tutovideos (category:base,tabindex:-1)
2025-09-24 11:13:01,331 [INFO] PluginManage:310 - Check plugin updater
2025-09-24 11:13:01,360 [INFO] PluginManage:359 - Loaded plugin updater (category:base,tabindex:12)
2025-09-24 11:13:01,360 [INFO] PluginManage:310 - Check plugin userauth
2025-09-24 11:13:01,365 [INFO] UserAuth:118 - Init User Auth plugin
2025-09-24 11:13:01,367 [INFO] PluginManage:359 - Loaded plugin userauth (category:base,tabindex:14)
2025-09-24 11:13:01,369 [INFO] PluginManage:283 - PluginManage : Loaded plugins [18]
2025-09-24 11:13:01,589 [INFO] PinOutPanel:1589 - setPackage(No Configuration,No Configuration)
2025-09-24 11:13:01,692 [INFO] CADModel:165 - CPN selected for project level
2025-09-24 11:13:01,692 [INFO] CADModel:114 - Register for checkConnection events
2025-09-24 11:13:01,710 [INFO] IPUIPlugin:80 - create IPUIPlugin
2025-09-24 11:13:01,710 [INFO] PluginManager:220 - loadIPPluginJar : add adc
2025-09-24 11:13:01,713 [INFO] IPUIPlugin:80 - create IPUIPlugin
2025-09-24 11:13:01,713 [INFO] PluginManager:220 - loadIPPluginJar : add aes
2025-09-24 11:13:01,716 [INFO] IPUIPlugin:80 - create IPUIPlugin
2025-09-24 11:13:01,717 [INFO] PluginManager:220 - loadIPPluginJar : add can
2025-09-24 11:13:01,718 [INFO] IPUIPlugin:80 - create IPUIPlugin
2025-09-24 11:13:01,718 [INFO] PluginManager:220 - loadIPPluginJar : add comp
2025-09-24 11:13:01,724 [INFO] IPUIPlugin:80 - create IPUIPlugin
2025-09-24 11:13:01,724 [INFO] PluginManager:220 - loadIPPluginJar : add cryp
2025-09-24 11:13:01,727 [INFO] IPUIPlugin:80 - create IPUIPlugin
2025-09-24 11:13:01,728 [INFO] PluginManager:220 - loadIPPluginJar : add ddr_ctrl_phy
2025-09-24 11:13:01,731 [INFO] IPUIPlugin:80 - create IPUIPlugin
2025-09-24 11:13:01,731 [INFO] PluginManager:220 - loadIPPluginJar : add dfsdm
2025-09-24 11:13:01,738 [INFO] IPUIPlugin:80 - create IPUIPlugin
2025-09-24 11:13:01,740 [INFO] PluginManager:220 - loadIPPluginJar : add dma
2025-09-24 11:13:01,743 [INFO] IPUIPlugin:80 - create IPUIPlugin
2025-09-24 11:13:01,743 [INFO] PluginManager:220 - loadIPPluginJar : add dma3
2025-09-24 11:13:01,746 [INFO] IPUIPlugin:80 - create IPUIPlugin
2025-09-24 11:13:01,746 [INFO] PluginManager:220 - loadIPPluginJar : add extmemmanager
2025-09-24 11:13:01,749 [INFO] IPUIPlugin:80 - create IPUIPlugin
2025-09-24 11:13:01,749 [INFO] PluginManager:220 - loadIPPluginJar : add fatfs
2025-09-24 11:13:01,754 [INFO] IPUIPlugin:80 - create IPUIPlugin
2025-09-24 11:13:01,755 [INFO] PluginManager:220 - loadIPPluginJar : add fmc
2025-09-24 11:13:01,763 [INFO] IPUIPlugin:80 - create IPUIPlugin
2025-09-24 11:13:01,766 [INFO] PluginManager:220 - loadIPPluginJar : add freertos
2025-09-24 11:13:01,769 [INFO] IPUIPlugin:80 - create IPUIPlugin
2025-09-24 11:13:01,769 [INFO] PluginManager:220 - loadIPPluginJar : add genericplugin
2025-09-24 11:13:01,772 [INFO] IPUIPlugin:80 - create IPUIPlugin
2025-09-24 11:13:01,772 [INFO] PluginManager:220 - loadIPPluginJar : add gfxmmu
2025-09-24 11:13:01,778 [INFO] IPUIPlugin:80 - create IPUIPlugin
2025-09-24 11:13:01,778 [INFO] PluginManager:220 - loadIPPluginJar : add gic
2025-09-24 11:13:01,783 [INFO] IPUIPlugin:80 - create IPUIPlugin
2025-09-24 11:13:01,783 [INFO] PluginManager:220 - loadIPPluginJar : add gpio
2025-09-24 11:13:01,786 [INFO] IPUIPlugin:80 - create IPUIPlugin
2025-09-24 11:13:01,786 [INFO] PluginManager:220 - loadIPPluginJar : add gtzc
2025-09-24 11:13:01,789 [INFO] IPUIPlugin:80 - create IPUIPlugin
2025-09-24 11:13:01,789 [INFO] PluginManager:220 - loadIPPluginJar : add hash
2025-09-24 11:13:01,793 [INFO] IPUIPlugin:80 - create IPUIPlugin
2025-09-24 11:13:01,793 [INFO] PluginManager:220 - loadIPPluginJar : add i2c
2025-09-24 11:13:01,796 [INFO] IPUIPlugin:80 - create IPUIPlugin
2025-09-24 11:13:01,797 [INFO] PluginManager:220 - loadIPPluginJar : add i2s
2025-09-24 11:13:01,801 [INFO] IPUIPlugin:80 - create IPUIPlugin
2025-09-24 11:13:01,801 [INFO] PluginManager:220 - loadIPPluginJar : add i3c
2025-09-24 11:13:01,805 [INFO] IPUIPlugin:80 - create IPUIPlugin
2025-09-24 11:13:01,805 [INFO] PluginManager:220 - loadIPPluginJar : add ipddr
2025-09-24 11:13:01,815 [INFO] IPUIPlugin:80 - create IPUIPlugin
2025-09-24 11:13:01,816 [INFO] PluginManager:220 - loadIPPluginJar : add linkedlist
2025-09-24 11:13:01,820 [INFO] IPUIPlugin:80 - create IPUIPlugin
2025-09-24 11:13:01,820 [INFO] PluginManager:220 - loadIPPluginJar : add lorawan
2025-09-24 11:13:01,821 [INFO] IPUIPlugin:80 - create IPUIPlugin
2025-09-24 11:13:01,821 [INFO] PluginManager:220 - loadIPPluginJar : add ltdc
2025-09-24 11:13:01,828 [INFO] IPUIPlugin:80 - create IPUIPlugin
2025-09-24 11:13:01,828 [INFO] PluginManager:220 - loadIPPluginJar : add mdma
2025-09-24 11:13:01,834 [INFO] IPUIPlugin:80 - create IPUIPlugin
2025-09-24 11:13:01,834 [INFO] PluginManager:220 - loadIPPluginJar : add nvic
2025-09-24 11:13:01,838 [INFO] IPUIPlugin:80 - create IPUIPlugin
2025-09-24 11:13:01,838 [INFO] PluginManager:220 - loadIPPluginJar : add opamp
2025-09-24 11:13:01,842 [INFO] IPUIPlugin:80 - create IPUIPlugin
2025-09-24 11:13:01,842 [INFO] PluginManager:220 - loadIPPluginJar : add openamp
2025-09-24 11:13:01,846 [INFO] IPUIPlugin:80 - create IPUIPlugin
2025-09-24 11:13:01,846 [INFO] PluginManager:220 - loadIPPluginJar : add pdm2pcm
2025-09-24 11:13:01,852 [INFO] IPUIPlugin:80 - create IPUIPlugin
2025-09-24 11:13:01,855 [INFO] PluginManager:220 - loadIPPluginJar : add plateformsettings
2025-09-24 11:13:01,857 [INFO] IPUIPlugin:80 - create IPUIPlugin
2025-09-24 11:13:01,857 [INFO] PluginManager:220 - loadIPPluginJar : add quadspi
2025-09-24 11:13:01,860 [INFO] IPUIPlugin:80 - create IPUIPlugin
2025-09-24 11:13:01,861 [INFO] PluginManager:220 - loadIPPluginJar : add radio
2025-09-24 11:13:01,864 [INFO] IPUIPlugin:80 - create IPUIPlugin
2025-09-24 11:13:01,864 [INFO] PluginManager:220 - loadIPPluginJar : add resmgrutility
2025-09-24 11:13:01,867 [INFO] IPUIPlugin:80 - create IPUIPlugin
2025-09-24 11:13:01,867 [INFO] PluginManager:220 - loadIPPluginJar : add sai
2025-09-24 11:13:01,869 [INFO] IPUIPlugin:80 - create IPUIPlugin
2025-09-24 11:13:01,870 [INFO] PluginManager:220 - loadIPPluginJar : add spi
2025-09-24 11:13:01,878 [INFO] IPUIPlugin:80 - create IPUIPlugin
2025-09-24 11:13:01,878 [INFO] PluginManager:220 - loadIPPluginJar : add stm32_wpan
2025-09-24 11:13:01,879 [INFO] IPUIPlugin:80 - create IPUIPlugin
2025-09-24 11:13:01,880 [INFO] PluginManager:220 - loadIPPluginJar : add tim
2025-09-24 11:13:01,884 [INFO] IPUIPlugin:80 - create IPUIPlugin
2025-09-24 11:13:01,884 [INFO] PluginManager:220 - loadIPPluginJar : add touchsensing
2025-09-24 11:13:01,887 [INFO] IPUIPlugin:80 - create IPUIPlugin
2025-09-24 11:13:01,887 [INFO] PluginManager:220 - loadIPPluginJar : add tracer_emb
2025-09-24 11:13:01,888 [INFO] IPUIPlugin:80 - create IPUIPlugin
2025-09-24 11:13:01,888 [INFO] PluginManager:220 - loadIPPluginJar : add ts
2025-09-24 11:13:01,890 [INFO] IPUIPlugin:80 - create IPUIPlugin
2025-09-24 11:13:01,891 [INFO] PluginManager:220 - loadIPPluginJar : add tsc
2025-09-24 11:13:01,893 [INFO] IPUIPlugin:80 - create IPUIPlugin
2025-09-24 11:13:01,893 [INFO] PluginManager:220 - loadIPPluginJar : add ucpd
2025-09-24 11:13:01,895 [INFO] IPUIPlugin:80 - create IPUIPlugin
2025-09-24 11:13:01,895 [INFO] PluginManager:220 - loadIPPluginJar : add usart
2025-09-24 11:13:01,898 [INFO] IPUIPlugin:80 - create IPUIPlugin
2025-09-24 11:13:01,898 [INFO] PluginManager:220 - loadIPPluginJar : add usbx
2025-09-24 11:13:02,040 [FATAL] Updater:351 - Updater called before beeing initialized
2025-09-24 11:13:02,067 [INFO] RulesReader:64 - Compatibility file has been processed (317 Rules)
2025-09-24 11:13:02,080 [INFO] RulesReader:64 - Compatibility file has been processed (317 Rules)
2025-09-24 11:13:02,093 [INFO] CADModel:165 - CPN selected for project level
2025-09-24 11:13:02,093 [INFO] CADModel:114 - Register for checkConnection events
2025-09-24 11:13:02,093 [FATAL] Updater:351 - Updater called before beeing initialized
2025-09-24 11:13:02,093 [ERROR] CADModel:125 - Updater not yet initialized, retry later 
2025-09-24 11:13:02,283 [FATAL] Updater:351 - Updater called before beeing initialized
2025-09-24 11:13:02,285 [INFO] CADModel:165 - CPN selected for project level
2025-09-24 11:13:02,285 [INFO] CADModel:114 - Register for checkConnection events
2025-09-24 11:13:02,285 [FATAL] Updater:351 - Updater called before beeing initialized
2025-09-24 11:13:02,285 [ERROR] CADModel:125 - Updater not yet initialized, retry later 
2025-09-24 11:13:02,289 [FATAL] Updater:351 - Updater called before beeing initialized
2025-09-24 11:13:02,455 [FATAL] Updater:351 - Updater called before beeing initialized
2025-09-24 11:13:02,458 [INFO] DbMcusAds:53 - JSON generation date=Tue Jul 08 13:44:23 IST 2025 (1751962463524)
2025-09-24 11:13:02,458 [FATAL] Updater:351 - Updater called before beeing initialized
2025-09-24 11:13:02,493 [WARN] DetailPanel:346 - Failed to get advertising image, set to default
2025-09-24 11:13:02,584 [FATAL] Updater:351 - Updater called before beeing initialized
2025-09-24 11:13:02,586 [FATAL] Updater:351 - Updater called before beeing initialized
2025-09-24 11:13:02,586 [FATAL] Updater:351 - Updater called before beeing initialized
2025-09-24 11:13:02,586 [WARN] DetailPanel:346 - Failed to get advertising image, set to default
2025-09-24 11:13:02,587 [FATAL] Updater:351 - Updater called before beeing initialized
2025-09-24 11:13:02,638 [ERROR] Updater:1198 - MainUpdater not yet initialized. External WinMGr cannot be set.
2025-09-24 11:13:02,642 [INFO] Updater:1134 - Updater Version found : 6.15.0
2025-09-24 11:13:02,656 [INFO] ApplicationProperties:184 - Using Application install path: C:\ST\STM32CubeIDE_1.19.0\STM32CubeIDE\plugins\com.st.stm32cube.common.mx_6.15.0.202507011659
2025-09-24 11:13:04,097 [INFO] ThirdPartyUpdaterWithRetryManager:70 - Updater plugin not ready yet. [2/15]
2025-09-24 11:13:04,110 [INFO] McuFinderGlobals:63 - Set McuFinder mode to 2 (CubeIDE integrated)
2025-09-24 11:13:04,231 [ERROR] LogOutputStream:75 - [STDERR_REDIRECT] Sep 24, 2025 11:13:04 AM java.util.prefs.WindowsPreferences <init>
2025-09-24 11:13:04,233 [ERROR] LogOutputStream:75 - [STDERR_REDIRECT] WARNING: Could not open/create prefs root node Software\JavaSoft\Prefs at root 0xffffffff80000002. Windows RegCreateKeyEx(...) returned error code 5.
2025-09-24 11:13:04,233 [ERROR] LogOutputStream:75 - [STDERR_REDIRECT] 
2025-09-24 11:13:04,727 [INFO] MainUpdater:2872 - connection check result : 10
2025-09-24 11:13:04,728 [INFO] MainUpdater:289 - Updater Check For Update Now.
2025-09-24 11:13:04,728 [INFO] MicroXplorer:498 - Change Database Version : DB.6.0.150
2025-09-24 11:13:04,736 [INFO] McuFinderGlobals:63 - Set McuFinder mode to 2 (CubeIDE integrated)
2025-09-24 11:13:04,737 [INFO] UserAuth:487 - Internet connection configuration mode: 1
2025-09-24 11:13:04,774 [INFO] JxBrowserEngine:152 - Initiate JxBrowser Engine with user profile folder
2025-09-24 11:13:04,954 [INFO] CheckServerUpdateThread:120 - End of CheckServer Thread
2025-09-24 11:13:05,140 [INFO] MainUpdater:2872 - connection check result : 10
2025-09-24 11:13:05,143 [INFO] McuFinderGlobals:76 - Set McuFinderConnectedMode to true
2025-09-24 11:13:05,545 [INFO] ServerAccessManage:452 - Complete download http(s) 200
2025-09-24 11:13:05,547 [INFO] ServerAccessManage:509 - Download File mcusAds.json._tmp_
2025-09-24 11:13:05,695 [INFO] LoadUrlFilesThread:156 - End of LoadUrlFiles Thread
