2025-10-22 09:12:11,092 [ERROR] LogOutputStream:75 - [STDERR_REDIRECT] SWT SessionManagerDBus: Failed to UnregisterClient: GDBus.Error:org.freedesktop.DBus.Error.NoReply: Message recipient disconnected from message bus without replying
2025-10-22 11:18:58,525 [INFO] Activator:176 - 


2025-10-22 11:18:58,527 [INFO] Activator:177 - !SESSION log4j initialized
2025-10-22 11:19:02,321 [INFO] LogOutputStream:77 - [STDOUT_REDIRECT] 
2025-10-22 11:19:02,945 [INFO] ApplicationProperties:184 - Using Application install path: /opt/st/stm32cubeide_1.13.2/plugins/com.st.stm32cube.common.mx_6.9.2.202309101412
2025-10-22 11:19:02,961 [INFO] DbMcusXml:78 - Set database path to: /opt/st/stm32cubeide_1.13.2/plugins/com.st.stm32cube.common.mx_6.9.2.202309101412//db//mcu/
2025-10-22 11:19:02,962 [INFO] ApiDb:274 - Set plugin database path to: /opt/st/stm32cubeide_1.13.2/plugins/com.st.stm32cube.common.mx_6.9.2.202309101412//db//plugins/boardmanager/
2025-10-22 11:19:02,962 [WARN] ApiDb:259 - Overriding images path with different value:  => /opt/st/stm32cubeide_1.13.2/plugins/com.st.stm32cube.common.mx_6.9.2.202309101412//db//plugins/mcufinder/images/
2025-10-22 11:19:02,970 [INFO] ApiDb:250 - Set database path to: /home/sunbeam/.stmcufinder/plugins/mcufinder//mcu/
2025-10-22 11:19:02,971 [INFO] DbMcusAds:125 - Set database path to: /home/sunbeam/.stmcufinder/plugins/mcufinder//mcu/
2025-10-22 11:19:02,973 [INFO] CrossReferenceDbSqlite:203 - Set database path to: /home/sunbeam/.stmcufinder/plugins/mcufinder//mcu/cs/
2025-10-22 11:19:03,056 [INFO] RulesReader:64 - Compatibility file has been processed (293 Rules)
2025-10-22 11:19:03,135 [INFO] DbMcusXml:78 - Set database path to: /opt/st/stm32cubeide_1.13.2/plugins/com.st.stm32cube.common.mx_6.9.2.202309101412//db//mcu/
2025-10-22 11:19:03,135 [INFO] ApiDb:274 - Set plugin database path to: /opt/st/stm32cubeide_1.13.2/plugins/com.st.stm32cube.common.mx_6.9.2.202309101412//db//plugins/boardmanager/
2025-10-22 11:19:03,135 [INFO] ApiDb:261 - Set plugin images path to: /opt/st/stm32cubeide_1.13.2/plugins/com.st.stm32cube.common.mx_6.9.2.202309101412//db//plugins/mcufinder/images/
2025-10-22 11:19:03,136 [WARN] DbFile:41 - Overriding database path with different value: /home/sunbeam/.stmcufinder/plugins/mcufinder/ => /home/sunbeam/.stmcufinder/plugins/mcufinder
2025-10-22 11:19:03,136 [INFO] ApiDb:250 - Set database path to: /home/sunbeam/.stmcufinder/plugins/mcufinder//mcu/
2025-10-22 11:19:03,136 [WARN] DbFile:41 - Overriding database path with different value: /home/sunbeam/.stmcufinder/plugins/mcufinder/ => /home/sunbeam/.stmcufinder/plugins/mcufinder
2025-10-22 11:19:03,136 [INFO] DbMcusAds:125 - Set database path to: /home/sunbeam/.stmcufinder/plugins/mcufinder//mcu/
2025-10-22 11:19:03,136 [WARN] DbFile:41 - Overriding database path with different value: /home/sunbeam/.stmcufinder/plugins/mcufinder/ => /home/sunbeam/.stmcufinder/plugins/mcufinder
2025-10-22 11:19:03,136 [WARN] DbFile:41 - Overriding database path with different value: /home/sunbeam/.stmcufinder/plugins/mcufinder/ => /home/sunbeam/.stmcufinder/plugins/mcufinder
2025-10-22 11:19:03,137 [INFO] CrossReferenceDbSqlite:203 - Set database path to: /home/sunbeam/.stmcufinder/plugins/mcufinder//mcu/cs/
2025-10-22 11:19:03,208 [INFO] MainPanel:262 - HeapMemory: 268435456
2025-10-22 11:19:03,271 [INFO] DbMcusXml:78 - Set database path to: /opt/st/stm32cubeide_1.13.2/plugins/com.st.stm32cube.common.mx_6.9.2.202309101412//db//mcu/
2025-10-22 11:19:03,271 [INFO] ApiDb:274 - Set plugin database path to: /opt/st/stm32cubeide_1.13.2/plugins/com.st.stm32cube.common.mx_6.9.2.202309101412//db//plugins/boardmanager/
2025-10-22 11:19:03,271 [INFO] ApiDb:261 - Set plugin images path to: /opt/st/stm32cubeide_1.13.2/plugins/com.st.stm32cube.common.mx_6.9.2.202309101412//db//plugins/mcufinder/images/
2025-10-22 11:19:03,271 [WARN] DbFile:41 - Overriding database path with different value: /home/sunbeam/.stmcufinder/plugins/mcufinder/ => /home/sunbeam/.stmcufinder/plugins/mcufinder
2025-10-22 11:19:03,271 [INFO] ApiDb:250 - Set database path to: /home/sunbeam/.stmcufinder/plugins/mcufinder//mcu/
2025-10-22 11:19:03,272 [WARN] DbFile:41 - Overriding database path with different value: /home/sunbeam/.stmcufinder/plugins/mcufinder/ => /home/sunbeam/.stmcufinder/plugins/mcufinder
2025-10-22 11:19:03,272 [INFO] DbMcusAds:125 - Set database path to: /home/sunbeam/.stmcufinder/plugins/mcufinder//mcu/
2025-10-22 11:19:03,272 [WARN] DbFile:41 - Overriding database path with different value: /home/sunbeam/.stmcufinder/plugins/mcufinder/ => /home/sunbeam/.stmcufinder/plugins/mcufinder
2025-10-22 11:19:03,272 [WARN] DbFile:41 - Overriding database path with different value: /home/sunbeam/.stmcufinder/plugins/mcufinder/ => /home/sunbeam/.stmcufinder/plugins/mcufinder
2025-10-22 11:19:03,272 [INFO] CrossReferenceDbSqlite:203 - Set database path to: /home/sunbeam/.stmcufinder/plugins/mcufinder//mcu/cs/
2025-10-22 11:19:03,287 [INFO] ApplicationProperties:184 - Using Application install path: /opt/st/stm32cubeide_1.13.2/plugins/com.st.stm32cube.common.mx_6.9.2.202309101412
2025-10-22 11:19:03,288 [INFO] PluginManage:196 - Search for loadable plugins [exclusion list=, ]
2025-10-22 11:19:03,289 [INFO] PluginManage:310 - Check plugin analytics
2025-10-22 11:19:03,403 [INFO] AnalyticsPlugin:253 - Accepted Software Licenses: 
2025-10-22 11:19:03,403 [INFO] AnalyticsPlugin:255 - Accepted CMSIS Pack Licenses: 
2025-10-22 11:19:03,403 [INFO] AnalyticsPlugin:257 - Accepted Firmware Licenses: 
2025-10-22 11:19:03,406 [INFO] PluginManage:359 - Loaded plugin analytics (category:tool,tabindex:-1)
2025-10-22 11:19:03,406 [INFO] PluginManage:310 - Check plugin cadmodel
2025-10-22 11:19:03,439 [INFO] CADModel:105 - Init CAD model plugin
2025-10-22 11:19:03,440 [INFO] PluginManage:359 - Loaded plugin cadmodel (category:power,tabindex:5)
2025-10-22 11:19:03,440 [INFO] PluginManage:310 - Check plugin clock
2025-10-22 11:19:03,449 [INFO] PluginManage:359 - Loaded plugin clock (category:base,tabindex:2)
2025-10-22 11:19:03,449 [INFO] PluginManage:310 - Check plugin ddr
2025-10-22 11:19:03,451 [INFO] PluginManage:359 - Loaded plugin ddr (category:tool,tabindex:6)
2025-10-22 11:19:03,452 [INFO] PluginManage:310 - Check plugin filemanager
2025-10-22 11:19:03,552 [INFO] PluginManage:359 - Loaded plugin filemanager (category:base,tabindex:10)
2025-10-22 11:19:03,552 [INFO] PluginManage:310 - Check plugin ipmanager
2025-10-22 11:19:03,557 [INFO] PluginManage:359 - Loaded plugin ipmanager (category:base,tabindex:5)
2025-10-22 11:19:03,557 [INFO] PluginManage:310 - Check plugin lpbam
2025-10-22 11:19:03,566 [INFO] PluginManage:359 - Loaded plugin lpbam (category:base,tabindex:0)
2025-10-22 11:19:03,566 [INFO] PluginManage:310 - Check plugin memorymap
2025-10-22 11:19:03,576 [INFO] PluginManage:359 - Loaded plugin memorymap (category:base,tabindex:4)
2025-10-22 11:19:03,576 [INFO] PluginManage:310 - Check plugin pinoutandconfiguration
2025-10-22 11:19:03,583 [INFO] PluginManage:359 - Loaded plugin pinoutandconfiguration (category:base,tabindex:1)
2025-10-22 11:19:03,584 [INFO] PluginManage:310 - Check plugin pinoutconfig
2025-10-22 11:19:03,643 [WARN] SupportedApi:132 - Cannot load RTOS API schema: s4s-elt-must-match.1: The content of 'definitions' must match (annotation?, (simpleType | complexType)?, (unique | key | keyref)*)). A problem was found starting at: attribute.
2025-10-22 11:19:03,733 [INFO] PluginManage:359 - Loaded plugin pinoutconfig (category:base,tabindex:0)
2025-10-22 11:19:03,733 [INFO] PluginManage:310 - Check plugin power
2025-10-22 11:19:03,743 [INFO] PluginManage:359 - Loaded plugin power (category:power,tabindex:4)
2025-10-22 11:19:03,743 [INFO] PluginManage:310 - Check plugin projectmanager
2025-10-22 11:19:03,755 [INFO] PluginManage:359 - Loaded plugin projectmanager (category:projectmanager,tabindex:3)
2025-10-22 11:19:03,755 [INFO] PluginManage:310 - Check plugin thirdparty
2025-10-22 11:19:03,871 [INFO] PluginManage:359 - Loaded plugin thirdparty (category:base,tabindex:-1)
2025-10-22 11:19:03,871 [WARN] IntegrityCheckThread:84 - waiting for thirdparty lock release [integrity check]
2025-10-22 11:19:03,871 [INFO] IntegrityCheckThread:86 - entering critical section [integrity check]
2025-10-22 11:19:03,871 [INFO] PluginManage:310 - Check plugin tools
2025-10-22 11:19:03,871 [INFO] ThirdPartyUpdaterWithRetryManager:70 - Updater plugin not ready yet. [1/15]
2025-10-22 11:19:03,874 [INFO] PluginManage:359 - Loaded plugin tools (category:base,tabindex:7)
2025-10-22 11:19:03,875 [INFO] PluginManage:310 - Check plugin tutovideos
2025-10-22 11:19:03,985 [INFO] PluginManage:359 - Loaded plugin tutovideos (category:base,tabindex:-1)
2025-10-22 11:19:03,985 [INFO] PluginManage:310 - Check plugin updater
2025-10-22 11:19:03,992 [INFO] PluginManage:359 - Loaded plugin updater (category:base,tabindex:12)
2025-10-22 11:19:03,993 [INFO] PluginManage:310 - Check plugin userauth
2025-10-22 11:19:03,996 [INFO] UserAuth:113 - Init User Auth plugin
2025-10-22 11:19:03,996 [INFO] PluginManage:359 - Loaded plugin userauth (category:base,tabindex:14)
2025-10-22 11:19:03,996 [INFO] PluginManage:283 - PluginManage : Loaded plugins [17]
2025-10-22 11:19:04,110 [INFO] PinOutPanel:1499 - setPackage(No Configuration,No Configuration)
2025-10-22 11:19:04,160 [INFO] CADModel:165 - CPN selected for project level
2025-10-22 11:19:04,160 [INFO] CADModel:114 - Register for checkConnection events
2025-10-22 11:19:04,168 [INFO] IPUIPlugin:80 - create IPUIPlugin
2025-10-22 11:19:04,168 [INFO] PluginManager:220 - loadIPPluginJar : add i2s
2025-10-22 11:19:04,169 [INFO] IPUIPlugin:80 - create IPUIPlugin
2025-10-22 11:19:04,169 [INFO] PluginManager:220 - loadIPPluginJar : add tim
2025-10-22 11:19:04,174 [INFO] IPUIPlugin:80 - create IPUIPlugin
2025-10-22 11:19:04,174 [INFO] PluginManager:220 - loadIPPluginJar : add stm32_wpan
2025-10-22 11:19:04,175 [INFO] IPUIPlugin:80 - create IPUIPlugin
2025-10-22 11:19:04,175 [INFO] PluginManager:220 - loadIPPluginJar : add hash
2025-10-22 11:19:04,176 [INFO] IPUIPlugin:80 - create IPUIPlugin
2025-10-22 11:19:04,177 [INFO] PluginManager:220 - loadIPPluginJar : add openamp
2025-10-22 11:19:04,180 [INFO] IPUIPlugin:80 - create IPUIPlugin
2025-10-22 11:19:04,180 [INFO] PluginManager:220 - loadIPPluginJar : add gic
2025-10-22 11:19:04,182 [INFO] IPUIPlugin:80 - create IPUIPlugin
2025-10-22 11:19:04,182 [INFO] PluginManager:220 - loadIPPluginJar : add resmgrutility
2025-10-22 11:19:04,183 [INFO] IPUIPlugin:80 - create IPUIPlugin
2025-10-22 11:19:04,184 [INFO] PluginManager:220 - loadIPPluginJar : add pdm2pcm
2025-10-22 11:19:04,185 [INFO] IPUIPlugin:80 - create IPUIPlugin
2025-10-22 11:19:04,185 [INFO] PluginManager:220 - loadIPPluginJar : add tsc
2025-10-22 11:19:04,185 [INFO] IPUIPlugin:80 - create IPUIPlugin
2025-10-22 11:19:04,185 [INFO] PluginManager:220 - loadIPPluginJar : add ltdc
2025-10-22 11:19:04,187 [INFO] IPUIPlugin:80 - create IPUIPlugin
2025-10-22 11:19:04,187 [INFO] PluginManager:220 - loadIPPluginJar : add i3c
2025-10-22 11:19:04,189 [INFO] IPUIPlugin:80 - create IPUIPlugin
2025-10-22 11:19:04,189 [INFO] PluginManager:220 - loadIPPluginJar : add usbx
2025-10-22 11:19:04,190 [INFO] IPUIPlugin:80 - create IPUIPlugin
2025-10-22 11:19:04,190 [INFO] PluginManager:220 - loadIPPluginJar : add can
2025-10-22 11:19:04,191 [INFO] IPUIPlugin:80 - create IPUIPlugin
2025-10-22 11:19:04,191 [INFO] PluginManager:220 - loadIPPluginJar : add tracer_emb
2025-10-22 11:19:04,192 [INFO] IPUIPlugin:80 - create IPUIPlugin
2025-10-22 11:19:04,192 [INFO] PluginManager:220 - loadIPPluginJar : add quadspi
2025-10-22 11:19:04,195 [INFO] IPUIPlugin:80 - create IPUIPlugin
2025-10-22 11:19:04,195 [INFO] PluginManager:220 - loadIPPluginJar : add fmc
2025-10-22 11:19:04,196 [INFO] IPUIPlugin:80 - create IPUIPlugin
2025-10-22 11:19:04,196 [INFO] PluginManager:220 - loadIPPluginJar : add ucpd
2025-10-22 11:19:04,197 [INFO] IPUIPlugin:80 - create IPUIPlugin
2025-10-22 11:19:04,197 [INFO] PluginManager:220 - loadIPPluginJar : add i2c
2025-10-22 11:19:04,198 [INFO] IPUIPlugin:80 - create IPUIPlugin
2025-10-22 11:19:04,198 [INFO] PluginManager:220 - loadIPPluginJar : add comp
2025-10-22 11:19:04,199 [INFO] IPUIPlugin:80 - create IPUIPlugin
2025-10-22 11:19:04,199 [INFO] PluginManager:220 - loadIPPluginJar : add spi
2025-10-22 11:19:04,200 [INFO] IPUIPlugin:80 - create IPUIPlugin
2025-10-22 11:19:04,200 [INFO] PluginManager:220 - loadIPPluginJar : add genericplugin
2025-10-22 11:19:04,201 [INFO] IPUIPlugin:80 - create IPUIPlugin
2025-10-22 11:19:04,201 [INFO] PluginManager:220 - loadIPPluginJar : add aes
2025-10-22 11:19:04,202 [INFO] IPUIPlugin:80 - create IPUIPlugin
2025-10-22 11:19:04,202 [INFO] PluginManager:220 - loadIPPluginJar : add ts
2025-10-22 11:19:04,204 [INFO] IPUIPlugin:80 - create IPUIPlugin
2025-10-22 11:19:04,204 [INFO] PluginManager:220 - loadIPPluginJar : add cryp
2025-10-22 11:19:04,206 [INFO] IPUIPlugin:80 - create IPUIPlugin
2025-10-22 11:19:04,206 [INFO] PluginManager:220 - loadIPPluginJar : add gpio
2025-10-22 11:19:04,207 [INFO] IPUIPlugin:80 - create IPUIPlugin
2025-10-22 11:19:04,208 [INFO] PluginManager:220 - loadIPPluginJar : add dfsdm
2025-10-22 11:19:04,210 [INFO] IPUIPlugin:80 - create IPUIPlugin
2025-10-22 11:19:04,212 [INFO] PluginManager:220 - loadIPPluginJar : add plateformsettings
2025-10-22 11:19:04,213 [INFO] IPUIPlugin:80 - create IPUIPlugin
2025-10-22 11:19:04,213 [INFO] PluginManager:220 - loadIPPluginJar : add opamp
2025-10-22 11:19:04,216 [INFO] IPUIPlugin:80 - create IPUIPlugin
2025-10-22 11:19:04,216 [INFO] PluginManager:220 - loadIPPluginJar : add mdma
2025-10-22 11:19:04,217 [INFO] IPUIPlugin:80 - create IPUIPlugin
2025-10-22 11:19:04,217 [INFO] PluginManager:220 - loadIPPluginJar : add gtzc
2025-10-22 11:19:04,218 [INFO] IPUIPlugin:80 - create IPUIPlugin
2025-10-22 11:19:04,218 [INFO] PluginManager:220 - loadIPPluginJar : add fatfs
2025-10-22 11:19:04,219 [INFO] IPUIPlugin:80 - create IPUIPlugin
2025-10-22 11:19:04,220 [INFO] PluginManager:220 - loadIPPluginJar : add usart
2025-10-22 11:19:04,221 [INFO] IPUIPlugin:80 - create IPUIPlugin
2025-10-22 11:19:04,221 [INFO] PluginManager:220 - loadIPPluginJar : add lorawan
2025-10-22 11:19:04,224 [INFO] IPUIPlugin:80 - create IPUIPlugin
2025-10-22 11:19:04,224 [INFO] PluginManager:220 - loadIPPluginJar : add adc
2025-10-22 11:19:04,227 [INFO] IPUIPlugin:80 - create IPUIPlugin
2025-10-22 11:19:04,227 [INFO] PluginManager:220 - loadIPPluginJar : add linkedlist
2025-10-22 11:19:04,228 [INFO] IPUIPlugin:80 - create IPUIPlugin
2025-10-22 11:19:04,228 [INFO] PluginManager:220 - loadIPPluginJar : add ipddr
2025-10-22 11:19:04,229 [INFO] IPUIPlugin:80 - create IPUIPlugin
2025-10-22 11:19:04,230 [INFO] PluginManager:220 - loadIPPluginJar : add dma3
2025-10-22 11:19:04,231 [INFO] IPUIPlugin:80 - create IPUIPlugin
2025-10-22 11:19:04,231 [INFO] PluginManager:220 - loadIPPluginJar : add nvic
2025-10-22 11:19:04,232 [INFO] IPUIPlugin:80 - create IPUIPlugin
2025-10-22 11:19:04,232 [INFO] PluginManager:220 - loadIPPluginJar : add sai
2025-10-22 11:19:04,233 [INFO] IPUIPlugin:80 - create IPUIPlugin
2025-10-22 11:19:04,234 [INFO] PluginManager:220 - loadIPPluginJar : add gfxmmu
2025-10-22 11:19:04,237 [INFO] IPUIPlugin:80 - create IPUIPlugin
2025-10-22 11:19:04,237 [INFO] PluginManager:220 - loadIPPluginJar : add dma
2025-10-22 11:19:04,240 [INFO] IPUIPlugin:80 - create IPUIPlugin
2025-10-22 11:19:04,240 [INFO] PluginManager:220 - loadIPPluginJar : add freertos
2025-10-22 11:19:04,241 [INFO] IPUIPlugin:80 - create IPUIPlugin
2025-10-22 11:19:04,242 [INFO] PluginManager:220 - loadIPPluginJar : add touchsensing
2025-10-22 11:19:04,329 [INFO] CADModel:165 - CPN selected for project level
2025-10-22 11:19:04,329 [INFO] CADModel:114 - Register for checkConnection events
2025-10-22 11:19:04,330 [FATAL] Updater:308 - Updater called before beeing initialized
2025-10-22 11:19:04,330 [ERROR] CADModel:125 - Updater not yet initialized, retry later 
2025-10-22 11:19:04,414 [INFO] CADModel:165 - CPN selected for project level
2025-10-22 11:19:04,414 [INFO] CADModel:114 - Register for checkConnection events
2025-10-22 11:19:04,414 [FATAL] Updater:308 - Updater called before beeing initialized
2025-10-22 11:19:04,414 [ERROR] CADModel:125 - Updater not yet initialized, retry later 
2025-10-22 11:19:04,417 [FATAL] Updater:308 - Updater called before beeing initialized
2025-10-22 11:19:04,482 [FATAL] Updater:308 - Updater called before beeing initialized
2025-10-22 11:19:04,487 [INFO] DbMcusAds:53 - JSON generation date=Thu Oct 02 15:06:05 IST 2025 (1759397765645)
2025-10-22 11:19:04,487 [FATAL] Updater:308 - Updater called before beeing initialized
2025-10-22 11:19:04,511 [WARN] DetailPanel:346 - Failed to get advertising image, set to default
2025-10-22 11:19:04,571 [FATAL] Updater:308 - Updater called before beeing initialized
2025-10-22 11:19:04,572 [FATAL] Updater:308 - Updater called before beeing initialized
2025-10-22 11:19:04,572 [FATAL] Updater:308 - Updater called before beeing initialized
2025-10-22 11:19:04,572 [WARN] DetailPanel:346 - Failed to get advertising image, set to default
2025-10-22 11:19:04,573 [FATAL] Updater:308 - Updater called before beeing initialized
2025-10-22 11:19:04,600 [ERROR] Updater:1120 - MainUpdater not yet initialized. External WinMGr cannot be set.
2025-10-22 11:19:04,602 [INFO] Updater:1056 - Updater Version found : 6.9.2
2025-10-22 11:19:04,615 [INFO] ApplicationProperties:184 - Using Application install path: /opt/st/stm32cubeide_1.13.2/plugins/com.st.stm32cube.common.mx_6.9.2.202309101412
2025-10-22 11:19:05,328 [INFO] MainUpdater:2868 - connection check result : 10
2025-10-22 11:19:05,329 [INFO] MainUpdater:285 - Updater Check For Update Now.
2025-10-22 11:19:05,329 [INFO] MicroXplorer:498 - Change Database Version : DB.6.0.92
2025-10-22 11:19:05,333 [INFO] McuFinderGlobals:63 - Set McuFinder mode to 2 (CubeIDE integrated)
2025-10-22 11:19:05,483 [INFO] CheckServerUpdateThread:120 - End of CheckServer Thread
2025-10-22 11:19:06,963 [WARN] PackLoader:240 - Cannot read IP mode file for STMicroelectronics.FP-SNS-MOTENVWB1.1.4.0
2025-10-22 11:19:06,966 [WARN] PackLoader:240 - Cannot read IP mode file for STMicroelectronics.FP-ATR-ASTRA1.2.0.2
2025-10-22 11:19:06,969 [WARN] PackLoader:240 - Cannot read IP mode file for STMicroelectronics.FP-ATR-ASTRA1.2.0.1
2025-10-22 11:19:06,972 [WARN] PackLoader:240 - Cannot read IP mode file for STMicroelectronics.X-CUBE-SMBUS.2.1.0
2025-10-22 11:19:06,975 [WARN] PackLoader:240 - Cannot read IP mode file for STMicroelectronics.X-CUBE-WB05N.1.1.0
2025-10-22 11:19:06,978 [ERROR] Engine:466 - /home/sunbeam/.stm32cubemx/thirdparties/pdsc/STMicroelectronics.X-CUBE-ST60.1.0.0.pdsc: PDSC version is not supported
2025-10-22 11:19:06,980 [WARN] PackLoader:240 - Cannot read IP mode file for STMicroelectronics.X-CUBE-TOUCHGFX.4.23.0
2025-10-22 11:19:06,994 [WARN] PackLoader:240 - Cannot read IP mode file for STMicroelectronics.X-CUBE-AZRTOS-F7.1.1.0
2025-10-22 11:19:06,999 [WARN] PackLoader:240 - Cannot read IP mode file for STMicroelectronics.FP-SNS-MOTENV1.4.3.2
2025-10-22 11:19:07,031 [WARN] PackLoader:240 - Cannot read IP mode file for STMicroelectronics.X-CUBE-MEMS1.11.0.0
2025-10-22 11:19:07,112 [WARN] PackLoader:240 - Cannot read IP mode file for STMicroelectronics.FP-SNS-FLIGHT1.5.0.2
2025-10-22 11:19:07,123 [WARN] PackLoader:240 - Cannot read IP mode file for STMicroelectronics.X-CUBE-AZRTOS-H7.3.4.0
2025-10-22 11:19:07,132 [WARN] PackLoader:240 - Cannot read IP mode file for STMicroelectronics.X-CUBE-DISPLAY.3.0.0
2025-10-22 11:19:07,139 [WARN] PackLoader:240 - Cannot read IP mode file for STMicroelectronics.X-CUBE-BLE1.7.0.0
2025-10-22 11:19:07,145 [WARN] PackLoader:240 - Cannot read IP mode file for STMicroelectronics.X-CUBE-NFC10.1.0.0
2025-10-22 11:19:07,150 [ERROR] Engine:466 - /home/sunbeam/.stm32cubemx/thirdparties/pdsc/STMicroelectronics.X-CUBE-BLEMGR.4.0.0.pdsc: PDSC version is not supported
2025-10-22 11:19:07,152 [ERROR] Engine:466 - /home/sunbeam/.stm32cubemx/thirdparties/pdsc/STMicroelectronics.X-CUBE-ST60.1.1.0.pdsc: PDSC version is not supported
2025-10-22 11:19:07,155 [WARN] PackLoader:240 - Cannot read IP mode file for emotas.I-CUBE-CANOPEN.1.3.0
2025-10-22 11:19:07,157 [WARN] PackLoader:240 - Cannot read IP mode file for STMicroelectronics.X-CUBE-TOUCHGFX.4.22.1
2025-10-22 11:19:07,173 [WARN] PackLoader:240 - Cannot read IP mode file for STMicroelectronics.X-CUBE-BLEMGR.3.1.0
2025-10-22 11:19:07,178 [ERROR] Engine:466 - /home/sunbeam/.stm32cubemx/thirdparties/pdsc/STMicroelectronics.FP-SNS-STBOX1.2.1.0.pdsc: PDSC version is not supported
2025-10-22 11:19:07,180 [ERROR] Engine:466 - /home/sunbeam/.stm32cubemx/thirdparties/pdsc/STMicroelectronics.FP-SNS-FLIGHT1.5.1.0.pdsc: PDSC version is not supported
2025-10-22 11:19:07,212 [WARN] PackLoader:240 - Cannot read IP mode file for STMicroelectronics.X-CUBE-MEMS1.11.1.0
2025-10-22 11:19:07,281 [INFO] LogOutputStream:77 - [STDOUT_REDIRECT] 1 : Invalid condition id : UX_CORESTACK_Condition cause : null
2025-10-22 11:19:07,282 [INFO] LogOutputStream:77 - [STDOUT_REDIRECT] 1 : Invalid condition id : UX_CORESTACK_Condition cause : null
2025-10-22 11:19:07,282 [INFO] LogOutputStream:77 - [STDOUT_REDIRECT] 1 : Invalid condition id : UX_CORESTACK_Condition cause : null
2025-10-22 11:19:07,283 [INFO] LogOutputStream:77 - [STDOUT_REDIRECT] 1 : Invalid condition id : UX_CORESTACK_Condition cause : null
2025-10-22 11:19:07,283 [INFO] LogOutputStream:77 - [STDOUT_REDIRECT] 1 : Invalid condition id : UX_CORESTACK_Condition cause : null
2025-10-22 11:19:07,285 [WARN] PackLoader:240 - Cannot read IP mode file for STMicroelectronics.X-CUBE-AZRTOS-WL.2.0.0
2025-10-22 11:19:07,289 [WARN] PackLoader:240 - Cannot read IP mode file for STMicroelectronics.FP-SNS-MOTENV1.5.0.0
2025-10-22 11:19:07,293 [WARN] PackLoader:240 - Cannot read IP mode file for wolfSSL.I-CUBE-wolfMQTT.1.19.0
2025-10-22 11:19:07,298 [WARN] PackLoader:240 - Cannot read IP mode file for WES.I-CUBE-Cesium.1.3.0
2025-10-22 11:19:07,301 [WARN] PackLoader:240 - Cannot read IP mode file for STMicroelectronics.X-CUBE-BLE2.3.3.0
2025-10-22 11:19:07,306 [WARN] PackLoader:240 - Cannot read IP mode file for STMicroelectronics.X-CUBE-NFC9.1.0.0
2025-10-22 11:19:07,311 [WARN] PackLoader:240 - Cannot read IP mode file for STMicroelectronics.X-CUBE-BLE1.7.1.0
2025-10-22 11:19:07,315 [WARN] PackLoader:240 - Cannot read IP mode file for STMicroelectronics.X-CUBE-TCPP.4.1.0
2025-10-22 11:19:07,323 [WARN] PackLoader:240 - Cannot read IP mode file for STMicroelectronics.X-CUBE-EEPRMA1.5.2.0
2025-10-22 11:19:07,328 [ERROR] Engine:466 - /home/sunbeam/.stm32cubemx/thirdparties/pdsc/STMicroelectronics.X-CUBE-ST67W61.1.1.0.pdsc: PDSC version is not supported
2025-10-22 11:19:07,331 [WARN] PackLoader:240 - Cannot read IP mode file for STMicroelectronics.X-CUBE-ALGOBUILD.1.3.0
2025-10-22 11:19:07,342 [WARN] PackLoader:240 - Cannot read IP mode file for STMicroelectronics.X-CUBE-AZRTOS-G0.1.1.0
2025-10-22 11:19:07,346 [WARN] PackLoader:240 - Cannot read IP mode file for STMicroelectronics.X-CUBE-SAFEA1.1.2.2
2025-10-22 11:19:07,349 [WARN] PackLoader:240 - Cannot read IP mode file for STMicroelectronics.X-CUBE-NFC4.3.0.0
2025-10-22 11:19:07,351 [ERROR] Engine:466 - /home/sunbeam/.stm32cubemx/thirdparties/pdsc/EmbeddedOffice.I-CUBE-FS-RTOS.1.0.1.pdsc: PDSC version is not supported
2025-10-22 11:19:07,353 [WARN] PackLoader:240 - Cannot read IP mode file for STMicroelectronics.X-CUBE-WB05N.2.0.0
2025-10-22 11:19:07,357 [WARN] PackLoader:240 - Cannot read IP mode file for STMicroelectronics.X-CUBE-BLEMGR.3.0.0
2025-10-22 11:19:07,360 [ERROR] Engine:466 - /home/sunbeam/.stm32cubemx/thirdparties/pdsc/STMicroelectronics.X-CUBE-TCPP.4.2.0.pdsc: PDSC version is not supported
2025-10-22 11:19:07,361 [ERROR] Engine:466 - /home/sunbeam/.stm32cubemx/thirdparties/pdsc/RealThread.X-CUBE-RT-Thread_Nano.4.1.1.pdsc: PDSC version is not supported
2025-10-22 11:19:07,363 [WARN] PackLoader:240 - Cannot read IP mode file for STMicroelectronics.FP-ATR-SIGFOX1.3.2.0
2025-10-22 11:19:07,365 [ERROR] Engine:466 - /home/sunbeam/.stm32cubemx/thirdparties/pdsc/quantropi.X-CUBE-qispace-sdk-base.1.9.3.pdsc: PDSC version is not supported
2025-10-22 11:19:07,367 [WARN] PackLoader:240 - Cannot read IP mode file for STMicroelectronics.X-CUBE-EEPRMA1.5.1.0
2025-10-22 11:19:07,370 [ERROR] Engine:466 - /home/sunbeam/.stm32cubemx/thirdparties/pdsc/STMicroelectronics.X-CUBE-ST67W61.1.0.0.pdsc: PDSC version is not supported
2025-10-22 11:19:07,371 [WARN] PackLoader:240 - Cannot read IP mode file for STMicroelectronics.X-CUBE-AI.10.2.0
2025-10-22 11:19:07,388 [WARN] PackLoader:240 - Cannot read IP mode file for SEGGER.I-CUBE-embOS.1.3.1
2025-10-22 11:19:07,422 [WARN] PackLoader:240 - Cannot read IP mode file for STMicroelectronics.X-CUBE-ALGOBUILD.1.4.0
2025-10-22 11:19:07,448 [WARN] PackLoader:240 - Cannot read IP mode file for STMicroelectronics.X-CUBE-MEMS1.11.3.0
2025-10-22 11:19:07,515 [WARN] PackLoader:240 - Cannot read IP mode file for STMicroelectronics.X-CUBE-AI.9.1.0
2025-10-22 11:19:07,517 [WARN] PackLoader:240 - Cannot read IP mode file for STMicroelectronics.X-CUBE-PM33A1.1.0.0
2025-10-22 11:19:07,519 [WARN] PackLoader:240 - Cannot read IP mode file for STMicroelectronics.X-CUBE-GNSS1.6.0.0
2025-10-22 11:19:07,527 [WARN] PackLoader:240 - Cannot read IP mode file for STMicroelectronics.X-CUBE-AZRTOS-F4.1.1.0
2025-10-22 11:19:07,530 [WARN] PackLoader:240 - Cannot read IP mode file for wolfSSL.I-CUBE-wolfSSL.5.6.4
2025-10-22 11:19:07,531 [ERROR] Engine:466 - /home/sunbeam/.stm32cubemx/thirdparties/pdsc/Avnet-IotConnect.X-CUBE-IoTC-DA16k-PMOD.1.0.0.pdsc: PDSC version is not supported
2025-10-22 11:19:07,533 [WARN] PackLoader:240 - Cannot read IP mode file for STMicroelectronics.X-CUBE-ISPU.2.1.0
2025-10-22 11:19:07,536 [ERROR] Engine:466 - /home/sunbeam/.stm32cubemx/thirdparties/pdsc/STMicroelectronics.X-CUBE-IPS.3.2.0.pdsc: PDSC version is not supported
2025-10-22 11:19:07,538 [WARN] PackLoader:240 - Cannot read IP mode file for STMicroelectronics.X-CUBE-FREERTOS.1.2.0
2025-10-22 11:19:07,541 [WARN] PackLoader:240 - Cannot read IP mode file for STMicroelectronics.X-CUBE-NFC12.1.0.0
2025-10-22 11:19:07,549 [WARN] PackLoader:240 - Cannot read IP mode file for STMicroelectronics.X-CUBE-AZRTOS-L5.2.0.0
2025-10-22 11:19:07,569 [WARN] PackLoader:240 - Cannot read IP mode file for STMicroelectronics.X-CUBE-MEMS1.9.6.0
2025-10-22 11:19:07,639 [WARN] PackLoader:240 - Cannot read IP mode file for STMicroelectronics.X-CUBE-EEPRMA1.4.2.0
2025-10-22 11:19:07,643 [WARN] PackLoader:240 - Cannot read IP mode file for STMicroelectronics.X-CUBE-NFC6.3.1.0
2025-10-22 11:19:07,646 [WARN] PackLoader:240 - Cannot read IP mode file for ITTIA_DB.I-CUBE-ITTIADB.8.8.0
2025-10-22 11:19:07,650 [WARN] PackLoader:240 - Cannot read IP mode file for STMicroelectronics.X-CUBE-BLEMGR.2.0.0
2025-10-22 11:19:07,652 [ERROR] Engine:466 - /home/sunbeam/.stm32cubemx/thirdparties/pdsc/STMicroelectronics.X-CUBE-DPower.1.2.0.pdsc: PDSC version is not supported
2025-10-22 11:19:07,654 [WARN] PackLoader:240 - Cannot read IP mode file for STMicroelectronics.X-CUBE-AI.9.0.0
2025-10-22 11:19:07,661 [WARN] ConditionMgr:438 - getConditionDescription Invalid condition id : UX DEVICE CLASS RTOS Condition cause : null
2025-10-22 11:19:07,662 [WARN] ConditionMgr:438 - getConditionDescription Invalid condition id : UX DEVICE CLASS RTOS Condition cause : null
2025-10-22 11:19:07,663 [WARN] PackLoader:240 - Cannot read IP mode file for STMicroelectronics.X-CUBE-AZRTOS-H7.3.1.0
2025-10-22 11:19:07,664 [WARN] ConditionMgr:1039 - genDependencies : Invalid condition id : UX DEVICE CLASS RTOS Condition cause : null
2025-10-22 11:19:07,664 [WARN] ConditionMgr:1039 - genDependencies : Invalid condition id : UX DEVICE CLASS RTOS Condition cause : null
2025-10-22 11:19:07,664 [WARN] ConditionMgr:1039 - genDependencies : Invalid condition id : UX DEVICE CLASS RTOS Condition cause : null
2025-10-22 11:19:07,664 [WARN] ConditionMgr:1039 - genDependencies : Invalid condition id : UX DEVICE CLASS RTOS Condition cause : null
2025-10-22 11:19:07,664 [WARN] ConditionMgr:1039 - genDependencies : Invalid condition id : UX DEVICE CLASS RTOS Condition cause : null
2025-10-22 11:19:07,668 [WARN] PackLoader:240 - Cannot read IP mode file for STMicroelectronics.X-CUBE-FREERTOS.1.3.1
2025-10-22 11:19:07,670 [WARN] PackLoader:240 - Cannot read IP mode file for STMicroelectronics.X-CUBE-FREERTOS.1.3.0
2025-10-22 11:19:07,672 [WARN] PackLoader:240 - Cannot read IP mode file for STMicroelectronics.X-CUBE-NFC7.1.0.1
2025-10-22 11:19:07,674 [WARN] PackLoader:240 - Cannot read IP mode file for STMicroelectronics.X-CUBE-TOUCHGFX.4.26.0
2025-10-22 11:19:07,677 [WARN] PackLoader:240 - Cannot read IP mode file for STMicroelectronics.X-CUBE-NFC6.3.0.0
2025-10-22 11:19:07,680 [WARN] PackLoader:240 - Cannot read IP mode file for STMicroelectronics.X-CUBE-EEPRMA1.4.1.0
2025-10-22 11:19:07,682 [ERROR] Engine:466 - /home/sunbeam/.stm32cubemx/thirdparties/pdsc/STMicroelectronics.FP-SNS-STAIOTCFT.1.0.0.pdsc: PDSC version is not supported
2025-10-22 11:19:07,683 [ERROR] Engine:466 - /home/sunbeam/.stm32cubemx/thirdparties/pdsc/STMicroelectronics.X-CUBE-DPower.1.3.0.pdsc: PDSC version is not supported
2025-10-22 11:19:07,684 [WARN] PackLoader:240 - Cannot read IP mode file for STMicroelectronics.X-CUBE-AI.8.1.0
2025-10-22 11:19:07,693 [WARN] ConditionMgr:438 - getConditionDescription Invalid condition id : LAN8742 Phy interface Condition cause : null
2025-10-22 11:19:07,693 [WARN] PackLoader:240 - Cannot read IP mode file for STMicroelectronics.X-CUBE-AZRTOS-L4.2.0.0
2025-10-22 11:19:07,694 [WARN] ConditionMgr:1039 - genDependencies : Invalid condition id : LAN8742 Phy interface Condition cause : null
2025-10-22 11:19:07,694 [WARN] ConditionMgr:1039 - genDependencies : Invalid condition id : LAN8742 Phy interface Condition cause : null
2025-10-22 11:19:07,694 [WARN] ConditionMgr:1039 - genDependencies : Invalid condition id : LAN8742 Phy interface Condition cause : null
2025-10-22 11:19:07,701 [WARN] PackLoader:240 - Cannot read IP mode file for STMicroelectronics.X-CUBE-SFXS2LP1.4.0.0
2025-10-22 11:19:07,703 [WARN] PackLoader:240 - Cannot read IP mode file for STMicroelectronics.X-CUBE-ISPU.1.1.0
2025-10-22 11:19:07,714 [WARN] PackLoader:240 - Cannot read IP mode file for STMicroelectronics.X-CUBE-AZRTOS-H7.3.3.0
2025-10-22 11:19:07,718 [ERROR] Engine:466 - /home/sunbeam/.stm32cubemx/thirdparties/pdsc/STMicroelectronics.X-CUBE-BLEMGR.4.1.0.pdsc: PDSC version is not supported
2025-10-22 11:19:07,720 [ERROR] Engine:466 - /home/sunbeam/.stm32cubemx/thirdparties/pdsc/STMicroelectronics.X-CUBE-IPS.3.0.0.pdsc: PDSC version is not supported
2025-10-22 11:19:07,726 [WARN] ConditionMgr:438 - getConditionDescription Invalid condition id : UX DEVICE CLASS RTOS Condition cause : null
2025-10-22 11:19:07,726 [WARN] ConditionMgr:438 - getConditionDescription Invalid condition id : UX DEVICE CLASS RTOS Condition cause : null
2025-10-22 11:19:07,727 [WARN] PackLoader:240 - Cannot read IP mode file for STMicroelectronics.X-CUBE-AZRTOS-WB.2.0.0
2025-10-22 11:19:07,728 [WARN] ConditionMgr:1039 - genDependencies : Invalid condition id : UX DEVICE CLASS RTOS Condition cause : null
2025-10-22 11:19:07,728 [WARN] ConditionMgr:1039 - genDependencies : Invalid condition id : UX DEVICE CLASS RTOS Condition cause : null
2025-10-22 11:19:07,728 [WARN] ConditionMgr:1039 - genDependencies : Invalid condition id : UX DEVICE CLASS RTOS Condition cause : null
2025-10-22 11:19:07,728 [WARN] ConditionMgr:1039 - genDependencies : Invalid condition id : UX DEVICE CLASS RTOS Condition cause : null
2025-10-22 11:19:07,728 [WARN] ConditionMgr:1039 - genDependencies : Invalid condition id : UX DEVICE CLASS RTOS Condition cause : null
2025-10-22 11:19:07,731 [WARN] PackLoader:240 - Cannot read IP mode file for STMicroelectronics.X-CUBE-GNSS1.7.0.0
2025-10-22 11:19:07,734 [WARN] PackLoader:240 - Cannot read IP mode file for STMicroelectronics.X-CUBE-GNSS1.7.0.1
2025-10-22 11:19:07,735 [WARN] PackLoader:240 - Cannot read IP mode file for STMicroelectronics.X-CUBE-TOUCHGFX.4.25.0
2025-10-22 11:19:07,737 [ERROR] Engine:466 - /home/sunbeam/.stm32cubemx/thirdparties/pdsc/STMicroelectronics.FP-SNS-STBOX1.2.0.0.pdsc: PDSC version is not supported
2025-10-22 11:19:07,741 [WARN] PackLoader:240 - Cannot read IP mode file for STMicroelectronics.X-CUBE-SUBG2.5.0.0
2025-10-22 11:19:07,753 [WARN] PackLoader:240 - Cannot read IP mode file for STMicroelectronics.X-CUBE-AZRTOS-H7RS.1.1.0
2025-10-22 11:19:07,756 [WARN] PackLoader:240 - Cannot read IP mode file for Cesanta.I-CUBE-Mongoose.7.13.0
2025-10-22 11:19:07,760 [WARN] PackLoader:240 - Cannot read IP mode file for STMicroelectronics.X-CUBE-TOF1.3.3.1
2025-10-22 11:19:07,770 [WARN] PackLoader:240 - Cannot read IP mode file for STMicroelectronics.X-CUBE-AZRTOS-G4.2.0.0
2025-10-22 11:19:07,776 [WARN] PackLoader:240 - Cannot read IP mode file for Infineon.AIROC-Wi-Fi-Bluetooth-STM32.1.5.1
2025-10-22 11:19:07,779 [WARN] PackLoader:240 - Cannot read IP mode file for STMicroelectronics.X-CUBE-NFC7.2.0.0
2025-10-22 11:19:07,781 [WARN] PackLoader:240 - Cannot read IP mode file for STMicroelectronics.FP-SNS-MOTENVWB1.1.3.1
2025-10-22 11:19:07,783 [WARN] PackLoader:240 - Cannot read IP mode file for STMicroelectronics.X-CUBE-ISPU.2.0.0
2025-10-22 11:19:07,786 [ERROR] Engine:466 - /home/sunbeam/.stm32cubemx/thirdparties/pdsc/STMicroelectronics.X-CUBE-IPS.3.1.0.pdsc: PDSC version is not supported
2025-10-22 11:19:07,788 [WARN] PackLoader:240 - Cannot read IP mode file for STMicroelectronics.X-CUBE-ALS.1.0.2
2025-10-22 11:19:07,805 [WARN] PackLoader:240 - Cannot read IP mode file for STMicroelectronics.X-CUBE-MEMS1.10.0.0
2025-10-22 11:19:07,886 [WARN] PackLoader:240 - Cannot read IP mode file for STMicroelectronics.X-CUBE-FREERTOS.1.1.0
2025-10-22 11:19:07,888 [WARN] PackLoader:240 - Cannot read IP mode file for STMicroelectronics.X-CUBE-TOUCHGFX.4.24.0
2025-10-22 11:19:07,890 [WARN] PackLoader:240 - Cannot read IP mode file for STMicroelectronics.X-CUBE-TOUCHGFX.4.24.2
2025-10-22 11:19:07,892 [WARN] PackLoader:240 - Cannot read IP mode file for STMicroelectronics.X-CUBE-TOUCHGFX.4.24.1
2025-10-22 11:19:07,896 [WARN] PackLoader:240 - Cannot read IP mode file for STMicroelectronics.X-CUBE-STSE01.1.0.0
2025-10-22 11:19:07,900 [WARN] PackLoader:240 - Cannot read IP mode file for wolfSSL.I-CUBE-wolfTPM.3.4.0
2025-10-22 11:19:07,903 [WARN] PackLoader:240 - Cannot read IP mode file for portGmbH.I-Cube-SoM-uGOAL.1.1.0
2025-10-22 11:19:07,905 [WARN] PackLoader:240 - Cannot read IP mode file for STMicroelectronics.X-CUBE-ALS.1.0.1
2025-10-22 11:19:07,918 [WARN] PackLoader:240 - Cannot read IP mode file for STMicroelectronics.X-CUBE-AZRTOS-H7RS.1.0.0
2025-10-22 11:19:07,922 [WARN] PackLoader:240 - Cannot read IP mode file for STMicroelectronics.FP-ATR-ASTRA1.2.0.0
2025-10-22 11:19:07,926 [ERROR] Engine:466 - /home/sunbeam/.stm32cubemx/thirdparties/pdsc/STMicroelectronics.X-CUBE-TOF1.3.4.2.pdsc: PDSC version is not supported
2025-10-22 11:19:07,929 [ERROR] Engine:466 - /home/sunbeam/.stm32cubemx/thirdparties/pdsc/STMicroelectronics.X-CUBE-TOF1.3.4.3.pdsc: PDSC version is not supported
2025-10-22 11:19:07,935 [WARN] PackLoader:240 - Cannot read IP mode file for STMicroelectronics.X-CUBE-TOF1.3.4.0
2025-10-22 11:19:07,955 [WARN] PackLoader:240 - Cannot read IP mode file for STMicroelectronics.X-CUBE-AZRTOS-H7.3.2.0
2025-10-22 11:19:07,959 [WARN] PackLoader:240 - Cannot read IP mode file for wolfSSL.I-CUBE-wolfSSH.1.4.17
2025-10-22 11:19:07,960 [INFO] ThirdParty:978 - Integrity check success = true
2025-10-22 11:19:07,960 [INFO] IntegrityCheckThread:100 - exiting critical section [integrity check]
2025-10-22 11:19:07,960 [INFO] IntegrityCheckThread:103 - End integrity checks thread
2025-10-22 11:19:25,505 [ERROR] LogOutputStream:75 - [STDERR_REDIRECT] SLF4J: Failed to load class "org.slf4j.impl.StaticLoggerBinder".
2025-10-22 11:19:25,505 [ERROR] LogOutputStream:75 - [STDERR_REDIRECT] SLF4J: Defaulting to no-operation (NOP) logger implementation
2025-10-22 11:19:25,505 [ERROR] LogOutputStream:75 - [STDERR_REDIRECT] SLF4J: See http://www.slf4j.org/codes.html#StaticLoggerBinder for further details.
2025-10-22 11:21:16,311 [INFO] Activator:176 - 


2025-10-22 11:21:16,314 [INFO] Activator:177 - !SESSION log4j initialized
2025-10-22 11:21:18,010 [INFO] LogOutputStream:77 - [STDOUT_REDIRECT] 
2025-10-22 11:21:19,316 [INFO] ApplicationProperties:184 - Using Application install path: /opt/st/stm32cubeide_1.13.2/plugins/com.st.stm32cube.common.mx_6.9.2.202309101412
2025-10-22 11:21:19,331 [INFO] DbMcusXml:78 - Set database path to: /opt/st/stm32cubeide_1.13.2/plugins/com.st.stm32cube.common.mx_6.9.2.202309101412//db//mcu/
2025-10-22 11:21:19,332 [INFO] ApiDb:274 - Set plugin database path to: /opt/st/stm32cubeide_1.13.2/plugins/com.st.stm32cube.common.mx_6.9.2.202309101412//db//plugins/boardmanager/
2025-10-22 11:21:19,332 [WARN] ApiDb:259 - Overriding images path with different value:  => /opt/st/stm32cubeide_1.13.2/plugins/com.st.stm32cube.common.mx_6.9.2.202309101412//db//plugins/mcufinder/images/
2025-10-22 11:21:19,340 [INFO] ApiDb:250 - Set database path to: /home/sunbeam/.stmcufinder/plugins/mcufinder//mcu/
2025-10-22 11:21:19,342 [INFO] DbMcusAds:125 - Set database path to: /home/sunbeam/.stmcufinder/plugins/mcufinder//mcu/
2025-10-22 11:21:19,344 [INFO] CrossReferenceDbSqlite:203 - Set database path to: /home/sunbeam/.stmcufinder/plugins/mcufinder//mcu/cs/
2025-10-22 11:21:19,430 [INFO] RulesReader:64 - Compatibility file has been processed (293 Rules)
2025-10-22 11:21:19,468 [INFO] DbMcusXml:78 - Set database path to: /opt/st/stm32cubeide_1.13.2/plugins/com.st.stm32cube.common.mx_6.9.2.202309101412//db//mcu/
2025-10-22 11:21:19,468 [INFO] ApiDb:274 - Set plugin database path to: /opt/st/stm32cubeide_1.13.2/plugins/com.st.stm32cube.common.mx_6.9.2.202309101412//db//plugins/boardmanager/
2025-10-22 11:21:19,468 [INFO] ApiDb:261 - Set plugin images path to: /opt/st/stm32cubeide_1.13.2/plugins/com.st.stm32cube.common.mx_6.9.2.202309101412//db//plugins/mcufinder/images/
2025-10-22 11:21:19,469 [WARN] DbFile:41 - Overriding database path with different value: /home/sunbeam/.stmcufinder/plugins/mcufinder/ => /home/sunbeam/.stmcufinder/plugins/mcufinder
2025-10-22 11:21:19,469 [INFO] ApiDb:250 - Set database path to: /home/sunbeam/.stmcufinder/plugins/mcufinder//mcu/
2025-10-22 11:21:19,469 [WARN] DbFile:41 - Overriding database path with different value: /home/sunbeam/.stmcufinder/plugins/mcufinder/ => /home/sunbeam/.stmcufinder/plugins/mcufinder
2025-10-22 11:21:19,469 [INFO] DbMcusAds:125 - Set database path to: /home/sunbeam/.stmcufinder/plugins/mcufinder//mcu/
2025-10-22 11:21:19,469 [WARN] DbFile:41 - Overriding database path with different value: /home/sunbeam/.stmcufinder/plugins/mcufinder/ => /home/sunbeam/.stmcufinder/plugins/mcufinder
2025-10-22 11:21:19,469 [WARN] DbFile:41 - Overriding database path with different value: /home/sunbeam/.stmcufinder/plugins/mcufinder/ => /home/sunbeam/.stmcufinder/plugins/mcufinder
2025-10-22 11:21:19,469 [INFO] CrossReferenceDbSqlite:203 - Set database path to: /home/sunbeam/.stmcufinder/plugins/mcufinder//mcu/cs/
2025-10-22 11:21:19,514 [INFO] MainPanel:262 - HeapMemory: 268435456
2025-10-22 11:21:19,563 [INFO] DbMcusXml:78 - Set database path to: /opt/st/stm32cubeide_1.13.2/plugins/com.st.stm32cube.common.mx_6.9.2.202309101412//db//mcu/
2025-10-22 11:21:19,563 [INFO] ApiDb:274 - Set plugin database path to: /opt/st/stm32cubeide_1.13.2/plugins/com.st.stm32cube.common.mx_6.9.2.202309101412//db//plugins/boardmanager/
2025-10-22 11:21:19,563 [INFO] ApiDb:261 - Set plugin images path to: /opt/st/stm32cubeide_1.13.2/plugins/com.st.stm32cube.common.mx_6.9.2.202309101412//db//plugins/mcufinder/images/
2025-10-22 11:21:19,564 [WARN] DbFile:41 - Overriding database path with different value: /home/sunbeam/.stmcufinder/plugins/mcufinder/ => /home/sunbeam/.stmcufinder/plugins/mcufinder
2025-10-22 11:21:19,564 [INFO] ApiDb:250 - Set database path to: /home/sunbeam/.stmcufinder/plugins/mcufinder//mcu/
2025-10-22 11:21:19,564 [WARN] DbFile:41 - Overriding database path with different value: /home/sunbeam/.stmcufinder/plugins/mcufinder/ => /home/sunbeam/.stmcufinder/plugins/mcufinder
2025-10-22 11:21:19,564 [INFO] DbMcusAds:125 - Set database path to: /home/sunbeam/.stmcufinder/plugins/mcufinder//mcu/
2025-10-22 11:21:19,564 [WARN] DbFile:41 - Overriding database path with different value: /home/sunbeam/.stmcufinder/plugins/mcufinder/ => /home/sunbeam/.stmcufinder/plugins/mcufinder
2025-10-22 11:21:19,564 [WARN] DbFile:41 - Overriding database path with different value: /home/sunbeam/.stmcufinder/plugins/mcufinder/ => /home/sunbeam/.stmcufinder/plugins/mcufinder
2025-10-22 11:21:19,564 [INFO] CrossReferenceDbSqlite:203 - Set database path to: /home/sunbeam/.stmcufinder/plugins/mcufinder//mcu/cs/
2025-10-22 11:21:19,577 [INFO] ApplicationProperties:184 - Using Application install path: /opt/st/stm32cubeide_1.13.2/plugins/com.st.stm32cube.common.mx_6.9.2.202309101412
2025-10-22 11:21:19,579 [INFO] PluginManage:196 - Search for loadable plugins [exclusion list=, ]
2025-10-22 11:21:19,580 [INFO] PluginManage:310 - Check plugin analytics
2025-10-22 11:21:19,681 [INFO] AnalyticsPlugin:253 - Accepted Software Licenses: 
2025-10-22 11:21:19,682 [INFO] AnalyticsPlugin:255 - Accepted CMSIS Pack Licenses: 
2025-10-22 11:21:19,682 [INFO] AnalyticsPlugin:257 - Accepted Firmware Licenses: 
2025-10-22 11:21:19,684 [INFO] PluginManage:359 - Loaded plugin analytics (category:tool,tabindex:-1)
2025-10-22 11:21:19,684 [INFO] PluginManage:310 - Check plugin cadmodel
2025-10-22 11:21:19,709 [INFO] CADModel:105 - Init CAD model plugin
2025-10-22 11:21:19,710 [INFO] PluginManage:359 - Loaded plugin cadmodel (category:power,tabindex:5)
2025-10-22 11:21:19,710 [INFO] PluginManage:310 - Check plugin clock
2025-10-22 11:21:19,718 [INFO] PluginManage:359 - Loaded plugin clock (category:base,tabindex:2)
2025-10-22 11:21:19,718 [INFO] PluginManage:310 - Check plugin ddr
2025-10-22 11:21:19,720 [INFO] PluginManage:359 - Loaded plugin ddr (category:tool,tabindex:6)
2025-10-22 11:21:19,720 [INFO] PluginManage:310 - Check plugin filemanager
2025-10-22 11:21:19,800 [INFO] PluginManage:359 - Loaded plugin filemanager (category:base,tabindex:10)
2025-10-22 11:21:19,800 [INFO] PluginManage:310 - Check plugin ipmanager
2025-10-22 11:21:19,803 [INFO] PluginManage:359 - Loaded plugin ipmanager (category:base,tabindex:5)
2025-10-22 11:21:19,804 [INFO] PluginManage:310 - Check plugin lpbam
2025-10-22 11:21:19,809 [INFO] PluginManage:359 - Loaded plugin lpbam (category:base,tabindex:0)
2025-10-22 11:21:19,809 [INFO] PluginManage:310 - Check plugin memorymap
2025-10-22 11:21:19,816 [INFO] PluginManage:359 - Loaded plugin memorymap (category:base,tabindex:4)
2025-10-22 11:21:19,816 [INFO] PluginManage:310 - Check plugin pinoutandconfiguration
2025-10-22 11:21:19,820 [INFO] PluginManage:359 - Loaded plugin pinoutandconfiguration (category:base,tabindex:1)
2025-10-22 11:21:19,820 [INFO] PluginManage:310 - Check plugin pinoutconfig
2025-10-22 11:21:19,868 [WARN] SupportedApi:132 - Cannot load RTOS API schema: s4s-elt-must-match.1: The content of 'definitions' must match (annotation?, (simpleType | complexType)?, (unique | key | keyref)*)). A problem was found starting at: attribute.
2025-10-22 11:21:19,949 [INFO] PluginManage:359 - Loaded plugin pinoutconfig (category:base,tabindex:0)
2025-10-22 11:21:19,949 [INFO] PluginManage:310 - Check plugin power
2025-10-22 11:21:19,954 [INFO] PluginManage:359 - Loaded plugin power (category:power,tabindex:4)
2025-10-22 11:21:19,954 [INFO] PluginManage:310 - Check plugin projectmanager
2025-10-22 11:21:19,966 [INFO] PluginManage:359 - Loaded plugin projectmanager (category:projectmanager,tabindex:3)
2025-10-22 11:21:19,967 [INFO] PluginManage:310 - Check plugin thirdparty
2025-10-22 11:21:20,080 [INFO] PluginManage:359 - Loaded plugin thirdparty (category:base,tabindex:-1)
2025-10-22 11:21:20,080 [WARN] IntegrityCheckThread:84 - waiting for thirdparty lock release [integrity check]
2025-10-22 11:21:20,081 [INFO] IntegrityCheckThread:86 - entering critical section [integrity check]
2025-10-22 11:21:20,081 [INFO] PluginManage:310 - Check plugin tools
2025-10-22 11:21:20,081 [INFO] ThirdPartyUpdaterWithRetryManager:70 - Updater plugin not ready yet. [1/15]
2025-10-22 11:21:20,083 [INFO] PluginManage:359 - Loaded plugin tools (category:base,tabindex:7)
2025-10-22 11:21:20,083 [INFO] PluginManage:310 - Check plugin tutovideos
2025-10-22 11:21:20,187 [INFO] PluginManage:359 - Loaded plugin tutovideos (category:base,tabindex:-1)
2025-10-22 11:21:20,187 [INFO] PluginManage:310 - Check plugin updater
2025-10-22 11:21:20,196 [INFO] PluginManage:359 - Loaded plugin updater (category:base,tabindex:12)
2025-10-22 11:21:20,196 [INFO] PluginManage:310 - Check plugin userauth
2025-10-22 11:21:20,200 [INFO] UserAuth:113 - Init User Auth plugin
2025-10-22 11:21:20,200 [INFO] PluginManage:359 - Loaded plugin userauth (category:base,tabindex:14)
2025-10-22 11:21:20,200 [INFO] PluginManage:283 - PluginManage : Loaded plugins [17]
2025-10-22 11:21:20,309 [INFO] PinOutPanel:1499 - setPackage(No Configuration,No Configuration)
2025-10-22 11:21:20,368 [INFO] CADModel:165 - CPN selected for project level
2025-10-22 11:21:20,368 [INFO] CADModel:114 - Register for checkConnection events
2025-10-22 11:21:20,375 [INFO] IPUIPlugin:80 - create IPUIPlugin
2025-10-22 11:21:20,375 [INFO] PluginManager:220 - loadIPPluginJar : add i2s
2025-10-22 11:21:20,376 [INFO] IPUIPlugin:80 - create IPUIPlugin
2025-10-22 11:21:20,376 [INFO] PluginManager:220 - loadIPPluginJar : add tim
2025-10-22 11:21:20,380 [INFO] IPUIPlugin:80 - create IPUIPlugin
2025-10-22 11:21:20,380 [INFO] PluginManager:220 - loadIPPluginJar : add stm32_wpan
2025-10-22 11:21:20,381 [INFO] IPUIPlugin:80 - create IPUIPlugin
2025-10-22 11:21:20,381 [INFO] PluginManager:220 - loadIPPluginJar : add hash
2025-10-22 11:21:20,382 [INFO] IPUIPlugin:80 - create IPUIPlugin
2025-10-22 11:21:20,382 [INFO] PluginManager:220 - loadIPPluginJar : add openamp
2025-10-22 11:21:20,385 [INFO] IPUIPlugin:80 - create IPUIPlugin
2025-10-22 11:21:20,385 [INFO] PluginManager:220 - loadIPPluginJar : add gic
2025-10-22 11:21:20,387 [INFO] IPUIPlugin:80 - create IPUIPlugin
2025-10-22 11:21:20,387 [INFO] PluginManager:220 - loadIPPluginJar : add resmgrutility
2025-10-22 11:21:20,388 [INFO] IPUIPlugin:80 - create IPUIPlugin
2025-10-22 11:21:20,388 [INFO] PluginManager:220 - loadIPPluginJar : add pdm2pcm
2025-10-22 11:21:20,389 [INFO] IPUIPlugin:80 - create IPUIPlugin
2025-10-22 11:21:20,389 [INFO] PluginManager:220 - loadIPPluginJar : add tsc
2025-10-22 11:21:20,390 [INFO] IPUIPlugin:80 - create IPUIPlugin
2025-10-22 11:21:20,390 [INFO] PluginManager:220 - loadIPPluginJar : add ltdc
2025-10-22 11:21:20,391 [INFO] IPUIPlugin:80 - create IPUIPlugin
2025-10-22 11:21:20,391 [INFO] PluginManager:220 - loadIPPluginJar : add i3c
2025-10-22 11:21:20,393 [INFO] IPUIPlugin:80 - create IPUIPlugin
2025-10-22 11:21:20,393 [INFO] PluginManager:220 - loadIPPluginJar : add usbx
2025-10-22 11:21:20,394 [INFO] IPUIPlugin:80 - create IPUIPlugin
2025-10-22 11:21:20,394 [INFO] PluginManager:220 - loadIPPluginJar : add can
2025-10-22 11:21:20,395 [INFO] IPUIPlugin:80 - create IPUIPlugin
2025-10-22 11:21:20,395 [INFO] PluginManager:220 - loadIPPluginJar : add tracer_emb
2025-10-22 11:21:20,396 [INFO] IPUIPlugin:80 - create IPUIPlugin
2025-10-22 11:21:20,396 [INFO] PluginManager:220 - loadIPPluginJar : add quadspi
2025-10-22 11:21:20,398 [INFO] IPUIPlugin:80 - create IPUIPlugin
2025-10-22 11:21:20,398 [INFO] PluginManager:220 - loadIPPluginJar : add fmc
2025-10-22 11:21:20,399 [INFO] IPUIPlugin:80 - create IPUIPlugin
2025-10-22 11:21:20,399 [INFO] PluginManager:220 - loadIPPluginJar : add ucpd
2025-10-22 11:21:20,400 [INFO] IPUIPlugin:80 - create IPUIPlugin
2025-10-22 11:21:20,400 [INFO] PluginManager:220 - loadIPPluginJar : add i2c
2025-10-22 11:21:20,401 [INFO] IPUIPlugin:80 - create IPUIPlugin
2025-10-22 11:21:20,401 [INFO] PluginManager:220 - loadIPPluginJar : add comp
2025-10-22 11:21:20,402 [INFO] IPUIPlugin:80 - create IPUIPlugin
2025-10-22 11:21:20,402 [INFO] PluginManager:220 - loadIPPluginJar : add spi
2025-10-22 11:21:20,403 [INFO] IPUIPlugin:80 - create IPUIPlugin
2025-10-22 11:21:20,403 [INFO] PluginManager:220 - loadIPPluginJar : add genericplugin
2025-10-22 11:21:20,404 [INFO] IPUIPlugin:80 - create IPUIPlugin
2025-10-22 11:21:20,404 [INFO] PluginManager:220 - loadIPPluginJar : add aes
2025-10-22 11:21:20,405 [INFO] IPUIPlugin:80 - create IPUIPlugin
2025-10-22 11:21:20,405 [INFO] PluginManager:220 - loadIPPluginJar : add ts
2025-10-22 11:21:20,407 [INFO] IPUIPlugin:80 - create IPUIPlugin
2025-10-22 11:21:20,407 [INFO] PluginManager:220 - loadIPPluginJar : add cryp
2025-10-22 11:21:20,409 [INFO] IPUIPlugin:80 - create IPUIPlugin
2025-10-22 11:21:20,409 [INFO] PluginManager:220 - loadIPPluginJar : add gpio
2025-10-22 11:21:20,410 [INFO] IPUIPlugin:80 - create IPUIPlugin
2025-10-22 11:21:20,410 [INFO] PluginManager:220 - loadIPPluginJar : add dfsdm
2025-10-22 11:21:20,414 [INFO] IPUIPlugin:80 - create IPUIPlugin
2025-10-22 11:21:20,416 [INFO] PluginManager:220 - loadIPPluginJar : add plateformsettings
2025-10-22 11:21:20,417 [INFO] IPUIPlugin:80 - create IPUIPlugin
2025-10-22 11:21:20,418 [INFO] PluginManager:220 - loadIPPluginJar : add opamp
2025-10-22 11:21:20,424 [INFO] IPUIPlugin:80 - create IPUIPlugin
2025-10-22 11:21:20,424 [INFO] PluginManager:220 - loadIPPluginJar : add mdma
2025-10-22 11:21:20,427 [INFO] IPUIPlugin:80 - create IPUIPlugin
2025-10-22 11:21:20,427 [INFO] PluginManager:220 - loadIPPluginJar : add gtzc
2025-10-22 11:21:20,429 [INFO] IPUIPlugin:80 - create IPUIPlugin
2025-10-22 11:21:20,429 [INFO] PluginManager:220 - loadIPPluginJar : add fatfs
2025-10-22 11:21:20,431 [INFO] IPUIPlugin:80 - create IPUIPlugin
2025-10-22 11:21:20,432 [INFO] PluginManager:220 - loadIPPluginJar : add usart
2025-10-22 11:21:20,434 [INFO] IPUIPlugin:80 - create IPUIPlugin
2025-10-22 11:21:20,434 [INFO] PluginManager:220 - loadIPPluginJar : add lorawan
2025-10-22 11:21:20,441 [INFO] IPUIPlugin:80 - create IPUIPlugin
2025-10-22 11:21:20,441 [INFO] PluginManager:220 - loadIPPluginJar : add adc
2025-10-22 11:21:20,448 [INFO] IPUIPlugin:80 - create IPUIPlugin
2025-10-22 11:21:20,448 [INFO] PluginManager:220 - loadIPPluginJar : add linkedlist
2025-10-22 11:21:20,451 [INFO] IPUIPlugin:80 - create IPUIPlugin
2025-10-22 11:21:20,451 [INFO] PluginManager:220 - loadIPPluginJar : add ipddr
2025-10-22 11:21:20,453 [INFO] IPUIPlugin:80 - create IPUIPlugin
2025-10-22 11:21:20,454 [INFO] PluginManager:220 - loadIPPluginJar : add dma3
2025-10-22 11:21:20,458 [INFO] IPUIPlugin:80 - create IPUIPlugin
2025-10-22 11:21:20,458 [INFO] PluginManager:220 - loadIPPluginJar : add nvic
2025-10-22 11:21:20,461 [INFO] IPUIPlugin:80 - create IPUIPlugin
2025-10-22 11:21:20,461 [INFO] PluginManager:220 - loadIPPluginJar : add sai
2025-10-22 11:21:20,463 [INFO] IPUIPlugin:80 - create IPUIPlugin
2025-10-22 11:21:20,463 [INFO] PluginManager:220 - loadIPPluginJar : add gfxmmu
2025-10-22 11:21:20,469 [INFO] IPUIPlugin:80 - create IPUIPlugin
2025-10-22 11:21:20,469 [INFO] PluginManager:220 - loadIPPluginJar : add dma
2025-10-22 11:21:20,474 [INFO] IPUIPlugin:80 - create IPUIPlugin
2025-10-22 11:21:20,474 [INFO] PluginManager:220 - loadIPPluginJar : add freertos
2025-10-22 11:21:20,477 [INFO] IPUIPlugin:80 - create IPUIPlugin
2025-10-22 11:21:20,477 [INFO] PluginManager:220 - loadIPPluginJar : add touchsensing
2025-10-22 11:21:20,583 [INFO] CADModel:165 - CPN selected for project level
2025-10-22 11:21:20,583 [INFO] CADModel:114 - Register for checkConnection events
2025-10-22 11:21:20,583 [FATAL] Updater:308 - Updater called before beeing initialized
2025-10-22 11:21:20,583 [ERROR] CADModel:125 - Updater not yet initialized, retry later 
2025-10-22 11:21:20,700 [INFO] CADModel:165 - CPN selected for project level
2025-10-22 11:21:20,700 [INFO] CADModel:114 - Register for checkConnection events
2025-10-22 11:21:20,700 [FATAL] Updater:308 - Updater called before beeing initialized
2025-10-22 11:21:20,700 [ERROR] CADModel:125 - Updater not yet initialized, retry later 
2025-10-22 11:21:20,704 [FATAL] Updater:308 - Updater called before beeing initialized
2025-10-22 11:21:20,814 [FATAL] Updater:308 - Updater called before beeing initialized
2025-10-22 11:21:20,821 [INFO] DbMcusAds:53 - JSON generation date=Thu Oct 02 15:06:05 IST 2025 (1759397765645)
2025-10-22 11:21:20,822 [FATAL] Updater:308 - Updater called before beeing initialized
2025-10-22 11:21:20,843 [WARN] DetailPanel:346 - Failed to get advertising image, set to default
2025-10-22 11:21:20,910 [FATAL] Updater:308 - Updater called before beeing initialized
2025-10-22 11:21:20,911 [FATAL] Updater:308 - Updater called before beeing initialized
2025-10-22 11:21:20,911 [FATAL] Updater:308 - Updater called before beeing initialized
2025-10-22 11:21:20,911 [WARN] DetailPanel:346 - Failed to get advertising image, set to default
2025-10-22 11:21:20,912 [FATAL] Updater:308 - Updater called before beeing initialized
2025-10-22 11:21:20,932 [ERROR] Updater:1120 - MainUpdater not yet initialized. External WinMGr cannot be set.
2025-10-22 11:21:20,934 [INFO] Updater:1056 - Updater Version found : 6.9.2
2025-10-22 11:21:20,949 [INFO] ApplicationProperties:184 - Using Application install path: /opt/st/stm32cubeide_1.13.2/plugins/com.st.stm32cube.common.mx_6.9.2.202309101412
2025-10-22 11:21:21,451 [INFO] MainUpdater:2868 - connection check result : 10
2025-10-22 11:21:21,452 [INFO] MainUpdater:285 - Updater Check For Update Now.
2025-10-22 11:21:21,452 [INFO] MicroXplorer:498 - Change Database Version : DB.6.0.92
2025-10-22 11:21:21,457 [INFO] McuFinderGlobals:63 - Set McuFinder mode to 2 (CubeIDE integrated)
2025-10-22 11:21:21,610 [INFO] CheckServerUpdateThread:120 - End of CheckServer Thread
2025-10-22 11:21:23,189 [WARN] PackLoader:240 - Cannot read IP mode file for STMicroelectronics.FP-SNS-MOTENVWB1.1.4.0
2025-10-22 11:21:23,196 [WARN] PackLoader:240 - Cannot read IP mode file for STMicroelectronics.FP-ATR-ASTRA1.2.0.2
2025-10-22 11:21:23,198 [WARN] PackLoader:240 - Cannot read IP mode file for STMicroelectronics.FP-ATR-ASTRA1.2.0.1
2025-10-22 11:21:23,203 [WARN] PackLoader:240 - Cannot read IP mode file for STMicroelectronics.X-CUBE-SMBUS.2.1.0
2025-10-22 11:21:23,209 [WARN] PackLoader:240 - Cannot read IP mode file for STMicroelectronics.X-CUBE-WB05N.1.1.0
2025-10-22 11:21:23,212 [ERROR] Engine:466 - /home/sunbeam/.stm32cubemx/thirdparties/pdsc/STMicroelectronics.X-CUBE-ST60.1.0.0.pdsc: PDSC version is not supported
2025-10-22 11:21:23,214 [WARN] PackLoader:240 - Cannot read IP mode file for STMicroelectronics.X-CUBE-TOUCHGFX.4.23.0
2025-10-22 11:21:23,237 [WARN] PackLoader:240 - Cannot read IP mode file for STMicroelectronics.X-CUBE-AZRTOS-F7.1.1.0
2025-10-22 11:21:23,244 [WARN] PackLoader:240 - Cannot read IP mode file for STMicroelectronics.FP-SNS-MOTENV1.4.3.2
2025-10-22 11:21:23,301 [WARN] PackLoader:240 - Cannot read IP mode file for STMicroelectronics.X-CUBE-MEMS1.11.0.0
2025-10-22 11:21:23,419 [WARN] PackLoader:240 - Cannot read IP mode file for STMicroelectronics.FP-SNS-FLIGHT1.5.0.2
2025-10-22 11:21:23,457 [WARN] PackLoader:240 - Cannot read IP mode file for STMicroelectronics.X-CUBE-AZRTOS-H7.3.4.0
2025-10-22 11:21:23,473 [WARN] PackLoader:240 - Cannot read IP mode file for STMicroelectronics.X-CUBE-DISPLAY.3.0.0
2025-10-22 11:21:23,484 [WARN] PackLoader:240 - Cannot read IP mode file for STMicroelectronics.X-CUBE-BLE1.7.0.0
2025-10-22 11:21:23,497 [WARN] PackLoader:240 - Cannot read IP mode file for STMicroelectronics.X-CUBE-NFC10.1.0.0
2025-10-22 11:21:23,507 [ERROR] Engine:466 - /home/sunbeam/.stm32cubemx/thirdparties/pdsc/STMicroelectronics.X-CUBE-BLEMGR.4.0.0.pdsc: PDSC version is not supported
2025-10-22 11:21:23,510 [ERROR] Engine:466 - /home/sunbeam/.stm32cubemx/thirdparties/pdsc/STMicroelectronics.X-CUBE-ST60.1.1.0.pdsc: PDSC version is not supported
2025-10-22 11:21:23,516 [WARN] PackLoader:240 - Cannot read IP mode file for emotas.I-CUBE-CANOPEN.1.3.0
2025-10-22 11:21:23,520 [WARN] PackLoader:240 - Cannot read IP mode file for STMicroelectronics.X-CUBE-TOUCHGFX.4.22.1
2025-10-22 11:21:23,531 [WARN] PackLoader:240 - Cannot read IP mode file for STMicroelectronics.X-CUBE-BLEMGR.3.1.0
2025-10-22 11:21:23,539 [ERROR] Engine:466 - /home/sunbeam/.stm32cubemx/thirdparties/pdsc/STMicroelectronics.FP-SNS-STBOX1.2.1.0.pdsc: PDSC version is not supported
2025-10-22 11:21:23,541 [ERROR] Engine:466 - /home/sunbeam/.stm32cubemx/thirdparties/pdsc/STMicroelectronics.FP-SNS-FLIGHT1.5.1.0.pdsc: PDSC version is not supported
2025-10-22 11:21:23,580 [WARN] PackLoader:240 - Cannot read IP mode file for STMicroelectronics.X-CUBE-MEMS1.11.1.0
2025-10-22 11:21:23,736 [INFO] LogOutputStream:77 - [STDOUT_REDIRECT] 1 : Invalid condition id : UX_CORESTACK_Condition cause : null
2025-10-22 11:21:23,737 [INFO] LogOutputStream:77 - [STDOUT_REDIRECT] 1 : Invalid condition id : UX_CORESTACK_Condition cause : null
2025-10-22 11:21:23,738 [INFO] LogOutputStream:77 - [STDOUT_REDIRECT] 1 : Invalid condition id : UX_CORESTACK_Condition cause : null
2025-10-22 11:21:23,738 [INFO] LogOutputStream:77 - [STDOUT_REDIRECT] 1 : Invalid condition id : UX_CORESTACK_Condition cause : null
2025-10-22 11:21:23,738 [INFO] LogOutputStream:77 - [STDOUT_REDIRECT] 1 : Invalid condition id : UX_CORESTACK_Condition cause : null
2025-10-22 11:21:23,740 [WARN] PackLoader:240 - Cannot read IP mode file for STMicroelectronics.X-CUBE-AZRTOS-WL.2.0.0
2025-10-22 11:21:23,743 [WARN] PackLoader:240 - Cannot read IP mode file for STMicroelectronics.FP-SNS-MOTENV1.5.0.0
2025-10-22 11:21:23,746 [WARN] PackLoader:240 - Cannot read IP mode file for wolfSSL.I-CUBE-wolfMQTT.1.19.0
2025-10-22 11:21:23,750 [WARN] PackLoader:240 - Cannot read IP mode file for WES.I-CUBE-Cesium.1.3.0
2025-10-22 11:21:23,753 [WARN] PackLoader:240 - Cannot read IP mode file for STMicroelectronics.X-CUBE-BLE2.3.3.0
2025-10-22 11:21:23,756 [WARN] PackLoader:240 - Cannot read IP mode file for STMicroelectronics.X-CUBE-NFC9.1.0.0
2025-10-22 11:21:23,759 [WARN] PackLoader:240 - Cannot read IP mode file for STMicroelectronics.X-CUBE-BLE1.7.1.0
2025-10-22 11:21:23,763 [WARN] PackLoader:240 - Cannot read IP mode file for STMicroelectronics.X-CUBE-TCPP.4.1.0
2025-10-22 11:21:23,768 [WARN] PackLoader:240 - Cannot read IP mode file for STMicroelectronics.X-CUBE-EEPRMA1.5.2.0
2025-10-22 11:21:23,770 [ERROR] Engine:466 - /home/sunbeam/.stm32cubemx/thirdparties/pdsc/STMicroelectronics.X-CUBE-ST67W61.1.1.0.pdsc: PDSC version is not supported
2025-10-22 11:21:23,773 [WARN] PackLoader:240 - Cannot read IP mode file for STMicroelectronics.X-CUBE-ALGOBUILD.1.3.0
2025-10-22 11:21:23,782 [WARN] PackLoader:240 - Cannot read IP mode file for STMicroelectronics.X-CUBE-AZRTOS-G0.1.1.0
2025-10-22 11:21:23,786 [WARN] PackLoader:240 - Cannot read IP mode file for STMicroelectronics.X-CUBE-SAFEA1.1.2.2
2025-10-22 11:21:23,789 [WARN] PackLoader:240 - Cannot read IP mode file for STMicroelectronics.X-CUBE-NFC4.3.0.0
2025-10-22 11:21:23,792 [ERROR] Engine:466 - /home/sunbeam/.stm32cubemx/thirdparties/pdsc/EmbeddedOffice.I-CUBE-FS-RTOS.1.0.1.pdsc: PDSC version is not supported
2025-10-22 11:21:23,795 [WARN] PackLoader:240 - Cannot read IP mode file for STMicroelectronics.X-CUBE-WB05N.2.0.0
2025-10-22 11:21:23,801 [WARN] PackLoader:240 - Cannot read IP mode file for STMicroelectronics.X-CUBE-BLEMGR.3.0.0
2025-10-22 11:21:23,805 [ERROR] Engine:466 - /home/sunbeam/.stm32cubemx/thirdparties/pdsc/STMicroelectronics.X-CUBE-TCPP.4.2.0.pdsc: PDSC version is not supported
2025-10-22 11:21:23,806 [ERROR] Engine:466 - /home/sunbeam/.stm32cubemx/thirdparties/pdsc/RealThread.X-CUBE-RT-Thread_Nano.4.1.1.pdsc: PDSC version is not supported
2025-10-22 11:21:23,808 [WARN] PackLoader:240 - Cannot read IP mode file for STMicroelectronics.FP-ATR-SIGFOX1.3.2.0
2025-10-22 11:21:23,809 [ERROR] Engine:466 - /home/sunbeam/.stm32cubemx/thirdparties/pdsc/quantropi.X-CUBE-qispace-sdk-base.1.9.3.pdsc: PDSC version is not supported
2025-10-22 11:21:23,812 [WARN] PackLoader:240 - Cannot read IP mode file for STMicroelectronics.X-CUBE-EEPRMA1.5.1.0
2025-10-22 11:21:23,816 [ERROR] Engine:466 - /home/sunbeam/.stm32cubemx/thirdparties/pdsc/STMicroelectronics.X-CUBE-ST67W61.1.0.0.pdsc: PDSC version is not supported
2025-10-22 11:21:23,818 [WARN] PackLoader:240 - Cannot read IP mode file for STMicroelectronics.X-CUBE-AI.10.2.0
2025-10-22 11:21:23,854 [WARN] PackLoader:240 - Cannot read IP mode file for SEGGER.I-CUBE-embOS.1.3.1
2025-10-22 11:21:23,885 [WARN] PackLoader:240 - Cannot read IP mode file for STMicroelectronics.X-CUBE-ALGOBUILD.1.4.0
2025-10-22 11:21:23,930 [WARN] PackLoader:240 - Cannot read IP mode file for STMicroelectronics.X-CUBE-MEMS1.11.3.0
2025-10-22 11:21:24,051 [WARN] PackLoader:240 - Cannot read IP mode file for STMicroelectronics.X-CUBE-AI.9.1.0
2025-10-22 11:21:24,055 [WARN] PackLoader:240 - Cannot read IP mode file for STMicroelectronics.X-CUBE-PM33A1.1.0.0
2025-10-22 11:21:24,059 [WARN] PackLoader:240 - Cannot read IP mode file for STMicroelectronics.X-CUBE-GNSS1.6.0.0
2025-10-22 11:21:24,072 [WARN] PackLoader:240 - Cannot read IP mode file for STMicroelectronics.X-CUBE-AZRTOS-F4.1.1.0
2025-10-22 11:21:24,077 [WARN] PackLoader:240 - Cannot read IP mode file for wolfSSL.I-CUBE-wolfSSL.5.6.4
2025-10-22 11:21:24,079 [ERROR] Engine:466 - /home/sunbeam/.stm32cubemx/thirdparties/pdsc/Avnet-IotConnect.X-CUBE-IoTC-DA16k-PMOD.1.0.0.pdsc: PDSC version is not supported
2025-10-22 11:21:24,081 [WARN] PackLoader:240 - Cannot read IP mode file for STMicroelectronics.X-CUBE-ISPU.2.1.0
2025-10-22 11:21:24,086 [ERROR] Engine:466 - /home/sunbeam/.stm32cubemx/thirdparties/pdsc/STMicroelectronics.X-CUBE-IPS.3.2.0.pdsc: PDSC version is not supported
2025-10-22 11:21:24,089 [WARN] PackLoader:240 - Cannot read IP mode file for STMicroelectronics.X-CUBE-FREERTOS.1.2.0
2025-10-22 11:21:24,094 [WARN] PackLoader:240 - Cannot read IP mode file for STMicroelectronics.X-CUBE-NFC12.1.0.0
2025-10-22 11:21:24,109 [WARN] PackLoader:240 - Cannot read IP mode file for STMicroelectronics.X-CUBE-AZRTOS-L5.2.0.0
2025-10-22 11:21:24,144 [WARN] PackLoader:240 - Cannot read IP mode file for STMicroelectronics.X-CUBE-MEMS1.9.6.0
2025-10-22 11:21:24,252 [WARN] PackLoader:240 - Cannot read IP mode file for STMicroelectronics.X-CUBE-EEPRMA1.4.2.0
2025-10-22 11:21:24,258 [WARN] PackLoader:240 - Cannot read IP mode file for STMicroelectronics.X-CUBE-NFC6.3.1.0
2025-10-22 11:21:24,263 [WARN] PackLoader:240 - Cannot read IP mode file for ITTIA_DB.I-CUBE-ITTIADB.8.8.0
2025-10-22 11:21:24,268 [WARN] PackLoader:240 - Cannot read IP mode file for STMicroelectronics.X-CUBE-BLEMGR.2.0.0
2025-10-22 11:21:24,271 [ERROR] Engine:466 - /home/sunbeam/.stm32cubemx/thirdparties/pdsc/STMicroelectronics.X-CUBE-DPower.1.2.0.pdsc: PDSC version is not supported
2025-10-22 11:21:24,274 [WARN] PackLoader:240 - Cannot read IP mode file for STMicroelectronics.X-CUBE-AI.9.0.0
2025-10-22 11:21:24,286 [WARN] ConditionMgr:438 - getConditionDescription Invalid condition id : UX DEVICE CLASS RTOS Condition cause : null
2025-10-22 11:21:24,287 [WARN] ConditionMgr:438 - getConditionDescription Invalid condition id : UX DEVICE CLASS RTOS Condition cause : null
2025-10-22 11:21:24,290 [WARN] PackLoader:240 - Cannot read IP mode file for STMicroelectronics.X-CUBE-AZRTOS-H7.3.1.0
2025-10-22 11:21:24,291 [WARN] ConditionMgr:1039 - genDependencies : Invalid condition id : UX DEVICE CLASS RTOS Condition cause : null
2025-10-22 11:21:24,292 [WARN] ConditionMgr:1039 - genDependencies : Invalid condition id : UX DEVICE CLASS RTOS Condition cause : null
2025-10-22 11:21:24,292 [WARN] ConditionMgr:1039 - genDependencies : Invalid condition id : UX DEVICE CLASS RTOS Condition cause : null
2025-10-22 11:21:24,293 [WARN] ConditionMgr:1039 - genDependencies : Invalid condition id : UX DEVICE CLASS RTOS Condition cause : null
2025-10-22 11:21:24,293 [WARN] ConditionMgr:1039 - genDependencies : Invalid condition id : UX DEVICE CLASS RTOS Condition cause : null
2025-10-22 11:21:24,298 [WARN] PackLoader:240 - Cannot read IP mode file for STMicroelectronics.X-CUBE-FREERTOS.1.3.1
2025-10-22 11:21:24,302 [WARN] PackLoader:240 - Cannot read IP mode file for STMicroelectronics.X-CUBE-FREERTOS.1.3.0
2025-10-22 11:21:24,305 [WARN] PackLoader:240 - Cannot read IP mode file for STMicroelectronics.X-CUBE-NFC7.1.0.1
2025-10-22 11:21:24,309 [WARN] PackLoader:240 - Cannot read IP mode file for STMicroelectronics.X-CUBE-TOUCHGFX.4.26.0
2025-10-22 11:21:24,316 [WARN] PackLoader:240 - Cannot read IP mode file for STMicroelectronics.X-CUBE-NFC6.3.0.0
2025-10-22 11:21:24,324 [WARN] PackLoader:240 - Cannot read IP mode file for STMicroelectronics.X-CUBE-EEPRMA1.4.1.0
2025-10-22 11:21:24,328 [ERROR] Engine:466 - /home/sunbeam/.stm32cubemx/thirdparties/pdsc/STMicroelectronics.FP-SNS-STAIOTCFT.1.0.0.pdsc: PDSC version is not supported
2025-10-22 11:21:24,331 [ERROR] Engine:466 - /home/sunbeam/.stm32cubemx/thirdparties/pdsc/STMicroelectronics.X-CUBE-DPower.1.3.0.pdsc: PDSC version is not supported
2025-10-22 11:21:24,334 [WARN] PackLoader:240 - Cannot read IP mode file for STMicroelectronics.X-CUBE-AI.8.1.0
2025-10-22 11:21:24,349 [WARN] ConditionMgr:438 - getConditionDescription Invalid condition id : LAN8742 Phy interface Condition cause : null
2025-10-22 11:21:24,350 [WARN] PackLoader:240 - Cannot read IP mode file for STMicroelectronics.X-CUBE-AZRTOS-L4.2.0.0
2025-10-22 11:21:24,352 [WARN] ConditionMgr:1039 - genDependencies : Invalid condition id : LAN8742 Phy interface Condition cause : null
2025-10-22 11:21:24,352 [WARN] ConditionMgr:1039 - genDependencies : Invalid condition id : LAN8742 Phy interface Condition cause : null
2025-10-22 11:21:24,353 [WARN] ConditionMgr:1039 - genDependencies : Invalid condition id : LAN8742 Phy interface Condition cause : null
2025-10-22 11:21:24,359 [WARN] PackLoader:240 - Cannot read IP mode file for STMicroelectronics.X-CUBE-SFXS2LP1.4.0.0
2025-10-22 11:21:24,364 [WARN] PackLoader:240 - Cannot read IP mode file for STMicroelectronics.X-CUBE-ISPU.1.1.0
2025-10-22 11:21:24,389 [WARN] PackLoader:240 - Cannot read IP mode file for STMicroelectronics.X-CUBE-AZRTOS-H7.3.3.0
2025-10-22 11:21:24,395 [ERROR] Engine:466 - /home/sunbeam/.stm32cubemx/thirdparties/pdsc/STMicroelectronics.X-CUBE-BLEMGR.4.1.0.pdsc: PDSC version is not supported
2025-10-22 11:21:24,398 [ERROR] Engine:466 - /home/sunbeam/.stm32cubemx/thirdparties/pdsc/STMicroelectronics.X-CUBE-IPS.3.0.0.pdsc: PDSC version is not supported
2025-10-22 11:21:24,404 [WARN] ConditionMgr:438 - getConditionDescription Invalid condition id : UX DEVICE CLASS RTOS Condition cause : null
2025-10-22 11:21:24,405 [WARN] ConditionMgr:438 - getConditionDescription Invalid condition id : UX DEVICE CLASS RTOS Condition cause : null
2025-10-22 11:21:24,406 [WARN] PackLoader:240 - Cannot read IP mode file for STMicroelectronics.X-CUBE-AZRTOS-WB.2.0.0
2025-10-22 11:21:24,407 [WARN] ConditionMgr:1039 - genDependencies : Invalid condition id : UX DEVICE CLASS RTOS Condition cause : null
2025-10-22 11:21:24,407 [WARN] ConditionMgr:1039 - genDependencies : Invalid condition id : UX DEVICE CLASS RTOS Condition cause : null
2025-10-22 11:21:24,407 [WARN] ConditionMgr:1039 - genDependencies : Invalid condition id : UX DEVICE CLASS RTOS Condition cause : null
2025-10-22 11:21:24,408 [WARN] ConditionMgr:1039 - genDependencies : Invalid condition id : UX DEVICE CLASS RTOS Condition cause : null
2025-10-22 11:21:24,408 [WARN] ConditionMgr:1039 - genDependencies : Invalid condition id : UX DEVICE CLASS RTOS Condition cause : null
2025-10-22 11:21:24,414 [WARN] PackLoader:240 - Cannot read IP mode file for STMicroelectronics.X-CUBE-GNSS1.7.0.0
2025-10-22 11:21:24,419 [WARN] PackLoader:240 - Cannot read IP mode file for STMicroelectronics.X-CUBE-GNSS1.7.0.1
2025-10-22 11:21:24,424 [WARN] PackLoader:240 - Cannot read IP mode file for STMicroelectronics.X-CUBE-TOUCHGFX.4.25.0
2025-10-22 11:21:24,427 [ERROR] Engine:466 - /home/sunbeam/.stm32cubemx/thirdparties/pdsc/STMicroelectronics.FP-SNS-STBOX1.2.0.0.pdsc: PDSC version is not supported
2025-10-22 11:21:24,435 [WARN] PackLoader:240 - Cannot read IP mode file for STMicroelectronics.X-CUBE-SUBG2.5.0.0
2025-10-22 11:21:24,451 [WARN] PackLoader:240 - Cannot read IP mode file for STMicroelectronics.X-CUBE-AZRTOS-H7RS.1.1.0
2025-10-22 11:21:24,456 [WARN] PackLoader:240 - Cannot read IP mode file for Cesanta.I-CUBE-Mongoose.7.13.0
2025-10-22 11:21:24,465 [WARN] PackLoader:240 - Cannot read IP mode file for STMicroelectronics.X-CUBE-TOF1.3.3.1
2025-10-22 11:21:24,477 [WARN] PackLoader:240 - Cannot read IP mode file for STMicroelectronics.X-CUBE-AZRTOS-G4.2.0.0
2025-10-22 11:21:24,487 [WARN] PackLoader:240 - Cannot read IP mode file for Infineon.AIROC-Wi-Fi-Bluetooth-STM32.1.5.1
2025-10-22 11:21:24,495 [WARN] PackLoader:240 - Cannot read IP mode file for STMicroelectronics.X-CUBE-NFC7.2.0.0
2025-10-22 11:21:24,499 [WARN] PackLoader:240 - Cannot read IP mode file for STMicroelectronics.FP-SNS-MOTENVWB1.1.3.1
2025-10-22 11:21:24,502 [WARN] PackLoader:240 - Cannot read IP mode file for STMicroelectronics.X-CUBE-ISPU.2.0.0
2025-10-22 11:21:24,506 [ERROR] Engine:466 - /home/sunbeam/.stm32cubemx/thirdparties/pdsc/STMicroelectronics.X-CUBE-IPS.3.1.0.pdsc: PDSC version is not supported
2025-10-22 11:21:24,508 [WARN] PackLoader:240 - Cannot read IP mode file for STMicroelectronics.X-CUBE-ALS.1.0.2
2025-10-22 11:21:24,536 [WARN] PackLoader:240 - Cannot read IP mode file for STMicroelectronics.X-CUBE-MEMS1.10.0.0
2025-10-22 11:21:24,621 [WARN] PackLoader:240 - Cannot read IP mode file for STMicroelectronics.X-CUBE-FREERTOS.1.1.0
2025-10-22 11:21:24,623 [WARN] PackLoader:240 - Cannot read IP mode file for STMicroelectronics.X-CUBE-TOUCHGFX.4.24.0
2025-10-22 11:21:24,625 [WARN] PackLoader:240 - Cannot read IP mode file for STMicroelectronics.X-CUBE-TOUCHGFX.4.24.2
2025-10-22 11:21:24,626 [WARN] PackLoader:240 - Cannot read IP mode file for STMicroelectronics.X-CUBE-TOUCHGFX.4.24.1
2025-10-22 11:21:24,629 [WARN] PackLoader:240 - Cannot read IP mode file for STMicroelectronics.X-CUBE-STSE01.1.0.0
2025-10-22 11:21:24,632 [WARN] PackLoader:240 - Cannot read IP mode file for wolfSSL.I-CUBE-wolfTPM.3.4.0
2025-10-22 11:21:24,634 [WARN] PackLoader:240 - Cannot read IP mode file for portGmbH.I-Cube-SoM-uGOAL.1.1.0
2025-10-22 11:21:24,636 [WARN] PackLoader:240 - Cannot read IP mode file for STMicroelectronics.X-CUBE-ALS.1.0.1
2025-10-22 11:21:24,645 [WARN] PackLoader:240 - Cannot read IP mode file for STMicroelectronics.X-CUBE-AZRTOS-H7RS.1.0.0
2025-10-22 11:21:24,648 [WARN] PackLoader:240 - Cannot read IP mode file for STMicroelectronics.FP-ATR-ASTRA1.2.0.0
2025-10-22 11:21:24,651 [ERROR] Engine:466 - /home/sunbeam/.stm32cubemx/thirdparties/pdsc/STMicroelectronics.X-CUBE-TOF1.3.4.2.pdsc: PDSC version is not supported
2025-10-22 11:21:24,654 [ERROR] Engine:466 - /home/sunbeam/.stm32cubemx/thirdparties/pdsc/STMicroelectronics.X-CUBE-TOF1.3.4.3.pdsc: PDSC version is not supported
2025-10-22 11:21:24,658 [WARN] PackLoader:240 - Cannot read IP mode file for STMicroelectronics.X-CUBE-TOF1.3.4.0
2025-10-22 11:21:24,676 [WARN] PackLoader:240 - Cannot read IP mode file for STMicroelectronics.X-CUBE-AZRTOS-H7.3.2.0
2025-10-22 11:21:24,680 [WARN] PackLoader:240 - Cannot read IP mode file for wolfSSL.I-CUBE-wolfSSH.1.4.17
2025-10-22 11:21:24,680 [INFO] ThirdParty:978 - Integrity check success = true
2025-10-22 11:21:24,680 [INFO] IntegrityCheckThread:100 - exiting critical section [integrity check]
2025-10-22 11:21:24,680 [INFO] IntegrityCheckThread:103 - End integrity checks thread
2025-10-22 11:21:35,126 [INFO] Activator:176 - 


2025-10-22 11:21:35,127 [INFO] Activator:177 - !SESSION log4j initialized
2025-10-22 11:21:37,590 [INFO] LogOutputStream:77 - [STDOUT_REDIRECT] 
2025-10-22 11:21:39,268 [INFO] ApplicationProperties:184 - Using Application install path: /opt/st/stm32cubeide_1.13.2/plugins/com.st.stm32cube.common.mx_6.9.2.202309101412
2025-10-22 11:21:39,281 [INFO] DbMcusXml:78 - Set database path to: /opt/st/stm32cubeide_1.13.2/plugins/com.st.stm32cube.common.mx_6.9.2.202309101412//db//mcu/
2025-10-22 11:21:39,281 [INFO] ApiDb:274 - Set plugin database path to: /opt/st/stm32cubeide_1.13.2/plugins/com.st.stm32cube.common.mx_6.9.2.202309101412//db//plugins/boardmanager/
2025-10-22 11:21:39,282 [WARN] ApiDb:259 - Overriding images path with different value:  => /opt/st/stm32cubeide_1.13.2/plugins/com.st.stm32cube.common.mx_6.9.2.202309101412//db//plugins/mcufinder/images/
2025-10-22 11:21:39,288 [INFO] ApiDb:250 - Set database path to: /home/sunbeam/.stmcufinder/plugins/mcufinder//mcu/
2025-10-22 11:21:39,289 [INFO] DbMcusAds:125 - Set database path to: /home/sunbeam/.stmcufinder/plugins/mcufinder//mcu/
2025-10-22 11:21:39,291 [INFO] CrossReferenceDbSqlite:203 - Set database path to: /home/sunbeam/.stmcufinder/plugins/mcufinder//mcu/cs/
2025-10-22 11:21:39,420 [INFO] RulesReader:64 - Compatibility file has been processed (293 Rules)
2025-10-22 11:21:39,480 [INFO] DbMcusXml:78 - Set database path to: /opt/st/stm32cubeide_1.13.2/plugins/com.st.stm32cube.common.mx_6.9.2.202309101412//db//mcu/
2025-10-22 11:21:39,480 [INFO] ApiDb:274 - Set plugin database path to: /opt/st/stm32cubeide_1.13.2/plugins/com.st.stm32cube.common.mx_6.9.2.202309101412//db//plugins/boardmanager/
2025-10-22 11:21:39,480 [INFO] ApiDb:261 - Set plugin images path to: /opt/st/stm32cubeide_1.13.2/plugins/com.st.stm32cube.common.mx_6.9.2.202309101412//db//plugins/mcufinder/images/
2025-10-22 11:21:39,480 [WARN] DbFile:41 - Overriding database path with different value: /home/sunbeam/.stmcufinder/plugins/mcufinder/ => /home/sunbeam/.stmcufinder/plugins/mcufinder
2025-10-22 11:21:39,480 [INFO] ApiDb:250 - Set database path to: /home/sunbeam/.stmcufinder/plugins/mcufinder//mcu/
2025-10-22 11:21:39,480 [WARN] DbFile:41 - Overriding database path with different value: /home/sunbeam/.stmcufinder/plugins/mcufinder/ => /home/sunbeam/.stmcufinder/plugins/mcufinder
2025-10-22 11:21:39,480 [INFO] DbMcusAds:125 - Set database path to: /home/sunbeam/.stmcufinder/plugins/mcufinder//mcu/
2025-10-22 11:21:39,480 [WARN] DbFile:41 - Overriding database path with different value: /home/sunbeam/.stmcufinder/plugins/mcufinder/ => /home/sunbeam/.stmcufinder/plugins/mcufinder
2025-10-22 11:21:39,480 [WARN] DbFile:41 - Overriding database path with different value: /home/sunbeam/.stmcufinder/plugins/mcufinder/ => /home/sunbeam/.stmcufinder/plugins/mcufinder
2025-10-22 11:21:39,480 [INFO] CrossReferenceDbSqlite:203 - Set database path to: /home/sunbeam/.stmcufinder/plugins/mcufinder//mcu/cs/
2025-10-22 11:21:39,524 [INFO] MainPanel:262 - HeapMemory: 268435456
2025-10-22 11:21:39,592 [INFO] DbMcusXml:78 - Set database path to: /opt/st/stm32cubeide_1.13.2/plugins/com.st.stm32cube.common.mx_6.9.2.202309101412//db//mcu/
2025-10-22 11:21:39,592 [INFO] ApiDb:274 - Set plugin database path to: /opt/st/stm32cubeide_1.13.2/plugins/com.st.stm32cube.common.mx_6.9.2.202309101412//db//plugins/boardmanager/
2025-10-22 11:21:39,592 [INFO] ApiDb:261 - Set plugin images path to: /opt/st/stm32cubeide_1.13.2/plugins/com.st.stm32cube.common.mx_6.9.2.202309101412//db//plugins/mcufinder/images/
2025-10-22 11:21:39,592 [WARN] DbFile:41 - Overriding database path with different value: /home/sunbeam/.stmcufinder/plugins/mcufinder/ => /home/sunbeam/.stmcufinder/plugins/mcufinder
2025-10-22 11:21:39,593 [INFO] ApiDb:250 - Set database path to: /home/sunbeam/.stmcufinder/plugins/mcufinder//mcu/
2025-10-22 11:21:39,593 [WARN] DbFile:41 - Overriding database path with different value: /home/sunbeam/.stmcufinder/plugins/mcufinder/ => /home/sunbeam/.stmcufinder/plugins/mcufinder
2025-10-22 11:21:39,593 [INFO] DbMcusAds:125 - Set database path to: /home/sunbeam/.stmcufinder/plugins/mcufinder//mcu/
2025-10-22 11:21:39,593 [WARN] DbFile:41 - Overriding database path with different value: /home/sunbeam/.stmcufinder/plugins/mcufinder/ => /home/sunbeam/.stmcufinder/plugins/mcufinder
2025-10-22 11:21:39,593 [WARN] DbFile:41 - Overriding database path with different value: /home/sunbeam/.stmcufinder/plugins/mcufinder/ => /home/sunbeam/.stmcufinder/plugins/mcufinder
2025-10-22 11:21:39,593 [INFO] CrossReferenceDbSqlite:203 - Set database path to: /home/sunbeam/.stmcufinder/plugins/mcufinder//mcu/cs/
2025-10-22 11:21:39,612 [INFO] ApplicationProperties:184 - Using Application install path: /opt/st/stm32cubeide_1.13.2/plugins/com.st.stm32cube.common.mx_6.9.2.202309101412
2025-10-22 11:21:39,614 [INFO] PluginManage:196 - Search for loadable plugins [exclusion list=, ]
2025-10-22 11:21:39,615 [INFO] PluginManage:310 - Check plugin analytics
2025-10-22 11:21:39,779 [INFO] AnalyticsPlugin:253 - Accepted Software Licenses: 
2025-10-22 11:21:39,779 [INFO] AnalyticsPlugin:255 - Accepted CMSIS Pack Licenses: 
2025-10-22 11:21:39,779 [INFO] AnalyticsPlugin:257 - Accepted Firmware Licenses: 
2025-10-22 11:21:39,781 [INFO] PluginManage:359 - Loaded plugin analytics (category:tool,tabindex:-1)
2025-10-22 11:21:39,781 [INFO] PluginManage:310 - Check plugin cadmodel
2025-10-22 11:21:39,815 [INFO] CADModel:105 - Init CAD model plugin
2025-10-22 11:21:39,815 [INFO] PluginManage:359 - Loaded plugin cadmodel (category:power,tabindex:5)
2025-10-22 11:21:39,815 [INFO] PluginManage:310 - Check plugin clock
2025-10-22 11:21:39,825 [INFO] PluginManage:359 - Loaded plugin clock (category:base,tabindex:2)
2025-10-22 11:21:39,826 [INFO] PluginManage:310 - Check plugin ddr
2025-10-22 11:21:39,828 [INFO] PluginManage:359 - Loaded plugin ddr (category:tool,tabindex:6)
2025-10-22 11:21:39,828 [INFO] PluginManage:310 - Check plugin filemanager
2025-10-22 11:21:39,990 [INFO] PluginManage:359 - Loaded plugin filemanager (category:base,tabindex:10)
2025-10-22 11:21:39,990 [INFO] PluginManage:310 - Check plugin ipmanager
2025-10-22 11:21:39,996 [INFO] PluginManage:359 - Loaded plugin ipmanager (category:base,tabindex:5)
2025-10-22 11:21:39,997 [INFO] PluginManage:310 - Check plugin lpbam
2025-10-22 11:21:40,008 [INFO] PluginManage:359 - Loaded plugin lpbam (category:base,tabindex:0)
2025-10-22 11:21:40,008 [INFO] PluginManage:310 - Check plugin memorymap
2025-10-22 11:21:40,024 [INFO] PluginManage:359 - Loaded plugin memorymap (category:base,tabindex:4)
2025-10-22 11:21:40,024 [INFO] PluginManage:310 - Check plugin pinoutandconfiguration
2025-10-22 11:21:40,034 [INFO] PluginManage:359 - Loaded plugin pinoutandconfiguration (category:base,tabindex:1)
2025-10-22 11:21:40,035 [INFO] PluginManage:310 - Check plugin pinoutconfig
2025-10-22 11:21:40,159 [WARN] SupportedApi:132 - Cannot load RTOS API schema: s4s-elt-must-match.1: The content of 'definitions' must match (annotation?, (simpleType | complexType)?, (unique | key | keyref)*)). A problem was found starting at: attribute.
2025-10-22 11:21:40,302 [INFO] PluginManage:359 - Loaded plugin pinoutconfig (category:base,tabindex:0)
2025-10-22 11:21:40,302 [INFO] PluginManage:310 - Check plugin power
2025-10-22 11:21:40,311 [INFO] PluginManage:359 - Loaded plugin power (category:power,tabindex:4)
2025-10-22 11:21:40,312 [INFO] PluginManage:310 - Check plugin projectmanager
2025-10-22 11:21:40,329 [INFO] PluginManage:359 - Loaded plugin projectmanager (category:projectmanager,tabindex:3)
2025-10-22 11:21:40,330 [INFO] PluginManage:310 - Check plugin thirdparty
2025-10-22 11:21:40,500 [WARN] IntegrityCheckThread:84 - waiting for thirdparty lock release [integrity check]
2025-10-22 11:21:40,501 [INFO] PluginManage:359 - Loaded plugin thirdparty (category:base,tabindex:-1)
2025-10-22 11:21:40,501 [INFO] IntegrityCheckThread:86 - entering critical section [integrity check]
2025-10-22 11:21:40,501 [INFO] PluginManage:310 - Check plugin tools
2025-10-22 11:21:40,501 [INFO] ThirdPartyUpdaterWithRetryManager:70 - Updater plugin not ready yet. [1/15]
2025-10-22 11:21:40,504 [INFO] PluginManage:359 - Loaded plugin tools (category:base,tabindex:7)
2025-10-22 11:21:40,505 [INFO] PluginManage:310 - Check plugin tutovideos
2025-10-22 11:21:40,711 [INFO] PluginManage:359 - Loaded plugin tutovideos (category:base,tabindex:-1)
2025-10-22 11:21:40,712 [INFO] PluginManage:310 - Check plugin updater
2025-10-22 11:21:40,724 [INFO] PluginManage:359 - Loaded plugin updater (category:base,tabindex:12)
2025-10-22 11:21:40,724 [INFO] PluginManage:310 - Check plugin userauth
2025-10-22 11:21:40,731 [INFO] UserAuth:113 - Init User Auth plugin
2025-10-22 11:21:40,731 [INFO] PluginManage:359 - Loaded plugin userauth (category:base,tabindex:14)
2025-10-22 11:21:40,732 [INFO] PluginManage:283 - PluginManage : Loaded plugins [17]
2025-10-22 11:21:40,969 [INFO] PinOutPanel:1499 - setPackage(No Configuration,No Configuration)
2025-10-22 11:21:41,085 [INFO] CADModel:165 - CPN selected for project level
2025-10-22 11:21:41,086 [INFO] CADModel:114 - Register for checkConnection events
2025-10-22 11:21:41,101 [INFO] IPUIPlugin:80 - create IPUIPlugin
2025-10-22 11:21:41,101 [INFO] PluginManager:220 - loadIPPluginJar : add i2s
2025-10-22 11:21:41,103 [INFO] IPUIPlugin:80 - create IPUIPlugin
2025-10-22 11:21:41,103 [INFO] PluginManager:220 - loadIPPluginJar : add tim
2025-10-22 11:21:41,111 [INFO] IPUIPlugin:80 - create IPUIPlugin
2025-10-22 11:21:41,111 [INFO] PluginManager:220 - loadIPPluginJar : add stm32_wpan
2025-10-22 11:21:41,114 [INFO] IPUIPlugin:80 - create IPUIPlugin
2025-10-22 11:21:41,114 [INFO] PluginManager:220 - loadIPPluginJar : add hash
2025-10-22 11:21:41,118 [INFO] IPUIPlugin:80 - create IPUIPlugin
2025-10-22 11:21:41,118 [INFO] PluginManager:220 - loadIPPluginJar : add openamp
2025-10-22 11:21:41,125 [INFO] IPUIPlugin:80 - create IPUIPlugin
2025-10-22 11:21:41,126 [INFO] PluginManager:220 - loadIPPluginJar : add gic
2025-10-22 11:21:41,131 [INFO] IPUIPlugin:80 - create IPUIPlugin
2025-10-22 11:21:41,131 [INFO] PluginManager:220 - loadIPPluginJar : add resmgrutility
2025-10-22 11:21:41,135 [INFO] IPUIPlugin:80 - create IPUIPlugin
2025-10-22 11:21:41,135 [INFO] PluginManager:220 - loadIPPluginJar : add pdm2pcm
2025-10-22 11:21:41,137 [INFO] IPUIPlugin:80 - create IPUIPlugin
2025-10-22 11:21:41,137 [INFO] PluginManager:220 - loadIPPluginJar : add tsc
2025-10-22 11:21:41,138 [INFO] IPUIPlugin:80 - create IPUIPlugin
2025-10-22 11:21:41,139 [INFO] PluginManager:220 - loadIPPluginJar : add ltdc
2025-10-22 11:21:41,141 [INFO] IPUIPlugin:80 - create IPUIPlugin
2025-10-22 11:21:41,141 [INFO] PluginManager:220 - loadIPPluginJar : add i3c
2025-10-22 11:21:41,143 [INFO] IPUIPlugin:80 - create IPUIPlugin
2025-10-22 11:21:41,144 [INFO] PluginManager:220 - loadIPPluginJar : add usbx
2025-10-22 11:21:41,145 [INFO] IPUIPlugin:80 - create IPUIPlugin
2025-10-22 11:21:41,145 [INFO] PluginManager:220 - loadIPPluginJar : add can
2025-10-22 11:21:41,147 [INFO] IPUIPlugin:80 - create IPUIPlugin
2025-10-22 11:21:41,148 [INFO] PluginManager:220 - loadIPPluginJar : add tracer_emb
2025-10-22 11:21:41,149 [INFO] IPUIPlugin:80 - create IPUIPlugin
2025-10-22 11:21:41,150 [INFO] PluginManager:220 - loadIPPluginJar : add quadspi
2025-10-22 11:21:41,155 [INFO] IPUIPlugin:80 - create IPUIPlugin
2025-10-22 11:21:41,155 [INFO] PluginManager:220 - loadIPPluginJar : add fmc
2025-10-22 11:21:41,157 [INFO] IPUIPlugin:80 - create IPUIPlugin
2025-10-22 11:21:41,158 [INFO] PluginManager:220 - loadIPPluginJar : add ucpd
2025-10-22 11:21:41,160 [INFO] IPUIPlugin:80 - create IPUIPlugin
2025-10-22 11:21:41,161 [INFO] PluginManager:220 - loadIPPluginJar : add i2c
2025-10-22 11:21:41,162 [INFO] IPUIPlugin:80 - create IPUIPlugin
2025-10-22 11:21:41,163 [INFO] PluginManager:220 - loadIPPluginJar : add comp
2025-10-22 11:21:41,165 [INFO] IPUIPlugin:80 - create IPUIPlugin
2025-10-22 11:21:41,165 [INFO] PluginManager:220 - loadIPPluginJar : add spi
2025-10-22 11:21:41,166 [INFO] IPUIPlugin:80 - create IPUIPlugin
2025-10-22 11:21:41,167 [INFO] PluginManager:220 - loadIPPluginJar : add genericplugin
2025-10-22 11:21:41,169 [INFO] IPUIPlugin:80 - create IPUIPlugin
2025-10-22 11:21:41,169 [INFO] PluginManager:220 - loadIPPluginJar : add aes
2025-10-22 11:21:41,171 [INFO] IPUIPlugin:80 - create IPUIPlugin
2025-10-22 11:21:41,171 [INFO] PluginManager:220 - loadIPPluginJar : add ts
2025-10-22 11:21:41,174 [INFO] IPUIPlugin:80 - create IPUIPlugin
2025-10-22 11:21:41,174 [INFO] PluginManager:220 - loadIPPluginJar : add cryp
2025-10-22 11:21:41,179 [INFO] IPUIPlugin:80 - create IPUIPlugin
2025-10-22 11:21:41,179 [INFO] PluginManager:220 - loadIPPluginJar : add gpio
2025-10-22 11:21:41,182 [INFO] IPUIPlugin:80 - create IPUIPlugin
2025-10-22 11:21:41,182 [INFO] PluginManager:220 - loadIPPluginJar : add dfsdm
2025-10-22 11:21:41,188 [INFO] IPUIPlugin:80 - create IPUIPlugin
2025-10-22 11:21:41,191 [INFO] PluginManager:220 - loadIPPluginJar : add plateformsettings
2025-10-22 11:21:41,194 [INFO] IPUIPlugin:80 - create IPUIPlugin
2025-10-22 11:21:41,195 [INFO] PluginManager:220 - loadIPPluginJar : add opamp
2025-10-22 11:21:41,201 [INFO] IPUIPlugin:80 - create IPUIPlugin
2025-10-22 11:21:41,201 [INFO] PluginManager:220 - loadIPPluginJar : add mdma
2025-10-22 11:21:41,204 [INFO] IPUIPlugin:80 - create IPUIPlugin
2025-10-22 11:21:41,204 [INFO] PluginManager:220 - loadIPPluginJar : add gtzc
2025-10-22 11:21:41,205 [INFO] IPUIPlugin:80 - create IPUIPlugin
2025-10-22 11:21:41,205 [INFO] PluginManager:220 - loadIPPluginJar : add fatfs
2025-10-22 11:21:41,208 [INFO] IPUIPlugin:80 - create IPUIPlugin
2025-10-22 11:21:41,208 [INFO] PluginManager:220 - loadIPPluginJar : add usart
2025-10-22 11:21:41,211 [INFO] IPUIPlugin:80 - create IPUIPlugin
2025-10-22 11:21:41,211 [INFO] PluginManager:220 - loadIPPluginJar : add lorawan
2025-10-22 11:21:41,217 [INFO] IPUIPlugin:80 - create IPUIPlugin
2025-10-22 11:21:41,217 [INFO] PluginManager:220 - loadIPPluginJar : add adc
2025-10-22 11:21:41,226 [INFO] IPUIPlugin:80 - create IPUIPlugin
2025-10-22 11:21:41,226 [INFO] PluginManager:220 - loadIPPluginJar : add linkedlist
2025-10-22 11:21:41,229 [INFO] IPUIPlugin:80 - create IPUIPlugin
2025-10-22 11:21:41,229 [INFO] PluginManager:220 - loadIPPluginJar : add ipddr
2025-10-22 11:21:41,231 [INFO] IPUIPlugin:80 - create IPUIPlugin
2025-10-22 11:21:41,232 [INFO] PluginManager:220 - loadIPPluginJar : add dma3
2025-10-22 11:21:41,235 [INFO] IPUIPlugin:80 - create IPUIPlugin
2025-10-22 11:21:41,235 [INFO] PluginManager:220 - loadIPPluginJar : add nvic
2025-10-22 11:21:41,239 [INFO] IPUIPlugin:80 - create IPUIPlugin
2025-10-22 11:21:41,239 [INFO] PluginManager:220 - loadIPPluginJar : add sai
2025-10-22 11:21:41,241 [INFO] IPUIPlugin:80 - create IPUIPlugin
2025-10-22 11:21:41,241 [INFO] PluginManager:220 - loadIPPluginJar : add gfxmmu
2025-10-22 11:21:41,248 [INFO] IPUIPlugin:80 - create IPUIPlugin
2025-10-22 11:21:41,248 [INFO] PluginManager:220 - loadIPPluginJar : add dma
2025-10-22 11:21:41,253 [INFO] IPUIPlugin:80 - create IPUIPlugin
2025-10-22 11:21:41,253 [INFO] PluginManager:220 - loadIPPluginJar : add freertos
2025-10-22 11:21:41,256 [INFO] IPUIPlugin:80 - create IPUIPlugin
2025-10-22 11:21:41,256 [INFO] PluginManager:220 - loadIPPluginJar : add touchsensing
2025-10-22 11:21:41,378 [INFO] CADModel:165 - CPN selected for project level
2025-10-22 11:21:41,378 [INFO] CADModel:114 - Register for checkConnection events
2025-10-22 11:21:41,379 [FATAL] Updater:308 - Updater called before beeing initialized
2025-10-22 11:21:41,379 [ERROR] CADModel:125 - Updater not yet initialized, retry later 
2025-10-22 11:21:41,545 [INFO] CADModel:165 - CPN selected for project level
2025-10-22 11:21:41,545 [INFO] CADModel:114 - Register for checkConnection events
2025-10-22 11:21:41,545 [FATAL] Updater:308 - Updater called before beeing initialized
2025-10-22 11:21:41,545 [ERROR] CADModel:125 - Updater not yet initialized, retry later 
2025-10-22 11:21:41,551 [FATAL] Updater:308 - Updater called before beeing initialized
2025-10-22 11:21:41,665 [FATAL] Updater:308 - Updater called before beeing initialized
2025-10-22 11:21:41,671 [INFO] DbMcusAds:53 - JSON generation date=Thu Oct 02 15:06:05 IST 2025 (1759397765645)
2025-10-22 11:21:41,672 [FATAL] Updater:308 - Updater called before beeing initialized
2025-10-22 11:21:41,717 [WARN] DetailPanel:346 - Failed to get advertising image, set to default
2025-10-22 11:21:41,845 [FATAL] Updater:308 - Updater called before beeing initialized
2025-10-22 11:21:41,847 [FATAL] Updater:308 - Updater called before beeing initialized
2025-10-22 11:21:41,847 [FATAL] Updater:308 - Updater called before beeing initialized
2025-10-22 11:21:41,847 [WARN] DetailPanel:346 - Failed to get advertising image, set to default
2025-10-22 11:21:41,849 [FATAL] Updater:308 - Updater called before beeing initialized
2025-10-22 11:21:41,898 [ERROR] Updater:1120 - MainUpdater not yet initialized. External WinMGr cannot be set.
2025-10-22 11:21:41,901 [INFO] Updater:1056 - Updater Version found : 6.9.2
2025-10-22 11:21:41,924 [INFO] ApplicationProperties:184 - Using Application install path: /opt/st/stm32cubeide_1.13.2/plugins/com.st.stm32cube.common.mx_6.9.2.202309101412
2025-10-22 11:21:42,183 [INFO] MainUpdater:2868 - connection check result : 10
2025-10-22 11:21:42,184 [INFO] MainUpdater:285 - Updater Check For Update Now.
2025-10-22 11:21:42,184 [INFO] MicroXplorer:498 - Change Database Version : DB.6.0.92
2025-10-22 11:21:42,193 [INFO] McuFinderGlobals:63 - Set McuFinder mode to 2 (CubeIDE integrated)
2025-10-22 11:21:42,398 [INFO] CheckServerUpdateThread:120 - End of CheckServer Thread
2025-10-22 11:21:43,675 [WARN] PackLoader:240 - Cannot read IP mode file for STMicroelectronics.FP-SNS-MOTENVWB1.1.4.0
2025-10-22 11:21:43,687 [WARN] PackLoader:240 - Cannot read IP mode file for STMicroelectronics.FP-ATR-ASTRA1.2.0.2
2025-10-22 11:21:43,698 [WARN] PackLoader:240 - Cannot read IP mode file for STMicroelectronics.FP-ATR-ASTRA1.2.0.1
2025-10-22 11:21:43,708 [WARN] PackLoader:240 - Cannot read IP mode file for STMicroelectronics.X-CUBE-SMBUS.2.1.0
2025-10-22 11:21:43,720 [WARN] PackLoader:240 - Cannot read IP mode file for STMicroelectronics.X-CUBE-WB05N.1.1.0
2025-10-22 11:21:43,726 [ERROR] Engine:466 - /home/sunbeam/.stm32cubemx/thirdparties/pdsc/STMicroelectronics.X-CUBE-ST60.1.0.0.pdsc: PDSC version is not supported
2025-10-22 11:21:43,730 [WARN] PackLoader:240 - Cannot read IP mode file for STMicroelectronics.X-CUBE-TOUCHGFX.4.23.0
2025-10-22 11:21:43,781 [WARN] PackLoader:240 - Cannot read IP mode file for STMicroelectronics.X-CUBE-AZRTOS-F7.1.1.0
2025-10-22 11:21:43,803 [WARN] PackLoader:240 - Cannot read IP mode file for STMicroelectronics.FP-SNS-MOTENV1.4.3.2
2025-10-22 11:21:43,931 [WARN] PackLoader:240 - Cannot read IP mode file for STMicroelectronics.X-CUBE-MEMS1.11.0.0
2025-10-22 11:21:44,089 [WARN] PackLoader:240 - Cannot read IP mode file for STMicroelectronics.FP-SNS-FLIGHT1.5.0.2
2025-10-22 11:21:44,113 [WARN] PackLoader:240 - Cannot read IP mode file for STMicroelectronics.X-CUBE-AZRTOS-H7.3.4.0
2025-10-22 11:21:44,125 [WARN] PackLoader:240 - Cannot read IP mode file for STMicroelectronics.X-CUBE-DISPLAY.3.0.0
2025-10-22 11:21:44,136 [WARN] PackLoader:240 - Cannot read IP mode file for STMicroelectronics.X-CUBE-BLE1.7.0.0
2025-10-22 11:21:44,144 [WARN] PackLoader:240 - Cannot read IP mode file for STMicroelectronics.X-CUBE-NFC10.1.0.0
2025-10-22 11:21:44,152 [ERROR] Engine:466 - /home/sunbeam/.stm32cubemx/thirdparties/pdsc/STMicroelectronics.X-CUBE-BLEMGR.4.0.0.pdsc: PDSC version is not supported
2025-10-22 11:21:44,155 [ERROR] Engine:466 - /home/sunbeam/.stm32cubemx/thirdparties/pdsc/STMicroelectronics.X-CUBE-ST60.1.1.0.pdsc: PDSC version is not supported
2025-10-22 11:21:44,162 [WARN] PackLoader:240 - Cannot read IP mode file for emotas.I-CUBE-CANOPEN.1.3.0
2025-10-22 11:21:44,166 [WARN] PackLoader:240 - Cannot read IP mode file for STMicroelectronics.X-CUBE-TOUCHGFX.4.22.1
2025-10-22 11:21:44,177 [WARN] PackLoader:240 - Cannot read IP mode file for STMicroelectronics.X-CUBE-BLEMGR.3.1.0
2025-10-22 11:21:44,184 [ERROR] Engine:466 - /home/sunbeam/.stm32cubemx/thirdparties/pdsc/STMicroelectronics.FP-SNS-STBOX1.2.1.0.pdsc: PDSC version is not supported
2025-10-22 11:21:44,187 [ERROR] Engine:466 - /home/sunbeam/.stm32cubemx/thirdparties/pdsc/STMicroelectronics.FP-SNS-FLIGHT1.5.1.0.pdsc: PDSC version is not supported
2025-10-22 11:21:44,257 [WARN] PackLoader:240 - Cannot read IP mode file for STMicroelectronics.X-CUBE-MEMS1.11.1.0
2025-10-22 11:21:44,551 [INFO] LogOutputStream:77 - [STDOUT_REDIRECT] 1 : Invalid condition id : UX_CORESTACK_Condition cause : null
2025-10-22 11:21:44,552 [INFO] LogOutputStream:77 - [STDOUT_REDIRECT] 1 : Invalid condition id : UX_CORESTACK_Condition cause : null
2025-10-22 11:21:44,553 [INFO] LogOutputStream:77 - [STDOUT_REDIRECT] 1 : Invalid condition id : UX_CORESTACK_Condition cause : null
2025-10-22 11:21:44,554 [INFO] LogOutputStream:77 - [STDOUT_REDIRECT] 1 : Invalid condition id : UX_CORESTACK_Condition cause : null
2025-10-22 11:21:44,554 [INFO] LogOutputStream:77 - [STDOUT_REDIRECT] 1 : Invalid condition id : UX_CORESTACK_Condition cause : null
2025-10-22 11:21:44,561 [WARN] PackLoader:240 - Cannot read IP mode file for STMicroelectronics.X-CUBE-AZRTOS-WL.2.0.0
2025-10-22 11:21:44,568 [WARN] PackLoader:240 - Cannot read IP mode file for STMicroelectronics.FP-SNS-MOTENV1.5.0.0
2025-10-22 11:21:44,573 [WARN] PackLoader:240 - Cannot read IP mode file for wolfSSL.I-CUBE-wolfMQTT.1.19.0
2025-10-22 11:21:44,582 [WARN] PackLoader:240 - Cannot read IP mode file for WES.I-CUBE-Cesium.1.3.0
2025-10-22 11:21:44,588 [WARN] PackLoader:240 - Cannot read IP mode file for STMicroelectronics.X-CUBE-BLE2.3.3.0
2025-10-22 11:21:44,596 [WARN] PackLoader:240 - Cannot read IP mode file for STMicroelectronics.X-CUBE-NFC9.1.0.0
2025-10-22 11:21:44,604 [WARN] PackLoader:240 - Cannot read IP mode file for STMicroelectronics.X-CUBE-BLE1.7.1.0
2025-10-22 11:21:44,611 [WARN] PackLoader:240 - Cannot read IP mode file for STMicroelectronics.X-CUBE-TCPP.4.1.0
2025-10-22 11:21:44,620 [WARN] PackLoader:240 - Cannot read IP mode file for STMicroelectronics.X-CUBE-EEPRMA1.5.2.0
2025-10-22 11:21:44,626 [ERROR] Engine:466 - /home/sunbeam/.stm32cubemx/thirdparties/pdsc/STMicroelectronics.X-CUBE-ST67W61.1.1.0.pdsc: PDSC version is not supported
2025-10-22 11:21:44,633 [WARN] PackLoader:240 - Cannot read IP mode file for STMicroelectronics.X-CUBE-ALGOBUILD.1.3.0
2025-10-22 11:21:44,658 [WARN] PackLoader:240 - Cannot read IP mode file for STMicroelectronics.X-CUBE-AZRTOS-G0.1.1.0
2025-10-22 11:21:44,667 [WARN] PackLoader:240 - Cannot read IP mode file for STMicroelectronics.X-CUBE-SAFEA1.1.2.2
2025-10-22 11:21:44,674 [WARN] PackLoader:240 - Cannot read IP mode file for STMicroelectronics.X-CUBE-NFC4.3.0.0
2025-10-22 11:21:44,679 [ERROR] Engine:466 - /home/sunbeam/.stm32cubemx/thirdparties/pdsc/EmbeddedOffice.I-CUBE-FS-RTOS.1.0.1.pdsc: PDSC version is not supported
2025-10-22 11:21:44,690 [WARN] PackLoader:240 - Cannot read IP mode file for STMicroelectronics.X-CUBE-WB05N.2.0.0
2025-10-22 11:21:44,700 [WARN] PackLoader:240 - Cannot read IP mode file for STMicroelectronics.X-CUBE-BLEMGR.3.0.0
2025-10-22 11:21:44,706 [ERROR] Engine:466 - /home/sunbeam/.stm32cubemx/thirdparties/pdsc/STMicroelectronics.X-CUBE-TCPP.4.2.0.pdsc: PDSC version is not supported
2025-10-22 11:21:44,709 [ERROR] Engine:466 - /home/sunbeam/.stm32cubemx/thirdparties/pdsc/RealThread.X-CUBE-RT-Thread_Nano.4.1.1.pdsc: PDSC version is not supported
2025-10-22 11:21:44,712 [WARN] PackLoader:240 - Cannot read IP mode file for STMicroelectronics.FP-ATR-SIGFOX1.3.2.0
2025-10-22 11:21:44,715 [ERROR] Engine:466 - /home/sunbeam/.stm32cubemx/thirdparties/pdsc/quantropi.X-CUBE-qispace-sdk-base.1.9.3.pdsc: PDSC version is not supported
2025-10-22 11:21:44,724 [WARN] PackLoader:240 - Cannot read IP mode file for STMicroelectronics.X-CUBE-EEPRMA1.5.1.0
2025-10-22 11:21:44,731 [ERROR] Engine:466 - /home/sunbeam/.stm32cubemx/thirdparties/pdsc/STMicroelectronics.X-CUBE-ST67W61.1.0.0.pdsc: PDSC version is not supported
2025-10-22 11:21:44,735 [WARN] PackLoader:240 - Cannot read IP mode file for STMicroelectronics.X-CUBE-AI.10.2.0
2025-10-22 11:21:44,798 [WARN] PackLoader:240 - Cannot read IP mode file for SEGGER.I-CUBE-embOS.1.3.1
2025-10-22 11:21:44,866 [WARN] PackLoader:240 - Cannot read IP mode file for STMicroelectronics.X-CUBE-ALGOBUILD.1.4.0
2025-10-22 11:21:44,942 [WARN] PackLoader:240 - Cannot read IP mode file for STMicroelectronics.X-CUBE-MEMS1.11.3.0
2025-10-22 11:21:45,096 [WARN] PackLoader:240 - Cannot read IP mode file for STMicroelectronics.X-CUBE-AI.9.1.0
2025-10-22 11:21:45,099 [WARN] PackLoader:240 - Cannot read IP mode file for STMicroelectronics.X-CUBE-PM33A1.1.0.0
2025-10-22 11:21:45,103 [WARN] PackLoader:240 - Cannot read IP mode file for STMicroelectronics.X-CUBE-GNSS1.6.0.0
2025-10-22 11:21:45,125 [WARN] PackLoader:240 - Cannot read IP mode file for STMicroelectronics.X-CUBE-AZRTOS-F4.1.1.0
2025-10-22 11:21:45,133 [WARN] PackLoader:240 - Cannot read IP mode file for wolfSSL.I-CUBE-wolfSSL.5.6.4
2025-10-22 11:21:45,135 [ERROR] Engine:466 - /home/sunbeam/.stm32cubemx/thirdparties/pdsc/Avnet-IotConnect.X-CUBE-IoTC-DA16k-PMOD.1.0.0.pdsc: PDSC version is not supported
2025-10-22 11:21:45,139 [WARN] PackLoader:240 - Cannot read IP mode file for STMicroelectronics.X-CUBE-ISPU.2.1.0
2025-10-22 11:21:45,146 [ERROR] Engine:466 - /home/sunbeam/.stm32cubemx/thirdparties/pdsc/STMicroelectronics.X-CUBE-IPS.3.2.0.pdsc: PDSC version is not supported
2025-10-22 11:21:45,152 [WARN] PackLoader:240 - Cannot read IP mode file for STMicroelectronics.X-CUBE-FREERTOS.1.2.0
2025-10-22 11:21:45,159 [WARN] PackLoader:240 - Cannot read IP mode file for STMicroelectronics.X-CUBE-NFC12.1.0.0
2025-10-22 11:21:45,184 [WARN] PackLoader:240 - Cannot read IP mode file for STMicroelectronics.X-CUBE-AZRTOS-L5.2.0.0
2025-10-22 11:21:45,242 [WARN] PackLoader:240 - Cannot read IP mode file for STMicroelectronics.X-CUBE-MEMS1.9.6.0
2025-10-22 11:21:45,394 [WARN] PackLoader:240 - Cannot read IP mode file for STMicroelectronics.X-CUBE-EEPRMA1.4.2.0
2025-10-22 11:21:45,400 [WARN] PackLoader:240 - Cannot read IP mode file for STMicroelectronics.X-CUBE-NFC6.3.1.0
2025-10-22 11:21:45,406 [WARN] PackLoader:240 - Cannot read IP mode file for ITTIA_DB.I-CUBE-ITTIADB.8.8.0
2025-10-22 11:21:45,412 [WARN] PackLoader:240 - Cannot read IP mode file for STMicroelectronics.X-CUBE-BLEMGR.2.0.0
2025-10-22 11:21:45,416 [ERROR] Engine:466 - /home/sunbeam/.stm32cubemx/thirdparties/pdsc/STMicroelectronics.X-CUBE-DPower.1.2.0.pdsc: PDSC version is not supported
2025-10-22 11:21:45,418 [WARN] PackLoader:240 - Cannot read IP mode file for STMicroelectronics.X-CUBE-AI.9.0.0
2025-10-22 11:21:45,434 [WARN] ConditionMgr:438 - getConditionDescription Invalid condition id : UX DEVICE CLASS RTOS Condition cause : null
2025-10-22 11:21:45,435 [WARN] ConditionMgr:438 - getConditionDescription Invalid condition id : UX DEVICE CLASS RTOS Condition cause : null
2025-10-22 11:21:45,439 [WARN] PackLoader:240 - Cannot read IP mode file for STMicroelectronics.X-CUBE-AZRTOS-H7.3.1.0
2025-10-22 11:21:45,441 [WARN] ConditionMgr:1039 - genDependencies : Invalid condition id : UX DEVICE CLASS RTOS Condition cause : null
2025-10-22 11:21:45,442 [WARN] ConditionMgr:1039 - genDependencies : Invalid condition id : UX DEVICE CLASS RTOS Condition cause : null
2025-10-22 11:21:45,443 [WARN] ConditionMgr:1039 - genDependencies : Invalid condition id : UX DEVICE CLASS RTOS Condition cause : null
2025-10-22 11:21:45,443 [WARN] ConditionMgr:1039 - genDependencies : Invalid condition id : UX DEVICE CLASS RTOS Condition cause : null
2025-10-22 11:21:45,443 [WARN] ConditionMgr:1039 - genDependencies : Invalid condition id : UX DEVICE CLASS RTOS Condition cause : null
2025-10-22 11:21:45,451 [WARN] PackLoader:240 - Cannot read IP mode file for STMicroelectronics.X-CUBE-FREERTOS.1.3.1
2025-10-22 11:21:45,457 [WARN] PackLoader:240 - Cannot read IP mode file for STMicroelectronics.X-CUBE-FREERTOS.1.3.0
2025-10-22 11:21:45,462 [WARN] PackLoader:240 - Cannot read IP mode file for STMicroelectronics.X-CUBE-NFC7.1.0.1
2025-10-22 11:21:45,467 [WARN] PackLoader:240 - Cannot read IP mode file for STMicroelectronics.X-CUBE-TOUCHGFX.4.26.0
2025-10-22 11:21:45,472 [WARN] PackLoader:240 - Cannot read IP mode file for STMicroelectronics.X-CUBE-NFC6.3.0.0
2025-10-22 11:21:45,482 [WARN] PackLoader:240 - Cannot read IP mode file for STMicroelectronics.X-CUBE-EEPRMA1.4.1.0
2025-10-22 11:21:45,487 [ERROR] Engine:466 - /home/sunbeam/.stm32cubemx/thirdparties/pdsc/STMicroelectronics.FP-SNS-STAIOTCFT.1.0.0.pdsc: PDSC version is not supported
2025-10-22 11:21:45,490 [ERROR] Engine:466 - /home/sunbeam/.stm32cubemx/thirdparties/pdsc/STMicroelectronics.X-CUBE-DPower.1.3.0.pdsc: PDSC version is not supported
2025-10-22 11:21:45,493 [WARN] PackLoader:240 - Cannot read IP mode file for STMicroelectronics.X-CUBE-AI.8.1.0
2025-10-22 11:21:45,526 [WARN] ConditionMgr:438 - getConditionDescription Invalid condition id : LAN8742 Phy interface Condition cause : null
2025-10-22 11:21:45,527 [WARN] PackLoader:240 - Cannot read IP mode file for STMicroelectronics.X-CUBE-AZRTOS-L4.2.0.0
2025-10-22 11:21:45,529 [WARN] ConditionMgr:1039 - genDependencies : Invalid condition id : LAN8742 Phy interface Condition cause : null
2025-10-22 11:21:45,529 [WARN] ConditionMgr:1039 - genDependencies : Invalid condition id : LAN8742 Phy interface Condition cause : null
2025-10-22 11:21:45,531 [WARN] ConditionMgr:1039 - genDependencies : Invalid condition id : LAN8742 Phy interface Condition cause : null
2025-10-22 11:21:45,540 [WARN] PackLoader:240 - Cannot read IP mode file for STMicroelectronics.X-CUBE-SFXS2LP1.4.0.0
2025-10-22 11:21:45,545 [WARN] PackLoader:240 - Cannot read IP mode file for STMicroelectronics.X-CUBE-ISPU.1.1.0
2025-10-22 11:21:45,570 [WARN] PackLoader:240 - Cannot read IP mode file for STMicroelectronics.X-CUBE-AZRTOS-H7.3.3.0
2025-10-22 11:21:45,580 [ERROR] Engine:466 - /home/sunbeam/.stm32cubemx/thirdparties/pdsc/STMicroelectronics.X-CUBE-BLEMGR.4.1.0.pdsc: PDSC version is not supported
2025-10-22 11:21:45,584 [ERROR] Engine:466 - /home/sunbeam/.stm32cubemx/thirdparties/pdsc/STMicroelectronics.X-CUBE-IPS.3.0.0.pdsc: PDSC version is not supported
2025-10-22 11:21:45,600 [WARN] ConditionMgr:438 - getConditionDescription Invalid condition id : UX DEVICE CLASS RTOS Condition cause : null
2025-10-22 11:21:45,601 [WARN] ConditionMgr:438 - getConditionDescription Invalid condition id : UX DEVICE CLASS RTOS Condition cause : null
2025-10-22 11:21:45,604 [WARN] PackLoader:240 - Cannot read IP mode file for STMicroelectronics.X-CUBE-AZRTOS-WB.2.0.0
2025-10-22 11:21:45,606 [WARN] ConditionMgr:1039 - genDependencies : Invalid condition id : UX DEVICE CLASS RTOS Condition cause : null
2025-10-22 11:21:45,606 [WARN] ConditionMgr:1039 - genDependencies : Invalid condition id : UX DEVICE CLASS RTOS Condition cause : null
2025-10-22 11:21:45,607 [WARN] ConditionMgr:1039 - genDependencies : Invalid condition id : UX DEVICE CLASS RTOS Condition cause : null
2025-10-22 11:21:45,607 [WARN] ConditionMgr:1039 - genDependencies : Invalid condition id : UX DEVICE CLASS RTOS Condition cause : null
2025-10-22 11:21:45,608 [WARN] ConditionMgr:1039 - genDependencies : Invalid condition id : UX DEVICE CLASS RTOS Condition cause : null
2025-10-22 11:21:45,615 [WARN] PackLoader:240 - Cannot read IP mode file for STMicroelectronics.X-CUBE-GNSS1.7.0.0
2025-10-22 11:21:45,621 [WARN] PackLoader:240 - Cannot read IP mode file for STMicroelectronics.X-CUBE-GNSS1.7.0.1
2025-10-22 11:21:45,626 [WARN] PackLoader:240 - Cannot read IP mode file for STMicroelectronics.X-CUBE-TOUCHGFX.4.25.0
2025-10-22 11:21:45,630 [ERROR] Engine:466 - /home/sunbeam/.stm32cubemx/thirdparties/pdsc/STMicroelectronics.FP-SNS-STBOX1.2.0.0.pdsc: PDSC version is not supported
2025-10-22 11:21:45,641 [WARN] PackLoader:240 - Cannot read IP mode file for STMicroelectronics.X-CUBE-SUBG2.5.0.0
2025-10-22 11:21:45,668 [WARN] PackLoader:240 - Cannot read IP mode file for STMicroelectronics.X-CUBE-AZRTOS-H7RS.1.1.0
2025-10-22 11:21:45,674 [WARN] PackLoader:240 - Cannot read IP mode file for Cesanta.I-CUBE-Mongoose.7.13.0
2025-10-22 11:21:45,684 [WARN] PackLoader:240 - Cannot read IP mode file for STMicroelectronics.X-CUBE-TOF1.3.3.1
2025-10-22 11:21:45,701 [WARN] PackLoader:240 - Cannot read IP mode file for STMicroelectronics.X-CUBE-AZRTOS-G4.2.0.0
2025-10-22 11:21:45,714 [WARN] PackLoader:240 - Cannot read IP mode file for Infineon.AIROC-Wi-Fi-Bluetooth-STM32.1.5.1
2025-10-22 11:21:45,722 [WARN] PackLoader:240 - Cannot read IP mode file for STMicroelectronics.X-CUBE-NFC7.2.0.0
2025-10-22 11:21:45,727 [WARN] PackLoader:240 - Cannot read IP mode file for STMicroelectronics.FP-SNS-MOTENVWB1.1.3.1
2025-10-22 11:21:45,731 [WARN] PackLoader:240 - Cannot read IP mode file for STMicroelectronics.X-CUBE-ISPU.2.0.0
2025-10-22 11:21:45,737 [ERROR] Engine:466 - /home/sunbeam/.stm32cubemx/thirdparties/pdsc/STMicroelectronics.X-CUBE-IPS.3.1.0.pdsc: PDSC version is not supported
2025-10-22 11:21:45,741 [WARN] PackLoader:240 - Cannot read IP mode file for STMicroelectronics.X-CUBE-ALS.1.0.2
2025-10-22 11:21:45,789 [WARN] PackLoader:240 - Cannot read IP mode file for STMicroelectronics.X-CUBE-MEMS1.10.0.0
2025-10-22 11:21:45,952 [WARN] PackLoader:240 - Cannot read IP mode file for STMicroelectronics.X-CUBE-FREERTOS.1.1.0
2025-10-22 11:21:45,955 [WARN] PackLoader:240 - Cannot read IP mode file for STMicroelectronics.X-CUBE-TOUCHGFX.4.24.0
2025-10-22 11:21:45,958 [WARN] PackLoader:240 - Cannot read IP mode file for STMicroelectronics.X-CUBE-TOUCHGFX.4.24.2
2025-10-22 11:21:45,961 [WARN] PackLoader:240 - Cannot read IP mode file for STMicroelectronics.X-CUBE-TOUCHGFX.4.24.1
2025-10-22 11:21:45,968 [WARN] PackLoader:240 - Cannot read IP mode file for STMicroelectronics.X-CUBE-STSE01.1.0.0
2025-10-22 11:21:45,973 [WARN] PackLoader:240 - Cannot read IP mode file for wolfSSL.I-CUBE-wolfTPM.3.4.0
2025-10-22 11:21:45,978 [WARN] PackLoader:240 - Cannot read IP mode file for portGmbH.I-Cube-SoM-uGOAL.1.1.0
2025-10-22 11:21:45,983 [WARN] PackLoader:240 - Cannot read IP mode file for STMicroelectronics.X-CUBE-ALS.1.0.1
2025-10-22 11:21:46,004 [WARN] PackLoader:240 - Cannot read IP mode file for STMicroelectronics.X-CUBE-AZRTOS-H7RS.1.0.0
2025-10-22 11:21:46,014 [WARN] PackLoader:240 - Cannot read IP mode file for STMicroelectronics.FP-ATR-ASTRA1.2.0.0
2025-10-22 11:21:46,021 [ERROR] Engine:466 - /home/sunbeam/.stm32cubemx/thirdparties/pdsc/STMicroelectronics.X-CUBE-TOF1.3.4.2.pdsc: PDSC version is not supported
2025-10-22 11:21:46,027 [ERROR] Engine:466 - /home/sunbeam/.stm32cubemx/thirdparties/pdsc/STMicroelectronics.X-CUBE-TOF1.3.4.3.pdsc: PDSC version is not supported
2025-10-22 11:21:46,039 [WARN] PackLoader:240 - Cannot read IP mode file for STMicroelectronics.X-CUBE-TOF1.3.4.0
2025-10-22 11:21:46,078 [WARN] PackLoader:240 - Cannot read IP mode file for STMicroelectronics.X-CUBE-AZRTOS-H7.3.2.0
2025-10-22 11:21:46,087 [WARN] PackLoader:240 - Cannot read IP mode file for wolfSSL.I-CUBE-wolfSSH.1.4.17
2025-10-22 11:21:46,088 [INFO] ThirdParty:978 - Integrity check success = true
2025-10-22 11:21:46,088 [INFO] IntegrityCheckThread:100 - exiting critical section [integrity check]
2025-10-22 11:21:46,088 [INFO] IntegrityCheckThread:103 - End integrity checks thread
2025-10-22 11:22:02,477 [ERROR] LogOutputStream:75 - [STDERR_REDIRECT] SLF4J: Failed to load class "org.slf4j.impl.StaticLoggerBinder".
2025-10-22 11:22:02,477 [ERROR] LogOutputStream:75 - [STDERR_REDIRECT] SLF4J: Defaulting to no-operation (NOP) logger implementation
2025-10-22 11:22:02,478 [ERROR] LogOutputStream:75 - [STDERR_REDIRECT] SLF4J: See http://www.slf4j.org/codes.html#StaticLoggerBinder for further details.
2025-10-22 11:22:41,357 [INFO] LogOutputStream:77 - [STDOUT_REDIRECT] Unexpected error loading extension: org.eclipse.equinox.p2.metadata.repository.simpleRepository
2025-10-22 11:22:41,357 [ERROR] LogOutputStream:75 - [STDERR_REDIRECT] java.lang.IllegalStateException: bundle org.eclipse.equinox.p2.repositoryis not started
2025-10-22 11:22:41,358 [ERROR] LogOutputStream:75 - [STDERR_REDIRECT] 	at org.eclipse.equinox.internal.p2.repository.Activator.getContext(Activator.java:65)
2025-10-22 11:22:41,358 [ERROR] LogOutputStream:75 - [STDERR_REDIRECT] 	at org.eclipse.equinox.internal.p2.repository.Activator.getParserFactory(Activator.java:75)
2025-10-22 11:22:41,358 [ERROR] LogOutputStream:75 - [STDERR_REDIRECT] 	at org.eclipse.equinox.internal.p2.persistence.XMLParser.<init>(XMLParser.java:55)
2025-10-22 11:22:41,359 [ERROR] LogOutputStream:75 - [STDERR_REDIRECT] 	at org.eclipse.equinox.internal.p2.metadata.repository.io.MetadataParser.<init>(MetadataParser.java:41)
2025-10-22 11:22:41,359 [ERROR] LogOutputStream:75 - [STDERR_REDIRECT] 	at org.eclipse.equinox.internal.p2.metadata.repository.MetadataRepositoryIO$Parser.<init>(MetadataRepositoryIO.java:193)
2025-10-22 11:22:41,367 [ERROR] LogOutputStream:75 - [STDERR_REDIRECT] 	at org.eclipse.equinox.internal.p2.metadata.repository.MetadataRepositoryIO.read(MetadataRepositoryIO.java:64)
2025-10-22 11:22:41,367 [ERROR] LogOutputStream:75 - [STDERR_REDIRECT] 	at org.eclipse.equinox.internal.p2.metadata.repository.SimpleMetadataRepositoryFactory.load(SimpleMetadataRepositoryFactory.java:108)
2025-10-22 11:22:41,367 [ERROR] LogOutputStream:75 - [STDERR_REDIRECT] 	at org.eclipse.equinox.internal.p2.metadata.repository.MetadataRepositoryManager.factoryLoad(MetadataRepositoryManager.java:63)
2025-10-22 11:22:41,368 [ERROR] LogOutputStream:75 - [STDERR_REDIRECT] 	at org.eclipse.equinox.internal.p2.repository.helpers.AbstractRepositoryManager.loadRepository(AbstractRepositoryManager.java:787)
2025-10-22 11:22:41,368 [ERROR] LogOutputStream:75 - [STDERR_REDIRECT] 	at org.eclipse.equinox.internal.p2.repository.helpers.AbstractRepositoryManager.loadRepository(AbstractRepositoryManager.java:685)
2025-10-22 11:22:41,369 [ERROR] LogOutputStream:75 - [STDERR_REDIRECT] 	at org.eclipse.equinox.internal.p2.metadata.repository.MetadataRepositoryManager.loadRepository(MetadataRepositoryManager.java:110)
2025-10-22 11:22:41,369 [ERROR] LogOutputStream:75 - [STDERR_REDIRECT] 	at org.eclipse.equinox.internal.p2.metadata.repository.MetadataRepositoryManager.loadRepository(MetadataRepositoryManager.java:105)
2025-10-22 11:22:41,369 [ERROR] LogOutputStream:75 - [STDERR_REDIRECT] 	at org.eclipse.equinox.internal.p2.metadata.repository.CompositeMetadataRepository.addChild(CompositeMetadataRepository.java:171)
2025-10-22 11:22:41,370 [ERROR] LogOutputStream:75 - [STDERR_REDIRECT] 	at org.eclipse.equinox.internal.p2.metadata.repository.CompositeMetadataRepository.<init>(CompositeMetadataRepository.java:113)
2025-10-22 11:22:41,370 [ERROR] LogOutputStream:75 - [STDERR_REDIRECT] 	at org.eclipse.equinox.internal.p2.metadata.repository.CompositeMetadataRepositoryFactory.load(CompositeMetadataRepositoryFactory.java:124)
2025-10-22 11:22:41,370 [ERROR] LogOutputStream:75 - [STDERR_REDIRECT] 	at org.eclipse.equinox.internal.p2.metadata.repository.MetadataRepositoryManager.factoryLoad(MetadataRepositoryManager.java:63)
2025-10-22 11:22:41,371 [ERROR] LogOutputStream:75 - [STDERR_REDIRECT] 	at org.eclipse.equinox.internal.p2.repository.helpers.AbstractRepositoryManager.loadRepository(AbstractRepositoryManager.java:787)
2025-10-22 11:22:41,371 [ERROR] LogOutputStream:75 - [STDERR_REDIRECT] 	at org.eclipse.equinox.internal.p2.repository.helpers.AbstractRepositoryManager.loadRepository(AbstractRepositoryManager.java:685)
2025-10-22 11:22:41,371 [ERROR] LogOutputStream:75 - [STDERR_REDIRECT] 	at org.eclipse.equinox.internal.p2.metadata.repository.MetadataRepositoryManager.loadRepository(MetadataRepositoryManager.java:110)
2025-10-22 11:22:41,372 [ERROR] LogOutputStream:75 - [STDERR_REDIRECT] 	at org.eclipse.equinox.internal.p2.metadata.repository.MetadataRepositoryManager.loadRepository(MetadataRepositoryManager.java:105)
2025-10-22 11:22:41,372 [ERROR] LogOutputStream:75 - [STDERR_REDIRECT] 	at org.eclipse.equinox.internal.p2.metadata.repository.CompositeMetadataRepository.addChild(CompositeMetadataRepository.java:171)
2025-10-22 11:22:41,375 [ERROR] LogOutputStream:75 - [STDERR_REDIRECT] 	at org.eclipse.equinox.internal.p2.metadata.repository.CompositeMetadataRepository.<init>(CompositeMetadataRepository.java:113)
2025-10-22 11:22:41,376 [ERROR] LogOutputStream:75 - [STDERR_REDIRECT] 	at org.eclipse.equinox.internal.p2.metadata.repository.CompositeMetadataRepositoryFactory.load(CompositeMetadataRepositoryFactory.java:124)
2025-10-22 11:22:41,376 [ERROR] LogOutputStream:75 - [STDERR_REDIRECT] 	at org.eclipse.equinox.internal.p2.metadata.repository.MetadataRepositoryManager.factoryLoad(MetadataRepositoryManager.java:63)
2025-10-22 11:22:41,377 [ERROR] LogOutputStream:75 - [STDERR_REDIRECT] 	at org.eclipse.equinox.internal.p2.repository.helpers.AbstractRepositoryManager.loadRepository(AbstractRepositoryManager.java:787)
2025-10-22 11:22:41,377 [ERROR] LogOutputStream:75 - [STDERR_REDIRECT] 	at org.eclipse.equinox.internal.p2.repository.helpers.AbstractRepositoryManager.loadRepository(AbstractRepositoryManager.java:685)
2025-10-22 11:22:41,377 [ERROR] LogOutputStream:75 - [STDERR_REDIRECT] 	at org.eclipse.equinox.internal.p2.metadata.repository.MetadataRepositoryManager.loadRepository(MetadataRepositoryManager.java:110)
2025-10-22 11:22:41,378 [ERROR] LogOutputStream:75 - [STDERR_REDIRECT] 	at org.eclipse.equinox.internal.p2.metadata.repository.MetadataRepositoryManager.loadRepository(MetadataRepositoryManager.java:105)
2025-10-22 11:22:41,378 [ERROR] LogOutputStream:75 - [STDERR_REDIRECT] 	at org.eclipse.equinox.internal.p2.metadata.repository.CompositeMetadataRepository.addChild(CompositeMetadataRepository.java:171)
2025-10-22 11:22:41,378 [ERROR] LogOutputStream:75 - [STDERR_REDIRECT] 	at org.eclipse.equinox.internal.p2.metadata.repository.CompositeMetadataRepository.<init>(CompositeMetadataRepository.java:113)
2025-10-22 11:22:41,379 [ERROR] LogOutputStream:75 - [STDERR_REDIRECT] 	at org.eclipse.equinox.internal.p2.metadata.repository.CompositeMetadataRepositoryFactory.load(CompositeMetadataRepositoryFactory.java:124)
2025-10-22 11:22:41,379 [ERROR] LogOutputStream:75 - [STDERR_REDIRECT] 	at org.eclipse.equinox.internal.p2.metadata.repository.MetadataRepositoryManager.factoryLoad(MetadataRepositoryManager.java:63)
2025-10-22 11:22:41,384 [ERROR] LogOutputStream:75 - [STDERR_REDIRECT] 	at org.eclipse.equinox.internal.p2.repository.helpers.AbstractRepositoryManager.loadRepository(AbstractRepositoryManager.java:787)
2025-10-22 11:22:41,384 [ERROR] LogOutputStream:75 - [STDERR_REDIRECT] 	at org.eclipse.equinox.internal.p2.repository.helpers.AbstractRepositoryManager.loadRepository(AbstractRepositoryManager.java:685)
2025-10-22 11:22:41,384 [ERROR] LogOutputStream:75 - [STDERR_REDIRECT] 	at org.eclipse.equinox.internal.p2.metadata.repository.MetadataRepositoryManager.loadRepository(MetadataRepositoryManager.java:110)
2025-10-22 11:22:41,385 [ERROR] LogOutputStream:75 - [STDERR_REDIRECT] 	at org.eclipse.equinox.internal.p2.metadata.repository.MetadataRepositoryManager.loadRepository(MetadataRepositoryManager.java:105)
2025-10-22 11:22:41,385 [ERROR] LogOutputStream:75 - [STDERR_REDIRECT] 	at org.eclipse.equinox.internal.p2.metadata.repository.CompositeMetadataRepository.addChild(CompositeMetadataRepository.java:171)
2025-10-22 11:22:41,385 [ERROR] LogOutputStream:75 - [STDERR_REDIRECT] 	at org.eclipse.equinox.internal.p2.metadata.repository.CompositeMetadataRepository.<init>(CompositeMetadataRepository.java:113)
2025-10-22 11:22:41,386 [ERROR] LogOutputStream:75 - [STDERR_REDIRECT] 	at org.eclipse.equinox.internal.p2.metadata.repository.CompositeMetadataRepositoryFactory.load(CompositeMetadataRepositoryFactory.java:124)
2025-10-22 11:22:41,386 [ERROR] LogOutputStream:75 - [STDERR_REDIRECT] 	at org.eclipse.equinox.internal.p2.metadata.repository.MetadataRepositoryManager.factoryLoad(MetadataRepositoryManager.java:63)
2025-10-22 11:22:41,386 [ERROR] LogOutputStream:75 - [STDERR_REDIRECT] 	at org.eclipse.equinox.internal.p2.repository.helpers.AbstractRepositoryManager.loadRepository(AbstractRepositoryManager.java:787)
2025-10-22 11:22:41,387 [ERROR] LogOutputStream:75 - [STDERR_REDIRECT] 	at org.eclipse.equinox.internal.p2.repository.helpers.AbstractRepositoryManager.loadRepository(AbstractRepositoryManager.java:685)
2025-10-22 11:22:41,387 [ERROR] LogOutputStream:75 - [STDERR_REDIRECT] 	at org.eclipse.equinox.internal.p2.metadata.repository.MetadataRepositoryManager.loadRepository(MetadataRepositoryManager.java:110)
2025-10-22 11:22:41,388 [ERROR] LogOutputStream:75 - [STDERR_REDIRECT] 	at org.eclipse.equinox.internal.p2.metadata.repository.MetadataRepositoryManager.loadRepository(MetadataRepositoryManager.java:105)
2025-10-22 11:22:41,388 [ERROR] LogOutputStream:75 - [STDERR_REDIRECT] 	at org.eclipse.equinox.internal.p2.updatechecker.UpdateChecker.getAvailableRepositories(UpdateChecker.java:152)
2025-10-22 11:22:41,389 [ERROR] LogOutputStream:75 - [STDERR_REDIRECT] 	at org.eclipse.equinox.internal.p2.updatechecker.UpdateChecker.checkForUpdates(UpdateChecker.java:130)
2025-10-22 11:22:41,390 [ERROR] LogOutputStream:75 - [STDERR_REDIRECT] 	at org.eclipse.equinox.internal.p2.updatechecker.UpdateChecker$UpdateCheckThread.run(UpdateChecker.java:78)
2025-10-22 11:22:41,406 [INFO] LogOutputStream:77 - [STDOUT_REDIRECT] Unexpected error loading extension: org.eclipse.equinox.p2.metadata.repository.XZedRepository
2025-10-22 11:22:41,406 [ERROR] LogOutputStream:75 - [STDERR_REDIRECT] java.lang.IllegalStateException: Attempt to access stopped agent: org.eclipse.equinox.internal.p2.core.ProvisioningAgent@68d7adf4
2025-10-22 11:22:41,406 [ERROR] LogOutputStream:75 - [STDERR_REDIRECT] 	at org.eclipse.equinox.internal.p2.core.ProvisioningAgent.checkRunning(ProvisioningAgent.java:86)
2025-10-22 11:22:41,407 [ERROR] LogOutputStream:75 - [STDERR_REDIRECT] 	at org.eclipse.equinox.internal.p2.core.ProvisioningAgent.getService(ProvisioningAgent.java:50)
2025-10-22 11:22:41,407 [ERROR] LogOutputStream:75 - [STDERR_REDIRECT] 	at org.eclipse.equinox.p2.core.IProvisioningAgent.getService(IProvisioningAgent.java:86)
2025-10-22 11:22:41,409 [ERROR] LogOutputStream:75 - [STDERR_REDIRECT] 	at org.eclipse.equinox.internal.p2.metadata.repository.XZedSimpleMetadataRepositoryFactory.getLocalFile(XZedSimpleMetadataRepositoryFactory.java:57)
2025-10-22 11:22:41,412 [ERROR] LogOutputStream:75 - [STDERR_REDIRECT] 	at org.eclipse.equinox.internal.p2.metadata.repository.XZedSimpleMetadataRepositoryFactory.load(XZedSimpleMetadataRepositoryFactory.java:80)
2025-10-22 11:22:41,413 [ERROR] LogOutputStream:75 - [STDERR_REDIRECT] 	at org.eclipse.equinox.internal.p2.metadata.repository.MetadataRepositoryManager.factoryLoad(MetadataRepositoryManager.java:63)
2025-10-22 11:22:41,413 [ERROR] LogOutputStream:75 - [STDERR_REDIRECT] 	at org.eclipse.equinox.internal.p2.repository.helpers.AbstractRepositoryManager.loadRepository(AbstractRepositoryManager.java:787)
2025-10-22 11:22:41,414 [ERROR] LogOutputStream:75 - [STDERR_REDIRECT] 	at org.eclipse.equinox.internal.p2.repository.helpers.AbstractRepositoryManager.loadRepository(AbstractRepositoryManager.java:685)
2025-10-22 11:22:41,414 [ERROR] LogOutputStream:75 - [STDERR_REDIRECT] 	at org.eclipse.equinox.internal.p2.metadata.repository.MetadataRepositoryManager.loadRepository(MetadataRepositoryManager.java:110)
2025-10-22 11:22:41,414 [ERROR] LogOutputStream:75 - [STDERR_REDIRECT] 	at org.eclipse.equinox.internal.p2.metadata.repository.MetadataRepositoryManager.loadRepository(MetadataRepositoryManager.java:105)
2025-10-22 11:22:41,415 [ERROR] LogOutputStream:75 - [STDERR_REDIRECT] 	at org.eclipse.equinox.internal.p2.metadata.repository.CompositeMetadataRepository.addChild(CompositeMetadataRepository.java:171)
2025-10-22 11:22:41,415 [ERROR] LogOutputStream:75 - [STDERR_REDIRECT] 	at org.eclipse.equinox.internal.p2.metadata.repository.CompositeMetadataRepository.<init>(CompositeMetadataRepository.java:113)
2025-10-22 11:22:41,417 [ERROR] LogOutputStream:75 - [STDERR_REDIRECT] 	at org.eclipse.equinox.internal.p2.metadata.repository.CompositeMetadataRepositoryFactory.load(CompositeMetadataRepositoryFactory.java:124)
2025-10-22 11:22:41,417 [ERROR] LogOutputStream:75 - [STDERR_REDIRECT] 	at org.eclipse.equinox.internal.p2.metadata.repository.MetadataRepositoryManager.factoryLoad(MetadataRepositoryManager.java:63)
2025-10-22 11:22:41,420 [ERROR] LogOutputStream:75 - [STDERR_REDIRECT] 	at org.eclipse.equinox.internal.p2.repository.helpers.AbstractRepositoryManager.loadRepository(AbstractRepositoryManager.java:787)
2025-10-22 11:22:41,421 [ERROR] LogOutputStream:75 - [STDERR_REDIRECT] 	at org.eclipse.equinox.internal.p2.repository.helpers.AbstractRepositoryManager.loadRepository(AbstractRepositoryManager.java:685)
2025-10-22 11:22:41,421 [ERROR] LogOutputStream:75 - [STDERR_REDIRECT] 	at org.eclipse.equinox.internal.p2.metadata.repository.MetadataRepositoryManager.loadRepository(MetadataRepositoryManager.java:110)
2025-10-22 11:22:41,422 [ERROR] LogOutputStream:75 - [STDERR_REDIRECT] 	at org.eclipse.equinox.internal.p2.metadata.repository.MetadataRepositoryManager.loadRepository(MetadataRepositoryManager.java:105)
2025-10-22 11:22:41,423 [ERROR] LogOutputStream:75 - [STDERR_REDIRECT] 	at org.eclipse.equinox.internal.p2.metadata.repository.CompositeMetadataRepository.addChild(CompositeMetadataRepository.java:171)
2025-10-22 11:22:41,423 [ERROR] LogOutputStream:75 - [STDERR_REDIRECT] 	at org.eclipse.equinox.internal.p2.metadata.repository.CompositeMetadataRepository.<init>(CompositeMetadataRepository.java:113)
2025-10-22 11:22:41,424 [ERROR] LogOutputStream:75 - [STDERR_REDIRECT] 	at org.eclipse.equinox.internal.p2.metadata.repository.CompositeMetadataRepositoryFactory.load(CompositeMetadataRepositoryFactory.java:124)
2025-10-22 11:22:41,424 [ERROR] LogOutputStream:75 - [STDERR_REDIRECT] 	at org.eclipse.equinox.internal.p2.metadata.repository.MetadataRepositoryManager.factoryLoad(MetadataRepositoryManager.java:63)
2025-10-22 11:22:41,425 [ERROR] LogOutputStream:75 - [STDERR_REDIRECT] 	at org.eclipse.equinox.internal.p2.repository.helpers.AbstractRepositoryManager.loadRepository(AbstractRepositoryManager.java:787)
2025-10-22 11:22:41,425 [ERROR] LogOutputStream:75 - [STDERR_REDIRECT] 	at org.eclipse.equinox.internal.p2.repository.helpers.AbstractRepositoryManager.loadRepository(AbstractRepositoryManager.java:685)
2025-10-22 11:22:41,426 [ERROR] LogOutputStream:75 - [STDERR_REDIRECT] 	at org.eclipse.equinox.internal.p2.metadata.repository.MetadataRepositoryManager.loadRepository(MetadataRepositoryManager.java:110)
2025-10-22 11:22:41,426 [ERROR] LogOutputStream:75 - [STDERR_REDIRECT] 	at org.eclipse.equinox.internal.p2.metadata.repository.MetadataRepositoryManager.loadRepository(MetadataRepositoryManager.java:105)
2025-10-22 11:22:41,427 [ERROR] LogOutputStream:75 - [STDERR_REDIRECT] 	at org.eclipse.equinox.internal.p2.metadata.repository.CompositeMetadataRepository.addChild(CompositeMetadataRepository.java:171)
2025-10-22 11:22:41,428 [ERROR] LogOutputStream:75 - [STDERR_REDIRECT] 	at org.eclipse.equinox.internal.p2.metadata.repository.CompositeMetadataRepository.<init>(CompositeMetadataRepository.java:113)
2025-10-22 11:22:41,428 [ERROR] LogOutputStream:75 - [STDERR_REDIRECT] 	at org.eclipse.equinox.internal.p2.metadata.repository.CompositeMetadataRepositoryFactory.load(CompositeMetadataRepositoryFactory.java:124)
2025-10-22 11:22:41,429 [ERROR] LogOutputStream:75 - [STDERR_REDIRECT] 	at org.eclipse.equinox.internal.p2.metadata.repository.MetadataRepositoryManager.factoryLoad(MetadataRepositoryManager.java:63)
2025-10-22 11:22:41,429 [ERROR] LogOutputStream:75 - [STDERR_REDIRECT] 	at org.eclipse.equinox.internal.p2.repository.helpers.AbstractRepositoryManager.loadRepository(AbstractRepositoryManager.java:787)
2025-10-22 11:22:41,430 [ERROR] LogOutputStream:75 - [STDERR_REDIRECT] 	at org.eclipse.equinox.internal.p2.repository.helpers.AbstractRepositoryManager.loadRepository(AbstractRepositoryManager.java:685)
2025-10-22 11:22:41,431 [ERROR] LogOutputStream:75 - [STDERR_REDIRECT] 	at org.eclipse.equinox.internal.p2.metadata.repository.MetadataRepositoryManager.loadRepository(MetadataRepositoryManager.java:110)
2025-10-22 11:22:41,431 [ERROR] LogOutputStream:75 - [STDERR_REDIRECT] 	at org.eclipse.equinox.internal.p2.metadata.repository.MetadataRepositoryManager.loadRepository(MetadataRepositoryManager.java:105)
2025-10-22 11:22:41,432 [ERROR] LogOutputStream:75 - [STDERR_REDIRECT] 	at org.eclipse.equinox.internal.p2.metadata.repository.CompositeMetadataRepository.addChild(CompositeMetadataRepository.java:171)
2025-10-22 11:22:41,433 [ERROR] LogOutputStream:75 - [STDERR_REDIRECT] 	at org.eclipse.equinox.internal.p2.metadata.repository.CompositeMetadataRepository.<init>(CompositeMetadataRepository.java:113)
2025-10-22 11:22:41,433 [ERROR] LogOutputStream:75 - [STDERR_REDIRECT] 	at org.eclipse.equinox.internal.p2.metadata.repository.CompositeMetadataRepositoryFactory.load(CompositeMetadataRepositoryFactory.java:124)
2025-10-22 11:22:41,434 [ERROR] LogOutputStream:75 - [STDERR_REDIRECT] 	at org.eclipse.equinox.internal.p2.metadata.repository.MetadataRepositoryManager.factoryLoad(MetadataRepositoryManager.java:63)
2025-10-22 11:22:41,435 [ERROR] LogOutputStream:75 - [STDERR_REDIRECT] 	at org.eclipse.equinox.internal.p2.repository.helpers.AbstractRepositoryManager.loadRepository(AbstractRepositoryManager.java:787)
2025-10-22 11:22:41,435 [ERROR] LogOutputStream:75 - [STDERR_REDIRECT] 	at org.eclipse.equinox.internal.p2.repository.helpers.AbstractRepositoryManager.loadRepository(AbstractRepositoryManager.java:685)
2025-10-22 11:22:41,436 [ERROR] LogOutputStream:75 - [STDERR_REDIRECT] 	at org.eclipse.equinox.internal.p2.metadata.repository.MetadataRepositoryManager.loadRepository(MetadataRepositoryManager.java:110)
2025-10-22 11:22:41,437 [ERROR] LogOutputStream:75 - [STDERR_REDIRECT] 	at org.eclipse.equinox.internal.p2.metadata.repository.MetadataRepositoryManager.loadRepository(MetadataRepositoryManager.java:105)
2025-10-22 11:22:41,437 [ERROR] LogOutputStream:75 - [STDERR_REDIRECT] 	at org.eclipse.equinox.internal.p2.updatechecker.UpdateChecker.getAvailableRepositories(UpdateChecker.java:152)
2025-10-22 11:22:41,437 [ERROR] LogOutputStream:75 - [STDERR_REDIRECT] 	at org.eclipse.equinox.internal.p2.updatechecker.UpdateChecker.checkForUpdates(UpdateChecker.java:130)
2025-10-22 11:22:41,438 [ERROR] LogOutputStream:75 - [STDERR_REDIRECT] 	at org.eclipse.equinox.internal.p2.updatechecker.UpdateChecker$UpdateCheckThread.run(UpdateChecker.java:78)
2025-10-22 11:22:52,508 [INFO] Activator:176 - 


2025-10-22 11:22:52,511 [INFO] Activator:177 - !SESSION log4j initialized
2025-10-22 11:22:55,590 [INFO] LogOutputStream:77 - [STDOUT_REDIRECT] 
2025-10-22 11:22:57,815 [INFO] ApplicationProperties:184 - Using Application install path: /opt/st/stm32cubeide_1.13.2/plugins/com.st.stm32cube.common.mx_6.9.2.202309101412
2025-10-22 11:22:57,831 [INFO] DbMcusXml:78 - Set database path to: /opt/st/stm32cubeide_1.13.2/plugins/com.st.stm32cube.common.mx_6.9.2.202309101412//db//mcu/
2025-10-22 11:22:57,832 [INFO] ApiDb:274 - Set plugin database path to: /opt/st/stm32cubeide_1.13.2/plugins/com.st.stm32cube.common.mx_6.9.2.202309101412//db//plugins/boardmanager/
2025-10-22 11:22:57,832 [WARN] ApiDb:259 - Overriding images path with different value:  => /opt/st/stm32cubeide_1.13.2/plugins/com.st.stm32cube.common.mx_6.9.2.202309101412//db//plugins/mcufinder/images/
2025-10-22 11:22:57,840 [INFO] ApiDb:250 - Set database path to: /home/sunbeam/.stmcufinder/plugins/mcufinder//mcu/
2025-10-22 11:22:57,841 [INFO] DbMcusAds:125 - Set database path to: /home/sunbeam/.stmcufinder/plugins/mcufinder//mcu/
2025-10-22 11:22:57,843 [INFO] CrossReferenceDbSqlite:203 - Set database path to: /home/sunbeam/.stmcufinder/plugins/mcufinder//mcu/cs/
2025-10-22 11:22:58,018 [INFO] RulesReader:64 - Compatibility file has been processed (293 Rules)
2025-10-22 11:22:58,099 [INFO] DbMcusXml:78 - Set database path to: /opt/st/stm32cubeide_1.13.2/plugins/com.st.stm32cube.common.mx_6.9.2.202309101412//db//mcu/
2025-10-22 11:22:58,099 [INFO] ApiDb:274 - Set plugin database path to: /opt/st/stm32cubeide_1.13.2/plugins/com.st.stm32cube.common.mx_6.9.2.202309101412//db//plugins/boardmanager/
2025-10-22 11:22:58,099 [INFO] ApiDb:261 - Set plugin images path to: /opt/st/stm32cubeide_1.13.2/plugins/com.st.stm32cube.common.mx_6.9.2.202309101412//db//plugins/mcufinder/images/
2025-10-22 11:22:58,100 [WARN] DbFile:41 - Overriding database path with different value: /home/sunbeam/.stmcufinder/plugins/mcufinder/ => /home/sunbeam/.stmcufinder/plugins/mcufinder
2025-10-22 11:22:58,100 [INFO] ApiDb:250 - Set database path to: /home/sunbeam/.stmcufinder/plugins/mcufinder//mcu/
2025-10-22 11:22:58,100 [WARN] DbFile:41 - Overriding database path with different value: /home/sunbeam/.stmcufinder/plugins/mcufinder/ => /home/sunbeam/.stmcufinder/plugins/mcufinder
2025-10-22 11:22:58,100 [INFO] DbMcusAds:125 - Set database path to: /home/sunbeam/.stmcufinder/plugins/mcufinder//mcu/
2025-10-22 11:22:58,101 [WARN] DbFile:41 - Overriding database path with different value: /home/sunbeam/.stmcufinder/plugins/mcufinder/ => /home/sunbeam/.stmcufinder/plugins/mcufinder
2025-10-22 11:22:58,101 [WARN] DbFile:41 - Overriding database path with different value: /home/sunbeam/.stmcufinder/plugins/mcufinder/ => /home/sunbeam/.stmcufinder/plugins/mcufinder
2025-10-22 11:22:58,101 [INFO] CrossReferenceDbSqlite:203 - Set database path to: /home/sunbeam/.stmcufinder/plugins/mcufinder//mcu/cs/
2025-10-22 11:22:58,158 [INFO] MainPanel:262 - HeapMemory: 268435456
2025-10-22 11:22:58,273 [INFO] DbMcusXml:78 - Set database path to: /opt/st/stm32cubeide_1.13.2/plugins/com.st.stm32cube.common.mx_6.9.2.202309101412//db//mcu/
2025-10-22 11:22:58,273 [INFO] ApiDb:274 - Set plugin database path to: /opt/st/stm32cubeide_1.13.2/plugins/com.st.stm32cube.common.mx_6.9.2.202309101412//db//plugins/boardmanager/
2025-10-22 11:22:58,274 [INFO] ApiDb:261 - Set plugin images path to: /opt/st/stm32cubeide_1.13.2/plugins/com.st.stm32cube.common.mx_6.9.2.202309101412//db//plugins/mcufinder/images/
2025-10-22 11:22:58,275 [WARN] DbFile:41 - Overriding database path with different value: /home/sunbeam/.stmcufinder/plugins/mcufinder/ => /home/sunbeam/.stmcufinder/plugins/mcufinder
2025-10-22 11:22:58,275 [INFO] ApiDb:250 - Set database path to: /home/sunbeam/.stmcufinder/plugins/mcufinder//mcu/
2025-10-22 11:22:58,275 [WARN] DbFile:41 - Overriding database path with different value: /home/sunbeam/.stmcufinder/plugins/mcufinder/ => /home/sunbeam/.stmcufinder/plugins/mcufinder
2025-10-22 11:22:58,275 [INFO] DbMcusAds:125 - Set database path to: /home/sunbeam/.stmcufinder/plugins/mcufinder//mcu/
2025-10-22 11:22:58,275 [WARN] DbFile:41 - Overriding database path with different value: /home/sunbeam/.stmcufinder/plugins/mcufinder/ => /home/sunbeam/.stmcufinder/plugins/mcufinder
2025-10-22 11:22:58,276 [WARN] DbFile:41 - Overriding database path with different value: /home/sunbeam/.stmcufinder/plugins/mcufinder/ => /home/sunbeam/.stmcufinder/plugins/mcufinder
2025-10-22 11:22:58,276 [INFO] CrossReferenceDbSqlite:203 - Set database path to: /home/sunbeam/.stmcufinder/plugins/mcufinder//mcu/cs/
2025-10-22 11:22:58,295 [INFO] ApplicationProperties:184 - Using Application install path: /opt/st/stm32cubeide_1.13.2/plugins/com.st.stm32cube.common.mx_6.9.2.202309101412
2025-10-22 11:22:58,297 [INFO] PluginManage:196 - Search for loadable plugins [exclusion list=, ]
2025-10-22 11:22:58,298 [INFO] PluginManage:310 - Check plugin analytics
2025-10-22 11:22:58,552 [INFO] AnalyticsPlugin:253 - Accepted Software Licenses: 
2025-10-22 11:22:58,552 [INFO] AnalyticsPlugin:255 - Accepted CMSIS Pack Licenses: 
2025-10-22 11:22:58,552 [INFO] AnalyticsPlugin:257 - Accepted Firmware Licenses: 
2025-10-22 11:22:58,557 [INFO] PluginManage:359 - Loaded plugin analytics (category:tool,tabindex:-1)
2025-10-22 11:22:58,558 [INFO] PluginManage:310 - Check plugin cadmodel
2025-10-22 11:22:58,587 [INFO] CADModel:105 - Init CAD model plugin
2025-10-22 11:22:58,587 [INFO] PluginManage:359 - Loaded plugin cadmodel (category:power,tabindex:5)
2025-10-22 11:22:58,588 [INFO] PluginManage:310 - Check plugin clock
2025-10-22 11:22:58,595 [INFO] PluginManage:359 - Loaded plugin clock (category:base,tabindex:2)
2025-10-22 11:22:58,595 [INFO] PluginManage:310 - Check plugin ddr
2025-10-22 11:22:58,598 [INFO] PluginManage:359 - Loaded plugin ddr (category:tool,tabindex:6)
2025-10-22 11:22:58,599 [INFO] PluginManage:310 - Check plugin filemanager
2025-10-22 11:22:58,766 [INFO] PluginManage:359 - Loaded plugin filemanager (category:base,tabindex:10)
2025-10-22 11:22:58,766 [INFO] PluginManage:310 - Check plugin ipmanager
2025-10-22 11:22:58,776 [INFO] PluginManage:359 - Loaded plugin ipmanager (category:base,tabindex:5)
2025-10-22 11:22:58,776 [INFO] PluginManage:310 - Check plugin lpbam
2025-10-22 11:22:58,791 [INFO] PluginManage:359 - Loaded plugin lpbam (category:base,tabindex:0)
2025-10-22 11:22:58,791 [INFO] PluginManage:310 - Check plugin memorymap
2025-10-22 11:22:58,807 [INFO] PluginManage:359 - Loaded plugin memorymap (category:base,tabindex:4)
2025-10-22 11:22:58,807 [INFO] PluginManage:310 - Check plugin pinoutandconfiguration
2025-10-22 11:22:58,817 [INFO] PluginManage:359 - Loaded plugin pinoutandconfiguration (category:base,tabindex:1)
2025-10-22 11:22:58,817 [INFO] PluginManage:310 - Check plugin pinoutconfig
2025-10-22 11:22:58,962 [WARN] SupportedApi:132 - Cannot load RTOS API schema: s4s-elt-must-match.1: The content of 'definitions' must match (annotation?, (simpleType | complexType)?, (unique | key | keyref)*)). A problem was found starting at: attribute.
2025-10-22 11:22:59,144 [INFO] PluginManage:359 - Loaded plugin pinoutconfig (category:base,tabindex:0)
2025-10-22 11:22:59,144 [INFO] PluginManage:310 - Check plugin power
2025-10-22 11:22:59,151 [INFO] PluginManage:359 - Loaded plugin power (category:power,tabindex:4)
2025-10-22 11:22:59,151 [INFO] PluginManage:310 - Check plugin projectmanager
2025-10-22 11:22:59,164 [INFO] PluginManage:359 - Loaded plugin projectmanager (category:projectmanager,tabindex:3)
2025-10-22 11:22:59,164 [INFO] PluginManage:310 - Check plugin thirdparty
2025-10-22 11:22:59,356 [INFO] PluginManage:359 - Loaded plugin thirdparty (category:base,tabindex:-1)
2025-10-22 11:22:59,356 [WARN] IntegrityCheckThread:84 - waiting for thirdparty lock release [integrity check]
2025-10-22 11:22:59,356 [INFO] PluginManage:310 - Check plugin tools
2025-10-22 11:22:59,356 [INFO] IntegrityCheckThread:86 - entering critical section [integrity check]
2025-10-22 11:22:59,357 [INFO] ThirdPartyUpdaterWithRetryManager:70 - Updater plugin not ready yet. [1/15]
2025-10-22 11:22:59,360 [INFO] PluginManage:359 - Loaded plugin tools (category:base,tabindex:7)
2025-10-22 11:22:59,360 [INFO] PluginManage:310 - Check plugin tutovideos
2025-10-22 11:22:59,565 [INFO] PluginManage:359 - Loaded plugin tutovideos (category:base,tabindex:-1)
2025-10-22 11:22:59,565 [INFO] PluginManage:310 - Check plugin updater
2025-10-22 11:22:59,579 [INFO] PluginManage:359 - Loaded plugin updater (category:base,tabindex:12)
2025-10-22 11:22:59,579 [INFO] PluginManage:310 - Check plugin userauth
2025-10-22 11:22:59,587 [INFO] UserAuth:113 - Init User Auth plugin
2025-10-22 11:22:59,587 [INFO] PluginManage:359 - Loaded plugin userauth (category:base,tabindex:14)
2025-10-22 11:22:59,588 [INFO] PluginManage:283 - PluginManage : Loaded plugins [17]
2025-10-22 11:22:59,836 [INFO] PinOutPanel:1499 - setPackage(No Configuration,No Configuration)
2025-10-22 11:22:59,909 [INFO] CADModel:165 - CPN selected for project level
2025-10-22 11:22:59,909 [INFO] CADModel:114 - Register for checkConnection events
2025-10-22 11:22:59,919 [INFO] IPUIPlugin:80 - create IPUIPlugin
2025-10-22 11:22:59,920 [INFO] PluginManager:220 - loadIPPluginJar : add i2s
2025-10-22 11:22:59,921 [INFO] IPUIPlugin:80 - create IPUIPlugin
2025-10-22 11:22:59,921 [INFO] PluginManager:220 - loadIPPluginJar : add tim
2025-10-22 11:22:59,927 [INFO] IPUIPlugin:80 - create IPUIPlugin
2025-10-22 11:22:59,927 [INFO] PluginManager:220 - loadIPPluginJar : add stm32_wpan
2025-10-22 11:22:59,930 [INFO] IPUIPlugin:80 - create IPUIPlugin
2025-10-22 11:22:59,930 [INFO] PluginManager:220 - loadIPPluginJar : add hash
2025-10-22 11:22:59,933 [INFO] IPUIPlugin:80 - create IPUIPlugin
2025-10-22 11:22:59,933 [INFO] PluginManager:220 - loadIPPluginJar : add openamp
2025-10-22 11:22:59,938 [INFO] IPUIPlugin:80 - create IPUIPlugin
2025-10-22 11:22:59,939 [INFO] PluginManager:220 - loadIPPluginJar : add gic
2025-10-22 11:22:59,942 [INFO] IPUIPlugin:80 - create IPUIPlugin
2025-10-22 11:22:59,942 [INFO] PluginManager:220 - loadIPPluginJar : add resmgrutility
2025-10-22 11:22:59,944 [INFO] IPUIPlugin:80 - create IPUIPlugin
2025-10-22 11:22:59,944 [INFO] PluginManager:220 - loadIPPluginJar : add pdm2pcm
2025-10-22 11:22:59,946 [INFO] IPUIPlugin:80 - create IPUIPlugin
2025-10-22 11:22:59,946 [INFO] PluginManager:220 - loadIPPluginJar : add tsc
2025-10-22 11:22:59,947 [INFO] IPUIPlugin:80 - create IPUIPlugin
2025-10-22 11:22:59,947 [INFO] PluginManager:220 - loadIPPluginJar : add ltdc
2025-10-22 11:22:59,950 [INFO] IPUIPlugin:80 - create IPUIPlugin
2025-10-22 11:22:59,950 [INFO] PluginManager:220 - loadIPPluginJar : add i3c
2025-10-22 11:22:59,953 [INFO] IPUIPlugin:80 - create IPUIPlugin
2025-10-22 11:22:59,953 [INFO] PluginManager:220 - loadIPPluginJar : add usbx
2025-10-22 11:22:59,955 [INFO] IPUIPlugin:80 - create IPUIPlugin
2025-10-22 11:22:59,955 [INFO] PluginManager:220 - loadIPPluginJar : add can
2025-10-22 11:22:59,957 [INFO] IPUIPlugin:80 - create IPUIPlugin
2025-10-22 11:22:59,957 [INFO] PluginManager:220 - loadIPPluginJar : add tracer_emb
2025-10-22 11:22:59,959 [INFO] IPUIPlugin:80 - create IPUIPlugin
2025-10-22 11:22:59,959 [INFO] PluginManager:220 - loadIPPluginJar : add quadspi
2025-10-22 11:22:59,965 [INFO] IPUIPlugin:80 - create IPUIPlugin
2025-10-22 11:22:59,965 [INFO] PluginManager:220 - loadIPPluginJar : add fmc
2025-10-22 11:22:59,967 [INFO] IPUIPlugin:80 - create IPUIPlugin
2025-10-22 11:22:59,968 [INFO] PluginManager:220 - loadIPPluginJar : add ucpd
2025-10-22 11:22:59,971 [INFO] IPUIPlugin:80 - create IPUIPlugin
2025-10-22 11:22:59,971 [INFO] PluginManager:220 - loadIPPluginJar : add i2c
2025-10-22 11:22:59,972 [INFO] IPUIPlugin:80 - create IPUIPlugin
2025-10-22 11:22:59,973 [INFO] PluginManager:220 - loadIPPluginJar : add comp
2025-10-22 11:22:59,975 [INFO] IPUIPlugin:80 - create IPUIPlugin
2025-10-22 11:22:59,975 [INFO] PluginManager:220 - loadIPPluginJar : add spi
2025-10-22 11:22:59,976 [INFO] IPUIPlugin:80 - create IPUIPlugin
2025-10-22 11:22:59,976 [INFO] PluginManager:220 - loadIPPluginJar : add genericplugin
2025-10-22 11:22:59,979 [INFO] IPUIPlugin:80 - create IPUIPlugin
2025-10-22 11:22:59,979 [INFO] PluginManager:220 - loadIPPluginJar : add aes
2025-10-22 11:22:59,981 [INFO] IPUIPlugin:80 - create IPUIPlugin
2025-10-22 11:22:59,981 [INFO] PluginManager:220 - loadIPPluginJar : add ts
2025-10-22 11:22:59,984 [INFO] IPUIPlugin:80 - create IPUIPlugin
2025-10-22 11:22:59,985 [INFO] PluginManager:220 - loadIPPluginJar : add cryp
2025-10-22 11:22:59,990 [INFO] IPUIPlugin:80 - create IPUIPlugin
2025-10-22 11:22:59,991 [INFO] PluginManager:220 - loadIPPluginJar : add gpio
2025-10-22 11:22:59,994 [INFO] IPUIPlugin:80 - create IPUIPlugin
2025-10-22 11:22:59,994 [INFO] PluginManager:220 - loadIPPluginJar : add dfsdm
2025-10-22 11:23:00,003 [INFO] IPUIPlugin:80 - create IPUIPlugin
2025-10-22 11:23:00,007 [INFO] PluginManager:220 - loadIPPluginJar : add plateformsettings
2025-10-22 11:23:00,011 [INFO] IPUIPlugin:80 - create IPUIPlugin
2025-10-22 11:23:00,011 [INFO] PluginManager:220 - loadIPPluginJar : add opamp
2025-10-22 11:23:00,018 [INFO] IPUIPlugin:80 - create IPUIPlugin
2025-10-22 11:23:00,019 [INFO] PluginManager:220 - loadIPPluginJar : add mdma
2025-10-22 11:23:00,022 [INFO] IPUIPlugin:80 - create IPUIPlugin
2025-10-22 11:23:00,022 [INFO] PluginManager:220 - loadIPPluginJar : add gtzc
2025-10-22 11:23:00,024 [INFO] IPUIPlugin:80 - create IPUIPlugin
2025-10-22 11:23:00,024 [INFO] PluginManager:220 - loadIPPluginJar : add fatfs
2025-10-22 11:23:00,027 [INFO] IPUIPlugin:80 - create IPUIPlugin
2025-10-22 11:23:00,027 [INFO] PluginManager:220 - loadIPPluginJar : add usart
2025-10-22 11:23:00,030 [INFO] IPUIPlugin:80 - create IPUIPlugin
2025-10-22 11:23:00,030 [INFO] PluginManager:220 - loadIPPluginJar : add lorawan
2025-10-22 11:23:00,037 [INFO] IPUIPlugin:80 - create IPUIPlugin
2025-10-22 11:23:00,038 [INFO] PluginManager:220 - loadIPPluginJar : add adc
2025-10-22 11:23:00,045 [INFO] IPUIPlugin:80 - create IPUIPlugin
2025-10-22 11:23:00,045 [INFO] PluginManager:220 - loadIPPluginJar : add linkedlist
2025-10-22 11:23:00,049 [INFO] IPUIPlugin:80 - create IPUIPlugin
2025-10-22 11:23:00,049 [INFO] PluginManager:220 - loadIPPluginJar : add ipddr
2025-10-22 11:23:00,051 [INFO] IPUIPlugin:80 - create IPUIPlugin
2025-10-22 11:23:00,051 [INFO] PluginManager:220 - loadIPPluginJar : add dma3
2025-10-22 11:23:00,055 [INFO] IPUIPlugin:80 - create IPUIPlugin
2025-10-22 11:23:00,055 [INFO] PluginManager:220 - loadIPPluginJar : add nvic
2025-10-22 11:23:00,059 [INFO] IPUIPlugin:80 - create IPUIPlugin
2025-10-22 11:23:00,060 [INFO] PluginManager:220 - loadIPPluginJar : add sai
2025-10-22 11:23:00,062 [INFO] IPUIPlugin:80 - create IPUIPlugin
2025-10-22 11:23:00,062 [INFO] PluginManager:220 - loadIPPluginJar : add gfxmmu
2025-10-22 11:23:00,070 [INFO] IPUIPlugin:80 - create IPUIPlugin
2025-10-22 11:23:00,070 [INFO] PluginManager:220 - loadIPPluginJar : add dma
2025-10-22 11:23:00,077 [INFO] IPUIPlugin:80 - create IPUIPlugin
2025-10-22 11:23:00,077 [INFO] PluginManager:220 - loadIPPluginJar : add freertos
2025-10-22 11:23:00,081 [INFO] IPUIPlugin:80 - create IPUIPlugin
2025-10-22 11:23:00,081 [INFO] PluginManager:220 - loadIPPluginJar : add touchsensing
2025-10-22 11:23:00,195 [INFO] CADModel:165 - CPN selected for project level
2025-10-22 11:23:00,195 [INFO] CADModel:114 - Register for checkConnection events
2025-10-22 11:23:00,195 [FATAL] Updater:308 - Updater called before beeing initialized
2025-10-22 11:23:00,196 [ERROR] CADModel:125 - Updater not yet initialized, retry later 
2025-10-22 11:23:00,349 [INFO] CADModel:165 - CPN selected for project level
2025-10-22 11:23:00,349 [INFO] CADModel:114 - Register for checkConnection events
2025-10-22 11:23:00,349 [FATAL] Updater:308 - Updater called before beeing initialized
2025-10-22 11:23:00,349 [ERROR] CADModel:125 - Updater not yet initialized, retry later 
2025-10-22 11:23:00,352 [FATAL] Updater:308 - Updater called before beeing initialized
2025-10-22 11:23:00,481 [FATAL] Updater:308 - Updater called before beeing initialized
2025-10-22 11:23:00,490 [INFO] DbMcusAds:53 - JSON generation date=Thu Oct 02 15:06:05 IST 2025 (1759397765645)
2025-10-22 11:23:00,490 [FATAL] Updater:308 - Updater called before beeing initialized
2025-10-22 11:23:00,526 [WARN] DetailPanel:346 - Failed to get advertising image, set to default
2025-10-22 11:23:00,625 [FATAL] Updater:308 - Updater called before beeing initialized
2025-10-22 11:23:00,627 [FATAL] Updater:308 - Updater called before beeing initialized
2025-10-22 11:23:00,627 [FATAL] Updater:308 - Updater called before beeing initialized
2025-10-22 11:23:00,627 [WARN] DetailPanel:346 - Failed to get advertising image, set to default
2025-10-22 11:23:00,628 [FATAL] Updater:308 - Updater called before beeing initialized
2025-10-22 11:23:00,663 [ERROR] Updater:1120 - MainUpdater not yet initialized. External WinMGr cannot be set.
2025-10-22 11:23:00,665 [INFO] Updater:1056 - Updater Version found : 6.9.2
2025-10-22 11:23:00,694 [INFO] ApplicationProperties:184 - Using Application install path: /opt/st/stm32cubeide_1.13.2/plugins/com.st.stm32cube.common.mx_6.9.2.202309101412
2025-10-22 11:23:00,940 [INFO] MainUpdater:2868 - connection check result : 10
2025-10-22 11:23:00,941 [INFO] MainUpdater:285 - Updater Check For Update Now.
2025-10-22 11:23:00,942 [INFO] MicroXplorer:498 - Change Database Version : DB.6.0.92
2025-10-22 11:23:00,953 [INFO] McuFinderGlobals:63 - Set McuFinder mode to 2 (CubeIDE integrated)
2025-10-22 11:23:01,195 [INFO] CheckServerUpdateThread:120 - End of CheckServer Thread
2025-10-22 11:23:02,525 [WARN] PackLoader:240 - Cannot read IP mode file for STMicroelectronics.FP-SNS-MOTENVWB1.1.4.0
2025-10-22 11:23:02,535 [WARN] PackLoader:240 - Cannot read IP mode file for STMicroelectronics.FP-ATR-ASTRA1.2.0.2
2025-10-22 11:23:02,539 [WARN] PackLoader:240 - Cannot read IP mode file for STMicroelectronics.FP-ATR-ASTRA1.2.0.1
2025-10-22 11:23:02,548 [WARN] PackLoader:240 - Cannot read IP mode file for STMicroelectronics.X-CUBE-SMBUS.2.1.0
2025-10-22 11:23:02,558 [WARN] PackLoader:240 - Cannot read IP mode file for STMicroelectronics.X-CUBE-WB05N.1.1.0
2025-10-22 11:23:02,564 [ERROR] Engine:466 - /home/sunbeam/.stm32cubemx/thirdparties/pdsc/STMicroelectronics.X-CUBE-ST60.1.0.0.pdsc: PDSC version is not supported
2025-10-22 11:23:02,567 [WARN] PackLoader:240 - Cannot read IP mode file for STMicroelectronics.X-CUBE-TOUCHGFX.4.23.0
2025-10-22 11:23:02,620 [WARN] PackLoader:240 - Cannot read IP mode file for STMicroelectronics.X-CUBE-AZRTOS-F7.1.1.0
2025-10-22 11:23:02,639 [WARN] PackLoader:240 - Cannot read IP mode file for STMicroelectronics.FP-SNS-MOTENV1.4.3.2
2025-10-22 11:23:02,778 [WARN] PackLoader:240 - Cannot read IP mode file for STMicroelectronics.X-CUBE-MEMS1.11.0.0
2025-10-22 11:23:02,976 [WARN] PackLoader:240 - Cannot read IP mode file for STMicroelectronics.FP-SNS-FLIGHT1.5.0.2
2025-10-22 11:23:03,011 [WARN] PackLoader:240 - Cannot read IP mode file for STMicroelectronics.X-CUBE-AZRTOS-H7.3.4.0
2025-10-22 11:23:03,024 [WARN] PackLoader:240 - Cannot read IP mode file for STMicroelectronics.X-CUBE-DISPLAY.3.0.0
2025-10-22 11:23:03,033 [WARN] PackLoader:240 - Cannot read IP mode file for STMicroelectronics.X-CUBE-BLE1.7.0.0
2025-10-22 11:23:03,040 [WARN] PackLoader:240 - Cannot read IP mode file for STMicroelectronics.X-CUBE-NFC10.1.0.0
2025-10-22 11:23:03,046 [ERROR] Engine:466 - /home/sunbeam/.stm32cubemx/thirdparties/pdsc/STMicroelectronics.X-CUBE-BLEMGR.4.0.0.pdsc: PDSC version is not supported
2025-10-22 11:23:03,049 [ERROR] Engine:466 - /home/sunbeam/.stm32cubemx/thirdparties/pdsc/STMicroelectronics.X-CUBE-ST60.1.1.0.pdsc: PDSC version is not supported
2025-10-22 11:23:03,053 [WARN] PackLoader:240 - Cannot read IP mode file for emotas.I-CUBE-CANOPEN.1.3.0
2025-10-22 11:23:03,056 [WARN] PackLoader:240 - Cannot read IP mode file for STMicroelectronics.X-CUBE-TOUCHGFX.4.22.1
2025-10-22 11:23:03,066 [WARN] PackLoader:240 - Cannot read IP mode file for STMicroelectronics.X-CUBE-BLEMGR.3.1.0
2025-10-22 11:23:03,073 [ERROR] Engine:466 - /home/sunbeam/.stm32cubemx/thirdparties/pdsc/STMicroelectronics.FP-SNS-STBOX1.2.1.0.pdsc: PDSC version is not supported
2025-10-22 11:23:03,076 [ERROR] Engine:466 - /home/sunbeam/.stm32cubemx/thirdparties/pdsc/STMicroelectronics.FP-SNS-FLIGHT1.5.1.0.pdsc: PDSC version is not supported
2025-10-22 11:23:03,136 [WARN] PackLoader:240 - Cannot read IP mode file for STMicroelectronics.X-CUBE-MEMS1.11.1.0
2025-10-22 11:23:03,288 [INFO] LogOutputStream:77 - [STDOUT_REDIRECT] 1 : Invalid condition id : UX_CORESTACK_Condition cause : null
2025-10-22 11:23:03,289 [INFO] LogOutputStream:77 - [STDOUT_REDIRECT] 1 : Invalid condition id : UX_CORESTACK_Condition cause : null
2025-10-22 11:23:03,290 [INFO] LogOutputStream:77 - [STDOUT_REDIRECT] 1 : Invalid condition id : UX_CORESTACK_Condition cause : null
2025-10-22 11:23:03,290 [INFO] LogOutputStream:77 - [STDOUT_REDIRECT] 1 : Invalid condition id : UX_CORESTACK_Condition cause : null
2025-10-22 11:23:03,291 [INFO] LogOutputStream:77 - [STDOUT_REDIRECT] 1 : Invalid condition id : UX_CORESTACK_Condition cause : null
2025-10-22 11:23:03,295 [WARN] PackLoader:240 - Cannot read IP mode file for STMicroelectronics.X-CUBE-AZRTOS-WL.2.0.0
2025-10-22 11:23:03,301 [WARN] PackLoader:240 - Cannot read IP mode file for STMicroelectronics.FP-SNS-MOTENV1.5.0.0
2025-10-22 11:23:03,305 [WARN] PackLoader:240 - Cannot read IP mode file for wolfSSL.I-CUBE-wolfMQTT.1.19.0
2025-10-22 11:23:03,312 [WARN] PackLoader:240 - Cannot read IP mode file for WES.I-CUBE-Cesium.1.3.0
2025-10-22 11:23:03,317 [WARN] PackLoader:240 - Cannot read IP mode file for STMicroelectronics.X-CUBE-BLE2.3.3.0
2025-10-22 11:23:03,323 [WARN] PackLoader:240 - Cannot read IP mode file for STMicroelectronics.X-CUBE-NFC9.1.0.0
2025-10-22 11:23:03,328 [WARN] PackLoader:240 - Cannot read IP mode file for STMicroelectronics.X-CUBE-BLE1.7.1.0
2025-10-22 11:23:03,334 [WARN] PackLoader:240 - Cannot read IP mode file for STMicroelectronics.X-CUBE-TCPP.4.1.0
2025-10-22 11:23:03,342 [WARN] PackLoader:240 - Cannot read IP mode file for STMicroelectronics.X-CUBE-EEPRMA1.5.2.0
2025-10-22 11:23:03,349 [ERROR] Engine:466 - /home/sunbeam/.stm32cubemx/thirdparties/pdsc/STMicroelectronics.X-CUBE-ST67W61.1.1.0.pdsc: PDSC version is not supported
2025-10-22 11:23:03,354 [WARN] PackLoader:240 - Cannot read IP mode file for STMicroelectronics.X-CUBE-ALGOBUILD.1.3.0
2025-10-22 11:23:03,371 [WARN] PackLoader:240 - Cannot read IP mode file for STMicroelectronics.X-CUBE-AZRTOS-G0.1.1.0
2025-10-22 11:23:03,381 [WARN] PackLoader:240 - Cannot read IP mode file for STMicroelectronics.X-CUBE-SAFEA1.1.2.2
2025-10-22 11:23:03,388 [WARN] PackLoader:240 - Cannot read IP mode file for STMicroelectronics.X-CUBE-NFC4.3.0.0
2025-10-22 11:23:03,393 [ERROR] Engine:466 - /home/sunbeam/.stm32cubemx/thirdparties/pdsc/EmbeddedOffice.I-CUBE-FS-RTOS.1.0.1.pdsc: PDSC version is not supported
2025-10-22 11:23:03,398 [WARN] PackLoader:240 - Cannot read IP mode file for STMicroelectronics.X-CUBE-WB05N.2.0.0
2025-10-22 11:23:03,408 [WARN] PackLoader:240 - Cannot read IP mode file for STMicroelectronics.X-CUBE-BLEMGR.3.0.0
2025-10-22 11:23:03,415 [ERROR] Engine:466 - /home/sunbeam/.stm32cubemx/thirdparties/pdsc/STMicroelectronics.X-CUBE-TCPP.4.2.0.pdsc: PDSC version is not supported
2025-10-22 11:23:03,418 [ERROR] Engine:466 - /home/sunbeam/.stm32cubemx/thirdparties/pdsc/RealThread.X-CUBE-RT-Thread_Nano.4.1.1.pdsc: PDSC version is not supported
2025-10-22 11:23:03,421 [WARN] PackLoader:240 - Cannot read IP mode file for STMicroelectronics.FP-ATR-SIGFOX1.3.2.0
2025-10-22 11:23:03,424 [ERROR] Engine:466 - /home/sunbeam/.stm32cubemx/thirdparties/pdsc/quantropi.X-CUBE-qispace-sdk-base.1.9.3.pdsc: PDSC version is not supported
2025-10-22 11:23:03,430 [WARN] PackLoader:240 - Cannot read IP mode file for STMicroelectronics.X-CUBE-EEPRMA1.5.1.0
2025-10-22 11:23:03,434 [ERROR] Engine:466 - /home/sunbeam/.stm32cubemx/thirdparties/pdsc/STMicroelectronics.X-CUBE-ST67W61.1.0.0.pdsc: PDSC version is not supported
2025-10-22 11:23:03,438 [WARN] PackLoader:240 - Cannot read IP mode file for STMicroelectronics.X-CUBE-AI.10.2.0
2025-10-22 11:23:03,493 [WARN] PackLoader:240 - Cannot read IP mode file for SEGGER.I-CUBE-embOS.1.3.1
2025-10-22 11:23:03,544 [WARN] PackLoader:240 - Cannot read IP mode file for STMicroelectronics.X-CUBE-ALGOBUILD.1.4.0
2025-10-22 11:23:03,612 [WARN] PackLoader:240 - Cannot read IP mode file for STMicroelectronics.X-CUBE-MEMS1.11.3.0
2025-10-22 11:23:03,822 [WARN] PackLoader:240 - Cannot read IP mode file for STMicroelectronics.X-CUBE-AI.9.1.0
2025-10-22 11:23:03,827 [WARN] PackLoader:240 - Cannot read IP mode file for STMicroelectronics.X-CUBE-PM33A1.1.0.0
2025-10-22 11:23:03,833 [WARN] PackLoader:240 - Cannot read IP mode file for STMicroelectronics.X-CUBE-GNSS1.6.0.0
2025-10-22 11:23:03,854 [WARN] PackLoader:240 - Cannot read IP mode file for STMicroelectronics.X-CUBE-AZRTOS-F4.1.1.0
2025-10-22 11:23:03,861 [WARN] PackLoader:240 - Cannot read IP mode file for wolfSSL.I-CUBE-wolfSSL.5.6.4
2025-10-22 11:23:03,864 [ERROR] Engine:466 - /home/sunbeam/.stm32cubemx/thirdparties/pdsc/Avnet-IotConnect.X-CUBE-IoTC-DA16k-PMOD.1.0.0.pdsc: PDSC version is not supported
2025-10-22 11:23:03,867 [WARN] PackLoader:240 - Cannot read IP mode file for STMicroelectronics.X-CUBE-ISPU.2.1.0
2025-10-22 11:23:03,874 [ERROR] Engine:466 - /home/sunbeam/.stm32cubemx/thirdparties/pdsc/STMicroelectronics.X-CUBE-IPS.3.2.0.pdsc: PDSC version is not supported
2025-10-22 11:23:03,880 [WARN] PackLoader:240 - Cannot read IP mode file for STMicroelectronics.X-CUBE-FREERTOS.1.2.0
2025-10-22 11:23:03,888 [WARN] PackLoader:240 - Cannot read IP mode file for STMicroelectronics.X-CUBE-NFC12.1.0.0
2025-10-22 11:23:03,914 [WARN] PackLoader:240 - Cannot read IP mode file for STMicroelectronics.X-CUBE-AZRTOS-L5.2.0.0
2025-10-22 11:23:03,974 [WARN] PackLoader:240 - Cannot read IP mode file for STMicroelectronics.X-CUBE-MEMS1.9.6.0
2025-10-22 11:23:04,215 [WARN] PackLoader:240 - Cannot read IP mode file for STMicroelectronics.X-CUBE-EEPRMA1.4.2.0
2025-10-22 11:23:04,223 [WARN] PackLoader:240 - Cannot read IP mode file for STMicroelectronics.X-CUBE-NFC6.3.1.0
2025-10-22 11:23:04,230 [WARN] PackLoader:240 - Cannot read IP mode file for ITTIA_DB.I-CUBE-ITTIADB.8.8.0
2025-10-22 11:23:04,238 [WARN] PackLoader:240 - Cannot read IP mode file for STMicroelectronics.X-CUBE-BLEMGR.2.0.0
2025-10-22 11:23:04,244 [ERROR] Engine:466 - /home/sunbeam/.stm32cubemx/thirdparties/pdsc/STMicroelectronics.X-CUBE-DPower.1.2.0.pdsc: PDSC version is not supported
2025-10-22 11:23:04,246 [WARN] PackLoader:240 - Cannot read IP mode file for STMicroelectronics.X-CUBE-AI.9.0.0
2025-10-22 11:23:04,264 [WARN] ConditionMgr:438 - getConditionDescription Invalid condition id : UX DEVICE CLASS RTOS Condition cause : null
2025-10-22 11:23:04,264 [WARN] ConditionMgr:438 - getConditionDescription Invalid condition id : UX DEVICE CLASS RTOS Condition cause : null
2025-10-22 11:23:04,269 [WARN] PackLoader:240 - Cannot read IP mode file for STMicroelectronics.X-CUBE-AZRTOS-H7.3.1.0
2025-10-22 11:23:04,270 [WARN] ConditionMgr:1039 - genDependencies : Invalid condition id : UX DEVICE CLASS RTOS Condition cause : null
2025-10-22 11:23:04,270 [WARN] ConditionMgr:1039 - genDependencies : Invalid condition id : UX DEVICE CLASS RTOS Condition cause : null
2025-10-22 11:23:04,271 [WARN] ConditionMgr:1039 - genDependencies : Invalid condition id : UX DEVICE CLASS RTOS Condition cause : null
2025-10-22 11:23:04,272 [WARN] ConditionMgr:1039 - genDependencies : Invalid condition id : UX DEVICE CLASS RTOS Condition cause : null
2025-10-22 11:23:04,272 [WARN] ConditionMgr:1039 - genDependencies : Invalid condition id : UX DEVICE CLASS RTOS Condition cause : null
2025-10-22 11:23:04,278 [WARN] PackLoader:240 - Cannot read IP mode file for STMicroelectronics.X-CUBE-FREERTOS.1.3.1
2025-10-22 11:23:04,282 [WARN] PackLoader:240 - Cannot read IP mode file for STMicroelectronics.X-CUBE-FREERTOS.1.3.0
2025-10-22 11:23:04,290 [WARN] PackLoader:240 - Cannot read IP mode file for STMicroelectronics.X-CUBE-NFC7.1.0.1
2025-10-22 11:23:04,293 [WARN] PackLoader:240 - Cannot read IP mode file for STMicroelectronics.X-CUBE-TOUCHGFX.4.26.0
2025-10-22 11:23:04,297 [WARN] PackLoader:240 - Cannot read IP mode file for STMicroelectronics.X-CUBE-NFC6.3.0.0
2025-10-22 11:23:04,304 [WARN] PackLoader:240 - Cannot read IP mode file for STMicroelectronics.X-CUBE-EEPRMA1.4.1.0
2025-10-22 11:23:04,307 [ERROR] Engine:466 - /home/sunbeam/.stm32cubemx/thirdparties/pdsc/STMicroelectronics.FP-SNS-STAIOTCFT.1.0.0.pdsc: PDSC version is not supported
2025-10-22 11:23:04,310 [ERROR] Engine:466 - /home/sunbeam/.stm32cubemx/thirdparties/pdsc/STMicroelectronics.X-CUBE-DPower.1.3.0.pdsc: PDSC version is not supported
2025-10-22 11:23:04,314 [WARN] PackLoader:240 - Cannot read IP mode file for STMicroelectronics.X-CUBE-AI.8.1.0
2025-10-22 11:23:04,336 [WARN] ConditionMgr:438 - getConditionDescription Invalid condition id : LAN8742 Phy interface Condition cause : null
2025-10-22 11:23:04,337 [WARN] PackLoader:240 - Cannot read IP mode file for STMicroelectronics.X-CUBE-AZRTOS-L4.2.0.0
2025-10-22 11:23:04,338 [WARN] ConditionMgr:1039 - genDependencies : Invalid condition id : LAN8742 Phy interface Condition cause : null
2025-10-22 11:23:04,338 [WARN] ConditionMgr:1039 - genDependencies : Invalid condition id : LAN8742 Phy interface Condition cause : null
2025-10-22 11:23:04,339 [WARN] ConditionMgr:1039 - genDependencies : Invalid condition id : LAN8742 Phy interface Condition cause : null
2025-10-22 11:23:04,344 [WARN] PackLoader:240 - Cannot read IP mode file for STMicroelectronics.X-CUBE-SFXS2LP1.4.0.0
2025-10-22 11:23:04,348 [WARN] PackLoader:240 - Cannot read IP mode file for STMicroelectronics.X-CUBE-ISPU.1.1.0
2025-10-22 11:23:04,364 [WARN] PackLoader:240 - Cannot read IP mode file for STMicroelectronics.X-CUBE-AZRTOS-H7.3.3.0
2025-10-22 11:23:04,369 [ERROR] Engine:466 - /home/sunbeam/.stm32cubemx/thirdparties/pdsc/STMicroelectronics.X-CUBE-BLEMGR.4.1.0.pdsc: PDSC version is not supported
2025-10-22 11:23:04,372 [ERROR] Engine:466 - /home/sunbeam/.stm32cubemx/thirdparties/pdsc/STMicroelectronics.X-CUBE-IPS.3.0.0.pdsc: PDSC version is not supported
2025-10-22 11:23:04,381 [WARN] ConditionMgr:438 - getConditionDescription Invalid condition id : UX DEVICE CLASS RTOS Condition cause : null
2025-10-22 11:23:04,381 [WARN] ConditionMgr:438 - getConditionDescription Invalid condition id : UX DEVICE CLASS RTOS Condition cause : null
2025-10-22 11:23:04,383 [WARN] PackLoader:240 - Cannot read IP mode file for STMicroelectronics.X-CUBE-AZRTOS-WB.2.0.0
2025-10-22 11:23:04,384 [WARN] ConditionMgr:1039 - genDependencies : Invalid condition id : UX DEVICE CLASS RTOS Condition cause : null
2025-10-22 11:23:04,384 [WARN] ConditionMgr:1039 - genDependencies : Invalid condition id : UX DEVICE CLASS RTOS Condition cause : null
2025-10-22 11:23:04,384 [WARN] ConditionMgr:1039 - genDependencies : Invalid condition id : UX DEVICE CLASS RTOS Condition cause : null
2025-10-22 11:23:04,385 [WARN] ConditionMgr:1039 - genDependencies : Invalid condition id : UX DEVICE CLASS RTOS Condition cause : null
2025-10-22 11:23:04,385 [WARN] ConditionMgr:1039 - genDependencies : Invalid condition id : UX DEVICE CLASS RTOS Condition cause : null
2025-10-22 11:23:04,389 [WARN] PackLoader:240 - Cannot read IP mode file for STMicroelectronics.X-CUBE-GNSS1.7.0.0
2025-10-22 11:23:04,393 [WARN] PackLoader:240 - Cannot read IP mode file for STMicroelectronics.X-CUBE-GNSS1.7.0.1
2025-10-22 11:23:04,396 [WARN] PackLoader:240 - Cannot read IP mode file for STMicroelectronics.X-CUBE-TOUCHGFX.4.25.0
2025-10-22 11:23:04,398 [ERROR] Engine:466 - /home/sunbeam/.stm32cubemx/thirdparties/pdsc/STMicroelectronics.FP-SNS-STBOX1.2.0.0.pdsc: PDSC version is not supported
2025-10-22 11:23:04,404 [WARN] PackLoader:240 - Cannot read IP mode file for STMicroelectronics.X-CUBE-SUBG2.5.0.0
2025-10-22 11:23:04,421 [WARN] PackLoader:240 - Cannot read IP mode file for STMicroelectronics.X-CUBE-AZRTOS-H7RS.1.1.0
2025-10-22 11:23:04,425 [WARN] PackLoader:240 - Cannot read IP mode file for Cesanta.I-CUBE-Mongoose.7.13.0
2025-10-22 11:23:04,431 [WARN] PackLoader:240 - Cannot read IP mode file for STMicroelectronics.X-CUBE-TOF1.3.3.1
2025-10-22 11:23:04,447 [WARN] PackLoader:240 - Cannot read IP mode file for STMicroelectronics.X-CUBE-AZRTOS-G4.2.0.0
2025-10-22 11:23:04,461 [WARN] PackLoader:240 - Cannot read IP mode file for Infineon.AIROC-Wi-Fi-Bluetooth-STM32.1.5.1
2025-10-22 11:23:04,469 [WARN] PackLoader:240 - Cannot read IP mode file for STMicroelectronics.X-CUBE-NFC7.2.0.0
2025-10-22 11:23:04,474 [WARN] PackLoader:240 - Cannot read IP mode file for STMicroelectronics.FP-SNS-MOTENVWB1.1.3.1
2025-10-22 11:23:04,482 [WARN] PackLoader:240 - Cannot read IP mode file for STMicroelectronics.X-CUBE-ISPU.2.0.0
2025-10-22 11:23:04,490 [ERROR] Engine:466 - /home/sunbeam/.stm32cubemx/thirdparties/pdsc/STMicroelectronics.X-CUBE-IPS.3.1.0.pdsc: PDSC version is not supported
2025-10-22 11:23:04,493 [WARN] PackLoader:240 - Cannot read IP mode file for STMicroelectronics.X-CUBE-ALS.1.0.2
2025-10-22 11:23:04,528 [WARN] PackLoader:240 - Cannot read IP mode file for STMicroelectronics.X-CUBE-MEMS1.10.0.0
2025-10-22 11:23:04,694 [WARN] PackLoader:240 - Cannot read IP mode file for STMicroelectronics.X-CUBE-FREERTOS.1.1.0
2025-10-22 11:23:04,698 [WARN] PackLoader:240 - Cannot read IP mode file for STMicroelectronics.X-CUBE-TOUCHGFX.4.24.0
2025-10-22 11:23:04,701 [WARN] PackLoader:240 - Cannot read IP mode file for STMicroelectronics.X-CUBE-TOUCHGFX.4.24.2
2025-10-22 11:23:04,704 [WARN] PackLoader:240 - Cannot read IP mode file for STMicroelectronics.X-CUBE-TOUCHGFX.4.24.1
2025-10-22 11:23:04,711 [WARN] PackLoader:240 - Cannot read IP mode file for STMicroelectronics.X-CUBE-STSE01.1.0.0
2025-10-22 11:23:04,715 [WARN] PackLoader:240 - Cannot read IP mode file for wolfSSL.I-CUBE-wolfTPM.3.4.0
2025-10-22 11:23:04,720 [WARN] PackLoader:240 - Cannot read IP mode file for portGmbH.I-Cube-SoM-uGOAL.1.1.0
2025-10-22 11:23:04,724 [WARN] PackLoader:240 - Cannot read IP mode file for STMicroelectronics.X-CUBE-ALS.1.0.1
2025-10-22 11:23:04,745 [WARN] PackLoader:240 - Cannot read IP mode file for STMicroelectronics.X-CUBE-AZRTOS-H7RS.1.0.0
2025-10-22 11:23:04,752 [WARN] PackLoader:240 - Cannot read IP mode file for STMicroelectronics.FP-ATR-ASTRA1.2.0.0
2025-10-22 11:23:04,758 [ERROR] Engine:466 - /home/sunbeam/.stm32cubemx/thirdparties/pdsc/STMicroelectronics.X-CUBE-TOF1.3.4.2.pdsc: PDSC version is not supported
2025-10-22 11:23:04,763 [ERROR] Engine:466 - /home/sunbeam/.stm32cubemx/thirdparties/pdsc/STMicroelectronics.X-CUBE-TOF1.3.4.3.pdsc: PDSC version is not supported
2025-10-22 11:23:04,774 [WARN] PackLoader:240 - Cannot read IP mode file for STMicroelectronics.X-CUBE-TOF1.3.4.0
2025-10-22 11:23:04,807 [WARN] PackLoader:240 - Cannot read IP mode file for STMicroelectronics.X-CUBE-AZRTOS-H7.3.2.0
2025-10-22 11:23:04,814 [WARN] PackLoader:240 - Cannot read IP mode file for wolfSSL.I-CUBE-wolfSSH.1.4.17
2025-10-22 11:23:04,815 [INFO] ThirdParty:978 - Integrity check success = true
2025-10-22 11:23:04,816 [INFO] IntegrityCheckThread:100 - exiting critical section [integrity check]
2025-10-22 11:23:04,816 [INFO] IntegrityCheckThread:103 - End integrity checks thread
2025-10-22 11:33:29,376 [INFO] Activator:176 - 


2025-10-22 11:33:29,379 [INFO] Activator:177 - !SESSION log4j initialized
2025-10-22 11:33:31,928 [INFO] LogOutputStream:77 - [STDOUT_REDIRECT] 
2025-10-22 11:33:34,327 [INFO] ApplicationProperties:184 - Using Application install path: /opt/st/stm32cubeide_1.13.2/plugins/com.st.stm32cube.common.mx_6.9.2.202309101412
2025-10-22 11:33:34,348 [INFO] DbMcusXml:78 - Set database path to: /opt/st/stm32cubeide_1.13.2/plugins/com.st.stm32cube.common.mx_6.9.2.202309101412//db//mcu/
2025-10-22 11:33:34,349 [INFO] ApiDb:274 - Set plugin database path to: /opt/st/stm32cubeide_1.13.2/plugins/com.st.stm32cube.common.mx_6.9.2.202309101412//db//plugins/boardmanager/
2025-10-22 11:33:34,349 [WARN] ApiDb:259 - Overriding images path with different value:  => /opt/st/stm32cubeide_1.13.2/plugins/com.st.stm32cube.common.mx_6.9.2.202309101412//db//plugins/mcufinder/images/
2025-10-22 11:33:34,362 [INFO] ApiDb:250 - Set database path to: /home/sunbeam/.stmcufinder/plugins/mcufinder//mcu/
2025-10-22 11:33:34,364 [INFO] DbMcusAds:125 - Set database path to: /home/sunbeam/.stmcufinder/plugins/mcufinder//mcu/
2025-10-22 11:33:34,367 [INFO] CrossReferenceDbSqlite:203 - Set database path to: /home/sunbeam/.stmcufinder/plugins/mcufinder//mcu/cs/
2025-10-22 11:33:34,531 [INFO] RulesReader:64 - Compatibility file has been processed (293 Rules)
2025-10-22 11:33:34,615 [INFO] DbMcusXml:78 - Set database path to: /opt/st/stm32cubeide_1.13.2/plugins/com.st.stm32cube.common.mx_6.9.2.202309101412//db//mcu/
2025-10-22 11:33:34,616 [INFO] ApiDb:274 - Set plugin database path to: /opt/st/stm32cubeide_1.13.2/plugins/com.st.stm32cube.common.mx_6.9.2.202309101412//db//plugins/boardmanager/
2025-10-22 11:33:34,616 [INFO] ApiDb:261 - Set plugin images path to: /opt/st/stm32cubeide_1.13.2/plugins/com.st.stm32cube.common.mx_6.9.2.202309101412//db//plugins/mcufinder/images/
2025-10-22 11:33:34,616 [WARN] DbFile:41 - Overriding database path with different value: /home/sunbeam/.stmcufinder/plugins/mcufinder/ => /home/sunbeam/.stmcufinder/plugins/mcufinder
2025-10-22 11:33:34,617 [INFO] ApiDb:250 - Set database path to: /home/sunbeam/.stmcufinder/plugins/mcufinder//mcu/
2025-10-22 11:33:34,617 [WARN] DbFile:41 - Overriding database path with different value: /home/sunbeam/.stmcufinder/plugins/mcufinder/ => /home/sunbeam/.stmcufinder/plugins/mcufinder
2025-10-22 11:33:34,617 [INFO] DbMcusAds:125 - Set database path to: /home/sunbeam/.stmcufinder/plugins/mcufinder//mcu/
2025-10-22 11:33:34,617 [WARN] DbFile:41 - Overriding database path with different value: /home/sunbeam/.stmcufinder/plugins/mcufinder/ => /home/sunbeam/.stmcufinder/plugins/mcufinder
2025-10-22 11:33:34,617 [WARN] DbFile:41 - Overriding database path with different value: /home/sunbeam/.stmcufinder/plugins/mcufinder/ => /home/sunbeam/.stmcufinder/plugins/mcufinder
2025-10-22 11:33:34,617 [INFO] CrossReferenceDbSqlite:203 - Set database path to: /home/sunbeam/.stmcufinder/plugins/mcufinder//mcu/cs/
2025-10-22 11:33:34,696 [INFO] MainPanel:262 - HeapMemory: 268435456
2025-10-22 11:33:34,787 [INFO] DbMcusXml:78 - Set database path to: /opt/st/stm32cubeide_1.13.2/plugins/com.st.stm32cube.common.mx_6.9.2.202309101412//db//mcu/
2025-10-22 11:33:34,787 [INFO] ApiDb:274 - Set plugin database path to: /opt/st/stm32cubeide_1.13.2/plugins/com.st.stm32cube.common.mx_6.9.2.202309101412//db//plugins/boardmanager/
2025-10-22 11:33:34,788 [INFO] ApiDb:261 - Set plugin images path to: /opt/st/stm32cubeide_1.13.2/plugins/com.st.stm32cube.common.mx_6.9.2.202309101412//db//plugins/mcufinder/images/
2025-10-22 11:33:34,788 [WARN] DbFile:41 - Overriding database path with different value: /home/sunbeam/.stmcufinder/plugins/mcufinder/ => /home/sunbeam/.stmcufinder/plugins/mcufinder
2025-10-22 11:33:34,788 [INFO] ApiDb:250 - Set database path to: /home/sunbeam/.stmcufinder/plugins/mcufinder//mcu/
2025-10-22 11:33:34,788 [WARN] DbFile:41 - Overriding database path with different value: /home/sunbeam/.stmcufinder/plugins/mcufinder/ => /home/sunbeam/.stmcufinder/plugins/mcufinder
2025-10-22 11:33:34,789 [INFO] DbMcusAds:125 - Set database path to: /home/sunbeam/.stmcufinder/plugins/mcufinder//mcu/
2025-10-22 11:33:34,789 [WARN] DbFile:41 - Overriding database path with different value: /home/sunbeam/.stmcufinder/plugins/mcufinder/ => /home/sunbeam/.stmcufinder/plugins/mcufinder
2025-10-22 11:33:34,789 [WARN] DbFile:41 - Overriding database path with different value: /home/sunbeam/.stmcufinder/plugins/mcufinder/ => /home/sunbeam/.stmcufinder/plugins/mcufinder
2025-10-22 11:33:34,789 [INFO] CrossReferenceDbSqlite:203 - Set database path to: /home/sunbeam/.stmcufinder/plugins/mcufinder//mcu/cs/
2025-10-22 11:33:34,809 [INFO] ApplicationProperties:184 - Using Application install path: /opt/st/stm32cubeide_1.13.2/plugins/com.st.stm32cube.common.mx_6.9.2.202309101412
2025-10-22 11:33:34,811 [INFO] PluginManage:196 - Search for loadable plugins [exclusion list=, ]
2025-10-22 11:33:34,813 [INFO] PluginManage:310 - Check plugin analytics
2025-10-22 11:33:35,046 [INFO] AnalyticsPlugin:253 - Accepted Software Licenses: 
2025-10-22 11:33:35,047 [INFO] AnalyticsPlugin:255 - Accepted CMSIS Pack Licenses: 
2025-10-22 11:33:35,047 [INFO] AnalyticsPlugin:257 - Accepted Firmware Licenses: 
2025-10-22 11:33:35,052 [INFO] PluginManage:359 - Loaded plugin analytics (category:tool,tabindex:-1)
2025-10-22 11:33:35,052 [INFO] PluginManage:310 - Check plugin cadmodel
2025-10-22 11:33:35,109 [INFO] CADModel:105 - Init CAD model plugin
2025-10-22 11:33:35,110 [INFO] PluginManage:359 - Loaded plugin cadmodel (category:power,tabindex:5)
2025-10-22 11:33:35,110 [INFO] PluginManage:310 - Check plugin clock
2025-10-22 11:33:35,126 [INFO] PluginManage:359 - Loaded plugin clock (category:base,tabindex:2)
2025-10-22 11:33:35,126 [INFO] PluginManage:310 - Check plugin ddr
2025-10-22 11:33:35,129 [INFO] PluginManage:359 - Loaded plugin ddr (category:tool,tabindex:6)
2025-10-22 11:33:35,129 [INFO] PluginManage:310 - Check plugin filemanager
2025-10-22 11:33:35,390 [INFO] PluginManage:359 - Loaded plugin filemanager (category:base,tabindex:10)
2025-10-22 11:33:35,391 [INFO] PluginManage:310 - Check plugin ipmanager
2025-10-22 11:33:35,402 [INFO] PluginManage:359 - Loaded plugin ipmanager (category:base,tabindex:5)
2025-10-22 11:33:35,402 [INFO] PluginManage:310 - Check plugin lpbam
2025-10-22 11:33:35,418 [INFO] PluginManage:359 - Loaded plugin lpbam (category:base,tabindex:0)
2025-10-22 11:33:35,418 [INFO] PluginManage:310 - Check plugin memorymap
2025-10-22 11:33:35,444 [INFO] PluginManage:359 - Loaded plugin memorymap (category:base,tabindex:4)
2025-10-22 11:33:35,444 [INFO] PluginManage:310 - Check plugin pinoutandconfiguration
2025-10-22 11:33:35,457 [INFO] PluginManage:359 - Loaded plugin pinoutandconfiguration (category:base,tabindex:1)
2025-10-22 11:33:35,458 [INFO] PluginManage:310 - Check plugin pinoutconfig
2025-10-22 11:33:35,607 [WARN] SupportedApi:132 - Cannot load RTOS API schema: s4s-elt-must-match.1: The content of 'definitions' must match (annotation?, (simpleType | complexType)?, (unique | key | keyref)*)). A problem was found starting at: attribute.
2025-10-22 11:33:35,796 [INFO] PluginManage:359 - Loaded plugin pinoutconfig (category:base,tabindex:0)
2025-10-22 11:33:35,797 [INFO] PluginManage:310 - Check plugin power
2025-10-22 11:33:35,807 [INFO] PluginManage:359 - Loaded plugin power (category:power,tabindex:4)
2025-10-22 11:33:35,807 [INFO] PluginManage:310 - Check plugin projectmanager
2025-10-22 11:33:35,823 [INFO] PluginManage:359 - Loaded plugin projectmanager (category:projectmanager,tabindex:3)
2025-10-22 11:33:35,824 [INFO] PluginManage:310 - Check plugin thirdparty
2025-10-22 11:33:35,966 [WARN] IntegrityCheckThread:84 - waiting for thirdparty lock release [integrity check]
2025-10-22 11:33:35,966 [INFO] PluginManage:359 - Loaded plugin thirdparty (category:base,tabindex:-1)
2025-10-22 11:33:35,966 [INFO] IntegrityCheckThread:86 - entering critical section [integrity check]
2025-10-22 11:33:35,966 [INFO] PluginManage:310 - Check plugin tools
2025-10-22 11:33:35,967 [INFO] ThirdPartyUpdaterWithRetryManager:70 - Updater plugin not ready yet. [1/15]
2025-10-22 11:33:35,970 [INFO] PluginManage:359 - Loaded plugin tools (category:base,tabindex:7)
2025-10-22 11:33:35,971 [INFO] PluginManage:310 - Check plugin tutovideos
2025-10-22 11:33:36,172 [INFO] PluginManage:359 - Loaded plugin tutovideos (category:base,tabindex:-1)
2025-10-22 11:33:36,172 [INFO] PluginManage:310 - Check plugin updater
2025-10-22 11:33:36,186 [INFO] PluginManage:359 - Loaded plugin updater (category:base,tabindex:12)
2025-10-22 11:33:36,186 [INFO] PluginManage:310 - Check plugin userauth
2025-10-22 11:33:36,193 [INFO] UserAuth:113 - Init User Auth plugin
2025-10-22 11:33:36,193 [INFO] PluginManage:359 - Loaded plugin userauth (category:base,tabindex:14)
2025-10-22 11:33:36,194 [INFO] PluginManage:283 - PluginManage : Loaded plugins [17]
2025-10-22 11:33:36,439 [INFO] PinOutPanel:1499 - setPackage(No Configuration,No Configuration)
2025-10-22 11:33:36,535 [INFO] CADModel:165 - CPN selected for project level
2025-10-22 11:33:36,535 [INFO] CADModel:114 - Register for checkConnection events
2025-10-22 11:33:36,553 [INFO] IPUIPlugin:80 - create IPUIPlugin
2025-10-22 11:33:36,554 [INFO] PluginManager:220 - loadIPPluginJar : add i2s
2025-10-22 11:33:36,556 [INFO] IPUIPlugin:80 - create IPUIPlugin
2025-10-22 11:33:36,556 [INFO] PluginManager:220 - loadIPPluginJar : add tim
2025-10-22 11:33:36,567 [INFO] IPUIPlugin:80 - create IPUIPlugin
2025-10-22 11:33:36,567 [INFO] PluginManager:220 - loadIPPluginJar : add stm32_wpan
2025-10-22 11:33:36,570 [INFO] IPUIPlugin:80 - create IPUIPlugin
2025-10-22 11:33:36,571 [INFO] PluginManager:220 - loadIPPluginJar : add hash
2025-10-22 11:33:36,574 [INFO] IPUIPlugin:80 - create IPUIPlugin
2025-10-22 11:33:36,575 [INFO] PluginManager:220 - loadIPPluginJar : add openamp
2025-10-22 11:33:36,582 [INFO] IPUIPlugin:80 - create IPUIPlugin
2025-10-22 11:33:36,583 [INFO] PluginManager:220 - loadIPPluginJar : add gic
2025-10-22 11:33:36,587 [INFO] IPUIPlugin:80 - create IPUIPlugin
2025-10-22 11:33:36,587 [INFO] PluginManager:220 - loadIPPluginJar : add resmgrutility
2025-10-22 11:33:36,590 [INFO] IPUIPlugin:80 - create IPUIPlugin
2025-10-22 11:33:36,591 [INFO] PluginManager:220 - loadIPPluginJar : add pdm2pcm
2025-10-22 11:33:36,592 [INFO] IPUIPlugin:80 - create IPUIPlugin
2025-10-22 11:33:36,593 [INFO] PluginManager:220 - loadIPPluginJar : add tsc
2025-10-22 11:33:36,594 [INFO] IPUIPlugin:80 - create IPUIPlugin
2025-10-22 11:33:36,594 [INFO] PluginManager:220 - loadIPPluginJar : add ltdc
2025-10-22 11:33:36,598 [INFO] IPUIPlugin:80 - create IPUIPlugin
2025-10-22 11:33:36,598 [INFO] PluginManager:220 - loadIPPluginJar : add i3c
2025-10-22 11:33:36,601 [INFO] IPUIPlugin:80 - create IPUIPlugin
2025-10-22 11:33:36,602 [INFO] PluginManager:220 - loadIPPluginJar : add usbx
2025-10-22 11:33:36,605 [INFO] IPUIPlugin:80 - create IPUIPlugin
2025-10-22 11:33:36,605 [INFO] PluginManager:220 - loadIPPluginJar : add can
2025-10-22 11:33:36,607 [INFO] IPUIPlugin:80 - create IPUIPlugin
2025-10-22 11:33:36,607 [INFO] PluginManager:220 - loadIPPluginJar : add tracer_emb
2025-10-22 11:33:36,609 [INFO] IPUIPlugin:80 - create IPUIPlugin
2025-10-22 11:33:36,610 [INFO] PluginManager:220 - loadIPPluginJar : add quadspi
2025-10-22 11:33:36,615 [INFO] IPUIPlugin:80 - create IPUIPlugin
2025-10-22 11:33:36,615 [INFO] PluginManager:220 - loadIPPluginJar : add fmc
2025-10-22 11:33:36,617 [INFO] IPUIPlugin:80 - create IPUIPlugin
2025-10-22 11:33:36,618 [INFO] PluginManager:220 - loadIPPluginJar : add ucpd
2025-10-22 11:33:36,621 [INFO] IPUIPlugin:80 - create IPUIPlugin
2025-10-22 11:33:36,621 [INFO] PluginManager:220 - loadIPPluginJar : add i2c
2025-10-22 11:33:36,623 [INFO] IPUIPlugin:80 - create IPUIPlugin
2025-10-22 11:33:36,623 [INFO] PluginManager:220 - loadIPPluginJar : add comp
2025-10-22 11:33:36,626 [INFO] IPUIPlugin:80 - create IPUIPlugin
2025-10-22 11:33:36,626 [INFO] PluginManager:220 - loadIPPluginJar : add spi
2025-10-22 11:33:36,628 [INFO] IPUIPlugin:80 - create IPUIPlugin
2025-10-22 11:33:36,628 [INFO] PluginManager:220 - loadIPPluginJar : add genericplugin
2025-10-22 11:33:36,631 [INFO] IPUIPlugin:80 - create IPUIPlugin
2025-10-22 11:33:36,631 [INFO] PluginManager:220 - loadIPPluginJar : add aes
2025-10-22 11:33:36,633 [INFO] IPUIPlugin:80 - create IPUIPlugin
2025-10-22 11:33:36,634 [INFO] PluginManager:220 - loadIPPluginJar : add ts
2025-10-22 11:33:36,637 [INFO] IPUIPlugin:80 - create IPUIPlugin
2025-10-22 11:33:36,637 [INFO] PluginManager:220 - loadIPPluginJar : add cryp
2025-10-22 11:33:36,642 [INFO] IPUIPlugin:80 - create IPUIPlugin
2025-10-22 11:33:36,643 [INFO] PluginManager:220 - loadIPPluginJar : add gpio
2025-10-22 11:33:36,646 [INFO] IPUIPlugin:80 - create IPUIPlugin
2025-10-22 11:33:36,646 [INFO] PluginManager:220 - loadIPPluginJar : add dfsdm
2025-10-22 11:33:36,653 [INFO] IPUIPlugin:80 - create IPUIPlugin
2025-10-22 11:33:36,657 [INFO] PluginManager:220 - loadIPPluginJar : add plateformsettings
2025-10-22 11:33:36,660 [INFO] IPUIPlugin:80 - create IPUIPlugin
2025-10-22 11:33:36,661 [INFO] PluginManager:220 - loadIPPluginJar : add opamp
2025-10-22 11:33:36,669 [INFO] IPUIPlugin:80 - create IPUIPlugin
2025-10-22 11:33:36,670 [INFO] PluginManager:220 - loadIPPluginJar : add mdma
2025-10-22 11:33:36,673 [INFO] IPUIPlugin:80 - create IPUIPlugin
2025-10-22 11:33:36,674 [INFO] PluginManager:220 - loadIPPluginJar : add gtzc
2025-10-22 11:33:36,676 [INFO] IPUIPlugin:80 - create IPUIPlugin
2025-10-22 11:33:36,676 [INFO] PluginManager:220 - loadIPPluginJar : add fatfs
2025-10-22 11:33:36,680 [INFO] IPUIPlugin:80 - create IPUIPlugin
2025-10-22 11:33:36,680 [INFO] PluginManager:220 - loadIPPluginJar : add usart
2025-10-22 11:33:36,683 [INFO] IPUIPlugin:80 - create IPUIPlugin
2025-10-22 11:33:36,684 [INFO] PluginManager:220 - loadIPPluginJar : add lorawan
2025-10-22 11:33:36,692 [INFO] IPUIPlugin:80 - create IPUIPlugin
2025-10-22 11:33:36,692 [INFO] PluginManager:220 - loadIPPluginJar : add adc
2025-10-22 11:33:36,702 [INFO] IPUIPlugin:80 - create IPUIPlugin
2025-10-22 11:33:36,702 [INFO] PluginManager:220 - loadIPPluginJar : add linkedlist
2025-10-22 11:33:36,706 [INFO] IPUIPlugin:80 - create IPUIPlugin
2025-10-22 11:33:36,706 [INFO] PluginManager:220 - loadIPPluginJar : add ipddr
2025-10-22 11:33:36,709 [INFO] IPUIPlugin:80 - create IPUIPlugin
2025-10-22 11:33:36,709 [INFO] PluginManager:220 - loadIPPluginJar : add dma3
2025-10-22 11:33:36,714 [INFO] IPUIPlugin:80 - create IPUIPlugin
2025-10-22 11:33:36,714 [INFO] PluginManager:220 - loadIPPluginJar : add nvic
2025-10-22 11:33:36,719 [INFO] IPUIPlugin:80 - create IPUIPlugin
2025-10-22 11:33:36,719 [INFO] PluginManager:220 - loadIPPluginJar : add sai
2025-10-22 11:33:36,721 [INFO] IPUIPlugin:80 - create IPUIPlugin
2025-10-22 11:33:36,722 [INFO] PluginManager:220 - loadIPPluginJar : add gfxmmu
2025-10-22 11:33:36,729 [INFO] IPUIPlugin:80 - create IPUIPlugin
2025-10-22 11:33:36,730 [INFO] PluginManager:220 - loadIPPluginJar : add dma
2025-10-22 11:33:36,736 [INFO] IPUIPlugin:80 - create IPUIPlugin
2025-10-22 11:33:36,737 [INFO] PluginManager:220 - loadIPPluginJar : add freertos
2025-10-22 11:33:36,741 [INFO] IPUIPlugin:80 - create IPUIPlugin
2025-10-22 11:33:36,741 [INFO] PluginManager:220 - loadIPPluginJar : add touchsensing
2025-10-22 11:33:36,863 [INFO] CADModel:165 - CPN selected for project level
2025-10-22 11:33:36,864 [INFO] CADModel:114 - Register for checkConnection events
2025-10-22 11:33:36,864 [FATAL] Updater:308 - Updater called before beeing initialized
2025-10-22 11:33:36,864 [ERROR] CADModel:125 - Updater not yet initialized, retry later 
2025-10-22 11:33:37,034 [INFO] CADModel:165 - CPN selected for project level
2025-10-22 11:33:37,035 [INFO] CADModel:114 - Register for checkConnection events
2025-10-22 11:33:37,035 [FATAL] Updater:308 - Updater called before beeing initialized
2025-10-22 11:33:37,035 [ERROR] CADModel:125 - Updater not yet initialized, retry later 
2025-10-22 11:33:37,046 [FATAL] Updater:308 - Updater called before beeing initialized
2025-10-22 11:33:37,153 [FATAL] Updater:308 - Updater called before beeing initialized
2025-10-22 11:33:37,162 [INFO] DbMcusAds:53 - JSON generation date=Thu Oct 02 15:06:05 IST 2025 (1759397765645)
2025-10-22 11:33:37,163 [FATAL] Updater:308 - Updater called before beeing initialized
2025-10-22 11:33:37,215 [WARN] DetailPanel:346 - Failed to get advertising image, set to default
2025-10-22 11:33:37,325 [FATAL] Updater:308 - Updater called before beeing initialized
2025-10-22 11:33:37,326 [FATAL] Updater:308 - Updater called before beeing initialized
2025-10-22 11:33:37,326 [FATAL] Updater:308 - Updater called before beeing initialized
2025-10-22 11:33:37,327 [WARN] DetailPanel:346 - Failed to get advertising image, set to default
2025-10-22 11:33:37,327 [FATAL] Updater:308 - Updater called before beeing initialized
2025-10-22 11:33:37,366 [ERROR] Updater:1120 - MainUpdater not yet initialized. External WinMGr cannot be set.
2025-10-22 11:33:37,368 [INFO] Updater:1056 - Updater Version found : 6.9.2
2025-10-22 11:33:37,395 [INFO] ApplicationProperties:184 - Using Application install path: /opt/st/stm32cubeide_1.13.2/plugins/com.st.stm32cube.common.mx_6.9.2.202309101412
2025-10-22 11:33:37,630 [INFO] MainUpdater:2868 - connection check result : 10
2025-10-22 11:33:37,632 [INFO] MainUpdater:285 - Updater Check For Update Now.
2025-10-22 11:33:37,632 [INFO] MicroXplorer:498 - Change Database Version : DB.6.0.92
2025-10-22 11:33:37,648 [INFO] McuFinderGlobals:63 - Set McuFinder mode to 2 (CubeIDE integrated)
2025-10-22 11:33:37,916 [INFO] CheckServerUpdateThread:120 - End of CheckServer Thread
2025-10-22 11:33:39,147 [WARN] PackLoader:240 - Cannot read IP mode file for STMicroelectronics.FP-SNS-MOTENVWB1.1.4.0
2025-10-22 11:33:39,162 [WARN] PackLoader:240 - Cannot read IP mode file for STMicroelectronics.FP-ATR-ASTRA1.2.0.2
2025-10-22 11:33:39,172 [WARN] PackLoader:240 - Cannot read IP mode file for STMicroelectronics.FP-ATR-ASTRA1.2.0.1
2025-10-22 11:33:39,184 [WARN] PackLoader:240 - Cannot read IP mode file for STMicroelectronics.X-CUBE-SMBUS.2.1.0
2025-10-22 11:33:39,195 [WARN] PackLoader:240 - Cannot read IP mode file for STMicroelectronics.X-CUBE-WB05N.1.1.0
2025-10-22 11:33:39,202 [ERROR] Engine:466 - /home/sunbeam/.stm32cubemx/thirdparties/pdsc/STMicroelectronics.X-CUBE-ST60.1.0.0.pdsc: PDSC version is not supported
2025-10-22 11:33:39,207 [WARN] PackLoader:240 - Cannot read IP mode file for STMicroelectronics.X-CUBE-TOUCHGFX.4.23.0
2025-10-22 11:33:39,256 [WARN] PackLoader:240 - Cannot read IP mode file for STMicroelectronics.X-CUBE-AZRTOS-F7.1.1.0
2025-10-22 11:33:39,273 [WARN] PackLoader:240 - Cannot read IP mode file for STMicroelectronics.FP-SNS-MOTENV1.4.3.2
2025-10-22 11:33:39,382 [WARN] PackLoader:240 - Cannot read IP mode file for STMicroelectronics.X-CUBE-MEMS1.11.0.0
2025-10-22 11:33:39,672 [WARN] PackLoader:240 - Cannot read IP mode file for STMicroelectronics.FP-SNS-FLIGHT1.5.0.2
2025-10-22 11:33:39,703 [WARN] PackLoader:240 - Cannot read IP mode file for STMicroelectronics.X-CUBE-AZRTOS-H7.3.4.0
2025-10-22 11:33:39,717 [WARN] PackLoader:240 - Cannot read IP mode file for STMicroelectronics.X-CUBE-DISPLAY.3.0.0
2025-10-22 11:33:39,728 [WARN] PackLoader:240 - Cannot read IP mode file for STMicroelectronics.X-CUBE-BLE1.7.0.0
2025-10-22 11:33:39,736 [WARN] PackLoader:240 - Cannot read IP mode file for STMicroelectronics.X-CUBE-NFC10.1.0.0
2025-10-22 11:33:39,747 [ERROR] Engine:466 - /home/sunbeam/.stm32cubemx/thirdparties/pdsc/STMicroelectronics.X-CUBE-BLEMGR.4.0.0.pdsc: PDSC version is not supported
2025-10-22 11:33:39,752 [ERROR] Engine:466 - /home/sunbeam/.stm32cubemx/thirdparties/pdsc/STMicroelectronics.X-CUBE-ST60.1.1.0.pdsc: PDSC version is not supported
2025-10-22 11:33:39,762 [WARN] PackLoader:240 - Cannot read IP mode file for emotas.I-CUBE-CANOPEN.1.3.0
2025-10-22 11:33:39,769 [WARN] PackLoader:240 - Cannot read IP mode file for STMicroelectronics.X-CUBE-TOUCHGFX.4.22.1
2025-10-22 11:33:39,780 [WARN] PackLoader:240 - Cannot read IP mode file for STMicroelectronics.X-CUBE-BLEMGR.3.1.0
2025-10-22 11:33:39,789 [ERROR] Engine:466 - /home/sunbeam/.stm32cubemx/thirdparties/pdsc/STMicroelectronics.FP-SNS-STBOX1.2.1.0.pdsc: PDSC version is not supported
2025-10-22 11:33:39,791 [ERROR] Engine:466 - /home/sunbeam/.stm32cubemx/thirdparties/pdsc/STMicroelectronics.FP-SNS-FLIGHT1.5.1.0.pdsc: PDSC version is not supported
2025-10-22 11:33:39,889 [WARN] PackLoader:240 - Cannot read IP mode file for STMicroelectronics.X-CUBE-MEMS1.11.1.0
2025-10-22 11:33:40,015 [INFO] LogOutputStream:77 - [STDOUT_REDIRECT] 1 : Invalid condition id : UX_CORESTACK_Condition cause : null
2025-10-22 11:33:40,016 [INFO] LogOutputStream:77 - [STDOUT_REDIRECT] 1 : Invalid condition id : UX_CORESTACK_Condition cause : null
2025-10-22 11:33:40,016 [INFO] LogOutputStream:77 - [STDOUT_REDIRECT] 1 : Invalid condition id : UX_CORESTACK_Condition cause : null
2025-10-22 11:33:40,016 [INFO] LogOutputStream:77 - [STDOUT_REDIRECT] 1 : Invalid condition id : UX_CORESTACK_Condition cause : null
2025-10-22 11:33:40,016 [INFO] LogOutputStream:77 - [STDOUT_REDIRECT] 1 : Invalid condition id : UX_CORESTACK_Condition cause : null
2025-10-22 11:33:40,022 [WARN] PackLoader:240 - Cannot read IP mode file for STMicroelectronics.X-CUBE-AZRTOS-WL.2.0.0
2025-10-22 11:33:40,034 [WARN] PackLoader:240 - Cannot read IP mode file for STMicroelectronics.FP-SNS-MOTENV1.5.0.0
2025-10-22 11:33:40,040 [WARN] PackLoader:240 - Cannot read IP mode file for wolfSSL.I-CUBE-wolfMQTT.1.19.0
2025-10-22 11:33:40,049 [WARN] PackLoader:240 - Cannot read IP mode file for WES.I-CUBE-Cesium.1.3.0
2025-10-22 11:33:40,055 [WARN] PackLoader:240 - Cannot read IP mode file for STMicroelectronics.X-CUBE-BLE2.3.3.0
2025-10-22 11:33:40,064 [WARN] PackLoader:240 - Cannot read IP mode file for STMicroelectronics.X-CUBE-NFC9.1.0.0
2025-10-22 11:33:40,071 [WARN] PackLoader:240 - Cannot read IP mode file for STMicroelectronics.X-CUBE-BLE1.7.1.0
2025-10-22 11:33:40,079 [WARN] PackLoader:240 - Cannot read IP mode file for STMicroelectronics.X-CUBE-TCPP.4.1.0
2025-10-22 11:33:40,088 [WARN] PackLoader:240 - Cannot read IP mode file for STMicroelectronics.X-CUBE-EEPRMA1.5.2.0
2025-10-22 11:33:40,094 [ERROR] Engine:466 - /home/sunbeam/.stm32cubemx/thirdparties/pdsc/STMicroelectronics.X-CUBE-ST67W61.1.1.0.pdsc: PDSC version is not supported
2025-10-22 11:33:40,100 [WARN] PackLoader:240 - Cannot read IP mode file for STMicroelectronics.X-CUBE-ALGOBUILD.1.3.0
2025-10-22 11:33:40,137 [WARN] PackLoader:240 - Cannot read IP mode file for STMicroelectronics.X-CUBE-AZRTOS-G0.1.1.0
2025-10-22 11:33:40,146 [WARN] PackLoader:240 - Cannot read IP mode file for STMicroelectronics.X-CUBE-SAFEA1.1.2.2
2025-10-22 11:33:40,153 [WARN] PackLoader:240 - Cannot read IP mode file for STMicroelectronics.X-CUBE-NFC4.3.0.0
2025-10-22 11:33:40,158 [ERROR] Engine:466 - /home/sunbeam/.stm32cubemx/thirdparties/pdsc/EmbeddedOffice.I-CUBE-FS-RTOS.1.0.1.pdsc: PDSC version is not supported
2025-10-22 11:33:40,163 [WARN] PackLoader:240 - Cannot read IP mode file for STMicroelectronics.X-CUBE-WB05N.2.0.0
2025-10-22 11:33:40,174 [WARN] PackLoader:240 - Cannot read IP mode file for STMicroelectronics.X-CUBE-BLEMGR.3.0.0
2025-10-22 11:33:40,179 [ERROR] Engine:466 - /home/sunbeam/.stm32cubemx/thirdparties/pdsc/STMicroelectronics.X-CUBE-TCPP.4.2.0.pdsc: PDSC version is not supported
2025-10-22 11:33:40,181 [ERROR] Engine:466 - /home/sunbeam/.stm32cubemx/thirdparties/pdsc/RealThread.X-CUBE-RT-Thread_Nano.4.1.1.pdsc: PDSC version is not supported
2025-10-22 11:33:40,183 [WARN] PackLoader:240 - Cannot read IP mode file for STMicroelectronics.FP-ATR-SIGFOX1.3.2.0
2025-10-22 11:33:40,185 [ERROR] Engine:466 - /home/sunbeam/.stm32cubemx/thirdparties/pdsc/quantropi.X-CUBE-qispace-sdk-base.1.9.3.pdsc: PDSC version is not supported
2025-10-22 11:33:40,189 [WARN] PackLoader:240 - Cannot read IP mode file for STMicroelectronics.X-CUBE-EEPRMA1.5.1.0
2025-10-22 11:33:40,193 [ERROR] Engine:466 - /home/sunbeam/.stm32cubemx/thirdparties/pdsc/STMicroelectronics.X-CUBE-ST67W61.1.0.0.pdsc: PDSC version is not supported
2025-10-22 11:33:40,195 [WARN] PackLoader:240 - Cannot read IP mode file for STMicroelectronics.X-CUBE-AI.10.2.0
2025-10-22 11:33:40,231 [WARN] PackLoader:240 - Cannot read IP mode file for SEGGER.I-CUBE-embOS.1.3.1
2025-10-22 11:33:40,278 [WARN] PackLoader:240 - Cannot read IP mode file for STMicroelectronics.X-CUBE-ALGOBUILD.1.4.0
2025-10-22 11:33:40,359 [WARN] PackLoader:240 - Cannot read IP mode file for STMicroelectronics.X-CUBE-MEMS1.11.3.0
2025-10-22 11:33:40,540 [WARN] PackLoader:240 - Cannot read IP mode file for STMicroelectronics.X-CUBE-AI.9.1.0
2025-10-22 11:33:40,545 [WARN] PackLoader:240 - Cannot read IP mode file for STMicroelectronics.X-CUBE-PM33A1.1.0.0
2025-10-22 11:33:40,550 [WARN] PackLoader:240 - Cannot read IP mode file for STMicroelectronics.X-CUBE-GNSS1.6.0.0
2025-10-22 11:33:40,569 [WARN] PackLoader:240 - Cannot read IP mode file for STMicroelectronics.X-CUBE-AZRTOS-F4.1.1.0
2025-10-22 11:33:40,575 [WARN] PackLoader:240 - Cannot read IP mode file for wolfSSL.I-CUBE-wolfSSL.5.6.4
2025-10-22 11:33:40,577 [ERROR] Engine:466 - /home/sunbeam/.stm32cubemx/thirdparties/pdsc/Avnet-IotConnect.X-CUBE-IoTC-DA16k-PMOD.1.0.0.pdsc: PDSC version is not supported
2025-10-22 11:33:40,580 [WARN] PackLoader:240 - Cannot read IP mode file for STMicroelectronics.X-CUBE-ISPU.2.1.0
2025-10-22 11:33:40,586 [ERROR] Engine:466 - /home/sunbeam/.stm32cubemx/thirdparties/pdsc/STMicroelectronics.X-CUBE-IPS.3.2.0.pdsc: PDSC version is not supported
2025-10-22 11:33:40,590 [WARN] PackLoader:240 - Cannot read IP mode file for STMicroelectronics.X-CUBE-FREERTOS.1.2.0
2025-10-22 11:33:40,596 [WARN] PackLoader:240 - Cannot read IP mode file for STMicroelectronics.X-CUBE-NFC12.1.0.0
2025-10-22 11:33:40,615 [WARN] PackLoader:240 - Cannot read IP mode file for STMicroelectronics.X-CUBE-AZRTOS-L5.2.0.0
2025-10-22 11:33:40,697 [WARN] PackLoader:240 - Cannot read IP mode file for STMicroelectronics.X-CUBE-MEMS1.9.6.0
2025-10-22 11:33:40,947 [WARN] PackLoader:240 - Cannot read IP mode file for STMicroelectronics.X-CUBE-EEPRMA1.4.2.0
2025-10-22 11:33:40,959 [WARN] PackLoader:240 - Cannot read IP mode file for STMicroelectronics.X-CUBE-NFC6.3.1.0
2025-10-22 11:33:40,969 [WARN] PackLoader:240 - Cannot read IP mode file for ITTIA_DB.I-CUBE-ITTIADB.8.8.0
2025-10-22 11:33:40,981 [WARN] PackLoader:240 - Cannot read IP mode file for STMicroelectronics.X-CUBE-BLEMGR.2.0.0
2025-10-22 11:33:40,990 [ERROR] Engine:466 - /home/sunbeam/.stm32cubemx/thirdparties/pdsc/STMicroelectronics.X-CUBE-DPower.1.2.0.pdsc: PDSC version is not supported
2025-10-22 11:33:40,995 [WARN] PackLoader:240 - Cannot read IP mode file for STMicroelectronics.X-CUBE-AI.9.0.0
2025-10-22 11:33:41,028 [WARN] ConditionMgr:438 - getConditionDescription Invalid condition id : UX DEVICE CLASS RTOS Condition cause : null
2025-10-22 11:33:41,029 [WARN] ConditionMgr:438 - getConditionDescription Invalid condition id : UX DEVICE CLASS RTOS Condition cause : null
2025-10-22 11:33:41,036 [WARN] PackLoader:240 - Cannot read IP mode file for STMicroelectronics.X-CUBE-AZRTOS-H7.3.1.0
2025-10-22 11:33:41,038 [WARN] ConditionMgr:1039 - genDependencies : Invalid condition id : UX DEVICE CLASS RTOS Condition cause : null
2025-10-22 11:33:41,039 [WARN] ConditionMgr:1039 - genDependencies : Invalid condition id : UX DEVICE CLASS RTOS Condition cause : null
2025-10-22 11:33:41,040 [WARN] ConditionMgr:1039 - genDependencies : Invalid condition id : UX DEVICE CLASS RTOS Condition cause : null
2025-10-22 11:33:41,041 [WARN] ConditionMgr:1039 - genDependencies : Invalid condition id : UX DEVICE CLASS RTOS Condition cause : null
2025-10-22 11:33:41,041 [WARN] ConditionMgr:1039 - genDependencies : Invalid condition id : UX DEVICE CLASS RTOS Condition cause : null
2025-10-22 11:33:41,054 [WARN] PackLoader:240 - Cannot read IP mode file for STMicroelectronics.X-CUBE-FREERTOS.1.3.1
2025-10-22 11:33:41,062 [WARN] PackLoader:240 - Cannot read IP mode file for STMicroelectronics.X-CUBE-FREERTOS.1.3.0
2025-10-22 11:33:41,069 [WARN] PackLoader:240 - Cannot read IP mode file for STMicroelectronics.X-CUBE-NFC7.1.0.1
2025-10-22 11:33:41,075 [WARN] PackLoader:240 - Cannot read IP mode file for STMicroelectronics.X-CUBE-TOUCHGFX.4.26.0
2025-10-22 11:33:41,086 [WARN] PackLoader:240 - Cannot read IP mode file for STMicroelectronics.X-CUBE-NFC6.3.0.0
2025-10-22 11:33:41,096 [WARN] PackLoader:240 - Cannot read IP mode file for STMicroelectronics.X-CUBE-EEPRMA1.4.1.0
2025-10-22 11:33:41,101 [ERROR] Engine:466 - /home/sunbeam/.stm32cubemx/thirdparties/pdsc/STMicroelectronics.FP-SNS-STAIOTCFT.1.0.0.pdsc: PDSC version is not supported
2025-10-22 11:33:41,104 [ERROR] Engine:466 - /home/sunbeam/.stm32cubemx/thirdparties/pdsc/STMicroelectronics.X-CUBE-DPower.1.3.0.pdsc: PDSC version is not supported
2025-10-22 11:33:41,107 [WARN] PackLoader:240 - Cannot read IP mode file for STMicroelectronics.X-CUBE-AI.8.1.0
2025-10-22 11:33:41,128 [WARN] ConditionMgr:438 - getConditionDescription Invalid condition id : LAN8742 Phy interface Condition cause : null
2025-10-22 11:33:41,129 [WARN] PackLoader:240 - Cannot read IP mode file for STMicroelectronics.X-CUBE-AZRTOS-L4.2.0.0
2025-10-22 11:33:41,131 [WARN] ConditionMgr:1039 - genDependencies : Invalid condition id : LAN8742 Phy interface Condition cause : null
2025-10-22 11:33:41,131 [WARN] ConditionMgr:1039 - genDependencies : Invalid condition id : LAN8742 Phy interface Condition cause : null
2025-10-22 11:33:41,132 [WARN] ConditionMgr:1039 - genDependencies : Invalid condition id : LAN8742 Phy interface Condition cause : null
2025-10-22 11:33:41,140 [WARN] PackLoader:240 - Cannot read IP mode file for STMicroelectronics.X-CUBE-SFXS2LP1.4.0.0
2025-10-22 11:33:41,145 [WARN] PackLoader:240 - Cannot read IP mode file for STMicroelectronics.X-CUBE-ISPU.1.1.0
2025-10-22 11:33:41,170 [WARN] PackLoader:240 - Cannot read IP mode file for STMicroelectronics.X-CUBE-AZRTOS-H7.3.3.0
2025-10-22 11:33:41,179 [ERROR] Engine:466 - /home/sunbeam/.stm32cubemx/thirdparties/pdsc/STMicroelectronics.X-CUBE-BLEMGR.4.1.0.pdsc: PDSC version is not supported
2025-10-22 11:33:41,183 [ERROR] Engine:466 - /home/sunbeam/.stm32cubemx/thirdparties/pdsc/STMicroelectronics.X-CUBE-IPS.3.0.0.pdsc: PDSC version is not supported
2025-10-22 11:33:41,202 [WARN] ConditionMgr:438 - getConditionDescription Invalid condition id : UX DEVICE CLASS RTOS Condition cause : null
2025-10-22 11:33:41,202 [WARN] ConditionMgr:438 - getConditionDescription Invalid condition id : UX DEVICE CLASS RTOS Condition cause : null
2025-10-22 11:33:41,205 [WARN] PackLoader:240 - Cannot read IP mode file for STMicroelectronics.X-CUBE-AZRTOS-WB.2.0.0
2025-10-22 11:33:41,206 [WARN] ConditionMgr:1039 - genDependencies : Invalid condition id : UX DEVICE CLASS RTOS Condition cause : null
2025-10-22 11:33:41,207 [WARN] ConditionMgr:1039 - genDependencies : Invalid condition id : UX DEVICE CLASS RTOS Condition cause : null
2025-10-22 11:33:41,208 [WARN] ConditionMgr:1039 - genDependencies : Invalid condition id : UX DEVICE CLASS RTOS Condition cause : null
2025-10-22 11:33:41,208 [WARN] ConditionMgr:1039 - genDependencies : Invalid condition id : UX DEVICE CLASS RTOS Condition cause : null
2025-10-22 11:33:41,208 [WARN] ConditionMgr:1039 - genDependencies : Invalid condition id : UX DEVICE CLASS RTOS Condition cause : null
2025-10-22 11:33:41,215 [WARN] PackLoader:240 - Cannot read IP mode file for STMicroelectronics.X-CUBE-GNSS1.7.0.0
2025-10-22 11:33:41,221 [WARN] PackLoader:240 - Cannot read IP mode file for STMicroelectronics.X-CUBE-GNSS1.7.0.1
2025-10-22 11:33:41,226 [WARN] PackLoader:240 - Cannot read IP mode file for STMicroelectronics.X-CUBE-TOUCHGFX.4.25.0
2025-10-22 11:33:41,233 [ERROR] Engine:466 - /home/sunbeam/.stm32cubemx/thirdparties/pdsc/STMicroelectronics.FP-SNS-STBOX1.2.0.0.pdsc: PDSC version is not supported
2025-10-22 11:33:41,244 [WARN] PackLoader:240 - Cannot read IP mode file for STMicroelectronics.X-CUBE-SUBG2.5.0.0
2025-10-22 11:33:41,266 [WARN] PackLoader:240 - Cannot read IP mode file for STMicroelectronics.X-CUBE-AZRTOS-H7RS.1.1.0
2025-10-22 11:33:41,270 [WARN] PackLoader:240 - Cannot read IP mode file for Cesanta.I-CUBE-Mongoose.7.13.0
2025-10-22 11:33:41,277 [WARN] PackLoader:240 - Cannot read IP mode file for STMicroelectronics.X-CUBE-TOF1.3.3.1
2025-10-22 11:33:41,293 [WARN] PackLoader:240 - Cannot read IP mode file for STMicroelectronics.X-CUBE-AZRTOS-G4.2.0.0
2025-10-22 11:33:41,304 [WARN] PackLoader:240 - Cannot read IP mode file for Infineon.AIROC-Wi-Fi-Bluetooth-STM32.1.5.1
2025-10-22 11:33:41,309 [WARN] PackLoader:240 - Cannot read IP mode file for STMicroelectronics.X-CUBE-NFC7.2.0.0
2025-10-22 11:33:41,314 [WARN] PackLoader:240 - Cannot read IP mode file for STMicroelectronics.FP-SNS-MOTENVWB1.1.3.1
2025-10-22 11:33:41,319 [WARN] PackLoader:240 - Cannot read IP mode file for STMicroelectronics.X-CUBE-ISPU.2.0.0
2025-10-22 11:33:41,325 [ERROR] Engine:466 - /home/sunbeam/.stm32cubemx/thirdparties/pdsc/STMicroelectronics.X-CUBE-IPS.3.1.0.pdsc: PDSC version is not supported
2025-10-22 11:33:41,333 [WARN] PackLoader:240 - Cannot read IP mode file for STMicroelectronics.X-CUBE-ALS.1.0.2
2025-10-22 11:33:41,385 [WARN] PackLoader:240 - Cannot read IP mode file for STMicroelectronics.X-CUBE-MEMS1.10.0.0
2025-10-22 11:33:41,501 [WARN] PackLoader:240 - Cannot read IP mode file for STMicroelectronics.X-CUBE-FREERTOS.1.1.0
2025-10-22 11:33:41,503 [WARN] PackLoader:240 - Cannot read IP mode file for STMicroelectronics.X-CUBE-TOUCHGFX.4.24.0
2025-10-22 11:33:41,506 [WARN] PackLoader:240 - Cannot read IP mode file for STMicroelectronics.X-CUBE-TOUCHGFX.4.24.2
2025-10-22 11:33:41,508 [WARN] PackLoader:240 - Cannot read IP mode file for STMicroelectronics.X-CUBE-TOUCHGFX.4.24.1
2025-10-22 11:33:41,514 [WARN] PackLoader:240 - Cannot read IP mode file for STMicroelectronics.X-CUBE-STSE01.1.0.0
2025-10-22 11:33:41,517 [WARN] PackLoader:240 - Cannot read IP mode file for wolfSSL.I-CUBE-wolfTPM.3.4.0
2025-10-22 11:33:41,521 [WARN] PackLoader:240 - Cannot read IP mode file for portGmbH.I-Cube-SoM-uGOAL.1.1.0
2025-10-22 11:33:41,524 [WARN] PackLoader:240 - Cannot read IP mode file for STMicroelectronics.X-CUBE-ALS.1.0.1
2025-10-22 11:33:41,538 [WARN] PackLoader:240 - Cannot read IP mode file for STMicroelectronics.X-CUBE-AZRTOS-H7RS.1.0.0
2025-10-22 11:33:41,542 [WARN] PackLoader:240 - Cannot read IP mode file for STMicroelectronics.FP-ATR-ASTRA1.2.0.0
2025-10-22 11:33:41,545 [ERROR] Engine:466 - /home/sunbeam/.stm32cubemx/thirdparties/pdsc/STMicroelectronics.X-CUBE-TOF1.3.4.2.pdsc: PDSC version is not supported
2025-10-22 11:33:41,549 [ERROR] Engine:466 - /home/sunbeam/.stm32cubemx/thirdparties/pdsc/STMicroelectronics.X-CUBE-TOF1.3.4.3.pdsc: PDSC version is not supported
2025-10-22 11:33:41,555 [WARN] PackLoader:240 - Cannot read IP mode file for STMicroelectronics.X-CUBE-TOF1.3.4.0
2025-10-22 11:33:41,578 [WARN] PackLoader:240 - Cannot read IP mode file for STMicroelectronics.X-CUBE-AZRTOS-H7.3.2.0
2025-10-22 11:33:41,584 [WARN] PackLoader:240 - Cannot read IP mode file for wolfSSL.I-CUBE-wolfSSH.1.4.17
2025-10-22 11:33:41,585 [INFO] ThirdParty:978 - Integrity check success = true
2025-10-22 11:33:41,585 [INFO] IntegrityCheckThread:100 - exiting critical section [integrity check]
2025-10-22 11:33:41,585 [INFO] IntegrityCheckThread:103 - End integrity checks thread
2025-10-22 11:33:58,097 [ERROR] LogOutputStream:75 - [STDERR_REDIRECT] SLF4J: Failed to load class "org.slf4j.impl.StaticLoggerBinder".
2025-10-22 11:33:58,099 [ERROR] LogOutputStream:75 - [STDERR_REDIRECT] SLF4J: Defaulting to no-operation (NOP) logger implementation
2025-10-22 11:33:58,100 [ERROR] LogOutputStream:75 - [STDERR_REDIRECT] SLF4J: See http://www.slf4j.org/codes.html#StaticLoggerBinder for further details.
2025-10-22 12:38:17,437 [ERROR] LogOutputStream:75 - [STDERR_REDIRECT] SWT SessionManagerDBus: Failed to UnregisterClient: GDBus.Error:org.freedesktop.DBus.Error.NoReply: Message recipient disconnected from message bus without replying
2025-10-22 23:13:37,569 [INFO] Activator:176 - 


2025-10-22 23:13:37,572 [INFO] Activator:177 - !SESSION log4j initialized
2025-10-22 23:13:42,556 [INFO] LogOutputStream:77 - [STDOUT_REDIRECT] 
2025-10-22 23:13:44,990 [INFO] ApplicationProperties:184 - Using Application install path: /opt/st/stm32cubeide_1.13.2/plugins/com.st.stm32cube.common.mx_6.9.2.202309101412
2025-10-22 23:13:45,013 [INFO] DbMcusXml:78 - Set database path to: /opt/st/stm32cubeide_1.13.2/plugins/com.st.stm32cube.common.mx_6.9.2.202309101412//db//mcu/
2025-10-22 23:13:45,014 [INFO] ApiDb:274 - Set plugin database path to: /opt/st/stm32cubeide_1.13.2/plugins/com.st.stm32cube.common.mx_6.9.2.202309101412//db//plugins/boardmanager/
2025-10-22 23:13:45,014 [WARN] ApiDb:259 - Overriding images path with different value:  => /opt/st/stm32cubeide_1.13.2/plugins/com.st.stm32cube.common.mx_6.9.2.202309101412//db//plugins/mcufinder/images/
2025-10-22 23:13:45,024 [INFO] ApiDb:250 - Set database path to: /home/sunbeam/.stmcufinder/plugins/mcufinder//mcu/
2025-10-22 23:13:45,026 [INFO] DbMcusAds:125 - Set database path to: /home/sunbeam/.stmcufinder/plugins/mcufinder//mcu/
2025-10-22 23:13:45,029 [INFO] CrossReferenceDbSqlite:203 - Set database path to: /home/sunbeam/.stmcufinder/plugins/mcufinder//mcu/cs/
2025-10-22 23:13:45,151 [INFO] RulesReader:64 - Compatibility file has been processed (293 Rules)
2025-10-22 23:13:45,228 [INFO] DbMcusXml:78 - Set database path to: /opt/st/stm32cubeide_1.13.2/plugins/com.st.stm32cube.common.mx_6.9.2.202309101412//db//mcu/
2025-10-22 23:13:45,228 [INFO] ApiDb:274 - Set plugin database path to: /opt/st/stm32cubeide_1.13.2/plugins/com.st.stm32cube.common.mx_6.9.2.202309101412//db//plugins/boardmanager/
2025-10-22 23:13:45,228 [INFO] ApiDb:261 - Set plugin images path to: /opt/st/stm32cubeide_1.13.2/plugins/com.st.stm32cube.common.mx_6.9.2.202309101412//db//plugins/mcufinder/images/
2025-10-22 23:13:45,229 [WARN] DbFile:41 - Overriding database path with different value: /home/sunbeam/.stmcufinder/plugins/mcufinder/ => /home/sunbeam/.stmcufinder/plugins/mcufinder
2025-10-22 23:13:45,229 [INFO] ApiDb:250 - Set database path to: /home/sunbeam/.stmcufinder/plugins/mcufinder//mcu/
2025-10-22 23:13:45,229 [WARN] DbFile:41 - Overriding database path with different value: /home/sunbeam/.stmcufinder/plugins/mcufinder/ => /home/sunbeam/.stmcufinder/plugins/mcufinder
2025-10-22 23:13:45,229 [INFO] DbMcusAds:125 - Set database path to: /home/sunbeam/.stmcufinder/plugins/mcufinder//mcu/
2025-10-22 23:13:45,229 [WARN] DbFile:41 - Overriding database path with different value: /home/sunbeam/.stmcufinder/plugins/mcufinder/ => /home/sunbeam/.stmcufinder/plugins/mcufinder
2025-10-22 23:13:45,229 [WARN] DbFile:41 - Overriding database path with different value: /home/sunbeam/.stmcufinder/plugins/mcufinder/ => /home/sunbeam/.stmcufinder/plugins/mcufinder
2025-10-22 23:13:45,229 [INFO] CrossReferenceDbSqlite:203 - Set database path to: /home/sunbeam/.stmcufinder/plugins/mcufinder//mcu/cs/
2025-10-22 23:13:45,322 [INFO] MainPanel:262 - HeapMemory: 268435456
2025-10-22 23:13:45,447 [INFO] DbMcusXml:78 - Set database path to: /opt/st/stm32cubeide_1.13.2/plugins/com.st.stm32cube.common.mx_6.9.2.202309101412//db//mcu/
2025-10-22 23:13:45,448 [INFO] ApiDb:274 - Set plugin database path to: /opt/st/stm32cubeide_1.13.2/plugins/com.st.stm32cube.common.mx_6.9.2.202309101412//db//plugins/boardmanager/
2025-10-22 23:13:45,448 [INFO] ApiDb:261 - Set plugin images path to: /opt/st/stm32cubeide_1.13.2/plugins/com.st.stm32cube.common.mx_6.9.2.202309101412//db//plugins/mcufinder/images/
2025-10-22 23:13:45,449 [WARN] DbFile:41 - Overriding database path with different value: /home/sunbeam/.stmcufinder/plugins/mcufinder/ => /home/sunbeam/.stmcufinder/plugins/mcufinder
2025-10-22 23:13:45,449 [INFO] ApiDb:250 - Set database path to: /home/sunbeam/.stmcufinder/plugins/mcufinder//mcu/
2025-10-22 23:13:45,449 [WARN] DbFile:41 - Overriding database path with different value: /home/sunbeam/.stmcufinder/plugins/mcufinder/ => /home/sunbeam/.stmcufinder/plugins/mcufinder
2025-10-22 23:13:45,450 [INFO] DbMcusAds:125 - Set database path to: /home/sunbeam/.stmcufinder/plugins/mcufinder//mcu/
2025-10-22 23:13:45,450 [WARN] DbFile:41 - Overriding database path with different value: /home/sunbeam/.stmcufinder/plugins/mcufinder/ => /home/sunbeam/.stmcufinder/plugins/mcufinder
2025-10-22 23:13:45,450 [WARN] DbFile:41 - Overriding database path with different value: /home/sunbeam/.stmcufinder/plugins/mcufinder/ => /home/sunbeam/.stmcufinder/plugins/mcufinder
2025-10-22 23:13:45,450 [INFO] CrossReferenceDbSqlite:203 - Set database path to: /home/sunbeam/.stmcufinder/plugins/mcufinder//mcu/cs/
2025-10-22 23:13:45,487 [INFO] ApplicationProperties:184 - Using Application install path: /opt/st/stm32cubeide_1.13.2/plugins/com.st.stm32cube.common.mx_6.9.2.202309101412
2025-10-22 23:13:45,490 [INFO] PluginManage:196 - Search for loadable plugins [exclusion list=, ]
2025-10-22 23:13:45,493 [INFO] PluginManage:310 - Check plugin analytics
2025-10-22 23:13:45,654 [INFO] AnalyticsPlugin:253 - Accepted Software Licenses: 
2025-10-22 23:13:45,654 [INFO] AnalyticsPlugin:255 - Accepted CMSIS Pack Licenses: 
2025-10-22 23:13:45,654 [INFO] AnalyticsPlugin:257 - Accepted Firmware Licenses: 
2025-10-22 23:13:45,656 [INFO] PluginManage:359 - Loaded plugin analytics (category:tool,tabindex:-1)
2025-10-22 23:13:45,657 [INFO] PluginManage:310 - Check plugin cadmodel
2025-10-22 23:13:45,702 [INFO] CADModel:105 - Init CAD model plugin
2025-10-22 23:13:45,703 [INFO] PluginManage:359 - Loaded plugin cadmodel (category:power,tabindex:5)
2025-10-22 23:13:45,703 [INFO] PluginManage:310 - Check plugin clock
2025-10-22 23:13:45,716 [INFO] PluginManage:359 - Loaded plugin clock (category:base,tabindex:2)
2025-10-22 23:13:45,716 [INFO] PluginManage:310 - Check plugin ddr
2025-10-22 23:13:45,719 [INFO] PluginManage:359 - Loaded plugin ddr (category:tool,tabindex:6)
2025-10-22 23:13:45,720 [INFO] PluginManage:310 - Check plugin filemanager
2025-10-22 23:13:45,869 [INFO] PluginManage:359 - Loaded plugin filemanager (category:base,tabindex:10)
2025-10-22 23:13:45,869 [INFO] PluginManage:310 - Check plugin ipmanager
2025-10-22 23:13:45,877 [INFO] PluginManage:359 - Loaded plugin ipmanager (category:base,tabindex:5)
2025-10-22 23:13:45,877 [INFO] PluginManage:310 - Check plugin lpbam
2025-10-22 23:13:45,889 [INFO] PluginManage:359 - Loaded plugin lpbam (category:base,tabindex:0)
2025-10-22 23:13:45,889 [INFO] PluginManage:310 - Check plugin memorymap
2025-10-22 23:13:45,900 [INFO] PluginManage:359 - Loaded plugin memorymap (category:base,tabindex:4)
2025-10-22 23:13:45,900 [INFO] PluginManage:310 - Check plugin pinoutandconfiguration
2025-10-22 23:13:45,907 [INFO] PluginManage:359 - Loaded plugin pinoutandconfiguration (category:base,tabindex:1)
2025-10-22 23:13:45,907 [INFO] PluginManage:310 - Check plugin pinoutconfig
2025-10-22 23:13:46,006 [WARN] SupportedApi:132 - Cannot load RTOS API schema: s4s-elt-must-match.1: The content of 'definitions' must match (annotation?, (simpleType | complexType)?, (unique | key | keyref)*)). A problem was found starting at: attribute.
2025-10-22 23:13:46,148 [INFO] PluginManage:359 - Loaded plugin pinoutconfig (category:base,tabindex:0)
2025-10-22 23:13:46,149 [INFO] PluginManage:310 - Check plugin power
2025-10-22 23:13:46,161 [INFO] PluginManage:359 - Loaded plugin power (category:power,tabindex:4)
2025-10-22 23:13:46,161 [INFO] PluginManage:310 - Check plugin projectmanager
2025-10-22 23:13:46,179 [INFO] PluginManage:359 - Loaded plugin projectmanager (category:projectmanager,tabindex:3)
2025-10-22 23:13:46,179 [INFO] PluginManage:310 - Check plugin thirdparty
2025-10-22 23:13:46,305 [INFO] PluginManage:359 - Loaded plugin thirdparty (category:base,tabindex:-1)
2025-10-22 23:13:46,306 [INFO] PluginManage:310 - Check plugin tools
2025-10-22 23:13:46,305 [WARN] IntegrityCheckThread:84 - waiting for thirdparty lock release [integrity check]
2025-10-22 23:13:46,306 [INFO] IntegrityCheckThread:86 - entering critical section [integrity check]
2025-10-22 23:13:46,307 [INFO] ThirdPartyUpdaterWithRetryManager:70 - Updater plugin not ready yet. [1/15]
2025-10-22 23:13:46,308 [INFO] PluginManage:359 - Loaded plugin tools (category:base,tabindex:7)
2025-10-22 23:13:46,308 [INFO] PluginManage:310 - Check plugin tutovideos
2025-10-22 23:13:46,489 [INFO] PluginManage:359 - Loaded plugin tutovideos (category:base,tabindex:-1)
2025-10-22 23:13:46,489 [INFO] PluginManage:310 - Check plugin updater
2025-10-22 23:13:46,503 [INFO] PluginManage:359 - Loaded plugin updater (category:base,tabindex:12)
2025-10-22 23:13:46,503 [INFO] PluginManage:310 - Check plugin userauth
2025-10-22 23:13:46,510 [INFO] UserAuth:113 - Init User Auth plugin
2025-10-22 23:13:46,510 [INFO] PluginManage:359 - Loaded plugin userauth (category:base,tabindex:14)
2025-10-22 23:13:46,510 [INFO] PluginManage:283 - PluginManage : Loaded plugins [17]
2025-10-22 23:13:46,719 [INFO] PinOutPanel:1499 - setPackage(No Configuration,No Configuration)
2025-10-22 23:13:46,830 [INFO] CADModel:165 - CPN selected for project level
2025-10-22 23:13:46,831 [INFO] CADModel:114 - Register for checkConnection events
2025-10-22 23:13:46,849 [INFO] IPUIPlugin:80 - create IPUIPlugin
2025-10-22 23:13:46,849 [INFO] PluginManager:220 - loadIPPluginJar : add i2s
2025-10-22 23:13:46,853 [INFO] IPUIPlugin:80 - create IPUIPlugin
2025-10-22 23:13:46,853 [INFO] PluginManager:220 - loadIPPluginJar : add tim
2025-10-22 23:13:46,861 [INFO] IPUIPlugin:80 - create IPUIPlugin
2025-10-22 23:13:46,862 [INFO] PluginManager:220 - loadIPPluginJar : add stm32_wpan
2025-10-22 23:13:46,864 [INFO] IPUIPlugin:80 - create IPUIPlugin
2025-10-22 23:13:46,866 [INFO] PluginManager:220 - loadIPPluginJar : add hash
2025-10-22 23:13:46,869 [INFO] IPUIPlugin:80 - create IPUIPlugin
2025-10-22 23:13:46,869 [INFO] PluginManager:220 - loadIPPluginJar : add openamp
2025-10-22 23:13:46,876 [INFO] IPUIPlugin:80 - create IPUIPlugin
2025-10-22 23:13:46,876 [INFO] PluginManager:220 - loadIPPluginJar : add gic
2025-10-22 23:13:46,880 [INFO] IPUIPlugin:80 - create IPUIPlugin
2025-10-22 23:13:46,880 [INFO] PluginManager:220 - loadIPPluginJar : add resmgrutility
2025-10-22 23:13:46,882 [INFO] IPUIPlugin:80 - create IPUIPlugin
2025-10-22 23:13:46,882 [INFO] PluginManager:220 - loadIPPluginJar : add pdm2pcm
2025-10-22 23:13:46,884 [INFO] IPUIPlugin:80 - create IPUIPlugin
2025-10-22 23:13:46,884 [INFO] PluginManager:220 - loadIPPluginJar : add tsc
2025-10-22 23:13:46,885 [INFO] IPUIPlugin:80 - create IPUIPlugin
2025-10-22 23:13:46,885 [INFO] PluginManager:220 - loadIPPluginJar : add ltdc
2025-10-22 23:13:46,887 [INFO] IPUIPlugin:80 - create IPUIPlugin
2025-10-22 23:13:46,887 [INFO] PluginManager:220 - loadIPPluginJar : add i3c
2025-10-22 23:13:46,890 [INFO] IPUIPlugin:80 - create IPUIPlugin
2025-10-22 23:13:46,890 [INFO] PluginManager:220 - loadIPPluginJar : add usbx
2025-10-22 23:13:46,892 [INFO] IPUIPlugin:80 - create IPUIPlugin
2025-10-22 23:13:46,892 [INFO] PluginManager:220 - loadIPPluginJar : add can
2025-10-22 23:13:46,894 [INFO] IPUIPlugin:80 - create IPUIPlugin
2025-10-22 23:13:46,894 [INFO] PluginManager:220 - loadIPPluginJar : add tracer_emb
2025-10-22 23:13:46,896 [INFO] IPUIPlugin:80 - create IPUIPlugin
2025-10-22 23:13:46,896 [INFO] PluginManager:220 - loadIPPluginJar : add quadspi
2025-10-22 23:13:46,899 [INFO] IPUIPlugin:80 - create IPUIPlugin
2025-10-22 23:13:46,899 [INFO] PluginManager:220 - loadIPPluginJar : add fmc
2025-10-22 23:13:46,901 [INFO] IPUIPlugin:80 - create IPUIPlugin
2025-10-22 23:13:46,901 [INFO] PluginManager:220 - loadIPPluginJar : add ucpd
2025-10-22 23:13:46,903 [INFO] IPUIPlugin:80 - create IPUIPlugin
2025-10-22 23:13:46,903 [INFO] PluginManager:220 - loadIPPluginJar : add i2c
2025-10-22 23:13:46,904 [INFO] IPUIPlugin:80 - create IPUIPlugin
2025-10-22 23:13:46,904 [INFO] PluginManager:220 - loadIPPluginJar : add comp
2025-10-22 23:13:46,906 [INFO] IPUIPlugin:80 - create IPUIPlugin
2025-10-22 23:13:46,906 [INFO] PluginManager:220 - loadIPPluginJar : add spi
2025-10-22 23:13:46,907 [INFO] IPUIPlugin:80 - create IPUIPlugin
2025-10-22 23:13:46,907 [INFO] PluginManager:220 - loadIPPluginJar : add genericplugin
2025-10-22 23:13:46,909 [INFO] IPUIPlugin:80 - create IPUIPlugin
2025-10-22 23:13:46,909 [INFO] PluginManager:220 - loadIPPluginJar : add aes
2025-10-22 23:13:46,911 [INFO] IPUIPlugin:80 - create IPUIPlugin
2025-10-22 23:13:46,911 [INFO] PluginManager:220 - loadIPPluginJar : add ts
2025-10-22 23:13:46,913 [INFO] IPUIPlugin:80 - create IPUIPlugin
2025-10-22 23:13:46,913 [INFO] PluginManager:220 - loadIPPluginJar : add cryp
2025-10-22 23:13:46,917 [INFO] IPUIPlugin:80 - create IPUIPlugin
2025-10-22 23:13:46,917 [INFO] PluginManager:220 - loadIPPluginJar : add gpio
2025-10-22 23:13:46,919 [INFO] IPUIPlugin:80 - create IPUIPlugin
2025-10-22 23:13:46,919 [INFO] PluginManager:220 - loadIPPluginJar : add dfsdm
2025-10-22 23:13:46,925 [INFO] IPUIPlugin:80 - create IPUIPlugin
2025-10-22 23:13:46,928 [INFO] PluginManager:220 - loadIPPluginJar : add plateformsettings
2025-10-22 23:13:46,930 [INFO] IPUIPlugin:80 - create IPUIPlugin
2025-10-22 23:13:46,930 [INFO] PluginManager:220 - loadIPPluginJar : add opamp
2025-10-22 23:13:46,936 [INFO] IPUIPlugin:80 - create IPUIPlugin
2025-10-22 23:13:46,936 [INFO] PluginManager:220 - loadIPPluginJar : add mdma
2025-10-22 23:13:46,939 [INFO] IPUIPlugin:80 - create IPUIPlugin
2025-10-22 23:13:46,939 [INFO] PluginManager:220 - loadIPPluginJar : add gtzc
2025-10-22 23:13:46,940 [INFO] IPUIPlugin:80 - create IPUIPlugin
2025-10-22 23:13:46,940 [INFO] PluginManager:220 - loadIPPluginJar : add fatfs
2025-10-22 23:13:46,942 [INFO] IPUIPlugin:80 - create IPUIPlugin
2025-10-22 23:13:46,942 [INFO] PluginManager:220 - loadIPPluginJar : add usart
2025-10-22 23:13:46,944 [INFO] IPUIPlugin:80 - create IPUIPlugin
2025-10-22 23:13:46,944 [INFO] PluginManager:220 - loadIPPluginJar : add lorawan
2025-10-22 23:13:46,950 [INFO] IPUIPlugin:80 - create IPUIPlugin
2025-10-22 23:13:46,950 [INFO] PluginManager:220 - loadIPPluginJar : add adc
2025-10-22 23:13:46,957 [INFO] IPUIPlugin:80 - create IPUIPlugin
2025-10-22 23:13:46,958 [INFO] PluginManager:220 - loadIPPluginJar : add linkedlist
2025-10-22 23:13:46,960 [INFO] IPUIPlugin:80 - create IPUIPlugin
2025-10-22 23:13:46,961 [INFO] PluginManager:220 - loadIPPluginJar : add ipddr
2025-10-22 23:13:46,962 [INFO] IPUIPlugin:80 - create IPUIPlugin
2025-10-22 23:13:46,963 [INFO] PluginManager:220 - loadIPPluginJar : add dma3
2025-10-22 23:13:46,965 [INFO] IPUIPlugin:80 - create IPUIPlugin
2025-10-22 23:13:46,965 [INFO] PluginManager:220 - loadIPPluginJar : add nvic
2025-10-22 23:13:46,969 [INFO] IPUIPlugin:80 - create IPUIPlugin
2025-10-22 23:13:46,969 [INFO] PluginManager:220 - loadIPPluginJar : add sai
2025-10-22 23:13:46,971 [INFO] IPUIPlugin:80 - create IPUIPlugin
2025-10-22 23:13:46,971 [INFO] PluginManager:220 - loadIPPluginJar : add gfxmmu
2025-10-22 23:13:46,978 [INFO] IPUIPlugin:80 - create IPUIPlugin
2025-10-22 23:13:46,978 [INFO] PluginManager:220 - loadIPPluginJar : add dma
2025-10-22 23:13:46,984 [INFO] IPUIPlugin:80 - create IPUIPlugin
2025-10-22 23:13:46,984 [INFO] PluginManager:220 - loadIPPluginJar : add freertos
2025-10-22 23:13:46,987 [INFO] IPUIPlugin:80 - create IPUIPlugin
2025-10-22 23:13:46,987 [INFO] PluginManager:220 - loadIPPluginJar : add touchsensing
2025-10-22 23:13:47,095 [INFO] CADModel:165 - CPN selected for project level
2025-10-22 23:13:47,095 [INFO] CADModel:114 - Register for checkConnection events
2025-10-22 23:13:47,095 [FATAL] Updater:308 - Updater called before beeing initialized
2025-10-22 23:13:47,096 [ERROR] CADModel:125 - Updater not yet initialized, retry later 
2025-10-22 23:13:47,273 [INFO] CADModel:165 - CPN selected for project level
2025-10-22 23:13:47,273 [INFO] CADModel:114 - Register for checkConnection events
2025-10-22 23:13:47,273 [FATAL] Updater:308 - Updater called before beeing initialized
2025-10-22 23:13:47,273 [ERROR] CADModel:125 - Updater not yet initialized, retry later 
2025-10-22 23:13:47,277 [FATAL] Updater:308 - Updater called before beeing initialized
2025-10-22 23:13:47,404 [FATAL] Updater:308 - Updater called before beeing initialized
2025-10-22 23:13:47,412 [INFO] DbMcusAds:53 - JSON generation date=Thu Oct 02 15:06:05 IST 2025 (1759397765645)
2025-10-22 23:13:47,412 [FATAL] Updater:308 - Updater called before beeing initialized
2025-10-22 23:13:47,452 [WARN] DetailPanel:346 - Failed to get advertising image, set to default
2025-10-22 23:13:47,585 [FATAL] Updater:308 - Updater called before beeing initialized
2025-10-22 23:13:47,587 [FATAL] Updater:308 - Updater called before beeing initialized
2025-10-22 23:13:47,587 [FATAL] Updater:308 - Updater called before beeing initialized
2025-10-22 23:13:47,587 [WARN] DetailPanel:346 - Failed to get advertising image, set to default
2025-10-22 23:13:47,588 [FATAL] Updater:308 - Updater called before beeing initialized
2025-10-22 23:13:47,616 [ERROR] Updater:1120 - MainUpdater not yet initialized. External WinMGr cannot be set.
2025-10-22 23:13:47,618 [INFO] Updater:1056 - Updater Version found : 6.9.2
2025-10-22 23:13:47,637 [INFO] ApplicationProperties:184 - Using Application install path: /opt/st/stm32cubeide_1.13.2/plugins/com.st.stm32cube.common.mx_6.9.2.202309101412
2025-10-22 23:13:48,773 [INFO] MainUpdater:2868 - connection check result : 10
2025-10-22 23:13:48,774 [INFO] MainUpdater:285 - Updater Check For Update Now.
2025-10-22 23:13:48,775 [INFO] MicroXplorer:498 - Change Database Version : DB.6.0.92
2025-10-22 23:13:48,785 [INFO] McuFinderGlobals:63 - Set McuFinder mode to 2 (CubeIDE integrated)
2025-10-22 23:13:49,038 [INFO] CheckServerUpdateThread:120 - End of CheckServer Thread
2025-10-22 23:13:49,462 [WARN] PackLoader:240 - Cannot read IP mode file for STMicroelectronics.FP-SNS-MOTENVWB1.1.4.0
2025-10-22 23:13:49,472 [WARN] PackLoader:240 - Cannot read IP mode file for STMicroelectronics.FP-ATR-ASTRA1.2.0.2
2025-10-22 23:13:49,477 [WARN] PackLoader:240 - Cannot read IP mode file for STMicroelectronics.FP-ATR-ASTRA1.2.0.1
2025-10-22 23:13:49,487 [WARN] PackLoader:240 - Cannot read IP mode file for STMicroelectronics.X-CUBE-SMBUS.2.1.0
2025-10-22 23:13:49,498 [WARN] PackLoader:240 - Cannot read IP mode file for STMicroelectronics.X-CUBE-WB05N.1.1.0
2025-10-22 23:13:49,505 [ERROR] Engine:466 - /home/sunbeam/.stm32cubemx/thirdparties/pdsc/STMicroelectronics.X-CUBE-ST60.1.0.0.pdsc: PDSC version is not supported
2025-10-22 23:13:49,510 [WARN] PackLoader:240 - Cannot read IP mode file for STMicroelectronics.X-CUBE-TOUCHGFX.4.23.0
2025-10-22 23:13:49,548 [WARN] PackLoader:240 - Cannot read IP mode file for STMicroelectronics.X-CUBE-AZRTOS-F7.1.1.0
2025-10-22 23:13:49,563 [WARN] PackLoader:240 - Cannot read IP mode file for STMicroelectronics.FP-SNS-MOTENV1.4.3.2
2025-10-22 23:13:49,624 [WARN] PackLoader:240 - Cannot read IP mode file for STMicroelectronics.X-CUBE-MEMS1.11.0.0
2025-10-22 23:13:49,819 [WARN] PackLoader:240 - Cannot read IP mode file for STMicroelectronics.FP-SNS-FLIGHT1.5.0.2
2025-10-22 23:13:49,844 [WARN] PackLoader:240 - Cannot read IP mode file for STMicroelectronics.X-CUBE-AZRTOS-H7.3.4.0
2025-10-22 23:13:49,859 [WARN] PackLoader:240 - Cannot read IP mode file for STMicroelectronics.X-CUBE-DISPLAY.3.0.0
2025-10-22 23:13:49,868 [WARN] PackLoader:240 - Cannot read IP mode file for STMicroelectronics.X-CUBE-BLE1.7.0.0
2025-10-22 23:13:49,875 [WARN] PackLoader:240 - Cannot read IP mode file for STMicroelectronics.X-CUBE-NFC10.1.0.0
2025-10-22 23:13:49,881 [ERROR] Engine:466 - /home/sunbeam/.stm32cubemx/thirdparties/pdsc/STMicroelectronics.X-CUBE-BLEMGR.4.0.0.pdsc: PDSC version is not supported
2025-10-22 23:13:49,884 [ERROR] Engine:466 - /home/sunbeam/.stm32cubemx/thirdparties/pdsc/STMicroelectronics.X-CUBE-ST60.1.1.0.pdsc: PDSC version is not supported
2025-10-22 23:13:49,888 [WARN] PackLoader:240 - Cannot read IP mode file for emotas.I-CUBE-CANOPEN.1.3.0
2025-10-22 23:13:49,892 [WARN] PackLoader:240 - Cannot read IP mode file for STMicroelectronics.X-CUBE-TOUCHGFX.4.22.1
2025-10-22 23:13:49,901 [WARN] PackLoader:240 - Cannot read IP mode file for STMicroelectronics.X-CUBE-BLEMGR.3.1.0
2025-10-22 23:13:49,908 [ERROR] Engine:466 - /home/sunbeam/.stm32cubemx/thirdparties/pdsc/STMicroelectronics.FP-SNS-STBOX1.2.1.0.pdsc: PDSC version is not supported
2025-10-22 23:13:49,911 [ERROR] Engine:466 - /home/sunbeam/.stm32cubemx/thirdparties/pdsc/STMicroelectronics.FP-SNS-FLIGHT1.5.1.0.pdsc: PDSC version is not supported
2025-10-22 23:13:49,978 [WARN] PackLoader:240 - Cannot read IP mode file for STMicroelectronics.X-CUBE-MEMS1.11.1.0
2025-10-22 23:13:50,118 [INFO] LogOutputStream:77 - [STDOUT_REDIRECT] 1 : Invalid condition id : UX_CORESTACK_Condition cause : null
2025-10-22 23:13:50,119 [INFO] LogOutputStream:77 - [STDOUT_REDIRECT] 1 : Invalid condition id : UX_CORESTACK_Condition cause : null
2025-10-22 23:13:50,119 [INFO] LogOutputStream:77 - [STDOUT_REDIRECT] 1 : Invalid condition id : UX_CORESTACK_Condition cause : null
2025-10-22 23:13:50,119 [INFO] LogOutputStream:77 - [STDOUT_REDIRECT] 1 : Invalid condition id : UX_CORESTACK_Condition cause : null
2025-10-22 23:13:50,120 [INFO] LogOutputStream:77 - [STDOUT_REDIRECT] 1 : Invalid condition id : UX_CORESTACK_Condition cause : null
2025-10-22 23:13:50,123 [WARN] PackLoader:240 - Cannot read IP mode file for STMicroelectronics.X-CUBE-AZRTOS-WL.2.0.0
2025-10-22 23:13:50,128 [WARN] PackLoader:240 - Cannot read IP mode file for STMicroelectronics.FP-SNS-MOTENV1.5.0.0
2025-10-22 23:13:50,132 [WARN] PackLoader:240 - Cannot read IP mode file for wolfSSL.I-CUBE-wolfMQTT.1.19.0
2025-10-22 23:13:50,138 [WARN] PackLoader:240 - Cannot read IP mode file for WES.I-CUBE-Cesium.1.3.0
2025-10-22 23:13:50,142 [WARN] PackLoader:240 - Cannot read IP mode file for STMicroelectronics.X-CUBE-BLE2.3.3.0
2025-10-22 23:13:50,149 [WARN] PackLoader:240 - Cannot read IP mode file for STMicroelectronics.X-CUBE-NFC9.1.0.0
2025-10-22 23:13:50,155 [WARN] PackLoader:240 - Cannot read IP mode file for STMicroelectronics.X-CUBE-BLE1.7.1.0
2025-10-22 23:13:50,164 [WARN] PackLoader:240 - Cannot read IP mode file for STMicroelectronics.X-CUBE-TCPP.4.1.0
2025-10-22 23:13:50,170 [WARN] PackLoader:240 - Cannot read IP mode file for STMicroelectronics.X-CUBE-EEPRMA1.5.2.0
2025-10-22 23:13:50,174 [ERROR] Engine:466 - /home/sunbeam/.stm32cubemx/thirdparties/pdsc/STMicroelectronics.X-CUBE-ST67W61.1.1.0.pdsc: PDSC version is not supported
2025-10-22 23:13:50,178 [WARN] PackLoader:240 - Cannot read IP mode file for STMicroelectronics.X-CUBE-ALGOBUILD.1.3.0
2025-10-22 23:13:50,190 [WARN] PackLoader:240 - Cannot read IP mode file for STMicroelectronics.X-CUBE-AZRTOS-G0.1.1.0
2025-10-22 23:13:50,196 [WARN] PackLoader:240 - Cannot read IP mode file for STMicroelectronics.X-CUBE-SAFEA1.1.2.2
2025-10-22 23:13:50,202 [WARN] PackLoader:240 - Cannot read IP mode file for STMicroelectronics.X-CUBE-NFC4.3.0.0
2025-10-22 23:13:50,207 [ERROR] Engine:466 - /home/sunbeam/.stm32cubemx/thirdparties/pdsc/EmbeddedOffice.I-CUBE-FS-RTOS.1.0.1.pdsc: PDSC version is not supported
2025-10-22 23:13:50,213 [WARN] PackLoader:240 - Cannot read IP mode file for STMicroelectronics.X-CUBE-WB05N.2.0.0
2025-10-22 23:13:50,227 [WARN] PackLoader:240 - Cannot read IP mode file for STMicroelectronics.X-CUBE-BLEMGR.3.0.0
2025-10-22 23:13:50,233 [ERROR] Engine:466 - /home/sunbeam/.stm32cubemx/thirdparties/pdsc/STMicroelectronics.X-CUBE-TCPP.4.2.0.pdsc: PDSC version is not supported
2025-10-22 23:13:50,236 [ERROR] Engine:466 - /home/sunbeam/.stm32cubemx/thirdparties/pdsc/RealThread.X-CUBE-RT-Thread_Nano.4.1.1.pdsc: PDSC version is not supported
2025-10-22 23:13:50,239 [WARN] PackLoader:240 - Cannot read IP mode file for STMicroelectronics.FP-ATR-SIGFOX1.3.2.0
2025-10-22 23:13:50,243 [ERROR] Engine:466 - /home/sunbeam/.stm32cubemx/thirdparties/pdsc/quantropi.X-CUBE-qispace-sdk-base.1.9.3.pdsc: PDSC version is not supported
2025-10-22 23:13:50,248 [WARN] PackLoader:240 - Cannot read IP mode file for STMicroelectronics.X-CUBE-EEPRMA1.5.1.0
2025-10-22 23:13:50,253 [ERROR] Engine:466 - /home/sunbeam/.stm32cubemx/thirdparties/pdsc/STMicroelectronics.X-CUBE-ST67W61.1.0.0.pdsc: PDSC version is not supported
2025-10-22 23:13:50,256 [WARN] PackLoader:240 - Cannot read IP mode file for STMicroelectronics.X-CUBE-AI.10.2.0
2025-10-22 23:13:50,290 [WARN] PackLoader:240 - Cannot read IP mode file for SEGGER.I-CUBE-embOS.1.3.1
2025-10-22 23:13:50,336 [WARN] PackLoader:240 - Cannot read IP mode file for STMicroelectronics.X-CUBE-ALGOBUILD.1.4.0
2025-10-22 23:13:50,391 [WARN] PackLoader:240 - Cannot read IP mode file for STMicroelectronics.X-CUBE-MEMS1.11.3.0
2025-10-22 23:13:50,485 [WARN] PackLoader:240 - Cannot read IP mode file for STMicroelectronics.X-CUBE-AI.9.1.0
2025-10-22 23:13:50,489 [WARN] PackLoader:240 - Cannot read IP mode file for STMicroelectronics.X-CUBE-PM33A1.1.0.0
2025-10-22 23:13:50,493 [WARN] PackLoader:240 - Cannot read IP mode file for STMicroelectronics.X-CUBE-GNSS1.6.0.0
2025-10-22 23:13:50,504 [WARN] PackLoader:240 - Cannot read IP mode file for STMicroelectronics.X-CUBE-AZRTOS-F4.1.1.0
2025-10-22 23:13:50,508 [WARN] PackLoader:240 - Cannot read IP mode file for wolfSSL.I-CUBE-wolfSSL.5.6.4
2025-10-22 23:13:50,510 [ERROR] Engine:466 - /home/sunbeam/.stm32cubemx/thirdparties/pdsc/Avnet-IotConnect.X-CUBE-IoTC-DA16k-PMOD.1.0.0.pdsc: PDSC version is not supported
2025-10-22 23:13:50,512 [WARN] PackLoader:240 - Cannot read IP mode file for STMicroelectronics.X-CUBE-ISPU.2.1.0
2025-10-22 23:13:50,516 [ERROR] Engine:466 - /home/sunbeam/.stm32cubemx/thirdparties/pdsc/STMicroelectronics.X-CUBE-IPS.3.2.0.pdsc: PDSC version is not supported
2025-10-22 23:13:50,520 [WARN] PackLoader:240 - Cannot read IP mode file for STMicroelectronics.X-CUBE-FREERTOS.1.2.0
2025-10-22 23:13:50,524 [WARN] PackLoader:240 - Cannot read IP mode file for STMicroelectronics.X-CUBE-NFC12.1.0.0
2025-10-22 23:13:50,537 [WARN] PackLoader:240 - Cannot read IP mode file for STMicroelectronics.X-CUBE-AZRTOS-L5.2.0.0
2025-10-22 23:13:50,572 [WARN] PackLoader:240 - Cannot read IP mode file for STMicroelectronics.X-CUBE-MEMS1.9.6.0
2025-10-22 23:13:50,687 [WARN] PackLoader:240 - Cannot read IP mode file for STMicroelectronics.X-CUBE-EEPRMA1.4.2.0
2025-10-22 23:13:50,692 [WARN] PackLoader:240 - Cannot read IP mode file for STMicroelectronics.X-CUBE-NFC6.3.1.0
2025-10-22 23:13:50,696 [WARN] PackLoader:240 - Cannot read IP mode file for ITTIA_DB.I-CUBE-ITTIADB.8.8.0
2025-10-22 23:13:50,707 [WARN] PackLoader:240 - Cannot read IP mode file for STMicroelectronics.X-CUBE-BLEMGR.2.0.0
2025-10-22 23:13:50,712 [ERROR] Engine:466 - /home/sunbeam/.stm32cubemx/thirdparties/pdsc/STMicroelectronics.X-CUBE-DPower.1.2.0.pdsc: PDSC version is not supported
2025-10-22 23:13:50,715 [WARN] PackLoader:240 - Cannot read IP mode file for STMicroelectronics.X-CUBE-AI.9.0.0
2025-10-22 23:13:50,731 [WARN] ConditionMgr:438 - getConditionDescription Invalid condition id : UX DEVICE CLASS RTOS Condition cause : null
2025-10-22 23:13:50,732 [WARN] ConditionMgr:438 - getConditionDescription Invalid condition id : UX DEVICE CLASS RTOS Condition cause : null
2025-10-22 23:13:50,742 [WARN] PackLoader:240 - Cannot read IP mode file for STMicroelectronics.X-CUBE-AZRTOS-H7.3.1.0
2025-10-22 23:13:50,744 [WARN] ConditionMgr:1039 - genDependencies : Invalid condition id : UX DEVICE CLASS RTOS Condition cause : null
2025-10-22 23:13:50,745 [WARN] ConditionMgr:1039 - genDependencies : Invalid condition id : UX DEVICE CLASS RTOS Condition cause : null
2025-10-22 23:13:50,746 [WARN] ConditionMgr:1039 - genDependencies : Invalid condition id : UX DEVICE CLASS RTOS Condition cause : null
2025-10-22 23:13:50,747 [WARN] ConditionMgr:1039 - genDependencies : Invalid condition id : UX DEVICE CLASS RTOS Condition cause : null
2025-10-22 23:13:50,747 [WARN] ConditionMgr:1039 - genDependencies : Invalid condition id : UX DEVICE CLASS RTOS Condition cause : null
2025-10-22 23:13:50,757 [WARN] PackLoader:240 - Cannot read IP mode file for STMicroelectronics.X-CUBE-FREERTOS.1.3.1
2025-10-22 23:13:50,763 [WARN] PackLoader:240 - Cannot read IP mode file for STMicroelectronics.X-CUBE-FREERTOS.1.3.0
2025-10-22 23:13:50,768 [WARN] PackLoader:240 - Cannot read IP mode file for STMicroelectronics.X-CUBE-NFC7.1.0.1
2025-10-22 23:13:50,773 [WARN] PackLoader:240 - Cannot read IP mode file for STMicroelectronics.X-CUBE-TOUCHGFX.4.26.0
2025-10-22 23:13:50,781 [WARN] PackLoader:240 - Cannot read IP mode file for STMicroelectronics.X-CUBE-NFC6.3.0.0
2025-10-22 23:13:50,790 [WARN] PackLoader:240 - Cannot read IP mode file for STMicroelectronics.X-CUBE-EEPRMA1.4.1.0
2025-10-22 23:13:50,794 [ERROR] Engine:466 - /home/sunbeam/.stm32cubemx/thirdparties/pdsc/STMicroelectronics.FP-SNS-STAIOTCFT.1.0.0.pdsc: PDSC version is not supported
2025-10-22 23:13:50,797 [ERROR] Engine:466 - /home/sunbeam/.stm32cubemx/thirdparties/pdsc/STMicroelectronics.X-CUBE-DPower.1.3.0.pdsc: PDSC version is not supported
2025-10-22 23:13:50,799 [WARN] PackLoader:240 - Cannot read IP mode file for STMicroelectronics.X-CUBE-AI.8.1.0
2025-10-22 23:13:50,821 [WARN] ConditionMgr:438 - getConditionDescription Invalid condition id : LAN8742 Phy interface Condition cause : null
2025-10-22 23:13:50,822 [WARN] PackLoader:240 - Cannot read IP mode file for STMicroelectronics.X-CUBE-AZRTOS-L4.2.0.0
2025-10-22 23:13:50,824 [WARN] ConditionMgr:1039 - genDependencies : Invalid condition id : LAN8742 Phy interface Condition cause : null
2025-10-22 23:13:50,825 [WARN] ConditionMgr:1039 - genDependencies : Invalid condition id : LAN8742 Phy interface Condition cause : null
2025-10-22 23:13:50,825 [WARN] ConditionMgr:1039 - genDependencies : Invalid condition id : LAN8742 Phy interface Condition cause : null
2025-10-22 23:13:50,834 [WARN] PackLoader:240 - Cannot read IP mode file for STMicroelectronics.X-CUBE-SFXS2LP1.4.0.0
2025-10-22 23:13:50,839 [WARN] PackLoader:240 - Cannot read IP mode file for STMicroelectronics.X-CUBE-ISPU.1.1.0
2025-10-22 23:13:50,867 [WARN] PackLoader:240 - Cannot read IP mode file for STMicroelectronics.X-CUBE-AZRTOS-H7.3.3.0
2025-10-22 23:13:50,877 [ERROR] Engine:466 - /home/sunbeam/.stm32cubemx/thirdparties/pdsc/STMicroelectronics.X-CUBE-BLEMGR.4.1.0.pdsc: PDSC version is not supported
2025-10-22 23:13:50,883 [ERROR] Engine:466 - /home/sunbeam/.stm32cubemx/thirdparties/pdsc/STMicroelectronics.X-CUBE-IPS.3.0.0.pdsc: PDSC version is not supported
2025-10-22 23:13:50,897 [WARN] ConditionMgr:438 - getConditionDescription Invalid condition id : UX DEVICE CLASS RTOS Condition cause : null
2025-10-22 23:13:50,898 [WARN] ConditionMgr:438 - getConditionDescription Invalid condition id : UX DEVICE CLASS RTOS Condition cause : null
2025-10-22 23:13:50,901 [WARN] PackLoader:240 - Cannot read IP mode file for STMicroelectronics.X-CUBE-AZRTOS-WB.2.0.0
2025-10-22 23:13:50,902 [WARN] ConditionMgr:1039 - genDependencies : Invalid condition id : UX DEVICE CLASS RTOS Condition cause : null
2025-10-22 23:13:50,902 [WARN] ConditionMgr:1039 - genDependencies : Invalid condition id : UX DEVICE CLASS RTOS Condition cause : null
2025-10-22 23:13:50,903 [WARN] ConditionMgr:1039 - genDependencies : Invalid condition id : UX DEVICE CLASS RTOS Condition cause : null
2025-10-22 23:13:50,903 [WARN] ConditionMgr:1039 - genDependencies : Invalid condition id : UX DEVICE CLASS RTOS Condition cause : null
2025-10-22 23:13:50,903 [WARN] ConditionMgr:1039 - genDependencies : Invalid condition id : UX DEVICE CLASS RTOS Condition cause : null
2025-10-22 23:13:50,910 [WARN] PackLoader:240 - Cannot read IP mode file for STMicroelectronics.X-CUBE-GNSS1.7.0.0
2025-10-22 23:13:50,917 [WARN] PackLoader:240 - Cannot read IP mode file for STMicroelectronics.X-CUBE-GNSS1.7.0.1
2025-10-22 23:13:50,922 [WARN] PackLoader:240 - Cannot read IP mode file for STMicroelectronics.X-CUBE-TOUCHGFX.4.25.0
2025-10-22 23:13:50,925 [ERROR] Engine:466 - /home/sunbeam/.stm32cubemx/thirdparties/pdsc/STMicroelectronics.FP-SNS-STBOX1.2.0.0.pdsc: PDSC version is not supported
2025-10-22 23:13:50,936 [WARN] PackLoader:240 - Cannot read IP mode file for STMicroelectronics.X-CUBE-SUBG2.5.0.0
2025-10-22 23:13:50,967 [WARN] PackLoader:240 - Cannot read IP mode file for STMicroelectronics.X-CUBE-AZRTOS-H7RS.1.1.0
2025-10-22 23:13:50,975 [WARN] PackLoader:240 - Cannot read IP mode file for Cesanta.I-CUBE-Mongoose.7.13.0
2025-10-22 23:13:50,986 [WARN] PackLoader:240 - Cannot read IP mode file for STMicroelectronics.X-CUBE-TOF1.3.3.1
2025-10-22 23:13:51,013 [WARN] PackLoader:240 - Cannot read IP mode file for STMicroelectronics.X-CUBE-AZRTOS-G4.2.0.0
2025-10-22 23:13:51,030 [WARN] PackLoader:240 - Cannot read IP mode file for Infineon.AIROC-Wi-Fi-Bluetooth-STM32.1.5.1
2025-10-22 23:13:51,038 [WARN] PackLoader:240 - Cannot read IP mode file for STMicroelectronics.X-CUBE-NFC7.2.0.0
2025-10-22 23:13:51,041 [WARN] PackLoader:240 - Cannot read IP mode file for STMicroelectronics.FP-SNS-MOTENVWB1.1.3.1
2025-10-22 23:13:51,045 [WARN] PackLoader:240 - Cannot read IP mode file for STMicroelectronics.X-CUBE-ISPU.2.0.0
2025-10-22 23:13:51,050 [ERROR] Engine:466 - /home/sunbeam/.stm32cubemx/thirdparties/pdsc/STMicroelectronics.X-CUBE-IPS.3.1.0.pdsc: PDSC version is not supported
2025-10-22 23:13:51,052 [WARN] PackLoader:240 - Cannot read IP mode file for STMicroelectronics.X-CUBE-ALS.1.0.2
2025-10-22 23:13:51,084 [WARN] PackLoader:240 - Cannot read IP mode file for STMicroelectronics.X-CUBE-MEMS1.10.0.0
2025-10-22 23:13:51,183 [WARN] PackLoader:240 - Cannot read IP mode file for STMicroelectronics.X-CUBE-FREERTOS.1.1.0
2025-10-22 23:13:51,186 [WARN] PackLoader:240 - Cannot read IP mode file for STMicroelectronics.X-CUBE-TOUCHGFX.4.24.0
2025-10-22 23:13:51,189 [WARN] PackLoader:240 - Cannot read IP mode file for STMicroelectronics.X-CUBE-TOUCHGFX.4.24.2
2025-10-22 23:13:51,191 [WARN] PackLoader:240 - Cannot read IP mode file for STMicroelectronics.X-CUBE-TOUCHGFX.4.24.1
2025-10-22 23:13:51,195 [WARN] PackLoader:240 - Cannot read IP mode file for STMicroelectronics.X-CUBE-STSE01.1.0.0
2025-10-22 23:13:51,199 [WARN] PackLoader:240 - Cannot read IP mode file for wolfSSL.I-CUBE-wolfTPM.3.4.0
2025-10-22 23:13:51,203 [WARN] PackLoader:240 - Cannot read IP mode file for portGmbH.I-Cube-SoM-uGOAL.1.1.0
2025-10-22 23:13:51,206 [WARN] PackLoader:240 - Cannot read IP mode file for STMicroelectronics.X-CUBE-ALS.1.0.1
2025-10-22 23:13:51,220 [WARN] PackLoader:240 - Cannot read IP mode file for STMicroelectronics.X-CUBE-AZRTOS-H7RS.1.0.0
2025-10-22 23:13:51,225 [WARN] PackLoader:240 - Cannot read IP mode file for STMicroelectronics.FP-ATR-ASTRA1.2.0.0
2025-10-22 23:13:51,229 [ERROR] Engine:466 - /home/sunbeam/.stm32cubemx/thirdparties/pdsc/STMicroelectronics.X-CUBE-TOF1.3.4.2.pdsc: PDSC version is not supported
2025-10-22 23:13:51,232 [ERROR] Engine:466 - /home/sunbeam/.stm32cubemx/thirdparties/pdsc/STMicroelectronics.X-CUBE-TOF1.3.4.3.pdsc: PDSC version is not supported
2025-10-22 23:13:51,240 [WARN] PackLoader:240 - Cannot read IP mode file for STMicroelectronics.X-CUBE-TOF1.3.4.0
2025-10-22 23:13:51,265 [WARN] PackLoader:240 - Cannot read IP mode file for STMicroelectronics.X-CUBE-AZRTOS-H7.3.2.0
2025-10-22 23:13:51,270 [WARN] PackLoader:240 - Cannot read IP mode file for wolfSSL.I-CUBE-wolfSSH.1.4.17
2025-10-22 23:13:51,271 [INFO] ThirdParty:978 - Integrity check success = true
2025-10-22 23:13:51,271 [INFO] IntegrityCheckThread:100 - exiting critical section [integrity check]
2025-10-22 23:13:51,271 [INFO] IntegrityCheckThread:103 - End integrity checks thread
2025-10-22 23:14:09,114 [ERROR] LogOutputStream:75 - [STDERR_REDIRECT] SLF4J: Failed to load class "org.slf4j.impl.StaticLoggerBinder".
2025-10-22 23:14:09,115 [ERROR] LogOutputStream:75 - [STDERR_REDIRECT] SLF4J: Defaulting to no-operation (NOP) logger implementation
2025-10-22 23:14:09,115 [ERROR] LogOutputStream:75 - [STDERR_REDIRECT] SLF4J: See http://www.slf4j.org/codes.html#StaticLoggerBinder for further details.
2025-10-22 23:47:14,430 [INFO] McuFinderGlobals:63 - Set McuFinder mode to 2 (CubeIDE integrated)
2025-10-22 23:47:14,438 [INFO] MainUpdater:2868 - connection check result : 10
2025-10-22 23:47:14,439 [INFO] MainUpdater:2868 - connection check result : 10
2025-10-22 23:47:14,493 [INFO] MicroXplorer:468 - Change Database Path : 
2025-10-22 23:47:14,493 [INFO] MicroXplorer:498 - Change Database Version : DB.6.0.92
2025-10-22 23:47:14,501 [WARN] ThirdParty:871 - waiting for thirdparty lock release [close project]
2025-10-22 23:47:14,501 [INFO] ThirdParty:873 - entering critical section [close project]
2025-10-22 23:47:14,503 [INFO] ThirdParty:883 - exiting critical section [close project]
2025-10-22 23:47:14,507 [INFO] PinOutPanel:1499 - setPackage(No Configuration,No Configuration)
2025-10-22 23:47:14,522 [INFO] UtilMem:75 - Begin LoadConfig() Used Memory: 304904040 Bytes (650117120)
2025-10-22 23:47:14,524 [INFO] MicroXplorer:468 - Change Database Path : 
2025-10-22 23:47:14,524 [INFO] MicroXplorer:498 - Change Database Version : DB.6.0.92
2025-10-22 23:47:14,524 [INFO] OpenFileManager:308 - Change cursor
2025-10-22 23:47:14,594 [INFO] Mcu:1946 - Initializing MCU STM32F446R(C-E)Tx STM32F446RETx STM32F446RET6
2025-10-22 23:47:17,605 [INFO] Context:659 - Trying to add GPIOservice into a context  which must be forbidden
2025-10-22 23:47:19,312 [INFO] RtosManager:555 - Registered RTOS mode: class=CMSIS, group=RTOS, mode=CMSIS_V1, owner=FREERTOS
2025-10-22 23:47:19,313 [INFO] RtosManager:555 - Registered RTOS mode: class=CMSIS, group=RTOS2, mode=CMSIS_V2, owner=FREERTOS
2025-10-22 23:47:19,313 [INFO] RtosManager:555 - Registered RTOS mode: class=RTOS, group=Core, mode=CMSIS_V1, owner=FREERTOS
2025-10-22 23:47:19,313 [INFO] RtosManager:555 - Registered RTOS mode: class=RTOS, group=Core, mode=CMSIS_V2, owner=FREERTOS
2025-10-22 23:47:19,314 [WARN] ModelIntegratedComponent:184 - Missing modes for component STMicroelectronics:FreeRTOS:0.0.1:STMicroelectronics:RTOS:FreeRTOS:Core:::10.2.0:
2025-10-22 23:47:19,326 [WARN] ModelIntegratedComponent:63 - No mode defined for component null
2025-10-22 23:47:19,327 [WARN] ModelIntegratedComponent:63 - No mode defined for component null
2025-10-22 23:47:19,327 [WARN] ModelIntegratedComponent:63 - No mode defined for component null
2025-10-22 23:47:19,327 [WARN] ModelIntegratedComponent:63 - No mode defined for component null
2025-10-22 23:47:19,327 [WARN] ModelIntegratedComponent:63 - No mode defined for component null
2025-10-22 23:47:19,327 [WARN] ModelIntegratedComponent:63 - No mode defined for component null
2025-10-22 23:47:19,327 [WARN] ModelIntegratedComponent:63 - No mode defined for component null
2025-10-22 23:47:19,328 [WARN] ModelIntegratedComponent:63 - No mode defined for component null
2025-10-22 23:47:19,328 [WARN] ModelIntegratedComponent:63 - No mode defined for component null
2025-10-22 23:47:19,328 [WARN] ModelIntegratedComponent:63 - No mode defined for component null
2025-10-22 23:47:19,328 [WARN] ModelIntegratedComponent:63 - No mode defined for component null
2025-10-22 23:47:19,328 [WARN] ModelIntegratedComponent:63 - No mode defined for component null
2025-10-22 23:47:19,328 [WARN] ModelIntegratedComponent:63 - No mode defined for component null
2025-10-22 23:47:19,328 [WARN] ModelIntegratedComponent:63 - No mode defined for component null
2025-10-22 23:47:19,328 [WARN] ModelIntegratedComponent:63 - No mode defined for component null
2025-10-22 23:47:19,329 [WARN] ModelIntegratedComponent:63 - No mode defined for component null
2025-10-22 23:47:19,329 [WARN] ModelIntegratedComponent:63 - No mode defined for component null
2025-10-22 23:47:19,329 [WARN] ModelIntegratedComponent:63 - No mode defined for component null
2025-10-22 23:47:19,329 [WARN] ModelIntegratedComponent:63 - No mode defined for component null
2025-10-22 23:47:19,330 [WARN] ModelIntegratedComponent:63 - No mode defined for component null
2025-10-22 23:47:19,330 [WARN] ModelIntegratedComponent:63 - No mode defined for component null
2025-10-22 23:47:19,330 [WARN] ModelIntegratedComponent:63 - No mode defined for component null
2025-10-22 23:47:19,330 [WARN] ModelIntegratedComponent:63 - No mode defined for component null
2025-10-22 23:47:19,330 [WARN] ModelIntegratedComponent:63 - No mode defined for component null
2025-10-22 23:47:19,330 [WARN] ModelIntegratedComponent:63 - No mode defined for component null
2025-10-22 23:47:19,330 [WARN] ModelIntegratedComponent:63 - No mode defined for component null
2025-10-22 23:47:19,331 [WARN] ModelIntegratedComponent:63 - No mode defined for component null
2025-10-22 23:47:19,331 [WARN] ModelIntegratedComponent:63 - No mode defined for component null
2025-10-22 23:47:19,331 [WARN] ModelIntegratedComponent:63 - No mode defined for component null
2025-10-22 23:47:19,331 [WARN] ModelIntegratedComponent:63 - No mode defined for component null
2025-10-22 23:47:19,331 [WARN] ModelIntegratedComponent:63 - No mode defined for component null
2025-10-22 23:47:19,331 [WARN] ModelIntegratedComponent:63 - No mode defined for component null
2025-10-22 23:47:19,331 [WARN] ModelIntegratedComponent:63 - No mode defined for component null
2025-10-22 23:47:19,907 [INFO] ThirdPartyModel:298 - Start build external matchings
2025-10-22 23:47:25,187 [INFO] ThirdPartyModel:316 - End build external matchings
2025-10-22 23:47:25,733 [INFO] UtilMem:75 - End LoadConfig() Used Memory: 438094648 Bytes (667942912)
2025-10-22 23:47:25,933 [INFO] ApiDb:581 - Connected to CubeFinder SQLite database (/home/sunbeam/.stmcufinder/plugins/mcufinder/mcu/cube-finder-db.db)
2025-10-22 23:47:26,085 [INFO] ApiDb:668 - CubeFinder database Data Model version=2.1
2025-10-22 23:47:26,086 [INFO] ApiDb:669 - CubeFinder database Configuration version=3.0.39
2025-10-22 23:47:26,089 [INFO] ApiDb:670 - CubeFinder database generation date=2025-08-25 (1756130511)
2025-10-22 23:47:26,089 [INFO] ApiDb:671 - CubeFinder database FW Pack versions=[FP-ATR-ASTRA1_V2.0.0, FP-SNS-FLIGHT1_V5.1.0, FP-SNS-MOTENV1_V5.0.0, FP-SNS-MOTENVWB1_V1.4.0, FP-SNS-SMARTAG2_V1.2.0, FP-SNS-STBOX1_V2.1.0, STM32Cube_FW_C0_V1.4.0, STM32Cube_FW_F4_V1.28.3, STM32Cube_FW_F7_V1.17.4, STM32Cube_FW_G0_V1.6.2, STM32Cube_FW_G4_V1.6.1, STM32Cube_FW_H5_V1.5.0, STM32Cube_FW_H7RS_V1.2.0, STM32Cube_FW_H7_V1.12.1, STM32Cube_FW_L0_V1.12.2, STM32Cube_FW_L4_V1.18.1, STM32Cube_FW_L5_V1.5.1, STM32Cube_FW_N6_V1.2.0, STM32Cube_FW_U0_V1.3.0, STM32Cube_FW_U3_V1.2.0, STM32Cube_FW_U5_V1.8.0, STM32Cube_FW_WB0_V1.3.0, STM32Cube_FW_WBA_V1.7.0, STM32Cube_FW_WB_V1.23.0, STM32Cube_FW_WL3_V1.2.0, STM32Cube_FW_WL_V1.3.1, X-CUBE-ALGOBUILD_V1.4.0, X-CUBE-ALS_V1.0.2, X-CUBE-AZRTOS-F4_V1.1.0, X-CUBE-AZRTOS-F7_V1.1.0, X-CUBE-AZRTOS-G0_V1.1.0, X-CUBE-AZRTOS-G4_V2.0.0, X-CUBE-AZRTOS-H7RS_V1.1.0, X-CUBE-AZRTOS-H7_V3.4.0, X-CUBE-AZRTOS-L4_V2.0.0, X-CUBE-AZRTOS-L5_V2.0.0, X-CUBE-AZRTOS-WB_V2.0.0, X-CUBE-AZRTOS-WL_V2.0.0, X-CUBE-BLE1_V7.1.0, X-CUBE-BLE2_V3.3.0, X-CUBE-BLEMGR_V4.1.0, X-CUBE-EEPRMA1_V5.2.0, X-CUBE-FREERTOS_V1.3.1, X-CUBE-GNSS1_V6.0.0, X-CUBE-MEMS1_V11.3.0, X-CUBE-NFC4_V3.0.0, X-CUBE-NFC7_V2.0.0, X-CUBE-SFXS2LP1_V4.0.0, X-CUBE-ST67W61_V1.0.0, X-CUBE-SUBG2_V5.0.0, X-CUBE-TOF1_V3.4.3]
2025-10-22 23:47:30,624 [INFO] ApiDb:240 - Found 323 in-development CPN: [B-G473E-ZEST1S, B-WB1M-WPAN1, B-WL5M-SUBG1, NUCLEO-C031C6, NUCLEO-H503RB, NUCLEO-H563ZI, NUCLEO-U545RE-Q, NUCLEO-U5A5ZJ-Q, NUCLEO-WBA52CG, STEVAL-PROTEUS1, STEVAL-SMARTAG2, STEVAL-STWINBX1, STM320518-EVAL, STM32C0116-DK, STM32C011D6Y3TR, STM32C011D6Y6TR, STM32C011F4P3, STM32C011F4P6, STM32C011F4U3, STM32C011F4U6TR, STM32C011F6P3, STM32C011F6P6, STM32C011F6U3, STM32C011F6U6TR, STM32C011J4M3, STM32C011J4M6, STM32C011J6M3, STM32C011J6M6, STM32C0316-DK, STM32C031C4T3, STM32C031C4T6, STM32C031C4U3, STM32C031C4U6, STM32C031C6T3, STM32C031C6T6, STM32C031C6U3, STM32C031C6U6, STM32C031F4P3, STM32C031F4P6, STM32C031F6P3, STM32C031F6P6, STM32C031G4U3, STM32C031G4U6, STM32C031G6U3, STM32C031G6U6, STM32C031K4T3, STM32C031K4T6, STM32C031K4U3, STM32C031K4U6, STM32C031K6T3, STM32C031K6T6, STM32C031K6U3, STM32C031K6U6, STM32G071K8TXN, STM32G071K8UXN, STM32G081GBU6N, STM32G081KBT6N, STM32G081KBUXN, STM32G0B1CCT6N, STM32G0B1KCT6, STM32G0B1NEY6TR, STM32G0B1RCT6N, STM32G0C1CCT6, STM32G0C1CCT6N, STM32G0C1CCU6N, STM32G0C1CET6N, STM32G0C1CEU6N, STM32G0C1KCT6, STM32G0C1NEY6TR, STM32G0C1RCI6N, STM32G0C1RCT6N, STM32G0C1REI6N, STM32G0C1RET6N, STM32G0C1VCI6, STM32G0C1VEI6, STM32G471CCT6, STM32G471CCU6, STM32G471CET3, STM32G471CET6, STM32G471CEU3, STM32G471CEU6, STM32G471MCT6, STM32G471MET3, STM32G471MET6, STM32G471MEY6TR, STM32G471QCT6, STM32G471QET3, STM32G471RCT6, STM32G471RET3, STM32G471RET6, STM32G471VCH6, STM32G471VCI6, STM32G471VCT6, STM32G471VEH3, STM32G471VEH6, STM32G471VEI3, STM32G471VEI6, STM32G471VET3, STM32G471VET6, STM32G474CCT6, STM32H503CBT6, STM32H503CBU6, STM32H503EBY6TR, STM32H503KBU6, STM32H503RBT6, STM32H562AGI6, STM32H562AII6, STM32H562IGK6, STM32H562IGT6, STM32H562IIK6, STM32H562IIT6, STM32H562RGT6, STM32H562RGV6, STM32H562RIT6, STM32H562RIV6, STM32H562VGT6, STM32H562VIT6, STM32H562ZGT6, STM32H562ZIT6, STM32H563AGI6, STM32H563AII3Q, STM32H563AII6, STM32H563IGK6, STM32H563IGT6, STM32H563IIK3Q, STM32H563IIK6, STM32H563IIT3Q, STM32H563IIT6, STM32H563MIY3QTR, STM32H563RGT6, STM32H563RGV6, STM32H563RIT6, STM32H563RIV6, STM32H563VGT6, STM32H563VIT3Q, STM32H563VIT6, STM32H563ZGT6, STM32H563ZIT3Q, STM32H563ZIT6, STM32H573AII3Q, STM32H573AII6, STM32H573I-DK, STM32H573IIK3Q, STM32H573IIK6, STM32H573IIT3Q, STM32H573IIT6, STM32H573MIY3QTR, STM32H573RIT6, STM32H573RIV6, STM32H573VIT3Q, STM32H573VIT6, STM32H573ZIT3Q, STM32H573ZIT6, STM32L4R5QGI6STR, STM32MP131AAE3, STM32MP131AAF3, STM32MP131AAG3, STM32MP131CAE3, STM32MP131CAF3, STM32MP131CAG3, STM32MP131DAE7, STM32MP131DAF7, STM32MP131DAG7, STM32MP131FAE7, STM32MP131FAF7, STM32MP131FAG7, STM32MP133AAE3, STM32MP133AAF3, STM32MP133AAG3, STM32MP133CAE3, STM32MP133CAF3, STM32MP133CAG3, STM32MP133DAE7, STM32MP133DAF7, STM32MP133DAG7, STM32MP133FAE7, STM32MP133FAF7, STM32MP133FAG7, STM32MP135AAE3, STM32MP135AAF3, STM32MP135AAG3, STM32MP135CAE3, STM32MP135CAF3, STM32MP135CAG3, STM32MP135DAE7, STM32MP135DAF7, STM32MP135DAG7, STM32MP135F-DK, STM32MP135FAE7, STM32MP135FAF7, STM32MP135FAF7T, STM32MP135FAF7U, STM32MP135FAG7, STM32U535CBT6, STM32U535CBT6Q, STM32U535CBU6, STM32U535CBU6Q, STM32U535CCT6, STM32U535CCT6Q, STM32U535CCU6, STM32U535CCU6Q, STM32U535CET6, STM32U535CET6Q, STM32U535CEU6, STM32U535CEU6Q, STM32U535JEY6QTR, STM32U535NCY6QTR, STM32U535NEY6QTR, STM32U535RBI6, STM32U535RBI6Q, STM32U535RBT6, STM32U535RBT6Q, STM32U535RCI6, STM32U535RCI6Q, STM32U535RCT6, STM32U535RCT6Q, STM32U535REI6, STM32U535REI6Q, STM32U535RET6, STM32U535RET6Q, STM32U535VCI6, STM32U535VCI6Q, STM32U535VCT6, STM32U535VCT6Q, STM32U535VEI6, STM32U535VEI6Q, STM32U535VET6, STM32U535VET6Q, STM32U545CET6, STM32U545CET6Q, STM32U545CEU6, STM32U545CEU6Q, STM32U545JEY6QTR, STM32U545NEY6QTR, STM32U545REI6, STM32U545REI6Q, STM32U545RET6, STM32U545RET6Q, STM32U545VEI6, STM32U545VEI6Q, STM32U545VET6, STM32U545VET6Q, STM32U595AIH6, STM32U595AIH6Q, STM32U595AJH6, STM32U595AJH6Q, STM32U595QII6, STM32U595QII6Q, STM32U595QJI6, STM32U595QJI6Q, STM32U595RIT6, STM32U595RIT6Q, STM32U595RJT6, STM32U595RJT6Q, STM32U595VIT6, STM32U595VIT6Q, STM32U595VJT6, STM32U595VJT6Q, STM32U595ZIT6, STM32U595ZIT6Q, STM32U595ZIY6QTR, STM32U595ZJT6, STM32U595ZJT6Q, STM32U595ZJY6QTR, STM32U599BJY6QTR, STM32U599NIH6Q, STM32U599NJH6Q, STM32U599VIT6Q, STM32U599VJT6, STM32U599VJT6Q, STM32U599ZIT6Q, STM32U599ZIY6QTR, STM32U599ZJT6Q, STM32U599ZJY6QTR, STM32U5A5AJH6, STM32U5A5AJH6Q, STM32U5A5QJI6, STM32U5A5QJI6Q, STM32U5A5RJT6, STM32U5A5RJT6Q, STM32U5A5VJT6, STM32U5A5VJT6Q, STM32U5A5ZJT6, STM32U5A5ZJT6Q, STM32U5A5ZJY6QTR, STM32U5A9BJY6QTR, STM32U5A9J-DK, STM32U5A9NJH6Q, STM32U5A9VJT6Q, STM32U5A9ZJT6Q, STM32U5A9ZJY6QTR, STM32U5F7VIT6, STM32U5F7VIT6Q, STM32U5F7VJT6, STM32U5F7VJT6Q, STM32U5F9BJY6QTR, STM32U5F9NJH6Q, STM32U5F9VIT6Q, STM32U5F9VJT6Q, STM32U5F9ZIJ6QTR, STM32U5F9ZIT6Q, STM32U5F9ZJJ6QTR, STM32U5F9ZJT6Q, STM32U5G7VJT6, STM32U5G7VJT6Q, STM32U5G9BJY6QTR, STM32U5G9J-DK1, STM32U5G9J-DK2, STM32U5G9NJH6Q, STM32U5G9VJT6Q, STM32U5G9ZJJ6QTR, STM32U5G9ZJT6Q, STM32WB1MMCH6, STM32WBA52CEU6, STM32WBA52CEU6T, STM32WBA52CGU6, STM32WBA52CGU6T, STM32WBA52KEU6, STM32WBA52KEU6T, STM32WBA52KGU6, STM32WBA52KGU6T, STM32WL5MOCH6, STM32WL5MOCH6TR]
2025-10-22 23:47:30,630 [INFO] DbMcus:217 - Found 4718 MCUs, 4718 are supported
2025-10-22 23:47:30,630 [INFO] ApiDb:423 - Load user favorites file /home/sunbeam/.stm32cubeide/favorites.mcus.txt: 0 item(s)
2025-10-22 23:47:30,631 [INFO] ApiDb:427 - User favorites MCUs=[]
2025-10-22 23:47:30,631 [INFO] DbMcus:223 - Set 0 / 0 favorites MCUs
2025-10-22 23:47:32,061 [WARN] ThirdParty:833 - waiting for thirdparty lock release [change project]
2025-10-22 23:47:32,062 [INFO] ThirdParty:835 - entering critical section [change project]
2025-10-22 23:47:32,062 [INFO] ThirdParty:1030 - CMSIS Pack Vendor :STMicroelectronics X-CUBE-PM33A1 1.0.0
2025-10-22 23:47:32,062 [INFO] ThirdParty:1030 - CMSIS Pack Vendor :STMicroelectronics USBPD 4.1
2025-10-22 23:47:32,062 [INFO] ThirdParty:1030 - CMSIS Pack Vendor :STMicroelectronics X-CUBE-GNSS1 6.0.0
2025-10-22 23:47:32,062 [INFO] ThirdParty:1030 - CMSIS Pack Vendor :STMicroelectronics USB_HOST 2.0.0
2025-10-22 23:47:32,062 [INFO] ThirdParty:1030 - CMSIS Pack Vendor :STMicroelectronics FP-SNS-MOTENVWB1 1.4.0
2025-10-22 23:47:32,062 [INFO] ThirdParty:1030 - CMSIS Pack Vendor :STMicroelectronics X-CUBE-AZRTOS-F4 1.1.0
2025-10-22 23:47:32,062 [INFO] ThirdParty:1030 - CMSIS Pack Vendor :STMicroelectronics LIBJPEG 8.0.0
2025-10-22 23:47:32,062 [INFO] ThirdParty:1030 - CMSIS Pack Vendor :STMicroelectronics FP-ATR-ASTRA1 2.0.2
2025-10-22 23:47:32,062 [INFO] ThirdParty:1030 - CMSIS Pack Vendor :wolfSSL I-CUBE-wolfSSL 5.6.4
2025-10-22 23:47:32,062 [INFO] ThirdParty:1030 - CMSIS Pack Vendor :STMicroelectronics FP-ATR-ASTRA1 2.0.1
2025-10-22 23:47:32,062 [INFO] ThirdParty:1030 - CMSIS Pack Vendor :STMicroelectronics X-CUBE-SMBUS 2.1.0
2025-10-22 23:47:32,062 [INFO] ThirdParty:1030 - CMSIS Pack Vendor :STMicroelectronics X-CUBE-WB05N 1.1.0
2025-10-22 23:47:32,062 [INFO] ThirdParty:1030 - CMSIS Pack Vendor :STMicroelectronics X-CUBE-ISPU 2.1.0
2025-10-22 23:47:32,062 [INFO] ThirdParty:1030 - CMSIS Pack Vendor :STMicroelectronics X-CUBE-FREERTOS 1.2.0
2025-10-22 23:47:32,063 [INFO] ThirdParty:1030 - CMSIS Pack Vendor :STMicroelectronics X-CUBE-TOUCHGFX 4.23.0
2025-10-22 23:47:32,063 [INFO] ThirdParty:1030 - CMSIS Pack Vendor :STMicroelectronics X-CUBE-NFC12 1.0.0
2025-10-22 23:47:32,063 [INFO] ThirdParty:1030 - CMSIS Pack Vendor :STMicroelectronics X-CUBE-AZRTOS-F7 1.1.0
2025-10-22 23:47:32,063 [INFO] ThirdParty:1030 - CMSIS Pack Vendor :STMicroelectronics X-CUBE-AZRTOS-L5 2.0.0
2025-10-22 23:47:32,063 [INFO] ThirdParty:1030 - CMSIS Pack Vendor :STMicroelectronics USB_DEVICE 2.0.0
2025-10-22 23:47:32,063 [INFO] ThirdParty:1030 - CMSIS Pack Vendor :STMicroelectronics X-CUBE-MEMS1 9.6.0
2025-10-22 23:47:32,063 [INFO] ThirdParty:1030 - CMSIS Pack Vendor :STMicroelectronics X-CUBE-EEPRMA1 4.2.0
2025-10-22 23:47:32,063 [INFO] ThirdParty:1030 - CMSIS Pack Vendor :STMicroelectronics X-CUBE-NFC6 3.1.0
2025-10-22 23:47:32,063 [INFO] ThirdParty:1030 - CMSIS Pack Vendor :ITTIA_DB I-CUBE-ITTIADB 8.8.0
2025-10-22 23:47:32,063 [INFO] ThirdParty:1030 - CMSIS Pack Vendor :STMicroelectronics FP-SNS-MOTENV1 4.3.2
2025-10-22 23:47:32,063 [INFO] ThirdParty:1030 - CMSIS Pack Vendor :STMicroelectronics X-CUBE-MEMS1 11.0.0
2025-10-22 23:47:32,063 [INFO] ThirdParty:1030 - CMSIS Pack Vendor :STMicroelectronics FreeRTOS 0.0.1
2025-10-22 23:47:32,063 [INFO] ThirdParty:1030 - CMSIS Pack Vendor :STMicroelectronics X-CUBE-BLEMGR 2.0.0
2025-10-22 23:47:32,063 [INFO] ThirdParty:1030 - CMSIS Pack Vendor :STMicroelectronics FP-SNS-FLIGHT1 5.0.2
2025-10-22 23:47:32,063 [INFO] ThirdParty:1030 - CMSIS Pack Vendor :STMicroelectronics X-CUBE-AI 9.0.0
2025-10-22 23:47:32,063 [INFO] ThirdParty:1030 - CMSIS Pack Vendor :STMicroelectronics X-CUBE-AZRTOS-H7 3.1.0
2025-10-22 23:47:32,063 [INFO] ThirdParty:1030 - CMSIS Pack Vendor :STMicroelectronics PDM2PCM 3.3.0
2025-10-22 23:47:32,063 [INFO] ThirdParty:1030 - CMSIS Pack Vendor :STMicroelectronics X-CUBE-AZRTOS-H7 3.4.0
2025-10-22 23:47:32,063 [INFO] ThirdParty:1030 - CMSIS Pack Vendor :STMicroelectronics X-CUBE-DISPLAY 3.0.0
2025-10-22 23:47:32,063 [INFO] ThirdParty:1030 - CMSIS Pack Vendor :STMicroelectronics X-CUBE-BLE1 7.0.0
2025-10-22 23:47:32,063 [INFO] ThirdParty:1030 - CMSIS Pack Vendor :STMicroelectronics X-CUBE-NFC10 1.0.0
2025-10-22 23:47:32,063 [INFO] ThirdParty:1030 - CMSIS Pack Vendor :STMicroelectronics X-CUBE-FREERTOS 1.3.1
2025-10-22 23:47:32,063 [INFO] ThirdParty:1030 - CMSIS Pack Vendor :STMicroelectronics HAL Drivers 0.0.0
2025-10-22 23:47:32,063 [INFO] ThirdParty:1030 - CMSIS Pack Vendor :emotas I-CUBE-CANOPEN 1.3.0
2025-10-22 23:47:32,063 [INFO] ThirdParty:1030 - CMSIS Pack Vendor :STMicroelectronics X-CUBE-FREERTOS 1.3.0
2025-10-22 23:47:32,063 [INFO] ThirdParty:1030 - CMSIS Pack Vendor :STMicroelectronics X-CUBE-NFC7 1.0.1
2025-10-22 23:47:32,063 [INFO] ThirdParty:1030 - CMSIS Pack Vendor :STMicroelectronics MBEDTLS 2.14.1
2025-10-22 23:47:32,063 [INFO] ThirdParty:1030 - CMSIS Pack Vendor :STMicroelectronics X-CUBE-TOUCHGFX 4.22.1
2025-10-22 23:47:32,063 [INFO] ThirdParty:1030 - CMSIS Pack Vendor :STMicroelectronics X-CUBE-TOUCHGFX 4.26.0
2025-10-22 23:47:32,063 [INFO] ThirdParty:1030 - CMSIS Pack Vendor :STMicroelectronics X-CUBE-NFC6 3.0.0
2025-10-22 23:47:32,064 [INFO] ThirdParty:1030 - CMSIS Pack Vendor :STMicroelectronics X-CUBE-EEPRMA1 4.1.0
2025-10-22 23:47:32,064 [INFO] ThirdParty:1030 - CMSIS Pack Vendor :STMicroelectronics X-CUBE-BLEMGR 3.1.0
2025-10-22 23:47:32,064 [INFO] ThirdParty:1030 - CMSIS Pack Vendor :STMicroelectronics X-CUBE-MEMS1 11.1.0
2025-10-22 23:47:32,064 [INFO] ThirdParty:1030 - CMSIS Pack Vendor :STMicroelectronics X-CUBE-AZRTOS-WL 2.0.0
2025-10-22 23:47:32,064 [INFO] ThirdParty:1030 - CMSIS Pack Vendor :STMicroelectronics FP-SNS-MOTENV1 5.0.0
2025-10-22 23:47:32,064 [INFO] ThirdParty:1030 - CMSIS Pack Vendor :STMicroelectronics USB_DEVICE 1.0.0
2025-10-22 23:47:32,064 [INFO] ThirdParty:1030 - CMSIS Pack Vendor :STMicroelectronics X-CUBE-AI 8.1.0
2025-10-22 23:47:32,064 [INFO] ThirdParty:1030 - CMSIS Pack Vendor :wolfSSL I-CUBE-wolfMQTT 1.19.0
2025-10-22 23:47:32,064 [INFO] ThirdParty:1030 - CMSIS Pack Vendor :STMicroelectronics X-CUBE-AZRTOS-L4 2.0.0
2025-10-22 23:47:32,064 [INFO] ThirdParty:1030 - CMSIS Pack Vendor :STMicroelectronics ThreadX 0.0.2
2025-10-22 23:47:32,064 [INFO] ThirdParty:1030 - CMSIS Pack Vendor :WES I-CUBE-Cesium 1.3.0
2025-10-22 23:47:32,064 [INFO] ThirdParty:1030 - CMSIS Pack Vendor :STMicroelectronics lwIP 2.1.2
2025-10-22 23:47:32,064 [INFO] ThirdParty:1030 - CMSIS Pack Vendor :STMicroelectronics X-CUBE-SFXS2LP1 4.0.0
2025-10-22 23:47:32,064 [INFO] ThirdParty:1030 - CMSIS Pack Vendor :STMicroelectronics X-CUBE-BLE2 3.3.0
2025-10-22 23:47:32,064 [INFO] ThirdParty:1030 - CMSIS Pack Vendor :STMicroelectronics PDM2PCM 3.2.0
2025-10-22 23:47:32,064 [INFO] ThirdParty:1030 - CMSIS Pack Vendor :STMicroelectronics X-CUBE-ISPU 1.1.0
2025-10-22 23:47:32,064 [INFO] ThirdParty:1030 - CMSIS Pack Vendor :STMicroelectronics X-CUBE-AZRTOS-H7 3.3.0
2025-10-22 23:47:32,064 [INFO] ThirdParty:1030 - CMSIS Pack Vendor :STMicroelectronics X-CUBE-NFC9 1.0.0
2025-10-22 23:47:32,064 [INFO] ThirdParty:1030 - CMSIS Pack Vendor :STMicroelectronics X-CUBE-BLE1 7.1.0
2025-10-22 23:47:32,064 [INFO] ThirdParty:1030 - CMSIS Pack Vendor :STMicroelectronics USB_DEVICE 3.0.0
2025-10-22 23:47:32,064 [INFO] ThirdParty:1030 - CMSIS Pack Vendor :STMicroelectronics X-CUBE-TCPP 4.1.0
2025-10-22 23:47:32,064 [INFO] ThirdParty:1030 - CMSIS Pack Vendor :STMicroelectronics X-CUBE-EEPRMA1 5.2.0
2025-10-22 23:47:32,064 [INFO] ThirdParty:1030 - CMSIS Pack Vendor :STMicroelectronics X-CUBE-AZRTOS-WB 2.0.0
2025-10-22 23:47:32,064 [INFO] ThirdParty:1030 - CMSIS Pack Vendor :STMicroelectronics X-CUBE-GNSS1 7.0.0
2025-10-22 23:47:32,064 [INFO] ThirdParty:1030 - CMSIS Pack Vendor :STMicroelectronics X-CUBE-GNSS1 7.0.1
2025-10-22 23:47:32,064 [INFO] ThirdParty:1030 - CMSIS Pack Vendor :STMicroelectronics X-CUBE-TOUCHGFX 4.25.0
2025-10-22 23:47:32,064 [INFO] ThirdParty:1030 - CMSIS Pack Vendor :STMicroelectronics X-CUBE-ALGOBUILD 1.3.0
2025-10-22 23:47:32,064 [INFO] ThirdParty:1030 - CMSIS Pack Vendor :STMicroelectronics X-CUBE-AZRTOS-G0 1.1.0
2025-10-22 23:47:32,064 [INFO] ThirdParty:1030 - CMSIS Pack Vendor :STMicroelectronics X-CUBE-SAFEA1 1.2.2
2025-10-22 23:47:32,064 [INFO] ThirdParty:1030 - CMSIS Pack Vendor :STMicroelectronics X-CUBE-NFC4 3.0.0
2025-10-22 23:47:32,064 [INFO] ThirdParty:1030 - CMSIS Pack Vendor :STMicroelectronics X-CUBE-SUBG2 5.0.0
2025-10-22 23:47:32,065 [INFO] ThirdParty:1030 - CMSIS Pack Vendor :STMicroelectronics X-CUBE-AZRTOS-H7RS 1.1.0
2025-10-22 23:47:32,065 [INFO] ThirdParty:1030 - CMSIS Pack Vendor :STMicroelectronics STM32_WPAN 1.0.0
2025-10-22 23:47:32,065 [INFO] ThirdParty:1030 - CMSIS Pack Vendor :STMicroelectronics lwIP 2.0.3
2025-10-22 23:47:32,065 [INFO] ThirdParty:1030 - CMSIS Pack Vendor :Cesanta I-CUBE-Mongoose 7.13.0
2025-10-22 23:47:32,065 [INFO] ThirdParty:1030 - CMSIS Pack Vendor :STMicroelectronics USB_HOST 1.0.0
2025-10-22 23:47:32,065 [INFO] ThirdParty:1030 - CMSIS Pack Vendor :STMicroelectronics X-CUBE-TOF1 3.3.1
2025-10-22 23:47:32,065 [INFO] ThirdParty:1030 - CMSIS Pack Vendor :STMicroelectronics X-CUBE-AZRTOS-G4 2.0.0
2025-10-22 23:47:32,065 [INFO] ThirdParty:1030 - CMSIS Pack Vendor :STMicroelectronics X-CUBE-WB05N 2.0.0
2025-10-22 23:47:32,065 [INFO] ThirdParty:1030 - CMSIS Pack Vendor :STMicroelectronics PDM2PCM 3.1.0
2025-10-22 23:47:32,065 [INFO] ThirdParty:1030 - CMSIS Pack Vendor :Infineon AIROC-Wi-Fi-Bluetooth-STM32 1.5.1
2025-10-22 23:47:32,065 [INFO] ThirdParty:1030 - CMSIS Pack Vendor :STMicroelectronics X-CUBE-BLEMGR 3.0.0
2025-10-22 23:47:32,065 [INFO] ThirdParty:1030 - CMSIS Pack Vendor :STMicroelectronics X-CUBE-NFC7 2.0.0
2025-10-22 23:47:32,065 [INFO] ThirdParty:1030 - CMSIS Pack Vendor :STMicroelectronics FP-SNS-MOTENVWB1 1.3.1
2025-10-22 23:47:32,065 [INFO] ThirdParty:1030 - CMSIS Pack Vendor :STMicroelectronics FP-ATR-SIGFOX1 3.2.0
2025-10-22 23:47:32,065 [INFO] ThirdParty:1030 - CMSIS Pack Vendor :STMicroelectronics X-CUBE-ISPU 2.0.0
2025-10-22 23:47:32,065 [INFO] ThirdParty:1030 - CMSIS Pack Vendor :STMicroelectronics X-CUBE-EEPRMA1 5.1.0
2025-10-22 23:47:32,065 [INFO] ThirdParty:1030 - CMSIS Pack Vendor :STMicroelectronics MBEDTLS 2.16.2
2025-10-22 23:47:32,065 [INFO] ThirdParty:1030 - CMSIS Pack Vendor :STMicroelectronics X-CUBE-ALS 1.0.2
2025-10-22 23:47:32,065 [INFO] ThirdParty:1030 - CMSIS Pack Vendor :STMicroelectronics X-CUBE-MEMS1 10.0.0
2025-10-22 23:47:32,065 [INFO] ThirdParty:1030 - CMSIS Pack Vendor :STMicroelectronics X-CUBE-FREERTOS 1.1.0
2025-10-22 23:47:32,065 [INFO] ThirdParty:1030 - CMSIS Pack Vendor :STMicroelectronics X-CUBE-TOUCHGFX 4.24.0
2025-10-22 23:47:32,065 [INFO] ThirdParty:1030 - CMSIS Pack Vendor :STMicroelectronics X-CUBE-TOUCHGFX 4.24.2
2025-10-22 23:47:32,065 [INFO] ThirdParty:1030 - CMSIS Pack Vendor :STMicroelectronics X-CUBE-TOUCHGFX 4.24.1
2025-10-22 23:47:32,065 [INFO] ThirdParty:1030 - CMSIS Pack Vendor :STMicroelectronics X-CUBE-STSE01 1.0.0
2025-10-22 23:47:32,065 [INFO] ThirdParty:1030 - CMSIS Pack Vendor :wolfSSL I-CUBE-wolfTPM 3.4.0
2025-10-22 23:47:32,065 [INFO] ThirdParty:1030 - CMSIS Pack Vendor :portGmbH I-Cube-SoM-uGOAL 1.1.0
2025-10-22 23:47:32,065 [INFO] ThirdParty:1030 - CMSIS Pack Vendor :STMicroelectronics X-CUBE-ALS 1.0.1
2025-10-22 23:47:32,065 [INFO] ThirdParty:1030 - CMSIS Pack Vendor :STMicroelectronics X-CUBE-AI 10.2.0
2025-10-22 23:47:32,065 [INFO] ThirdParty:1030 - CMSIS Pack Vendor :STMicroelectronics ThreadX 1.0.0
2025-10-22 23:47:32,065 [INFO] ThirdParty:1030 - CMSIS Pack Vendor :SEGGER I-CUBE-embOS 1.3.1
2025-10-22 23:47:32,065 [INFO] ThirdParty:1030 - CMSIS Pack Vendor :STMicroelectronics X-CUBE-ALGOBUILD 1.4.0
2025-10-22 23:47:32,065 [INFO] ThirdParty:1030 - CMSIS Pack Vendor :STMicroelectronics X-CUBE-MEMS1 11.3.0
2025-10-22 23:47:32,066 [INFO] ThirdParty:1030 - CMSIS Pack Vendor :STMicroelectronics X-CUBE-AZRTOS-H7RS 1.0.0
2025-10-22 23:47:32,066 [INFO] ThirdParty:1030 - CMSIS Pack Vendor :STMicroelectronics FP-ATR-ASTRA1 2.0.0
2025-10-22 23:47:32,066 [INFO] ThirdParty:1030 - CMSIS Pack Vendor :STMicroelectronics X-CUBE-AI 9.1.0
2025-10-22 23:47:32,066 [INFO] ThirdParty:1030 - CMSIS Pack Vendor :STMicroelectronics X-CUBE-TOF1 3.4.0
2025-10-22 23:47:32,066 [INFO] ThirdParty:1030 - CMSIS Pack Vendor :STMicroelectronics X-CUBE-AZRTOS-H7 3.2.0
2025-10-22 23:47:32,066 [INFO] ThirdParty:1030 - CMSIS Pack Vendor :wolfSSL I-CUBE-wolfSSH 1.4.17
2025-10-22 23:47:32,066 [INFO] ThirdParty:841 - exiting critical section [change project]
2025-10-22 23:47:32,903 [INFO] PinOutPanel:1499 - setPackage(No Configuration,No Configuration)
2025-10-22 23:47:32,905 [INFO] PinOutPanel:1499 - setPackage(STM32F446RETx,LQFP64)
2025-10-22 23:47:33,900 [INFO] UtilMem:75 - Before build in PCC Used Memory: 471314160 Bytes (667942912)
2025-10-22 23:47:35,345 [INFO] UtilMem:75 - After build in PCC Used Memory: 238206392 Bytes (667942912)
2025-10-22 23:47:35,439 [INFO] IPUIPlugin:80 - create IPUIPlugin
2025-10-22 23:47:35,440 [INFO] IPUIPlugin:80 - create IPUIPlugin
2025-10-22 23:47:35,440 [INFO] IPUIPlugin:80 - create IPUIPlugin
2025-10-22 23:47:35,440 [INFO] IPUIPlugin:80 - create IPUIPlugin
2025-10-22 23:47:35,441 [INFO] IPUIPlugin:80 - create IPUIPlugin
2025-10-22 23:47:35,441 [INFO] IPUIPlugin:80 - create IPUIPlugin
2025-10-22 23:47:35,442 [INFO] IPUIPlugin:80 - create IPUIPlugin
2025-10-22 23:47:35,442 [INFO] IPUIPlugin:80 - create IPUIPlugin
2025-10-22 23:47:35,443 [INFO] IPUIPlugin:80 - create IPUIPlugin
2025-10-22 23:47:35,443 [INFO] IPUIPlugin:80 - create IPUIPlugin
2025-10-22 23:47:35,443 [INFO] IPUIPlugin:80 - create IPUIPlugin
2025-10-22 23:47:35,444 [INFO] IPUIPlugin:80 - create IPUIPlugin
2025-10-22 23:47:35,444 [INFO] IPUIPlugin:80 - create IPUIPlugin
2025-10-22 23:47:35,445 [INFO] IPUIPlugin:80 - create IPUIPlugin
2025-10-22 23:47:35,445 [INFO] IPUIPlugin:80 - create IPUIPlugin
2025-10-22 23:47:35,445 [INFO] IPUIPlugin:80 - create IPUIPlugin
2025-10-22 23:47:35,445 [INFO] IPUIPlugin:80 - create IPUIPlugin
2025-10-22 23:47:35,446 [INFO] IPUIPlugin:80 - create IPUIPlugin
2025-10-22 23:47:35,446 [INFO] IPUIPlugin:80 - create IPUIPlugin
2025-10-22 23:47:35,446 [INFO] IPUIPlugin:80 - create IPUIPlugin
2025-10-22 23:47:35,447 [INFO] IPUIPlugin:80 - create IPUIPlugin
2025-10-22 23:47:35,447 [INFO] IPUIPlugin:80 - create IPUIPlugin
2025-10-22 23:47:35,448 [INFO] IPUIPlugin:80 - create IPUIPlugin
2025-10-22 23:47:35,449 [INFO] IPUIPlugin:80 - create IPUIPlugin
2025-10-22 23:47:35,449 [INFO] IPUIPlugin:80 - create IPUIPlugin
2025-10-22 23:47:35,450 [INFO] IPUIPlugin:80 - create IPUIPlugin
2025-10-22 23:47:35,450 [INFO] IPUIPlugin:80 - create IPUIPlugin
2025-10-22 23:47:35,451 [INFO] IPUIPlugin:80 - create IPUIPlugin
2025-10-22 23:47:35,453 [INFO] IPUIPlugin:80 - create IPUIPlugin
2025-10-22 23:47:35,456 [INFO] IPUIPlugin:80 - create IPUIPlugin
2025-10-22 23:47:35,456 [INFO] IPUIPlugin:80 - create IPUIPlugin
2025-10-22 23:47:35,457 [INFO] IPUIPlugin:80 - create IPUIPlugin
2025-10-22 23:47:35,457 [INFO] IPUIPlugin:80 - create IPUIPlugin
2025-10-22 23:47:35,457 [INFO] IPUIPlugin:80 - create IPUIPlugin
2025-10-22 23:47:35,460 [INFO] IPUIPlugin:80 - create IPUIPlugin
2025-10-22 23:47:35,461 [INFO] IPUIPlugin:80 - create IPUIPlugin
2025-10-22 23:47:35,461 [INFO] IPUIPlugin:80 - create IPUIPlugin
2025-10-22 23:47:35,461 [INFO] IPUIPlugin:80 - create IPUIPlugin
2025-10-22 23:47:35,461 [INFO] IPUIPlugin:80 - create IPUIPlugin
2025-10-22 23:47:35,461 [INFO] IPUIPlugin:80 - create IPUIPlugin
2025-10-22 23:47:35,461 [INFO] IPUIPlugin:80 - create IPUIPlugin
2025-10-22 23:47:35,462 [INFO] IPUIPlugin:80 - create IPUIPlugin
2025-10-22 23:47:35,462 [INFO] IPUIPlugin:80 - create IPUIPlugin
2025-10-22 23:47:35,462 [INFO] IPUIPlugin:80 - create IPUIPlugin
2025-10-22 23:47:35,462 [INFO] IPUIPlugin:80 - create IPUIPlugin
2025-10-22 23:47:35,462 [INFO] IPUIPlugin:80 - create IPUIPlugin
2025-10-22 23:47:35,463 [INFO] IPUIPlugin:80 - create IPUIPlugin
2025-10-22 23:47:35,463 [INFO] IPUIPlugin:80 - create IPUIPlugin
2025-10-22 23:47:35,463 [INFO] IPUIPlugin:80 - create IPUIPlugin
2025-10-22 23:47:35,463 [INFO] IPUIPlugin:80 - create IPUIPlugin
2025-10-22 23:47:35,464 [INFO] IPUIPlugin:80 - create IPUIPlugin
2025-10-22 23:47:35,465 [INFO] IPUIPlugin:80 - create IPUIPlugin
2025-10-22 23:47:35,465 [INFO] IPUIPlugin:80 - create IPUIPlugin
2025-10-22 23:47:35,466 [INFO] IPUIPlugin:80 - create IPUIPlugin
2025-10-22 23:47:35,466 [INFO] IPUIPlugin:80 - create IPUIPlugin
2025-10-22 23:47:35,467 [INFO] IPUIPlugin:80 - create IPUIPlugin
2025-10-22 23:47:35,468 [INFO] IPUIPlugin:80 - create IPUIPlugin
2025-10-22 23:47:35,470 [INFO] IPUIPlugin:80 - create IPUIPlugin
2025-10-22 23:47:35,472 [INFO] IPUIPlugin:80 - create IPUIPlugin
2025-10-22 23:47:35,473 [INFO] IPUIPlugin:80 - create IPUIPlugin
2025-10-22 23:47:35,648 [INFO] ApiDbMcu:507 - Load IP Config File for PDM2PCM
2025-10-22 23:47:36,081 [INFO] CADModel:165 - CPN selected for project levelSTM32F446RET6
2025-10-22 23:47:36,081 [INFO] CADModel:114 - Register for checkConnection events
2025-10-22 23:47:36,130 [INFO] OpenFileManager:328 - Restore cursor
2025-10-22 23:50:41,515 [INFO] UtilMem:75 - End SaveConfig() Used Memory: 572967376 Bytes (657457152)
2025-10-22 23:50:43,561 [INFO] UtilMem:75 - End SaveConfig() Used Memory: 220401376 Bytes (657457152)
2025-10-22 23:50:46,163 [INFO] UtilMem:75 - End SaveConfig() Used Memory: 378736352 Bytes (657457152)
2025-10-22 23:50:46,770 [INFO] BlockDiagram:2759 - set Specific Code input for plugin: SYS
2025-10-22 23:50:46,771 [INFO] BlockDiagram:2759 - set Specific Code input for plugin: RCC
2025-10-22 23:50:46,771 [INFO] BlockDiagram:2759 - set Specific Code input for plugin: NVIC
2025-10-22 23:50:46,771 [INFO] BlockDiagram:2759 - set Specific Code input for plugin: GPIO
2025-10-22 23:50:46,773 [INFO] CodeGenerator:799 - code generatio: config db path: /opt/st/stm32cubeide_1.13.2/plugins/com.st.stm32cube.common.mx_6.9.2.202309101412//db/
2025-10-22 23:50:47,164 [INFO] CodeEngine:255 - oldGeneratedFile, /home/sunbeam/CDAC/Sunbeam_internship/stm32/keypad1.1/MXTmpFiles/license.tmp_save
2025-10-22 23:50:47,745 [INFO] CodeEngine:279 - Generated code: /home/sunbeam/CDAC/Sunbeam_internship/stm32/keypad1.1/MXTmpFiles/license.tmp
2025-10-22 23:50:47,859 [INFO] CodeEngine:255 - oldGeneratedFile, /home/sunbeam/CDAC/Sunbeam_internship/stm32/keypad1.1/MXTmpFiles/gpio.tmp_save
2025-10-22 23:50:48,096 [INFO] CodeEngine:279 - Generated code: /home/sunbeam/CDAC/Sunbeam_internship/stm32/keypad1.1/MXTmpFiles/gpio.tmp
2025-10-22 23:50:48,138 [INFO] CodeEngine:255 - oldGeneratedFile, /home/sunbeam/CDAC/Sunbeam_internship/stm32/keypad1.1/Core/Src/stm32f4xx_it.c_save
2025-10-22 23:50:48,483 [INFO] CodeEngine:279 - Generated code: /home/sunbeam/CDAC/Sunbeam_internship/stm32/keypad1.1/Core/Src/stm32f4xx_it.c
2025-10-22 23:50:48,487 [INFO] CodeEngine:255 - oldGeneratedFile, /home/sunbeam/CDAC/Sunbeam_internship/stm32/keypad1.1/Core/Inc/stm32f4xx_it.h_save
2025-10-22 23:50:48,641 [INFO] CodeEngine:279 - Generated code: /home/sunbeam/CDAC/Sunbeam_internship/stm32/keypad1.1/Core/Inc/stm32f4xx_it.h
2025-10-22 23:50:48,646 [INFO] CodeEngine:255 - oldGeneratedFile, /home/sunbeam/CDAC/Sunbeam_internship/stm32/keypad1.1/Core/Src/stm32f4xx_hal_msp.c_save
2025-10-22 23:50:48,838 [INFO] CodeEngine:279 - Generated code: /home/sunbeam/CDAC/Sunbeam_internship/stm32/keypad1.1/Core/Src/stm32f4xx_hal_msp.c
2025-10-22 23:50:48,841 [INFO] CodeEngine:255 - oldGeneratedFile, /home/sunbeam/CDAC/Sunbeam_internship/stm32/keypad1.1/MXTmpFiles/system.tmp_save
2025-10-22 23:50:48,999 [INFO] CodeEngine:279 - Generated code: /home/sunbeam/CDAC/Sunbeam_internship/stm32/keypad1.1/MXTmpFiles/system.tmp
2025-10-22 23:50:49,006 [INFO] CodeEngine:311 - oldGeneratedFile, /home/sunbeam/CDAC/Sunbeam_internship/stm32/keypad1.1/Core/Inc/stm32f4xx_hal_conf.h_save
2025-10-22 23:50:49,187 [INFO] CodeEngine:335 - Generated code: /home/sunbeam/CDAC/Sunbeam_internship/stm32/keypad1.1/Core/Inc/stm32f4xx_hal_conf.h
2025-10-22 23:50:49,275 [WARN] IPConfigManager:2937 - Warning: the RefConfig PLL2P_FOR_MCO is not available in your config.xml file
2025-10-22 23:50:49,290 [INFO] CodeEngine:255 - oldGeneratedFile, /home/sunbeam/CDAC/Sunbeam_internship/stm32/keypad1.1/Core/Inc/main.h_save
2025-10-22 23:50:49,425 [INFO] CodeEngine:279 - Generated code: /home/sunbeam/CDAC/Sunbeam_internship/stm32/keypad1.1/Core/Inc/main.h
2025-10-22 23:50:49,428 [INFO] CodeEngine:255 - oldGeneratedFile, /home/sunbeam/CDAC/Sunbeam_internship/stm32/keypad1.1/Core/Src/main.c_save
2025-10-22 23:50:49,694 [INFO] CodeEngine:279 - Generated code: /home/sunbeam/CDAC/Sunbeam_internship/stm32/keypad1.1/Core/Src/main.c
2025-10-22 23:50:50,599 [INFO] ProjectBuilder:3064 - Time for Copy HAL[1] : 78mS.
2025-10-22 23:50:50,609 [INFO] ProjectBuilder:4404 - Project Generator version: 4.1.0
2025-10-22 23:50:50,985 [INFO] ConfigFileManager:1457 - The Die is : DIE421
2025-10-22 23:50:51,013 [INFO] ApiDbMcu:507 - Load IP Config File for FATFS
2025-10-22 23:50:51,063 [INFO] ApiDbMcu:507 - Load IP Config File for FREERTOS
2025-10-22 23:50:51,069 [INFO] ApiDbMcu:507 - Load IP Config File for LIBJPEG
2025-10-22 23:50:51,155 [INFO] ApiDbMcu:507 - Load IP Config File for MBEDTLS
2025-10-22 23:50:51,236 [INFO] ApiDbMcu:507 - Load IP Config File for USB_DEVICE
2025-10-22 23:50:51,262 [INFO] ApiDbMcu:507 - Load IP Config File for USB_HOST
2025-10-22 23:50:52,496 [INFO] LogOutputStream:77 - [STDOUT_REDIRECT] 
2025-10-22 23:50:53,896 [INFO] ProjectBuilder:4626 - Time for Generating toolchain IDE Files: 3285mS.
2025-10-22 23:50:53,897 [INFO] ProjectBuilder:2935 - Time for Copy CMSIS : 0mS.
2025-10-22 23:50:53,898 [INFO] ProjectBuilder:2935 - Time for Copy CMSIS : 0mS.
