2025-10-23 08:49:09,926 [INFO] Activator:176 - 


2025-10-23 08:49:09,933 [INFO] Activator:177 - !SESSION log4j initialized
2025-10-23 08:49:13,286 [INFO] LogOutputStream:77 - [STDOUT_REDIRECT] 
2025-10-23 08:49:17,290 [INFO] ApplicationProperties:184 - Using Application install path: /opt/st/stm32cubeide_1.13.2/plugins/com.st.stm32cube.common.mx_6.9.2.202309101412
2025-10-23 08:49:17,326 [INFO] DbMcusXml:78 - Set database path to: /opt/st/stm32cubeide_1.13.2/plugins/com.st.stm32cube.common.mx_6.9.2.202309101412//db//mcu/
2025-10-23 08:49:17,326 [INFO] ApiDb:274 - Set plugin database path to: /opt/st/stm32cubeide_1.13.2/plugins/com.st.stm32cube.common.mx_6.9.2.202309101412//db//plugins/boardmanager/
2025-10-23 08:49:17,327 [WARN] ApiDb:259 - Overriding images path with different value:  => /opt/st/stm32cubeide_1.13.2/plugins/com.st.stm32cube.common.mx_6.9.2.202309101412//db//plugins/mcufinder/images/
2025-10-23 08:49:17,347 [INFO] ApiDb:250 - Set database path to: /home/sunbeam/.stmcufinder/plugins/mcufinder//mcu/
2025-10-23 08:49:17,349 [INFO] DbMcusAds:125 - Set database path to: /home/sunbeam/.stmcufinder/plugins/mcufinder//mcu/
2025-10-23 08:49:17,354 [INFO] CrossReferenceDbSqlite:203 - Set database path to: /home/sunbeam/.stmcufinder/plugins/mcufinder//mcu/cs/
2025-10-23 08:49:17,526 [INFO] RulesReader:64 - Compatibility file has been processed (293 Rules)
2025-10-23 08:49:17,647 [INFO] DbMcusXml:78 - Set database path to: /opt/st/stm32cubeide_1.13.2/plugins/com.st.stm32cube.common.mx_6.9.2.202309101412//db//mcu/
2025-10-23 08:49:17,647 [INFO] ApiDb:274 - Set plugin database path to: /opt/st/stm32cubeide_1.13.2/plugins/com.st.stm32cube.common.mx_6.9.2.202309101412//db//plugins/boardmanager/
2025-10-23 08:49:17,647 [INFO] ApiDb:261 - Set plugin images path to: /opt/st/stm32cubeide_1.13.2/plugins/com.st.stm32cube.common.mx_6.9.2.202309101412//db//plugins/mcufinder/images/
2025-10-23 08:49:17,648 [WARN] DbFile:41 - Overriding database path with different value: /home/sunbeam/.stmcufinder/plugins/mcufinder/ => /home/sunbeam/.stmcufinder/plugins/mcufinder
2025-10-23 08:49:17,648 [INFO] ApiDb:250 - Set database path to: /home/sunbeam/.stmcufinder/plugins/mcufinder//mcu/
2025-10-23 08:49:17,648 [WARN] DbFile:41 - Overriding database path with different value: /home/sunbeam/.stmcufinder/plugins/mcufinder/ => /home/sunbeam/.stmcufinder/plugins/mcufinder
2025-10-23 08:49:17,648 [INFO] DbMcusAds:125 - Set database path to: /home/sunbeam/.stmcufinder/plugins/mcufinder//mcu/
2025-10-23 08:49:17,648 [WARN] DbFile:41 - Overriding database path with different value: /home/sunbeam/.stmcufinder/plugins/mcufinder/ => /home/sunbeam/.stmcufinder/plugins/mcufinder
2025-10-23 08:49:17,648 [WARN] DbFile:41 - Overriding database path with different value: /home/sunbeam/.stmcufinder/plugins/mcufinder/ => /home/sunbeam/.stmcufinder/plugins/mcufinder
2025-10-23 08:49:17,648 [INFO] CrossReferenceDbSqlite:203 - Set database path to: /home/sunbeam/.stmcufinder/plugins/mcufinder//mcu/cs/
2025-10-23 08:49:17,746 [INFO] MainPanel:262 - HeapMemory: 268435456
2025-10-23 08:49:17,906 [INFO] DbMcusXml:78 - Set database path to: /opt/st/stm32cubeide_1.13.2/plugins/com.st.stm32cube.common.mx_6.9.2.202309101412//db//mcu/
2025-10-23 08:49:17,906 [INFO] ApiDb:274 - Set plugin database path to: /opt/st/stm32cubeide_1.13.2/plugins/com.st.stm32cube.common.mx_6.9.2.202309101412//db//plugins/boardmanager/
2025-10-23 08:49:17,906 [INFO] ApiDb:261 - Set plugin images path to: /opt/st/stm32cubeide_1.13.2/plugins/com.st.stm32cube.common.mx_6.9.2.202309101412//db//plugins/mcufinder/images/
2025-10-23 08:49:17,907 [WARN] DbFile:41 - Overriding database path with different value: /home/sunbeam/.stmcufinder/plugins/mcufinder/ => /home/sunbeam/.stmcufinder/plugins/mcufinder
2025-10-23 08:49:17,907 [INFO] ApiDb:250 - Set database path to: /home/sunbeam/.stmcufinder/plugins/mcufinder//mcu/
2025-10-23 08:49:17,907 [WARN] DbFile:41 - Overriding database path with different value: /home/sunbeam/.stmcufinder/plugins/mcufinder/ => /home/sunbeam/.stmcufinder/plugins/mcufinder
2025-10-23 08:49:17,908 [INFO] DbMcusAds:125 - Set database path to: /home/sunbeam/.stmcufinder/plugins/mcufinder//mcu/
2025-10-23 08:49:17,908 [WARN] DbFile:41 - Overriding database path with different value: /home/sunbeam/.stmcufinder/plugins/mcufinder/ => /home/sunbeam/.stmcufinder/plugins/mcufinder
2025-10-23 08:49:17,908 [WARN] DbFile:41 - Overriding database path with different value: /home/sunbeam/.stmcufinder/plugins/mcufinder/ => /home/sunbeam/.stmcufinder/plugins/mcufinder
2025-10-23 08:49:17,909 [INFO] CrossReferenceDbSqlite:203 - Set database path to: /home/sunbeam/.stmcufinder/plugins/mcufinder//mcu/cs/
2025-10-23 08:49:18,033 [INFO] ApplicationProperties:184 - Using Application install path: /opt/st/stm32cubeide_1.13.2/plugins/com.st.stm32cube.common.mx_6.9.2.202309101412
2025-10-23 08:49:18,086 [INFO] PluginManage:196 - Search for loadable plugins [exclusion list=, ]
2025-10-23 08:49:18,213 [INFO] PluginManage:310 - Check plugin analytics
2025-10-23 08:49:18,494 [INFO] AnalyticsPlugin:253 - Accepted Software Licenses: 
2025-10-23 08:49:18,494 [INFO] AnalyticsPlugin:255 - Accepted CMSIS Pack Licenses: 
2025-10-23 08:49:18,494 [INFO] AnalyticsPlugin:257 - Accepted Firmware Licenses: 
2025-10-23 08:49:18,499 [INFO] PluginManage:359 - Loaded plugin analytics (category:tool,tabindex:-1)
2025-10-23 08:49:18,500 [INFO] PluginManage:310 - Check plugin cadmodel
2025-10-23 08:49:18,554 [INFO] CADModel:105 - Init CAD model plugin
2025-10-23 08:49:18,554 [INFO] PluginManage:359 - Loaded plugin cadmodel (category:power,tabindex:5)
2025-10-23 08:49:18,555 [INFO] PluginManage:310 - Check plugin clock
2025-10-23 08:49:18,574 [INFO] PluginManage:359 - Loaded plugin clock (category:base,tabindex:2)
2025-10-23 08:49:18,575 [INFO] PluginManage:310 - Check plugin ddr
2025-10-23 08:49:18,578 [INFO] PluginManage:359 - Loaded plugin ddr (category:tool,tabindex:6)
2025-10-23 08:49:18,578 [INFO] PluginManage:310 - Check plugin filemanager
2025-10-23 08:49:18,915 [INFO] PluginManage:359 - Loaded plugin filemanager (category:base,tabindex:10)
2025-10-23 08:49:18,915 [INFO] PluginManage:310 - Check plugin ipmanager
2025-10-23 08:49:18,927 [INFO] PluginManage:359 - Loaded plugin ipmanager (category:base,tabindex:5)
2025-10-23 08:49:18,932 [INFO] PluginManage:310 - Check plugin lpbam
2025-10-23 08:49:18,949 [INFO] PluginManage:359 - Loaded plugin lpbam (category:base,tabindex:0)
2025-10-23 08:49:18,949 [INFO] PluginManage:310 - Check plugin memorymap
2025-10-23 08:49:19,068 [INFO] PluginManage:359 - Loaded plugin memorymap (category:base,tabindex:4)
2025-10-23 08:49:19,069 [INFO] PluginManage:310 - Check plugin pinoutandconfiguration
2025-10-23 08:49:19,186 [INFO] PluginManage:359 - Loaded plugin pinoutandconfiguration (category:base,tabindex:1)
2025-10-23 08:49:19,186 [INFO] PluginManage:310 - Check plugin pinoutconfig
2025-10-23 08:49:19,565 [WARN] SupportedApi:132 - Cannot load RTOS API schema: s4s-elt-must-match.1: The content of 'definitions' must match (annotation?, (simpleType | complexType)?, (unique | key | keyref)*)). A problem was found starting at: attribute.
2025-10-23 08:49:19,793 [INFO] PluginManage:359 - Loaded plugin pinoutconfig (category:base,tabindex:0)
2025-10-23 08:49:19,793 [INFO] PluginManage:310 - Check plugin power
2025-10-23 08:49:19,810 [INFO] PluginManage:359 - Loaded plugin power (category:power,tabindex:4)
2025-10-23 08:49:19,811 [INFO] PluginManage:310 - Check plugin projectmanager
2025-10-23 08:49:19,836 [INFO] PluginManage:359 - Loaded plugin projectmanager (category:projectmanager,tabindex:3)
2025-10-23 08:49:19,837 [INFO] PluginManage:310 - Check plugin thirdparty
2025-10-23 08:49:20,151 [INFO] PluginManage:359 - Loaded plugin thirdparty (category:base,tabindex:-1)
2025-10-23 08:49:20,151 [WARN] IntegrityCheckThread:84 - waiting for thirdparty lock release [integrity check]
2025-10-23 08:49:20,152 [INFO] PluginManage:310 - Check plugin tools
2025-10-23 08:49:20,152 [INFO] IntegrityCheckThread:86 - entering critical section [integrity check]
2025-10-23 08:49:20,153 [INFO] ThirdPartyUpdaterWithRetryManager:70 - Updater plugin not ready yet. [1/15]
2025-10-23 08:49:20,156 [INFO] PluginManage:359 - Loaded plugin tools (category:base,tabindex:7)
2025-10-23 08:49:20,156 [INFO] PluginManage:310 - Check plugin tutovideos
2025-10-23 08:49:20,418 [INFO] PluginManage:359 - Loaded plugin tutovideos (category:base,tabindex:-1)
2025-10-23 08:49:20,418 [INFO] PluginManage:310 - Check plugin updater
2025-10-23 08:49:20,439 [INFO] PluginManage:359 - Loaded plugin updater (category:base,tabindex:12)
2025-10-23 08:49:20,439 [INFO] PluginManage:310 - Check plugin userauth
2025-10-23 08:49:20,449 [INFO] UserAuth:113 - Init User Auth plugin
2025-10-23 08:49:20,450 [INFO] PluginManage:359 - Loaded plugin userauth (category:base,tabindex:14)
2025-10-23 08:49:20,451 [INFO] PluginManage:283 - PluginManage : Loaded plugins [17]
2025-10-23 08:49:20,792 [INFO] PinOutPanel:1499 - setPackage(No Configuration,No Configuration)
2025-10-23 08:49:20,942 [INFO] CADModel:165 - CPN selected for project level
2025-10-23 08:49:20,942 [INFO] CADModel:114 - Register for checkConnection events
2025-10-23 08:49:20,964 [INFO] IPUIPlugin:80 - create IPUIPlugin
2025-10-23 08:49:20,964 [INFO] PluginManager:220 - loadIPPluginJar : add i2s
2025-10-23 08:49:20,967 [INFO] IPUIPlugin:80 - create IPUIPlugin
2025-10-23 08:49:20,968 [INFO] PluginManager:220 - loadIPPluginJar : add tim
2025-10-23 08:49:20,977 [INFO] IPUIPlugin:80 - create IPUIPlugin
2025-10-23 08:49:20,977 [INFO] PluginManager:220 - loadIPPluginJar : add stm32_wpan
2025-10-23 08:49:20,980 [INFO] IPUIPlugin:80 - create IPUIPlugin
2025-10-23 08:49:20,980 [INFO] PluginManager:220 - loadIPPluginJar : add hash
2025-10-23 08:49:20,984 [INFO] IPUIPlugin:80 - create IPUIPlugin
2025-10-23 08:49:20,985 [INFO] PluginManager:220 - loadIPPluginJar : add openamp
2025-10-23 08:49:20,996 [INFO] IPUIPlugin:80 - create IPUIPlugin
2025-10-23 08:49:20,997 [INFO] PluginManager:220 - loadIPPluginJar : add gic
2025-10-23 08:49:21,003 [INFO] IPUIPlugin:80 - create IPUIPlugin
2025-10-23 08:49:21,003 [INFO] PluginManager:220 - loadIPPluginJar : add resmgrutility
2025-10-23 08:49:21,008 [INFO] IPUIPlugin:80 - create IPUIPlugin
2025-10-23 08:49:21,009 [INFO] PluginManager:220 - loadIPPluginJar : add pdm2pcm
2025-10-23 08:49:21,011 [INFO] IPUIPlugin:80 - create IPUIPlugin
2025-10-23 08:49:21,011 [INFO] PluginManager:220 - loadIPPluginJar : add tsc
2025-10-23 08:49:21,014 [INFO] IPUIPlugin:80 - create IPUIPlugin
2025-10-23 08:49:21,014 [INFO] PluginManager:220 - loadIPPluginJar : add ltdc
2025-10-23 08:49:21,018 [INFO] IPUIPlugin:80 - create IPUIPlugin
2025-10-23 08:49:21,018 [INFO] PluginManager:220 - loadIPPluginJar : add i3c
2025-10-23 08:49:21,021 [INFO] IPUIPlugin:80 - create IPUIPlugin
2025-10-23 08:49:21,022 [INFO] PluginManager:220 - loadIPPluginJar : add usbx
2025-10-23 08:49:21,024 [INFO] IPUIPlugin:80 - create IPUIPlugin
2025-10-23 08:49:21,024 [INFO] PluginManager:220 - loadIPPluginJar : add can
2025-10-23 08:49:21,026 [INFO] IPUIPlugin:80 - create IPUIPlugin
2025-10-23 08:49:21,026 [INFO] PluginManager:220 - loadIPPluginJar : add tracer_emb
2025-10-23 08:49:21,028 [INFO] IPUIPlugin:80 - create IPUIPlugin
2025-10-23 08:49:21,028 [INFO] PluginManager:220 - loadIPPluginJar : add quadspi
2025-10-23 08:49:21,033 [INFO] IPUIPlugin:80 - create IPUIPlugin
2025-10-23 08:49:21,033 [INFO] PluginManager:220 - loadIPPluginJar : add fmc
2025-10-23 08:49:21,035 [INFO] IPUIPlugin:80 - create IPUIPlugin
2025-10-23 08:49:21,035 [INFO] PluginManager:220 - loadIPPluginJar : add ucpd
2025-10-23 08:49:21,038 [INFO] IPUIPlugin:80 - create IPUIPlugin
2025-10-23 08:49:21,038 [INFO] PluginManager:220 - loadIPPluginJar : add i2c
2025-10-23 08:49:21,039 [INFO] IPUIPlugin:80 - create IPUIPlugin
2025-10-23 08:49:21,040 [INFO] PluginManager:220 - loadIPPluginJar : add comp
2025-10-23 08:49:21,042 [INFO] IPUIPlugin:80 - create IPUIPlugin
2025-10-23 08:49:21,042 [INFO] PluginManager:220 - loadIPPluginJar : add spi
2025-10-23 08:49:21,043 [INFO] IPUIPlugin:80 - create IPUIPlugin
2025-10-23 08:49:21,043 [INFO] PluginManager:220 - loadIPPluginJar : add genericplugin
2025-10-23 08:49:21,046 [INFO] IPUIPlugin:80 - create IPUIPlugin
2025-10-23 08:49:21,046 [INFO] PluginManager:220 - loadIPPluginJar : add aes
2025-10-23 08:49:21,048 [INFO] IPUIPlugin:80 - create IPUIPlugin
2025-10-23 08:49:21,048 [INFO] PluginManager:220 - loadIPPluginJar : add ts
2025-10-23 08:49:21,052 [INFO] IPUIPlugin:80 - create IPUIPlugin
2025-10-23 08:49:21,054 [INFO] PluginManager:220 - loadIPPluginJar : add cryp
2025-10-23 08:49:21,064 [INFO] IPUIPlugin:80 - create IPUIPlugin
2025-10-23 08:49:21,065 [INFO] PluginManager:220 - loadIPPluginJar : add gpio
2025-10-23 08:49:21,070 [INFO] IPUIPlugin:80 - create IPUIPlugin
2025-10-23 08:49:21,070 [INFO] PluginManager:220 - loadIPPluginJar : add dfsdm
2025-10-23 08:49:21,082 [INFO] IPUIPlugin:80 - create IPUIPlugin
2025-10-23 08:49:21,088 [INFO] PluginManager:220 - loadIPPluginJar : add plateformsettings
2025-10-23 08:49:21,093 [INFO] IPUIPlugin:80 - create IPUIPlugin
2025-10-23 08:49:21,093 [INFO] PluginManager:220 - loadIPPluginJar : add opamp
2025-10-23 08:49:21,105 [INFO] IPUIPlugin:80 - create IPUIPlugin
2025-10-23 08:49:21,105 [INFO] PluginManager:220 - loadIPPluginJar : add mdma
2025-10-23 08:49:21,110 [INFO] IPUIPlugin:80 - create IPUIPlugin
2025-10-23 08:49:21,110 [INFO] PluginManager:220 - loadIPPluginJar : add gtzc
2025-10-23 08:49:21,112 [INFO] IPUIPlugin:80 - create IPUIPlugin
2025-10-23 08:49:21,113 [INFO] PluginManager:220 - loadIPPluginJar : add fatfs
2025-10-23 08:49:21,117 [INFO] IPUIPlugin:80 - create IPUIPlugin
2025-10-23 08:49:21,118 [INFO] PluginManager:220 - loadIPPluginJar : add usart
2025-10-23 08:49:21,123 [INFO] IPUIPlugin:80 - create IPUIPlugin
2025-10-23 08:49:21,123 [INFO] PluginManager:220 - loadIPPluginJar : add lorawan
2025-10-23 08:49:21,133 [INFO] IPUIPlugin:80 - create IPUIPlugin
2025-10-23 08:49:21,134 [INFO] PluginManager:220 - loadIPPluginJar : add adc
2025-10-23 08:49:21,145 [INFO] IPUIPlugin:80 - create IPUIPlugin
2025-10-23 08:49:21,146 [INFO] PluginManager:220 - loadIPPluginJar : add linkedlist
2025-10-23 08:49:21,151 [INFO] IPUIPlugin:80 - create IPUIPlugin
2025-10-23 08:49:21,151 [INFO] PluginManager:220 - loadIPPluginJar : add ipddr
2025-10-23 08:49:21,155 [INFO] IPUIPlugin:80 - create IPUIPlugin
2025-10-23 08:49:21,155 [INFO] PluginManager:220 - loadIPPluginJar : add dma3
2025-10-23 08:49:21,161 [INFO] IPUIPlugin:80 - create IPUIPlugin
2025-10-23 08:49:21,162 [INFO] PluginManager:220 - loadIPPluginJar : add nvic
2025-10-23 08:49:21,167 [INFO] IPUIPlugin:80 - create IPUIPlugin
2025-10-23 08:49:21,167 [INFO] PluginManager:220 - loadIPPluginJar : add sai
2025-10-23 08:49:21,171 [INFO] IPUIPlugin:80 - create IPUIPlugin
2025-10-23 08:49:21,172 [INFO] PluginManager:220 - loadIPPluginJar : add gfxmmu
2025-10-23 08:49:21,181 [INFO] IPUIPlugin:80 - create IPUIPlugin
2025-10-23 08:49:21,182 [INFO] PluginManager:220 - loadIPPluginJar : add dma
2025-10-23 08:49:21,189 [INFO] IPUIPlugin:80 - create IPUIPlugin
2025-10-23 08:49:21,189 [INFO] PluginManager:220 - loadIPPluginJar : add freertos
2025-10-23 08:49:21,193 [INFO] IPUIPlugin:80 - create IPUIPlugin
2025-10-23 08:49:21,193 [INFO] PluginManager:220 - loadIPPluginJar : add touchsensing
2025-10-23 08:49:21,311 [INFO] CADModel:165 - CPN selected for project level
2025-10-23 08:49:21,311 [INFO] CADModel:114 - Register for checkConnection events
2025-10-23 08:49:21,312 [FATAL] Updater:308 - Updater called before beeing initialized
2025-10-23 08:49:21,312 [ERROR] CADModel:125 - Updater not yet initialized, retry later 
2025-10-23 08:49:21,495 [INFO] CADModel:165 - CPN selected for project level
2025-10-23 08:49:21,495 [INFO] CADModel:114 - Register for checkConnection events
2025-10-23 08:49:21,495 [FATAL] Updater:308 - Updater called before beeing initialized
2025-10-23 08:49:21,495 [ERROR] CADModel:125 - Updater not yet initialized, retry later 
2025-10-23 08:49:21,502 [FATAL] Updater:308 - Updater called before beeing initialized
2025-10-23 08:49:21,634 [FATAL] Updater:308 - Updater called before beeing initialized
2025-10-23 08:49:21,641 [INFO] DbMcusAds:53 - JSON generation date=Thu Oct 02 15:06:05 IST 2025 (1759397765645)
2025-10-23 08:49:21,642 [FATAL] Updater:308 - Updater called before beeing initialized
2025-10-23 08:49:21,689 [WARN] DetailPanel:346 - Failed to get advertising image, set to default
2025-10-23 08:49:21,818 [FATAL] Updater:308 - Updater called before beeing initialized
2025-10-23 08:49:21,821 [FATAL] Updater:308 - Updater called before beeing initialized
2025-10-23 08:49:21,821 [FATAL] Updater:308 - Updater called before beeing initialized
2025-10-23 08:49:21,821 [WARN] DetailPanel:346 - Failed to get advertising image, set to default
2025-10-23 08:49:21,823 [FATAL] Updater:308 - Updater called before beeing initialized
2025-10-23 08:49:21,859 [ERROR] Updater:1120 - MainUpdater not yet initialized. External WinMGr cannot be set.
2025-10-23 08:49:21,862 [INFO] Updater:1056 - Updater Version found : 6.9.2
2025-10-23 08:49:21,890 [INFO] ApplicationProperties:184 - Using Application install path: /opt/st/stm32cubeide_1.13.2/plugins/com.st.stm32cube.common.mx_6.9.2.202309101412
2025-10-23 08:49:23,153 [INFO] ThirdPartyUpdaterWithRetryManager:70 - Updater plugin not ready yet. [2/15]
2025-10-23 08:49:24,381 [INFO] MainUpdater:2868 - connection check result : 10
2025-10-23 08:49:24,383 [INFO] MainUpdater:285 - Updater Check For Update Now.
2025-10-23 08:49:24,384 [INFO] MicroXplorer:498 - Change Database Version : DB.6.0.92
2025-10-23 08:49:24,391 [INFO] McuFinderGlobals:63 - Set McuFinder mode to 2 (CubeIDE integrated)
2025-10-23 08:49:24,640 [INFO] CheckServerUpdateThread:120 - End of CheckServer Thread
2025-10-23 08:49:26,341 [WARN] PackLoader:240 - Cannot read IP mode file for STMicroelectronics.FP-SNS-MOTENVWB1.1.4.0
2025-10-23 08:49:26,356 [WARN] PackLoader:240 - Cannot read IP mode file for STMicroelectronics.FP-ATR-ASTRA1.2.0.2
2025-10-23 08:49:26,363 [WARN] PackLoader:240 - Cannot read IP mode file for STMicroelectronics.FP-ATR-ASTRA1.2.0.1
2025-10-23 08:49:26,371 [WARN] PackLoader:240 - Cannot read IP mode file for STMicroelectronics.X-CUBE-SMBUS.2.1.0
2025-10-23 08:49:26,381 [WARN] PackLoader:240 - Cannot read IP mode file for STMicroelectronics.X-CUBE-WB05N.1.1.0
2025-10-23 08:49:26,387 [ERROR] Engine:466 - /home/sunbeam/.stm32cubemx/thirdparties/pdsc/STMicroelectronics.X-CUBE-ST60.1.0.0.pdsc: PDSC version is not supported
2025-10-23 08:49:26,392 [WARN] PackLoader:240 - Cannot read IP mode file for STMicroelectronics.X-CUBE-TOUCHGFX.4.23.0
2025-10-23 08:49:26,436 [WARN] PackLoader:240 - Cannot read IP mode file for STMicroelectronics.X-CUBE-AZRTOS-F7.1.1.0
2025-10-23 08:49:26,452 [WARN] PackLoader:240 - Cannot read IP mode file for STMicroelectronics.FP-SNS-MOTENV1.4.3.2
2025-10-23 08:49:26,582 [WARN] PackLoader:240 - Cannot read IP mode file for STMicroelectronics.X-CUBE-MEMS1.11.0.0
2025-10-23 08:49:26,876 [WARN] PackLoader:240 - Cannot read IP mode file for STMicroelectronics.FP-SNS-FLIGHT1.5.0.2
2025-10-23 08:49:26,901 [WARN] PackLoader:240 - Cannot read IP mode file for STMicroelectronics.X-CUBE-AZRTOS-H7.3.4.0
2025-10-23 08:49:26,911 [WARN] PackLoader:240 - Cannot read IP mode file for STMicroelectronics.X-CUBE-DISPLAY.3.0.0
2025-10-23 08:49:26,919 [WARN] PackLoader:240 - Cannot read IP mode file for STMicroelectronics.X-CUBE-BLE1.7.0.0
2025-10-23 08:49:26,925 [WARN] PackLoader:240 - Cannot read IP mode file for STMicroelectronics.X-CUBE-NFC10.1.0.0
2025-10-23 08:49:26,930 [ERROR] Engine:466 - /home/sunbeam/.stm32cubemx/thirdparties/pdsc/STMicroelectronics.X-CUBE-BLEMGR.4.0.0.pdsc: PDSC version is not supported
2025-10-23 08:49:26,933 [ERROR] Engine:466 - /home/sunbeam/.stm32cubemx/thirdparties/pdsc/STMicroelectronics.X-CUBE-ST60.1.1.0.pdsc: PDSC version is not supported
2025-10-23 08:49:26,936 [WARN] PackLoader:240 - Cannot read IP mode file for emotas.I-CUBE-CANOPEN.1.3.0
2025-10-23 08:49:26,940 [WARN] PackLoader:240 - Cannot read IP mode file for STMicroelectronics.X-CUBE-TOUCHGFX.4.22.1
2025-10-23 08:49:26,948 [WARN] PackLoader:240 - Cannot read IP mode file for STMicroelectronics.X-CUBE-BLEMGR.3.1.0
2025-10-23 08:49:26,956 [ERROR] Engine:466 - /home/sunbeam/.stm32cubemx/thirdparties/pdsc/STMicroelectronics.FP-SNS-STBOX1.2.1.0.pdsc: PDSC version is not supported
2025-10-23 08:49:26,960 [ERROR] Engine:466 - /home/sunbeam/.stm32cubemx/thirdparties/pdsc/STMicroelectronics.FP-SNS-FLIGHT1.5.1.0.pdsc: PDSC version is not supported
2025-10-23 08:49:27,055 [WARN] PackLoader:240 - Cannot read IP mode file for STMicroelectronics.X-CUBE-MEMS1.11.1.0
2025-10-23 08:49:27,206 [INFO] LogOutputStream:77 - [STDOUT_REDIRECT] 1 : Invalid condition id : UX_CORESTACK_Condition cause : null
2025-10-23 08:49:27,207 [INFO] LogOutputStream:77 - [STDOUT_REDIRECT] 1 : Invalid condition id : UX_CORESTACK_Condition cause : null
2025-10-23 08:49:27,208 [INFO] LogOutputStream:77 - [STDOUT_REDIRECT] 1 : Invalid condition id : UX_CORESTACK_Condition cause : null
2025-10-23 08:49:27,208 [INFO] LogOutputStream:77 - [STDOUT_REDIRECT] 1 : Invalid condition id : UX_CORESTACK_Condition cause : null
2025-10-23 08:49:27,208 [INFO] LogOutputStream:77 - [STDOUT_REDIRECT] 1 : Invalid condition id : UX_CORESTACK_Condition cause : null
2025-10-23 08:49:27,212 [WARN] PackLoader:240 - Cannot read IP mode file for STMicroelectronics.X-CUBE-AZRTOS-WL.2.0.0
2025-10-23 08:49:27,221 [WARN] PackLoader:240 - Cannot read IP mode file for STMicroelectronics.FP-SNS-MOTENV1.5.0.0
2025-10-23 08:49:27,227 [WARN] PackLoader:240 - Cannot read IP mode file for wolfSSL.I-CUBE-wolfMQTT.1.19.0
2025-10-23 08:49:27,239 [WARN] PackLoader:240 - Cannot read IP mode file for WES.I-CUBE-Cesium.1.3.0
2025-10-23 08:49:27,246 [WARN] PackLoader:240 - Cannot read IP mode file for STMicroelectronics.X-CUBE-BLE2.3.3.0
2025-10-23 08:49:27,253 [WARN] PackLoader:240 - Cannot read IP mode file for STMicroelectronics.X-CUBE-NFC9.1.0.0
2025-10-23 08:49:27,262 [WARN] PackLoader:240 - Cannot read IP mode file for STMicroelectronics.X-CUBE-BLE1.7.1.0
2025-10-23 08:49:27,271 [WARN] PackLoader:240 - Cannot read IP mode file for STMicroelectronics.X-CUBE-TCPP.4.1.0
2025-10-23 08:49:27,280 [WARN] PackLoader:240 - Cannot read IP mode file for STMicroelectronics.X-CUBE-EEPRMA1.5.2.0
2025-10-23 08:49:27,287 [ERROR] Engine:466 - /home/sunbeam/.stm32cubemx/thirdparties/pdsc/STMicroelectronics.X-CUBE-ST67W61.1.1.0.pdsc: PDSC version is not supported
2025-10-23 08:49:27,293 [WARN] PackLoader:240 - Cannot read IP mode file for STMicroelectronics.X-CUBE-ALGOBUILD.1.3.0
2025-10-23 08:49:27,315 [WARN] PackLoader:240 - Cannot read IP mode file for STMicroelectronics.X-CUBE-AZRTOS-G0.1.1.0
2025-10-23 08:49:27,335 [WARN] PackLoader:240 - Cannot read IP mode file for STMicroelectronics.X-CUBE-SAFEA1.1.2.2
2025-10-23 08:49:27,367 [WARN] PackLoader:240 - Cannot read IP mode file for STMicroelectronics.X-CUBE-NFC4.3.0.0
2025-10-23 08:49:27,372 [ERROR] Engine:466 - /home/sunbeam/.stm32cubemx/thirdparties/pdsc/EmbeddedOffice.I-CUBE-FS-RTOS.1.0.1.pdsc: PDSC version is not supported
2025-10-23 08:49:27,379 [WARN] PackLoader:240 - Cannot read IP mode file for STMicroelectronics.X-CUBE-WB05N.2.0.0
2025-10-23 08:49:27,391 [WARN] PackLoader:240 - Cannot read IP mode file for STMicroelectronics.X-CUBE-BLEMGR.3.0.0
2025-10-23 08:49:27,398 [ERROR] Engine:466 - /home/sunbeam/.stm32cubemx/thirdparties/pdsc/STMicroelectronics.X-CUBE-TCPP.4.2.0.pdsc: PDSC version is not supported
2025-10-23 08:49:27,400 [ERROR] Engine:466 - /home/sunbeam/.stm32cubemx/thirdparties/pdsc/RealThread.X-CUBE-RT-Thread_Nano.4.1.1.pdsc: PDSC version is not supported
2025-10-23 08:49:27,403 [WARN] PackLoader:240 - Cannot read IP mode file for STMicroelectronics.FP-ATR-SIGFOX1.3.2.0
2025-10-23 08:49:27,406 [ERROR] Engine:466 - /home/sunbeam/.stm32cubemx/thirdparties/pdsc/quantropi.X-CUBE-qispace-sdk-base.1.9.3.pdsc: PDSC version is not supported
2025-10-23 08:49:27,411 [WARN] PackLoader:240 - Cannot read IP mode file for STMicroelectronics.X-CUBE-EEPRMA1.5.1.0
2025-10-23 08:49:27,421 [ERROR] Engine:466 - /home/sunbeam/.stm32cubemx/thirdparties/pdsc/STMicroelectronics.X-CUBE-ST67W61.1.0.0.pdsc: PDSC version is not supported
2025-10-23 08:49:27,426 [WARN] PackLoader:240 - Cannot read IP mode file for STMicroelectronics.X-CUBE-AI.10.2.0
2025-10-23 08:49:27,462 [WARN] PackLoader:240 - Cannot read IP mode file for SEGGER.I-CUBE-embOS.1.3.1
2025-10-23 08:49:27,543 [WARN] PackLoader:240 - Cannot read IP mode file for STMicroelectronics.X-CUBE-ALGOBUILD.1.4.0
2025-10-23 08:49:27,650 [WARN] PackLoader:240 - Cannot read IP mode file for STMicroelectronics.X-CUBE-MEMS1.11.3.0
2025-10-23 08:49:27,873 [WARN] PackLoader:240 - Cannot read IP mode file for STMicroelectronics.X-CUBE-AI.9.1.0
2025-10-23 08:49:27,879 [WARN] PackLoader:240 - Cannot read IP mode file for STMicroelectronics.X-CUBE-PM33A1.1.0.0
2025-10-23 08:49:27,887 [WARN] PackLoader:240 - Cannot read IP mode file for STMicroelectronics.X-CUBE-GNSS1.6.0.0
2025-10-23 08:49:27,915 [WARN] PackLoader:240 - Cannot read IP mode file for STMicroelectronics.X-CUBE-AZRTOS-F4.1.1.0
2025-10-23 08:49:27,924 [WARN] PackLoader:240 - Cannot read IP mode file for wolfSSL.I-CUBE-wolfSSL.5.6.4
2025-10-23 08:49:27,927 [ERROR] Engine:466 - /home/sunbeam/.stm32cubemx/thirdparties/pdsc/Avnet-IotConnect.X-CUBE-IoTC-DA16k-PMOD.1.0.0.pdsc: PDSC version is not supported
2025-10-23 08:49:27,932 [WARN] PackLoader:240 - Cannot read IP mode file for STMicroelectronics.X-CUBE-ISPU.2.1.0
2025-10-23 08:49:27,940 [ERROR] Engine:466 - /home/sunbeam/.stm32cubemx/thirdparties/pdsc/STMicroelectronics.X-CUBE-IPS.3.2.0.pdsc: PDSC version is not supported
2025-10-23 08:49:27,945 [WARN] PackLoader:240 - Cannot read IP mode file for STMicroelectronics.X-CUBE-FREERTOS.1.2.0
2025-10-23 08:49:27,956 [WARN] PackLoader:240 - Cannot read IP mode file for STMicroelectronics.X-CUBE-NFC12.1.0.0
2025-10-23 08:49:27,984 [WARN] PackLoader:240 - Cannot read IP mode file for STMicroelectronics.X-CUBE-AZRTOS-L5.2.0.0
2025-10-23 08:49:28,049 [WARN] PackLoader:240 - Cannot read IP mode file for STMicroelectronics.X-CUBE-MEMS1.9.6.0
2025-10-23 08:49:28,219 [WARN] PackLoader:240 - Cannot read IP mode file for STMicroelectronics.X-CUBE-EEPRMA1.4.2.0
2025-10-23 08:49:28,225 [WARN] PackLoader:240 - Cannot read IP mode file for STMicroelectronics.X-CUBE-NFC6.3.1.0
2025-10-23 08:49:28,230 [WARN] PackLoader:240 - Cannot read IP mode file for ITTIA_DB.I-CUBE-ITTIADB.8.8.0
2025-10-23 08:49:28,235 [WARN] PackLoader:240 - Cannot read IP mode file for STMicroelectronics.X-CUBE-BLEMGR.2.0.0
2025-10-23 08:49:28,238 [ERROR] Engine:466 - /home/sunbeam/.stm32cubemx/thirdparties/pdsc/STMicroelectronics.X-CUBE-DPower.1.2.0.pdsc: PDSC version is not supported
2025-10-23 08:49:28,241 [WARN] PackLoader:240 - Cannot read IP mode file for STMicroelectronics.X-CUBE-AI.9.0.0
2025-10-23 08:49:28,255 [WARN] ConditionMgr:438 - getConditionDescription Invalid condition id : UX DEVICE CLASS RTOS Condition cause : null
2025-10-23 08:49:28,255 [WARN] ConditionMgr:438 - getConditionDescription Invalid condition id : UX DEVICE CLASS RTOS Condition cause : null
2025-10-23 08:49:28,259 [WARN] PackLoader:240 - Cannot read IP mode file for STMicroelectronics.X-CUBE-AZRTOS-H7.3.1.0
2025-10-23 08:49:28,261 [WARN] ConditionMgr:1039 - genDependencies : Invalid condition id : UX DEVICE CLASS RTOS Condition cause : null
2025-10-23 08:49:28,261 [WARN] ConditionMgr:1039 - genDependencies : Invalid condition id : UX DEVICE CLASS RTOS Condition cause : null
2025-10-23 08:49:28,262 [WARN] ConditionMgr:1039 - genDependencies : Invalid condition id : UX DEVICE CLASS RTOS Condition cause : null
2025-10-23 08:49:28,263 [WARN] ConditionMgr:1039 - genDependencies : Invalid condition id : UX DEVICE CLASS RTOS Condition cause : null
2025-10-23 08:49:28,263 [WARN] ConditionMgr:1039 - genDependencies : Invalid condition id : UX DEVICE CLASS RTOS Condition cause : null
2025-10-23 08:49:28,271 [WARN] PackLoader:240 - Cannot read IP mode file for STMicroelectronics.X-CUBE-FREERTOS.1.3.1
2025-10-23 08:49:28,277 [WARN] PackLoader:240 - Cannot read IP mode file for STMicroelectronics.X-CUBE-FREERTOS.1.3.0
2025-10-23 08:49:28,283 [WARN] PackLoader:240 - Cannot read IP mode file for STMicroelectronics.X-CUBE-NFC7.1.0.1
2025-10-23 08:49:28,288 [WARN] PackLoader:240 - Cannot read IP mode file for STMicroelectronics.X-CUBE-TOUCHGFX.4.26.0
2025-10-23 08:49:28,297 [WARN] PackLoader:240 - Cannot read IP mode file for STMicroelectronics.X-CUBE-NFC6.3.0.0
2025-10-23 08:49:28,306 [WARN] PackLoader:240 - Cannot read IP mode file for STMicroelectronics.X-CUBE-EEPRMA1.4.1.0
2025-10-23 08:49:28,311 [ERROR] Engine:466 - /home/sunbeam/.stm32cubemx/thirdparties/pdsc/STMicroelectronics.FP-SNS-STAIOTCFT.1.0.0.pdsc: PDSC version is not supported
2025-10-23 08:49:28,314 [ERROR] Engine:466 - /home/sunbeam/.stm32cubemx/thirdparties/pdsc/STMicroelectronics.X-CUBE-DPower.1.3.0.pdsc: PDSC version is not supported
2025-10-23 08:49:28,317 [WARN] PackLoader:240 - Cannot read IP mode file for STMicroelectronics.X-CUBE-AI.8.1.0
2025-10-23 08:49:28,343 [WARN] ConditionMgr:438 - getConditionDescription Invalid condition id : LAN8742 Phy interface Condition cause : null
2025-10-23 08:49:28,344 [WARN] PackLoader:240 - Cannot read IP mode file for STMicroelectronics.X-CUBE-AZRTOS-L4.2.0.0
2025-10-23 08:49:28,346 [WARN] ConditionMgr:1039 - genDependencies : Invalid condition id : LAN8742 Phy interface Condition cause : null
2025-10-23 08:49:28,347 [WARN] ConditionMgr:1039 - genDependencies : Invalid condition id : LAN8742 Phy interface Condition cause : null
2025-10-23 08:49:28,348 [WARN] ConditionMgr:1039 - genDependencies : Invalid condition id : LAN8742 Phy interface Condition cause : null
2025-10-23 08:49:28,357 [WARN] PackLoader:240 - Cannot read IP mode file for STMicroelectronics.X-CUBE-SFXS2LP1.4.0.0
2025-10-23 08:49:28,363 [WARN] PackLoader:240 - Cannot read IP mode file for STMicroelectronics.X-CUBE-ISPU.1.1.0
2025-10-23 08:49:28,401 [WARN] PackLoader:240 - Cannot read IP mode file for STMicroelectronics.X-CUBE-AZRTOS-H7.3.3.0
2025-10-23 08:49:28,409 [ERROR] Engine:466 - /home/sunbeam/.stm32cubemx/thirdparties/pdsc/STMicroelectronics.X-CUBE-BLEMGR.4.1.0.pdsc: PDSC version is not supported
2025-10-23 08:49:28,414 [ERROR] Engine:466 - /home/sunbeam/.stm32cubemx/thirdparties/pdsc/STMicroelectronics.X-CUBE-IPS.3.0.0.pdsc: PDSC version is not supported
2025-10-23 08:49:28,426 [WARN] ConditionMgr:438 - getConditionDescription Invalid condition id : UX DEVICE CLASS RTOS Condition cause : null
2025-10-23 08:49:28,427 [WARN] ConditionMgr:438 - getConditionDescription Invalid condition id : UX DEVICE CLASS RTOS Condition cause : null
2025-10-23 08:49:28,430 [WARN] PackLoader:240 - Cannot read IP mode file for STMicroelectronics.X-CUBE-AZRTOS-WB.2.0.0
2025-10-23 08:49:28,431 [WARN] ConditionMgr:1039 - genDependencies : Invalid condition id : UX DEVICE CLASS RTOS Condition cause : null
2025-10-23 08:49:28,432 [WARN] ConditionMgr:1039 - genDependencies : Invalid condition id : UX DEVICE CLASS RTOS Condition cause : null
2025-10-23 08:49:28,433 [WARN] ConditionMgr:1039 - genDependencies : Invalid condition id : UX DEVICE CLASS RTOS Condition cause : null
2025-10-23 08:49:28,434 [WARN] ConditionMgr:1039 - genDependencies : Invalid condition id : UX DEVICE CLASS RTOS Condition cause : null
2025-10-23 08:49:28,434 [WARN] ConditionMgr:1039 - genDependencies : Invalid condition id : UX DEVICE CLASS RTOS Condition cause : null
2025-10-23 08:49:28,441 [WARN] PackLoader:240 - Cannot read IP mode file for STMicroelectronics.X-CUBE-GNSS1.7.0.0
2025-10-23 08:49:28,449 [WARN] PackLoader:240 - Cannot read IP mode file for STMicroelectronics.X-CUBE-GNSS1.7.0.1
2025-10-23 08:49:28,453 [WARN] PackLoader:240 - Cannot read IP mode file for STMicroelectronics.X-CUBE-TOUCHGFX.4.25.0
2025-10-23 08:49:28,456 [ERROR] Engine:466 - /home/sunbeam/.stm32cubemx/thirdparties/pdsc/STMicroelectronics.FP-SNS-STBOX1.2.0.0.pdsc: PDSC version is not supported
2025-10-23 08:49:28,467 [WARN] PackLoader:240 - Cannot read IP mode file for STMicroelectronics.X-CUBE-SUBG2.5.0.0
2025-10-23 08:49:28,494 [WARN] PackLoader:240 - Cannot read IP mode file for STMicroelectronics.X-CUBE-AZRTOS-H7RS.1.1.0
2025-10-23 08:49:28,504 [WARN] PackLoader:240 - Cannot read IP mode file for Cesanta.I-CUBE-Mongoose.7.13.0
2025-10-23 08:49:28,518 [WARN] PackLoader:240 - Cannot read IP mode file for STMicroelectronics.X-CUBE-TOF1.3.3.1
2025-10-23 08:49:28,543 [WARN] PackLoader:240 - Cannot read IP mode file for STMicroelectronics.X-CUBE-AZRTOS-G4.2.0.0
2025-10-23 08:49:28,561 [WARN] PackLoader:240 - Cannot read IP mode file for Infineon.AIROC-Wi-Fi-Bluetooth-STM32.1.5.1
2025-10-23 08:49:28,571 [WARN] PackLoader:240 - Cannot read IP mode file for STMicroelectronics.X-CUBE-NFC7.2.0.0
2025-10-23 08:49:28,576 [WARN] PackLoader:240 - Cannot read IP mode file for STMicroelectronics.FP-SNS-MOTENVWB1.1.3.1
2025-10-23 08:49:28,581 [WARN] PackLoader:240 - Cannot read IP mode file for STMicroelectronics.X-CUBE-ISPU.2.0.0
2025-10-23 08:49:28,592 [ERROR] Engine:466 - /home/sunbeam/.stm32cubemx/thirdparties/pdsc/STMicroelectronics.X-CUBE-IPS.3.1.0.pdsc: PDSC version is not supported
2025-10-23 08:49:28,599 [WARN] PackLoader:240 - Cannot read IP mode file for STMicroelectronics.X-CUBE-ALS.1.0.2
2025-10-23 08:49:28,642 [WARN] PackLoader:240 - Cannot read IP mode file for STMicroelectronics.X-CUBE-MEMS1.10.0.0
2025-10-23 08:49:28,735 [WARN] PackLoader:240 - Cannot read IP mode file for STMicroelectronics.X-CUBE-FREERTOS.1.1.0
2025-10-23 08:49:28,740 [WARN] PackLoader:240 - Cannot read IP mode file for STMicroelectronics.X-CUBE-TOUCHGFX.4.24.0
2025-10-23 08:49:28,744 [WARN] PackLoader:240 - Cannot read IP mode file for STMicroelectronics.X-CUBE-TOUCHGFX.4.24.2
2025-10-23 08:49:28,748 [WARN] PackLoader:240 - Cannot read IP mode file for STMicroelectronics.X-CUBE-TOUCHGFX.4.24.1
2025-10-23 08:49:28,755 [WARN] PackLoader:240 - Cannot read IP mode file for STMicroelectronics.X-CUBE-STSE01.1.0.0
2025-10-23 08:49:28,761 [WARN] PackLoader:240 - Cannot read IP mode file for wolfSSL.I-CUBE-wolfTPM.3.4.0
2025-10-23 08:49:28,769 [WARN] PackLoader:240 - Cannot read IP mode file for portGmbH.I-Cube-SoM-uGOAL.1.1.0
2025-10-23 08:49:28,777 [WARN] PackLoader:240 - Cannot read IP mode file for STMicroelectronics.X-CUBE-ALS.1.0.1
2025-10-23 08:49:28,800 [WARN] PackLoader:240 - Cannot read IP mode file for STMicroelectronics.X-CUBE-AZRTOS-H7RS.1.0.0
2025-10-23 08:49:28,809 [WARN] PackLoader:240 - Cannot read IP mode file for STMicroelectronics.FP-ATR-ASTRA1.2.0.0
2025-10-23 08:49:28,815 [ERROR] Engine:466 - /home/sunbeam/.stm32cubemx/thirdparties/pdsc/STMicroelectronics.X-CUBE-TOF1.3.4.2.pdsc: PDSC version is not supported
2025-10-23 08:49:28,820 [ERROR] Engine:466 - /home/sunbeam/.stm32cubemx/thirdparties/pdsc/STMicroelectronics.X-CUBE-TOF1.3.4.3.pdsc: PDSC version is not supported
2025-10-23 08:49:28,829 [WARN] PackLoader:240 - Cannot read IP mode file for STMicroelectronics.X-CUBE-TOF1.3.4.0
2025-10-23 08:49:28,856 [WARN] PackLoader:240 - Cannot read IP mode file for STMicroelectronics.X-CUBE-AZRTOS-H7.3.2.0
2025-10-23 08:49:28,863 [WARN] PackLoader:240 - Cannot read IP mode file for wolfSSL.I-CUBE-wolfSSH.1.4.17
2025-10-23 08:49:28,864 [INFO] ThirdParty:978 - Integrity check success = true
2025-10-23 08:49:28,864 [INFO] IntegrityCheckThread:100 - exiting critical section [integrity check]
2025-10-23 08:49:28,864 [INFO] IntegrityCheckThread:103 - End integrity checks thread
2025-10-23 08:49:44,865 [ERROR] LogOutputStream:75 - [STDERR_REDIRECT] SLF4J: Failed to load class "org.slf4j.impl.StaticLoggerBinder".
2025-10-23 08:49:44,866 [ERROR] LogOutputStream:75 - [STDERR_REDIRECT] SLF4J: Defaulting to no-operation (NOP) logger implementation
2025-10-23 08:49:44,866 [ERROR] LogOutputStream:75 - [STDERR_REDIRECT] SLF4J: See http://www.slf4j.org/codes.html#StaticLoggerBinder for further details.
2025-10-23 08:49:52,817 [INFO] LogOutputStream:77 - [STDOUT_REDIRECT] Unexpected error loading extension: org.eclipse.equinox.p2.metadata.repository.XZedRepository
2025-10-23 08:49:52,818 [ERROR] LogOutputStream:75 - [STDERR_REDIRECT] java.lang.IllegalStateException: bundle org.eclipse.equinox.p2.repositoryis not started
2025-10-23 08:49:52,818 [ERROR] LogOutputStream:75 - [STDERR_REDIRECT] 	at org.eclipse.equinox.internal.p2.repository.Activator.getContext(Activator.java:65)
2025-10-23 08:49:52,818 [ERROR] LogOutputStream:75 - [STDERR_REDIRECT] 	at org.eclipse.equinox.internal.p2.repository.Activator.getParserFactory(Activator.java:75)
2025-10-23 08:49:52,819 [ERROR] LogOutputStream:75 - [STDERR_REDIRECT] 	at org.eclipse.equinox.internal.p2.persistence.XMLParser.<init>(XMLParser.java:55)
2025-10-23 08:49:52,819 [ERROR] LogOutputStream:75 - [STDERR_REDIRECT] 	at org.eclipse.equinox.internal.p2.metadata.repository.io.MetadataParser.<init>(MetadataParser.java:41)
2025-10-23 08:49:52,819 [ERROR] LogOutputStream:75 - [STDERR_REDIRECT] 	at org.eclipse.equinox.internal.p2.metadata.repository.MetadataRepositoryIO$Parser.<init>(MetadataRepositoryIO.java:193)
2025-10-23 08:49:52,819 [ERROR] LogOutputStream:75 - [STDERR_REDIRECT] 	at org.eclipse.equinox.internal.p2.metadata.repository.MetadataRepositoryIO.read(MetadataRepositoryIO.java:64)
2025-10-23 08:49:52,820 [ERROR] LogOutputStream:75 - [STDERR_REDIRECT] 	at org.eclipse.equinox.internal.p2.metadata.repository.XZedSimpleMetadataRepositoryFactory.load(XZedSimpleMetadataRepositoryFactory.java:86)
2025-10-23 08:49:52,820 [ERROR] LogOutputStream:75 - [STDERR_REDIRECT] 	at org.eclipse.equinox.internal.p2.metadata.repository.MetadataRepositoryManager.factoryLoad(MetadataRepositoryManager.java:63)
2025-10-23 08:49:52,820 [ERROR] LogOutputStream:75 - [STDERR_REDIRECT] 	at org.eclipse.equinox.internal.p2.repository.helpers.AbstractRepositoryManager.loadRepository(AbstractRepositoryManager.java:787)
2025-10-23 08:49:52,821 [ERROR] LogOutputStream:75 - [STDERR_REDIRECT] 	at org.eclipse.equinox.internal.p2.repository.helpers.AbstractRepositoryManager.loadRepository(AbstractRepositoryManager.java:685)
2025-10-23 08:49:52,821 [ERROR] LogOutputStream:75 - [STDERR_REDIRECT] 	at org.eclipse.equinox.internal.p2.metadata.repository.MetadataRepositoryManager.loadRepository(MetadataRepositoryManager.java:110)
2025-10-23 08:49:52,821 [ERROR] LogOutputStream:75 - [STDERR_REDIRECT] 	at org.eclipse.equinox.internal.p2.metadata.repository.MetadataRepositoryManager.loadRepository(MetadataRepositoryManager.java:105)
2025-10-23 08:49:52,821 [ERROR] LogOutputStream:75 - [STDERR_REDIRECT] 	at org.eclipse.equinox.internal.p2.metadata.repository.CompositeMetadataRepository.addChild(CompositeMetadataRepository.java:171)
2025-10-23 08:49:52,821 [ERROR] LogOutputStream:75 - [STDERR_REDIRECT] 	at org.eclipse.equinox.internal.p2.metadata.repository.CompositeMetadataRepository.<init>(CompositeMetadataRepository.java:113)
2025-10-23 08:49:52,822 [ERROR] LogOutputStream:75 - [STDERR_REDIRECT] 	at org.eclipse.equinox.internal.p2.metadata.repository.CompositeMetadataRepositoryFactory.load(CompositeMetadataRepositoryFactory.java:124)
2025-10-23 08:49:52,822 [ERROR] LogOutputStream:75 - [STDERR_REDIRECT] 	at org.eclipse.equinox.internal.p2.metadata.repository.MetadataRepositoryManager.factoryLoad(MetadataRepositoryManager.java:63)
2025-10-23 08:49:52,822 [ERROR] LogOutputStream:75 - [STDERR_REDIRECT] 	at org.eclipse.equinox.internal.p2.repository.helpers.AbstractRepositoryManager.loadRepository(AbstractRepositoryManager.java:787)
2025-10-23 08:49:52,822 [ERROR] LogOutputStream:75 - [STDERR_REDIRECT] 	at org.eclipse.equinox.internal.p2.repository.helpers.AbstractRepositoryManager.loadRepository(AbstractRepositoryManager.java:685)
2025-10-23 08:49:52,823 [ERROR] LogOutputStream:75 - [STDERR_REDIRECT] 	at org.eclipse.equinox.internal.p2.metadata.repository.MetadataRepositoryManager.loadRepository(MetadataRepositoryManager.java:110)
2025-10-23 08:49:52,823 [ERROR] LogOutputStream:75 - [STDERR_REDIRECT] 	at org.eclipse.equinox.internal.p2.metadata.repository.MetadataRepositoryManager.loadRepository(MetadataRepositoryManager.java:105)
2025-10-23 08:49:52,823 [ERROR] LogOutputStream:75 - [STDERR_REDIRECT] 	at org.eclipse.equinox.internal.p2.updatechecker.UpdateChecker.getAvailableRepositories(UpdateChecker.java:152)
2025-10-23 08:49:52,823 [ERROR] LogOutputStream:75 - [STDERR_REDIRECT] 	at org.eclipse.equinox.internal.p2.updatechecker.UpdateChecker.checkForUpdates(UpdateChecker.java:130)
2025-10-23 08:49:52,824 [ERROR] LogOutputStream:75 - [STDERR_REDIRECT] 	at org.eclipse.equinox.internal.p2.updatechecker.UpdateChecker$UpdateCheckThread.run(UpdateChecker.java:78)
2025-10-23 08:49:52,825 [INFO] LogOutputStream:77 - [STDOUT_REDIRECT] Unexpected error loading extension: org.eclipse.equinox.p2.metadata.repository.simpleRepository
2025-10-23 08:49:52,825 [ERROR] LogOutputStream:75 - [STDERR_REDIRECT] java.lang.IllegalStateException: Attempt to access stopped agent: org.eclipse.equinox.internal.p2.core.ProvisioningAgent@251b87f6
2025-10-23 08:49:52,826 [ERROR] LogOutputStream:75 - [STDERR_REDIRECT] 	at org.eclipse.equinox.internal.p2.core.ProvisioningAgent.checkRunning(ProvisioningAgent.java:86)
2025-10-23 08:49:52,826 [ERROR] LogOutputStream:75 - [STDERR_REDIRECT] 	at org.eclipse.equinox.internal.p2.core.ProvisioningAgent.getService(ProvisioningAgent.java:50)
2025-10-23 08:49:52,826 [ERROR] LogOutputStream:75 - [STDERR_REDIRECT] 	at org.eclipse.equinox.p2.core.IProvisioningAgent.getService(IProvisioningAgent.java:86)
2025-10-23 08:49:52,826 [ERROR] LogOutputStream:75 - [STDERR_REDIRECT] 	at org.eclipse.equinox.internal.p2.metadata.repository.SimpleMetadataRepositoryFactory.getLocalFile(SimpleMetadataRepositoryFactory.java:66)
2025-10-23 08:49:52,826 [ERROR] LogOutputStream:75 - [STDERR_REDIRECT] 	at org.eclipse.equinox.internal.p2.metadata.repository.SimpleMetadataRepositoryFactory.load(SimpleMetadataRepositoryFactory.java:89)
2025-10-23 08:49:52,827 [ERROR] LogOutputStream:75 - [STDERR_REDIRECT] 	at org.eclipse.equinox.internal.p2.metadata.repository.MetadataRepositoryManager.factoryLoad(MetadataRepositoryManager.java:63)
2025-10-23 08:49:52,827 [ERROR] LogOutputStream:75 - [STDERR_REDIRECT] 	at org.eclipse.equinox.internal.p2.repository.helpers.AbstractRepositoryManager.loadRepository(AbstractRepositoryManager.java:787)
2025-10-23 08:49:52,827 [ERROR] LogOutputStream:75 - [STDERR_REDIRECT] 	at org.eclipse.equinox.internal.p2.repository.helpers.AbstractRepositoryManager.loadRepository(AbstractRepositoryManager.java:685)
2025-10-23 08:49:52,827 [ERROR] LogOutputStream:75 - [STDERR_REDIRECT] 	at org.eclipse.equinox.internal.p2.metadata.repository.MetadataRepositoryManager.loadRepository(MetadataRepositoryManager.java:110)
2025-10-23 08:49:52,828 [ERROR] LogOutputStream:75 - [STDERR_REDIRECT] 	at org.eclipse.equinox.internal.p2.metadata.repository.MetadataRepositoryManager.loadRepository(MetadataRepositoryManager.java:105)
2025-10-23 08:49:52,828 [ERROR] LogOutputStream:75 - [STDERR_REDIRECT] 	at org.eclipse.equinox.internal.p2.metadata.repository.CompositeMetadataRepository.addChild(CompositeMetadataRepository.java:171)
2025-10-23 08:49:52,828 [ERROR] LogOutputStream:75 - [STDERR_REDIRECT] 	at org.eclipse.equinox.internal.p2.metadata.repository.CompositeMetadataRepository.<init>(CompositeMetadataRepository.java:113)
2025-10-23 08:49:52,828 [ERROR] LogOutputStream:75 - [STDERR_REDIRECT] 	at org.eclipse.equinox.internal.p2.metadata.repository.CompositeMetadataRepositoryFactory.load(CompositeMetadataRepositoryFactory.java:124)
2025-10-23 08:49:52,829 [ERROR] LogOutputStream:75 - [STDERR_REDIRECT] 	at org.eclipse.equinox.internal.p2.metadata.repository.MetadataRepositoryManager.factoryLoad(MetadataRepositoryManager.java:63)
2025-10-23 08:49:52,829 [ERROR] LogOutputStream:75 - [STDERR_REDIRECT] 	at org.eclipse.equinox.internal.p2.repository.helpers.AbstractRepositoryManager.loadRepository(AbstractRepositoryManager.java:787)
2025-10-23 08:49:52,829 [ERROR] LogOutputStream:75 - [STDERR_REDIRECT] 	at org.eclipse.equinox.internal.p2.repository.helpers.AbstractRepositoryManager.loadRepository(AbstractRepositoryManager.java:685)
2025-10-23 08:49:52,829 [ERROR] LogOutputStream:75 - [STDERR_REDIRECT] 	at org.eclipse.equinox.internal.p2.metadata.repository.MetadataRepositoryManager.loadRepository(MetadataRepositoryManager.java:110)
2025-10-23 08:49:52,829 [ERROR] LogOutputStream:75 - [STDERR_REDIRECT] 	at org.eclipse.equinox.internal.p2.metadata.repository.MetadataRepositoryManager.loadRepository(MetadataRepositoryManager.java:105)
2025-10-23 08:49:52,830 [ERROR] LogOutputStream:75 - [STDERR_REDIRECT] 	at org.eclipse.equinox.internal.p2.updatechecker.UpdateChecker.getAvailableRepositories(UpdateChecker.java:152)
2025-10-23 08:49:52,830 [ERROR] LogOutputStream:75 - [STDERR_REDIRECT] 	at org.eclipse.equinox.internal.p2.updatechecker.UpdateChecker.checkForUpdates(UpdateChecker.java:130)
2025-10-23 08:49:52,830 [ERROR] LogOutputStream:75 - [STDERR_REDIRECT] 	at org.eclipse.equinox.internal.p2.updatechecker.UpdateChecker$UpdateCheckThread.run(UpdateChecker.java:78)
2025-10-23 08:49:52,831 [INFO] LogOutputStream:77 - [STDOUT_REDIRECT] Unexpected error loading extension: org.eclipse.equinox.p2.metadata.repository.compositeRepository
2025-10-23 08:49:52,831 [ERROR] LogOutputStream:75 - [STDERR_REDIRECT] java.lang.IllegalStateException: bundle org.eclipse.equinox.p2.repositoryis not started
2025-10-23 08:49:52,831 [ERROR] LogOutputStream:75 - [STDERR_REDIRECT] 	at org.eclipse.equinox.internal.p2.repository.Activator.getContext(Activator.java:65)
2025-10-23 08:49:52,831 [ERROR] LogOutputStream:75 - [STDERR_REDIRECT] 	at org.eclipse.equinox.internal.p2.repository.helpers.AbstractRepositoryManager.restoreFromSystemProperty(AbstractRepositoryManager.java:1013)
2025-10-23 08:49:52,831 [ERROR] LogOutputStream:75 - [STDERR_REDIRECT] 	at org.eclipse.equinox.internal.p2.repository.helpers.AbstractRepositoryManager.restoreRepositories(AbstractRepositoryManager.java:1033)
2025-10-23 08:49:52,832 [ERROR] LogOutputStream:75 - [STDERR_REDIRECT] 	at org.eclipse.equinox.internal.p2.repository.helpers.AbstractRepositoryManager.getRepositoryProperty(AbstractRepositoryManager.java:571)
2025-10-23 08:49:52,832 [ERROR] LogOutputStream:75 - [STDERR_REDIRECT] 	at org.eclipse.equinox.internal.p2.repository.helpers.AbstractRepositoryManager.loadRepository(AbstractRepositoryManager.java:703)
2025-10-23 08:49:52,832 [ERROR] LogOutputStream:75 - [STDERR_REDIRECT] 	at org.eclipse.equinox.internal.p2.metadata.repository.MetadataRepositoryManager.loadRepository(MetadataRepositoryManager.java:110)
2025-10-23 08:49:52,832 [ERROR] LogOutputStream:75 - [STDERR_REDIRECT] 	at org.eclipse.equinox.internal.p2.metadata.repository.MetadataRepositoryManager.loadRepository(MetadataRepositoryManager.java:105)
2025-10-23 08:49:52,833 [ERROR] LogOutputStream:75 - [STDERR_REDIRECT] 	at org.eclipse.equinox.internal.p2.metadata.repository.CompositeMetadataRepository.addChild(CompositeMetadataRepository.java:171)
2025-10-23 08:49:52,833 [ERROR] LogOutputStream:75 - [STDERR_REDIRECT] 	at org.eclipse.equinox.internal.p2.metadata.repository.CompositeMetadataRepository.<init>(CompositeMetadataRepository.java:113)
2025-10-23 08:49:52,833 [ERROR] LogOutputStream:75 - [STDERR_REDIRECT] 	at org.eclipse.equinox.internal.p2.metadata.repository.CompositeMetadataRepositoryFactory.load(CompositeMetadataRepositoryFactory.java:124)
2025-10-23 08:49:52,833 [ERROR] LogOutputStream:75 - [STDERR_REDIRECT] 	at org.eclipse.equinox.internal.p2.metadata.repository.MetadataRepositoryManager.factoryLoad(MetadataRepositoryManager.java:63)
2025-10-23 08:49:52,833 [ERROR] LogOutputStream:75 - [STDERR_REDIRECT] 	at org.eclipse.equinox.internal.p2.repository.helpers.AbstractRepositoryManager.loadRepository(AbstractRepositoryManager.java:787)
2025-10-23 08:49:52,834 [ERROR] LogOutputStream:75 - [STDERR_REDIRECT] 	at org.eclipse.equinox.internal.p2.repository.helpers.AbstractRepositoryManager.loadRepository(AbstractRepositoryManager.java:685)
2025-10-23 08:49:52,834 [ERROR] LogOutputStream:75 - [STDERR_REDIRECT] 	at org.eclipse.equinox.internal.p2.metadata.repository.MetadataRepositoryManager.loadRepository(MetadataRepositoryManager.java:110)
2025-10-23 08:49:52,834 [ERROR] LogOutputStream:75 - [STDERR_REDIRECT] 	at org.eclipse.equinox.internal.p2.metadata.repository.MetadataRepositoryManager.loadRepository(MetadataRepositoryManager.java:105)
2025-10-23 08:49:52,834 [ERROR] LogOutputStream:75 - [STDERR_REDIRECT] 	at org.eclipse.equinox.internal.p2.updatechecker.UpdateChecker.getAvailableRepositories(UpdateChecker.java:152)
2025-10-23 08:49:52,834 [ERROR] LogOutputStream:75 - [STDERR_REDIRECT] 	at org.eclipse.equinox.internal.p2.updatechecker.UpdateChecker.checkForUpdates(UpdateChecker.java:130)
2025-10-23 08:49:52,835 [ERROR] LogOutputStream:75 - [STDERR_REDIRECT] 	at org.eclipse.equinox.internal.p2.updatechecker.UpdateChecker$UpdateCheckThread.run(UpdateChecker.java:78)
2025-10-23 08:49:52,835 [INFO] LogOutputStream:77 - [STDOUT_REDIRECT] No repository found at https://sw-center.st.com/stm32cubeide/openstlinux/updatesite1.
2025-10-23 08:49:52,836 [INFO] LogOutputStream:77 - [STDOUT_REDIRECT] Exception in update check thread
2025-10-23 08:49:52,836 [ERROR] LogOutputStream:75 - [STDERR_REDIRECT] java.lang.IllegalStateException: bundle org.eclipse.equinox.p2.repositoryis not started
2025-10-23 08:49:52,836 [ERROR] LogOutputStream:75 - [STDERR_REDIRECT] 	at org.eclipse.equinox.internal.p2.repository.Activator.getContext(Activator.java:65)
2025-10-23 08:49:52,836 [ERROR] LogOutputStream:75 - [STDERR_REDIRECT] 	at org.eclipse.equinox.internal.p2.repository.helpers.AbstractRepositoryManager.getPreferences(AbstractRepositoryManager.java:506)
2025-10-23 08:49:52,837 [ERROR] LogOutputStream:75 - [STDERR_REDIRECT] 	at org.eclipse.equinox.internal.p2.repository.helpers.AbstractRepositoryManager.remember(AbstractRepositoryManager.java:896)
2025-10-23 08:49:52,837 [ERROR] LogOutputStream:75 - [STDERR_REDIRECT] 	at org.eclipse.equinox.internal.p2.repository.helpers.AbstractRepositoryManager.addRepository(AbstractRepositoryManager.java:171)
2025-10-23 08:49:52,837 [ERROR] LogOutputStream:75 - [STDERR_REDIRECT] 	at org.eclipse.equinox.internal.p2.repository.helpers.AbstractRepositoryManager.loadRepository(AbstractRepositoryManager.java:672)
2025-10-23 08:49:52,837 [ERROR] LogOutputStream:75 - [STDERR_REDIRECT] 	at org.eclipse.equinox.internal.p2.metadata.repository.MetadataRepositoryManager.loadRepository(MetadataRepositoryManager.java:110)
2025-10-23 08:49:52,837 [ERROR] LogOutputStream:75 - [STDERR_REDIRECT] 	at org.eclipse.equinox.internal.p2.metadata.repository.MetadataRepositoryManager.loadRepository(MetadataRepositoryManager.java:105)
2025-10-23 08:49:52,838 [ERROR] LogOutputStream:75 - [STDERR_REDIRECT] 	at org.eclipse.equinox.internal.p2.updatechecker.UpdateChecker.getAvailableRepositories(UpdateChecker.java:152)
2025-10-23 08:49:52,838 [ERROR] LogOutputStream:75 - [STDERR_REDIRECT] 	at org.eclipse.equinox.internal.p2.updatechecker.UpdateChecker.checkForUpdates(UpdateChecker.java:130)
2025-10-23 08:49:52,838 [ERROR] LogOutputStream:75 - [STDERR_REDIRECT] 	at org.eclipse.equinox.internal.p2.updatechecker.UpdateChecker$UpdateCheckThread.run(UpdateChecker.java:78)
2025-10-23 08:54:29,492 [INFO] Activator:176 - 


2025-10-23 08:54:29,497 [INFO] Activator:177 - !SESSION log4j initialized
2025-10-23 08:54:32,454 [INFO] LogOutputStream:77 - [STDOUT_REDIRECT] 
2025-10-23 08:54:34,569 [INFO] ApplicationProperties:184 - Using Application install path: /opt/st/stm32cubeide_1.13.2/plugins/com.st.stm32cube.common.mx_6.9.2.202309101412
2025-10-23 08:54:34,596 [INFO] DbMcusXml:78 - Set database path to: /opt/st/stm32cubeide_1.13.2/plugins/com.st.stm32cube.common.mx_6.9.2.202309101412//db//mcu/
2025-10-23 08:54:34,597 [INFO] ApiDb:274 - Set plugin database path to: /opt/st/stm32cubeide_1.13.2/plugins/com.st.stm32cube.common.mx_6.9.2.202309101412//db//plugins/boardmanager/
2025-10-23 08:54:34,598 [WARN] ApiDb:259 - Overriding images path with different value:  => /opt/st/stm32cubeide_1.13.2/plugins/com.st.stm32cube.common.mx_6.9.2.202309101412//db//plugins/mcufinder/images/
2025-10-23 08:54:34,611 [INFO] ApiDb:250 - Set database path to: /home/sunbeam/.stmcufinder/plugins/mcufinder//mcu/
2025-10-23 08:54:34,613 [INFO] DbMcusAds:125 - Set database path to: /home/sunbeam/.stmcufinder/plugins/mcufinder//mcu/
2025-10-23 08:54:34,617 [INFO] CrossReferenceDbSqlite:203 - Set database path to: /home/sunbeam/.stmcufinder/plugins/mcufinder//mcu/cs/
2025-10-23 08:54:34,790 [INFO] RulesReader:64 - Compatibility file has been processed (293 Rules)
2025-10-23 08:54:34,893 [INFO] DbMcusXml:78 - Set database path to: /opt/st/stm32cubeide_1.13.2/plugins/com.st.stm32cube.common.mx_6.9.2.202309101412//db//mcu/
2025-10-23 08:54:34,893 [INFO] ApiDb:274 - Set plugin database path to: /opt/st/stm32cubeide_1.13.2/plugins/com.st.stm32cube.common.mx_6.9.2.202309101412//db//plugins/boardmanager/
2025-10-23 08:54:34,894 [INFO] ApiDb:261 - Set plugin images path to: /opt/st/stm32cubeide_1.13.2/plugins/com.st.stm32cube.common.mx_6.9.2.202309101412//db//plugins/mcufinder/images/
2025-10-23 08:54:34,894 [WARN] DbFile:41 - Overriding database path with different value: /home/sunbeam/.stmcufinder/plugins/mcufinder/ => /home/sunbeam/.stmcufinder/plugins/mcufinder
2025-10-23 08:54:34,896 [INFO] ApiDb:250 - Set database path to: /home/sunbeam/.stmcufinder/plugins/mcufinder//mcu/
2025-10-23 08:54:34,896 [WARN] DbFile:41 - Overriding database path with different value: /home/sunbeam/.stmcufinder/plugins/mcufinder/ => /home/sunbeam/.stmcufinder/plugins/mcufinder
2025-10-23 08:54:34,896 [INFO] DbMcusAds:125 - Set database path to: /home/sunbeam/.stmcufinder/plugins/mcufinder//mcu/
2025-10-23 08:54:34,896 [WARN] DbFile:41 - Overriding database path with different value: /home/sunbeam/.stmcufinder/plugins/mcufinder/ => /home/sunbeam/.stmcufinder/plugins/mcufinder
2025-10-23 08:54:34,896 [WARN] DbFile:41 - Overriding database path with different value: /home/sunbeam/.stmcufinder/plugins/mcufinder/ => /home/sunbeam/.stmcufinder/plugins/mcufinder
2025-10-23 08:54:34,897 [INFO] CrossReferenceDbSqlite:203 - Set database path to: /home/sunbeam/.stmcufinder/plugins/mcufinder//mcu/cs/
2025-10-23 08:54:34,990 [INFO] MainPanel:262 - HeapMemory: 268435456
2025-10-23 08:54:35,101 [INFO] DbMcusXml:78 - Set database path to: /opt/st/stm32cubeide_1.13.2/plugins/com.st.stm32cube.common.mx_6.9.2.202309101412//db//mcu/
2025-10-23 08:54:35,101 [INFO] ApiDb:274 - Set plugin database path to: /opt/st/stm32cubeide_1.13.2/plugins/com.st.stm32cube.common.mx_6.9.2.202309101412//db//plugins/boardmanager/
2025-10-23 08:54:35,101 [INFO] ApiDb:261 - Set plugin images path to: /opt/st/stm32cubeide_1.13.2/plugins/com.st.stm32cube.common.mx_6.9.2.202309101412//db//plugins/mcufinder/images/
2025-10-23 08:54:35,102 [WARN] DbFile:41 - Overriding database path with different value: /home/sunbeam/.stmcufinder/plugins/mcufinder/ => /home/sunbeam/.stmcufinder/plugins/mcufinder
2025-10-23 08:54:35,102 [INFO] ApiDb:250 - Set database path to: /home/sunbeam/.stmcufinder/plugins/mcufinder//mcu/
2025-10-23 08:54:35,102 [WARN] DbFile:41 - Overriding database path with different value: /home/sunbeam/.stmcufinder/plugins/mcufinder/ => /home/sunbeam/.stmcufinder/plugins/mcufinder
2025-10-23 08:54:35,102 [INFO] DbMcusAds:125 - Set database path to: /home/sunbeam/.stmcufinder/plugins/mcufinder//mcu/
2025-10-23 08:54:35,103 [WARN] DbFile:41 - Overriding database path with different value: /home/sunbeam/.stmcufinder/plugins/mcufinder/ => /home/sunbeam/.stmcufinder/plugins/mcufinder
2025-10-23 08:54:35,103 [WARN] DbFile:41 - Overriding database path with different value: /home/sunbeam/.stmcufinder/plugins/mcufinder/ => /home/sunbeam/.stmcufinder/plugins/mcufinder
2025-10-23 08:54:35,103 [INFO] CrossReferenceDbSqlite:203 - Set database path to: /home/sunbeam/.stmcufinder/plugins/mcufinder//mcu/cs/
2025-10-23 08:54:35,126 [INFO] ApplicationProperties:184 - Using Application install path: /opt/st/stm32cubeide_1.13.2/plugins/com.st.stm32cube.common.mx_6.9.2.202309101412
2025-10-23 08:54:35,133 [INFO] PluginManage:196 - Search for loadable plugins [exclusion list=, ]
2025-10-23 08:54:35,135 [INFO] PluginManage:310 - Check plugin analytics
2025-10-23 08:54:35,331 [INFO] AnalyticsPlugin:253 - Accepted Software Licenses: 
2025-10-23 08:54:35,331 [INFO] AnalyticsPlugin:255 - Accepted CMSIS Pack Licenses: 
2025-10-23 08:54:35,332 [INFO] AnalyticsPlugin:257 - Accepted Firmware Licenses: 
2025-10-23 08:54:35,340 [INFO] PluginManage:359 - Loaded plugin analytics (category:tool,tabindex:-1)
2025-10-23 08:54:35,341 [INFO] PluginManage:310 - Check plugin cadmodel
2025-10-23 08:54:35,393 [INFO] CADModel:105 - Init CAD model plugin
2025-10-23 08:54:35,394 [INFO] PluginManage:359 - Loaded plugin cadmodel (category:power,tabindex:5)
2025-10-23 08:54:35,394 [INFO] PluginManage:310 - Check plugin clock
2025-10-23 08:54:35,403 [INFO] PluginManage:359 - Loaded plugin clock (category:base,tabindex:2)
2025-10-23 08:54:35,403 [INFO] PluginManage:310 - Check plugin ddr
2025-10-23 08:54:35,405 [INFO] PluginManage:359 - Loaded plugin ddr (category:tool,tabindex:6)
2025-10-23 08:54:35,406 [INFO] PluginManage:310 - Check plugin filemanager
2025-10-23 08:54:35,596 [INFO] PluginManage:359 - Loaded plugin filemanager (category:base,tabindex:10)
2025-10-23 08:54:35,596 [INFO] PluginManage:310 - Check plugin ipmanager
2025-10-23 08:54:35,604 [INFO] PluginManage:359 - Loaded plugin ipmanager (category:base,tabindex:5)
2025-10-23 08:54:35,604 [INFO] PluginManage:310 - Check plugin lpbam
2025-10-23 08:54:35,615 [INFO] PluginManage:359 - Loaded plugin lpbam (category:base,tabindex:0)
2025-10-23 08:54:35,615 [INFO] PluginManage:310 - Check plugin memorymap
2025-10-23 08:54:35,626 [INFO] PluginManage:359 - Loaded plugin memorymap (category:base,tabindex:4)
2025-10-23 08:54:35,627 [INFO] PluginManage:310 - Check plugin pinoutandconfiguration
2025-10-23 08:54:35,637 [INFO] PluginManage:359 - Loaded plugin pinoutandconfiguration (category:base,tabindex:1)
2025-10-23 08:54:35,637 [INFO] PluginManage:310 - Check plugin pinoutconfig
2025-10-23 08:54:35,745 [WARN] SupportedApi:132 - Cannot load RTOS API schema: s4s-elt-must-match.1: The content of 'definitions' must match (annotation?, (simpleType | complexType)?, (unique | key | keyref)*)). A problem was found starting at: attribute.
2025-10-23 08:54:35,905 [INFO] PluginManage:359 - Loaded plugin pinoutconfig (category:base,tabindex:0)
2025-10-23 08:54:35,905 [INFO] PluginManage:310 - Check plugin power
2025-10-23 08:54:35,916 [INFO] PluginManage:359 - Loaded plugin power (category:power,tabindex:4)
2025-10-23 08:54:35,916 [INFO] PluginManage:310 - Check plugin projectmanager
2025-10-23 08:54:35,940 [INFO] PluginManage:359 - Loaded plugin projectmanager (category:projectmanager,tabindex:3)
2025-10-23 08:54:35,940 [INFO] PluginManage:310 - Check plugin thirdparty
2025-10-23 08:54:36,132 [INFO] PluginManage:359 - Loaded plugin thirdparty (category:base,tabindex:-1)
2025-10-23 08:54:36,132 [WARN] IntegrityCheckThread:84 - waiting for thirdparty lock release [integrity check]
2025-10-23 08:54:36,133 [INFO] PluginManage:310 - Check plugin tools
2025-10-23 08:54:36,133 [INFO] IntegrityCheckThread:86 - entering critical section [integrity check]
2025-10-23 08:54:36,134 [INFO] ThirdPartyUpdaterWithRetryManager:70 - Updater plugin not ready yet. [1/15]
2025-10-23 08:54:36,135 [INFO] PluginManage:359 - Loaded plugin tools (category:base,tabindex:7)
2025-10-23 08:54:36,135 [INFO] PluginManage:310 - Check plugin tutovideos
2025-10-23 08:54:36,344 [INFO] PluginManage:359 - Loaded plugin tutovideos (category:base,tabindex:-1)
2025-10-23 08:54:36,345 [INFO] PluginManage:310 - Check plugin updater
2025-10-23 08:54:36,359 [INFO] PluginManage:359 - Loaded plugin updater (category:base,tabindex:12)
2025-10-23 08:54:36,360 [INFO] PluginManage:310 - Check plugin userauth
2025-10-23 08:54:36,368 [INFO] UserAuth:113 - Init User Auth plugin
2025-10-23 08:54:36,369 [INFO] PluginManage:359 - Loaded plugin userauth (category:base,tabindex:14)
2025-10-23 08:54:36,371 [INFO] PluginManage:283 - PluginManage : Loaded plugins [17]
2025-10-23 08:54:36,625 [INFO] PinOutPanel:1499 - setPackage(No Configuration,No Configuration)
2025-10-23 08:54:36,744 [INFO] CADModel:165 - CPN selected for project level
2025-10-23 08:54:36,745 [INFO] CADModel:114 - Register for checkConnection events
2025-10-23 08:54:36,759 [INFO] IPUIPlugin:80 - create IPUIPlugin
2025-10-23 08:54:36,759 [INFO] PluginManager:220 - loadIPPluginJar : add i2s
2025-10-23 08:54:36,761 [INFO] IPUIPlugin:80 - create IPUIPlugin
2025-10-23 08:54:36,761 [INFO] PluginManager:220 - loadIPPluginJar : add tim
2025-10-23 08:54:36,769 [INFO] IPUIPlugin:80 - create IPUIPlugin
2025-10-23 08:54:36,769 [INFO] PluginManager:220 - loadIPPluginJar : add stm32_wpan
2025-10-23 08:54:36,772 [INFO] IPUIPlugin:80 - create IPUIPlugin
2025-10-23 08:54:36,772 [INFO] PluginManager:220 - loadIPPluginJar : add hash
2025-10-23 08:54:36,775 [INFO] IPUIPlugin:80 - create IPUIPlugin
2025-10-23 08:54:36,775 [INFO] PluginManager:220 - loadIPPluginJar : add openamp
2025-10-23 08:54:36,780 [INFO] IPUIPlugin:80 - create IPUIPlugin
2025-10-23 08:54:36,781 [INFO] PluginManager:220 - loadIPPluginJar : add gic
2025-10-23 08:54:36,784 [INFO] IPUIPlugin:80 - create IPUIPlugin
2025-10-23 08:54:36,784 [INFO] PluginManager:220 - loadIPPluginJar : add resmgrutility
2025-10-23 08:54:36,786 [INFO] IPUIPlugin:80 - create IPUIPlugin
2025-10-23 08:54:36,786 [INFO] PluginManager:220 - loadIPPluginJar : add pdm2pcm
2025-10-23 08:54:36,788 [INFO] IPUIPlugin:80 - create IPUIPlugin
2025-10-23 08:54:36,788 [INFO] PluginManager:220 - loadIPPluginJar : add tsc
2025-10-23 08:54:36,789 [INFO] IPUIPlugin:80 - create IPUIPlugin
2025-10-23 08:54:36,790 [INFO] PluginManager:220 - loadIPPluginJar : add ltdc
2025-10-23 08:54:36,792 [INFO] IPUIPlugin:80 - create IPUIPlugin
2025-10-23 08:54:36,792 [INFO] PluginManager:220 - loadIPPluginJar : add i3c
2025-10-23 08:54:36,795 [INFO] IPUIPlugin:80 - create IPUIPlugin
2025-10-23 08:54:36,795 [INFO] PluginManager:220 - loadIPPluginJar : add usbx
2025-10-23 08:54:36,797 [INFO] IPUIPlugin:80 - create IPUIPlugin
2025-10-23 08:54:36,797 [INFO] PluginManager:220 - loadIPPluginJar : add can
2025-10-23 08:54:36,800 [INFO] IPUIPlugin:80 - create IPUIPlugin
2025-10-23 08:54:36,800 [INFO] PluginManager:220 - loadIPPluginJar : add tracer_emb
2025-10-23 08:54:36,802 [INFO] IPUIPlugin:80 - create IPUIPlugin
2025-10-23 08:54:36,803 [INFO] PluginManager:220 - loadIPPluginJar : add quadspi
2025-10-23 08:54:36,808 [INFO] IPUIPlugin:80 - create IPUIPlugin
2025-10-23 08:54:36,809 [INFO] PluginManager:220 - loadIPPluginJar : add fmc
2025-10-23 08:54:36,811 [INFO] IPUIPlugin:80 - create IPUIPlugin
2025-10-23 08:54:36,811 [INFO] PluginManager:220 - loadIPPluginJar : add ucpd
2025-10-23 08:54:36,814 [INFO] IPUIPlugin:80 - create IPUIPlugin
2025-10-23 08:54:36,814 [INFO] PluginManager:220 - loadIPPluginJar : add i2c
2025-10-23 08:54:36,816 [INFO] IPUIPlugin:80 - create IPUIPlugin
2025-10-23 08:54:36,816 [INFO] PluginManager:220 - loadIPPluginJar : add comp
2025-10-23 08:54:36,818 [INFO] IPUIPlugin:80 - create IPUIPlugin
2025-10-23 08:54:36,819 [INFO] PluginManager:220 - loadIPPluginJar : add spi
2025-10-23 08:54:36,821 [INFO] IPUIPlugin:80 - create IPUIPlugin
2025-10-23 08:54:36,821 [INFO] PluginManager:220 - loadIPPluginJar : add genericplugin
2025-10-23 08:54:36,824 [INFO] IPUIPlugin:80 - create IPUIPlugin
2025-10-23 08:54:36,824 [INFO] PluginManager:220 - loadIPPluginJar : add aes
2025-10-23 08:54:36,826 [INFO] IPUIPlugin:80 - create IPUIPlugin
2025-10-23 08:54:36,826 [INFO] PluginManager:220 - loadIPPluginJar : add ts
2025-10-23 08:54:36,829 [INFO] IPUIPlugin:80 - create IPUIPlugin
2025-10-23 08:54:36,829 [INFO] PluginManager:220 - loadIPPluginJar : add cryp
2025-10-23 08:54:36,833 [INFO] IPUIPlugin:80 - create IPUIPlugin
2025-10-23 08:54:36,833 [INFO] PluginManager:220 - loadIPPluginJar : add gpio
2025-10-23 08:54:36,836 [INFO] IPUIPlugin:80 - create IPUIPlugin
2025-10-23 08:54:36,836 [INFO] PluginManager:220 - loadIPPluginJar : add dfsdm
2025-10-23 08:54:36,842 [INFO] IPUIPlugin:80 - create IPUIPlugin
2025-10-23 08:54:36,845 [INFO] PluginManager:220 - loadIPPluginJar : add plateformsettings
2025-10-23 08:54:36,848 [INFO] IPUIPlugin:80 - create IPUIPlugin
2025-10-23 08:54:36,848 [INFO] PluginManager:220 - loadIPPluginJar : add opamp
2025-10-23 08:54:36,854 [INFO] IPUIPlugin:80 - create IPUIPlugin
2025-10-23 08:54:36,854 [INFO] PluginManager:220 - loadIPPluginJar : add mdma
2025-10-23 08:54:36,856 [INFO] IPUIPlugin:80 - create IPUIPlugin
2025-10-23 08:54:36,857 [INFO] PluginManager:220 - loadIPPluginJar : add gtzc
2025-10-23 08:54:36,858 [INFO] IPUIPlugin:80 - create IPUIPlugin
2025-10-23 08:54:36,858 [INFO] PluginManager:220 - loadIPPluginJar : add fatfs
2025-10-23 08:54:36,861 [INFO] IPUIPlugin:80 - create IPUIPlugin
2025-10-23 08:54:36,861 [INFO] PluginManager:220 - loadIPPluginJar : add usart
2025-10-23 08:54:36,864 [INFO] IPUIPlugin:80 - create IPUIPlugin
2025-10-23 08:54:36,864 [INFO] PluginManager:220 - loadIPPluginJar : add lorawan
2025-10-23 08:54:36,870 [INFO] IPUIPlugin:80 - create IPUIPlugin
2025-10-23 08:54:36,870 [INFO] PluginManager:220 - loadIPPluginJar : add adc
2025-10-23 08:54:36,878 [INFO] IPUIPlugin:80 - create IPUIPlugin
2025-10-23 08:54:36,878 [INFO] PluginManager:220 - loadIPPluginJar : add linkedlist
2025-10-23 08:54:36,881 [INFO] IPUIPlugin:80 - create IPUIPlugin
2025-10-23 08:54:36,882 [INFO] PluginManager:220 - loadIPPluginJar : add ipddr
2025-10-23 08:54:36,886 [INFO] IPUIPlugin:80 - create IPUIPlugin
2025-10-23 08:54:36,886 [INFO] PluginManager:220 - loadIPPluginJar : add dma3
2025-10-23 08:54:36,891 [INFO] IPUIPlugin:80 - create IPUIPlugin
2025-10-23 08:54:36,892 [INFO] PluginManager:220 - loadIPPluginJar : add nvic
2025-10-23 08:54:36,897 [INFO] IPUIPlugin:80 - create IPUIPlugin
2025-10-23 08:54:36,897 [INFO] PluginManager:220 - loadIPPluginJar : add sai
2025-10-23 08:54:36,900 [INFO] IPUIPlugin:80 - create IPUIPlugin
2025-10-23 08:54:36,900 [INFO] PluginManager:220 - loadIPPluginJar : add gfxmmu
2025-10-23 08:54:36,908 [INFO] IPUIPlugin:80 - create IPUIPlugin
2025-10-23 08:54:36,909 [INFO] PluginManager:220 - loadIPPluginJar : add dma
2025-10-23 08:54:36,916 [INFO] IPUIPlugin:80 - create IPUIPlugin
2025-10-23 08:54:36,916 [INFO] PluginManager:220 - loadIPPluginJar : add freertos
2025-10-23 08:54:36,921 [INFO] IPUIPlugin:80 - create IPUIPlugin
2025-10-23 08:54:36,921 [INFO] PluginManager:220 - loadIPPluginJar : add touchsensing
2025-10-23 08:54:37,049 [INFO] CADModel:165 - CPN selected for project level
2025-10-23 08:54:37,049 [INFO] CADModel:114 - Register for checkConnection events
2025-10-23 08:54:37,050 [FATAL] Updater:308 - Updater called before beeing initialized
2025-10-23 08:54:37,050 [ERROR] CADModel:125 - Updater not yet initialized, retry later 
2025-10-23 08:54:37,267 [INFO] CADModel:165 - CPN selected for project level
2025-10-23 08:54:37,267 [INFO] CADModel:114 - Register for checkConnection events
2025-10-23 08:54:37,267 [FATAL] Updater:308 - Updater called before beeing initialized
2025-10-23 08:54:37,267 [ERROR] CADModel:125 - Updater not yet initialized, retry later 
2025-10-23 08:54:37,274 [FATAL] Updater:308 - Updater called before beeing initialized
2025-10-23 08:54:37,394 [FATAL] Updater:308 - Updater called before beeing initialized
2025-10-23 08:54:37,401 [INFO] DbMcusAds:53 - JSON generation date=Thu Oct 02 15:06:05 IST 2025 (1759397765645)
2025-10-23 08:54:37,401 [FATAL] Updater:308 - Updater called before beeing initialized
2025-10-23 08:54:37,459 [WARN] DetailPanel:346 - Failed to get advertising image, set to default
2025-10-23 08:54:37,617 [FATAL] Updater:308 - Updater called before beeing initialized
2025-10-23 08:54:37,620 [FATAL] Updater:308 - Updater called before beeing initialized
2025-10-23 08:54:37,621 [FATAL] Updater:308 - Updater called before beeing initialized
2025-10-23 08:54:37,621 [WARN] DetailPanel:346 - Failed to get advertising image, set to default
2025-10-23 08:54:37,622 [FATAL] Updater:308 - Updater called before beeing initialized
2025-10-23 08:54:37,678 [ERROR] Updater:1120 - MainUpdater not yet initialized. External WinMGr cannot be set.
2025-10-23 08:54:37,680 [INFO] Updater:1056 - Updater Version found : 6.9.2
2025-10-23 08:54:37,709 [INFO] ApplicationProperties:184 - Using Application install path: /opt/st/stm32cubeide_1.13.2/plugins/com.st.stm32cube.common.mx_6.9.2.202309101412
2025-10-23 08:54:38,812 [INFO] MainUpdater:2868 - connection check result : 10
2025-10-23 08:54:38,814 [INFO] MainUpdater:285 - Updater Check For Update Now.
2025-10-23 08:54:38,814 [INFO] MicroXplorer:498 - Change Database Version : DB.6.0.92
2025-10-23 08:54:38,822 [INFO] McuFinderGlobals:63 - Set McuFinder mode to 2 (CubeIDE integrated)
2025-10-23 08:54:39,091 [INFO] CheckServerUpdateThread:120 - End of CheckServer Thread
2025-10-23 08:54:39,339 [WARN] PackLoader:240 - Cannot read IP mode file for STMicroelectronics.FP-SNS-MOTENVWB1.1.4.0
2025-10-23 08:54:39,352 [WARN] PackLoader:240 - Cannot read IP mode file for STMicroelectronics.FP-ATR-ASTRA1.2.0.2
2025-10-23 08:54:39,358 [WARN] PackLoader:240 - Cannot read IP mode file for STMicroelectronics.FP-ATR-ASTRA1.2.0.1
2025-10-23 08:54:39,370 [WARN] PackLoader:240 - Cannot read IP mode file for STMicroelectronics.X-CUBE-SMBUS.2.1.0
2025-10-23 08:54:39,383 [WARN] PackLoader:240 - Cannot read IP mode file for STMicroelectronics.X-CUBE-WB05N.1.1.0
2025-10-23 08:54:39,390 [ERROR] Engine:466 - /home/sunbeam/.stm32cubemx/thirdparties/pdsc/STMicroelectronics.X-CUBE-ST60.1.0.0.pdsc: PDSC version is not supported
2025-10-23 08:54:39,395 [WARN] PackLoader:240 - Cannot read IP mode file for STMicroelectronics.X-CUBE-TOUCHGFX.4.23.0
2025-10-23 08:54:39,441 [WARN] PackLoader:240 - Cannot read IP mode file for STMicroelectronics.X-CUBE-AZRTOS-F7.1.1.0
2025-10-23 08:54:39,460 [WARN] PackLoader:240 - Cannot read IP mode file for STMicroelectronics.FP-SNS-MOTENV1.4.3.2
2025-10-23 08:54:39,573 [WARN] PackLoader:240 - Cannot read IP mode file for STMicroelectronics.X-CUBE-MEMS1.11.0.0
2025-10-23 08:54:39,757 [WARN] PackLoader:240 - Cannot read IP mode file for STMicroelectronics.FP-SNS-FLIGHT1.5.0.2
2025-10-23 08:54:39,790 [WARN] PackLoader:240 - Cannot read IP mode file for STMicroelectronics.X-CUBE-AZRTOS-H7.3.4.0
2025-10-23 08:54:39,803 [WARN] PackLoader:240 - Cannot read IP mode file for STMicroelectronics.X-CUBE-DISPLAY.3.0.0
2025-10-23 08:54:39,813 [WARN] PackLoader:240 - Cannot read IP mode file for STMicroelectronics.X-CUBE-BLE1.7.0.0
2025-10-23 08:54:39,822 [WARN] PackLoader:240 - Cannot read IP mode file for STMicroelectronics.X-CUBE-NFC10.1.0.0
2025-10-23 08:54:39,829 [ERROR] Engine:466 - /home/sunbeam/.stm32cubemx/thirdparties/pdsc/STMicroelectronics.X-CUBE-BLEMGR.4.0.0.pdsc: PDSC version is not supported
2025-10-23 08:54:39,832 [ERROR] Engine:466 - /home/sunbeam/.stm32cubemx/thirdparties/pdsc/STMicroelectronics.X-CUBE-ST60.1.1.0.pdsc: PDSC version is not supported
2025-10-23 08:54:39,836 [WARN] PackLoader:240 - Cannot read IP mode file for emotas.I-CUBE-CANOPEN.1.3.0
2025-10-23 08:54:39,840 [WARN] PackLoader:240 - Cannot read IP mode file for STMicroelectronics.X-CUBE-TOUCHGFX.4.22.1
2025-10-23 08:54:39,851 [WARN] PackLoader:240 - Cannot read IP mode file for STMicroelectronics.X-CUBE-BLEMGR.3.1.0
2025-10-23 08:54:39,858 [ERROR] Engine:466 - /home/sunbeam/.stm32cubemx/thirdparties/pdsc/STMicroelectronics.FP-SNS-STBOX1.2.1.0.pdsc: PDSC version is not supported
2025-10-23 08:54:39,861 [ERROR] Engine:466 - /home/sunbeam/.stm32cubemx/thirdparties/pdsc/STMicroelectronics.FP-SNS-FLIGHT1.5.1.0.pdsc: PDSC version is not supported
2025-10-23 08:54:39,946 [WARN] PackLoader:240 - Cannot read IP mode file for STMicroelectronics.X-CUBE-MEMS1.11.1.0
2025-10-23 08:54:40,184 [INFO] LogOutputStream:77 - [STDOUT_REDIRECT] 1 : Invalid condition id : UX_CORESTACK_Condition cause : null
2025-10-23 08:54:40,185 [INFO] LogOutputStream:77 - [STDOUT_REDIRECT] 1 : Invalid condition id : UX_CORESTACK_Condition cause : null
2025-10-23 08:54:40,186 [INFO] LogOutputStream:77 - [STDOUT_REDIRECT] 1 : Invalid condition id : UX_CORESTACK_Condition cause : null
2025-10-23 08:54:40,187 [INFO] LogOutputStream:77 - [STDOUT_REDIRECT] 1 : Invalid condition id : UX_CORESTACK_Condition cause : null
2025-10-23 08:54:40,191 [INFO] LogOutputStream:77 - [STDOUT_REDIRECT] 1 : Invalid condition id : UX_CORESTACK_Condition cause : null
2025-10-23 08:54:40,195 [WARN] PackLoader:240 - Cannot read IP mode file for STMicroelectronics.X-CUBE-AZRTOS-WL.2.0.0
2025-10-23 08:54:40,209 [WARN] PackLoader:240 - Cannot read IP mode file for STMicroelectronics.FP-SNS-MOTENV1.5.0.0
2025-10-23 08:54:40,218 [WARN] PackLoader:240 - Cannot read IP mode file for wolfSSL.I-CUBE-wolfMQTT.1.19.0
2025-10-23 08:54:40,232 [WARN] PackLoader:240 - Cannot read IP mode file for WES.I-CUBE-Cesium.1.3.0
2025-10-23 08:54:40,237 [WARN] PackLoader:240 - Cannot read IP mode file for STMicroelectronics.X-CUBE-BLE2.3.3.0
2025-10-23 08:54:40,243 [WARN] PackLoader:240 - Cannot read IP mode file for STMicroelectronics.X-CUBE-NFC9.1.0.0
2025-10-23 08:54:40,250 [WARN] PackLoader:240 - Cannot read IP mode file for STMicroelectronics.X-CUBE-BLE1.7.1.0
2025-10-23 08:54:40,255 [WARN] PackLoader:240 - Cannot read IP mode file for STMicroelectronics.X-CUBE-TCPP.4.1.0
2025-10-23 08:54:40,265 [WARN] PackLoader:240 - Cannot read IP mode file for STMicroelectronics.X-CUBE-EEPRMA1.5.2.0
2025-10-23 08:54:40,270 [ERROR] Engine:466 - /home/sunbeam/.stm32cubemx/thirdparties/pdsc/STMicroelectronics.X-CUBE-ST67W61.1.1.0.pdsc: PDSC version is not supported
2025-10-23 08:54:40,276 [WARN] PackLoader:240 - Cannot read IP mode file for STMicroelectronics.X-CUBE-ALGOBUILD.1.3.0
2025-10-23 08:54:40,293 [WARN] PackLoader:240 - Cannot read IP mode file for STMicroelectronics.X-CUBE-AZRTOS-G0.1.1.0
2025-10-23 08:54:40,303 [WARN] PackLoader:240 - Cannot read IP mode file for STMicroelectronics.X-CUBE-SAFEA1.1.2.2
2025-10-23 08:54:40,310 [WARN] PackLoader:240 - Cannot read IP mode file for STMicroelectronics.X-CUBE-NFC4.3.0.0
2025-10-23 08:54:40,315 [ERROR] Engine:466 - /home/sunbeam/.stm32cubemx/thirdparties/pdsc/EmbeddedOffice.I-CUBE-FS-RTOS.1.0.1.pdsc: PDSC version is not supported
2025-10-23 08:54:40,321 [WARN] PackLoader:240 - Cannot read IP mode file for STMicroelectronics.X-CUBE-WB05N.2.0.0
2025-10-23 08:54:40,332 [WARN] PackLoader:240 - Cannot read IP mode file for STMicroelectronics.X-CUBE-BLEMGR.3.0.0
2025-10-23 08:54:40,339 [ERROR] Engine:466 - /home/sunbeam/.stm32cubemx/thirdparties/pdsc/STMicroelectronics.X-CUBE-TCPP.4.2.0.pdsc: PDSC version is not supported
2025-10-23 08:54:40,342 [ERROR] Engine:466 - /home/sunbeam/.stm32cubemx/thirdparties/pdsc/RealThread.X-CUBE-RT-Thread_Nano.4.1.1.pdsc: PDSC version is not supported
2025-10-23 08:54:40,345 [WARN] PackLoader:240 - Cannot read IP mode file for STMicroelectronics.FP-ATR-SIGFOX1.3.2.0
2025-10-23 08:54:40,348 [ERROR] Engine:466 - /home/sunbeam/.stm32cubemx/thirdparties/pdsc/quantropi.X-CUBE-qispace-sdk-base.1.9.3.pdsc: PDSC version is not supported
2025-10-23 08:54:40,359 [WARN] PackLoader:240 - Cannot read IP mode file for STMicroelectronics.X-CUBE-EEPRMA1.5.1.0
2025-10-23 08:54:40,363 [ERROR] Engine:466 - /home/sunbeam/.stm32cubemx/thirdparties/pdsc/STMicroelectronics.X-CUBE-ST67W61.1.0.0.pdsc: PDSC version is not supported
2025-10-23 08:54:40,365 [WARN] PackLoader:240 - Cannot read IP mode file for STMicroelectronics.X-CUBE-AI.10.2.0
2025-10-23 08:54:40,403 [WARN] PackLoader:240 - Cannot read IP mode file for SEGGER.I-CUBE-embOS.1.3.1
2025-10-23 08:54:40,466 [WARN] PackLoader:240 - Cannot read IP mode file for STMicroelectronics.X-CUBE-ALGOBUILD.1.4.0
2025-10-23 08:54:40,515 [WARN] PackLoader:240 - Cannot read IP mode file for STMicroelectronics.X-CUBE-MEMS1.11.3.0
2025-10-23 08:54:40,645 [WARN] PackLoader:240 - Cannot read IP mode file for STMicroelectronics.X-CUBE-AI.9.1.0
2025-10-23 08:54:40,649 [WARN] PackLoader:240 - Cannot read IP mode file for STMicroelectronics.X-CUBE-PM33A1.1.0.0
2025-10-23 08:54:40,655 [WARN] PackLoader:240 - Cannot read IP mode file for STMicroelectronics.X-CUBE-GNSS1.6.0.0
2025-10-23 08:54:40,673 [WARN] PackLoader:240 - Cannot read IP mode file for STMicroelectronics.X-CUBE-AZRTOS-F4.1.1.0
2025-10-23 08:54:40,679 [WARN] PackLoader:240 - Cannot read IP mode file for wolfSSL.I-CUBE-wolfSSL.5.6.4
2025-10-23 08:54:40,681 [ERROR] Engine:466 - /home/sunbeam/.stm32cubemx/thirdparties/pdsc/Avnet-IotConnect.X-CUBE-IoTC-DA16k-PMOD.1.0.0.pdsc: PDSC version is not supported
2025-10-23 08:54:40,684 [WARN] PackLoader:240 - Cannot read IP mode file for STMicroelectronics.X-CUBE-ISPU.2.1.0
2025-10-23 08:54:40,690 [ERROR] Engine:466 - /home/sunbeam/.stm32cubemx/thirdparties/pdsc/STMicroelectronics.X-CUBE-IPS.3.2.0.pdsc: PDSC version is not supported
2025-10-23 08:54:40,695 [WARN] PackLoader:240 - Cannot read IP mode file for STMicroelectronics.X-CUBE-FREERTOS.1.2.0
2025-10-23 08:54:40,702 [WARN] PackLoader:240 - Cannot read IP mode file for STMicroelectronics.X-CUBE-NFC12.1.0.0
2025-10-23 08:54:40,723 [WARN] PackLoader:240 - Cannot read IP mode file for STMicroelectronics.X-CUBE-AZRTOS-L5.2.0.0
2025-10-23 08:54:40,772 [WARN] PackLoader:240 - Cannot read IP mode file for STMicroelectronics.X-CUBE-MEMS1.9.6.0
2025-10-23 08:54:40,913 [WARN] PackLoader:240 - Cannot read IP mode file for STMicroelectronics.X-CUBE-EEPRMA1.4.2.0
2025-10-23 08:54:40,923 [WARN] PackLoader:240 - Cannot read IP mode file for STMicroelectronics.X-CUBE-NFC6.3.1.0
2025-10-23 08:54:40,930 [WARN] PackLoader:240 - Cannot read IP mode file for ITTIA_DB.I-CUBE-ITTIADB.8.8.0
2025-10-23 08:54:40,938 [WARN] PackLoader:240 - Cannot read IP mode file for STMicroelectronics.X-CUBE-BLEMGR.2.0.0
2025-10-23 08:54:40,944 [ERROR] Engine:466 - /home/sunbeam/.stm32cubemx/thirdparties/pdsc/STMicroelectronics.X-CUBE-DPower.1.2.0.pdsc: PDSC version is not supported
2025-10-23 08:54:40,948 [WARN] PackLoader:240 - Cannot read IP mode file for STMicroelectronics.X-CUBE-AI.9.0.0
2025-10-23 08:54:40,966 [WARN] ConditionMgr:438 - getConditionDescription Invalid condition id : UX DEVICE CLASS RTOS Condition cause : null
2025-10-23 08:54:40,966 [WARN] ConditionMgr:438 - getConditionDescription Invalid condition id : UX DEVICE CLASS RTOS Condition cause : null
2025-10-23 08:54:40,970 [WARN] PackLoader:240 - Cannot read IP mode file for STMicroelectronics.X-CUBE-AZRTOS-H7.3.1.0
2025-10-23 08:54:40,972 [WARN] ConditionMgr:1039 - genDependencies : Invalid condition id : UX DEVICE CLASS RTOS Condition cause : null
2025-10-23 08:54:40,972 [WARN] ConditionMgr:1039 - genDependencies : Invalid condition id : UX DEVICE CLASS RTOS Condition cause : null
2025-10-23 08:54:40,973 [WARN] ConditionMgr:1039 - genDependencies : Invalid condition id : UX DEVICE CLASS RTOS Condition cause : null
2025-10-23 08:54:40,974 [WARN] ConditionMgr:1039 - genDependencies : Invalid condition id : UX DEVICE CLASS RTOS Condition cause : null
2025-10-23 08:54:40,974 [WARN] ConditionMgr:1039 - genDependencies : Invalid condition id : UX DEVICE CLASS RTOS Condition cause : null
2025-10-23 08:54:40,982 [WARN] PackLoader:240 - Cannot read IP mode file for STMicroelectronics.X-CUBE-FREERTOS.1.3.1
2025-10-23 08:54:40,988 [WARN] PackLoader:240 - Cannot read IP mode file for STMicroelectronics.X-CUBE-FREERTOS.1.3.0
2025-10-23 08:54:40,993 [WARN] PackLoader:240 - Cannot read IP mode file for STMicroelectronics.X-CUBE-NFC7.1.0.1
2025-10-23 08:54:40,997 [WARN] PackLoader:240 - Cannot read IP mode file for STMicroelectronics.X-CUBE-TOUCHGFX.4.26.0
2025-10-23 08:54:41,004 [WARN] PackLoader:240 - Cannot read IP mode file for STMicroelectronics.X-CUBE-NFC6.3.0.0
2025-10-23 08:54:41,012 [WARN] PackLoader:240 - Cannot read IP mode file for STMicroelectronics.X-CUBE-EEPRMA1.4.1.0
2025-10-23 08:54:41,016 [ERROR] Engine:466 - /home/sunbeam/.stm32cubemx/thirdparties/pdsc/STMicroelectronics.FP-SNS-STAIOTCFT.1.0.0.pdsc: PDSC version is not supported
2025-10-23 08:54:41,019 [ERROR] Engine:466 - /home/sunbeam/.stm32cubemx/thirdparties/pdsc/STMicroelectronics.X-CUBE-DPower.1.3.0.pdsc: PDSC version is not supported
2025-10-23 08:54:41,022 [WARN] PackLoader:240 - Cannot read IP mode file for STMicroelectronics.X-CUBE-AI.8.1.0
2025-10-23 08:54:41,042 [WARN] ConditionMgr:438 - getConditionDescription Invalid condition id : LAN8742 Phy interface Condition cause : null
2025-10-23 08:54:41,043 [WARN] PackLoader:240 - Cannot read IP mode file for STMicroelectronics.X-CUBE-AZRTOS-L4.2.0.0
2025-10-23 08:54:41,045 [WARN] ConditionMgr:1039 - genDependencies : Invalid condition id : LAN8742 Phy interface Condition cause : null
2025-10-23 08:54:41,045 [WARN] ConditionMgr:1039 - genDependencies : Invalid condition id : LAN8742 Phy interface Condition cause : null
2025-10-23 08:54:41,046 [WARN] ConditionMgr:1039 - genDependencies : Invalid condition id : LAN8742 Phy interface Condition cause : null
2025-10-23 08:54:41,054 [WARN] PackLoader:240 - Cannot read IP mode file for STMicroelectronics.X-CUBE-SFXS2LP1.4.0.0
2025-10-23 08:54:41,060 [WARN] PackLoader:240 - Cannot read IP mode file for STMicroelectronics.X-CUBE-ISPU.1.1.0
2025-10-23 08:54:41,094 [WARN] PackLoader:240 - Cannot read IP mode file for STMicroelectronics.X-CUBE-AZRTOS-H7.3.3.0
2025-10-23 08:54:41,105 [ERROR] Engine:466 - /home/sunbeam/.stm32cubemx/thirdparties/pdsc/STMicroelectronics.X-CUBE-BLEMGR.4.1.0.pdsc: PDSC version is not supported
2025-10-23 08:54:41,109 [ERROR] Engine:466 - /home/sunbeam/.stm32cubemx/thirdparties/pdsc/STMicroelectronics.X-CUBE-IPS.3.0.0.pdsc: PDSC version is not supported
2025-10-23 08:54:41,125 [WARN] ConditionMgr:438 - getConditionDescription Invalid condition id : UX DEVICE CLASS RTOS Condition cause : null
2025-10-23 08:54:41,125 [WARN] ConditionMgr:438 - getConditionDescription Invalid condition id : UX DEVICE CLASS RTOS Condition cause : null
2025-10-23 08:54:41,129 [WARN] PackLoader:240 - Cannot read IP mode file for STMicroelectronics.X-CUBE-AZRTOS-WB.2.0.0
2025-10-23 08:54:41,131 [WARN] ConditionMgr:1039 - genDependencies : Invalid condition id : UX DEVICE CLASS RTOS Condition cause : null
2025-10-23 08:54:41,131 [WARN] ConditionMgr:1039 - genDependencies : Invalid condition id : UX DEVICE CLASS RTOS Condition cause : null
2025-10-23 08:54:41,132 [WARN] ConditionMgr:1039 - genDependencies : Invalid condition id : UX DEVICE CLASS RTOS Condition cause : null
2025-10-23 08:54:41,133 [WARN] ConditionMgr:1039 - genDependencies : Invalid condition id : UX DEVICE CLASS RTOS Condition cause : null
2025-10-23 08:54:41,134 [WARN] ConditionMgr:1039 - genDependencies : Invalid condition id : UX DEVICE CLASS RTOS Condition cause : null
2025-10-23 08:54:41,143 [WARN] PackLoader:240 - Cannot read IP mode file for STMicroelectronics.X-CUBE-GNSS1.7.0.0
2025-10-23 08:54:41,150 [WARN] PackLoader:240 - Cannot read IP mode file for STMicroelectronics.X-CUBE-GNSS1.7.0.1
2025-10-23 08:54:41,156 [WARN] PackLoader:240 - Cannot read IP mode file for STMicroelectronics.X-CUBE-TOUCHGFX.4.25.0
2025-10-23 08:54:41,160 [ERROR] Engine:466 - /home/sunbeam/.stm32cubemx/thirdparties/pdsc/STMicroelectronics.FP-SNS-STBOX1.2.0.0.pdsc: PDSC version is not supported
2025-10-23 08:54:41,171 [WARN] PackLoader:240 - Cannot read IP mode file for STMicroelectronics.X-CUBE-SUBG2.5.0.0
2025-10-23 08:54:41,198 [WARN] PackLoader:240 - Cannot read IP mode file for STMicroelectronics.X-CUBE-AZRTOS-H7RS.1.1.0
2025-10-23 08:54:41,204 [WARN] PackLoader:240 - Cannot read IP mode file for Cesanta.I-CUBE-Mongoose.7.13.0
2025-10-23 08:54:41,213 [WARN] PackLoader:240 - Cannot read IP mode file for STMicroelectronics.X-CUBE-TOF1.3.3.1
2025-10-23 08:54:41,236 [WARN] PackLoader:240 - Cannot read IP mode file for STMicroelectronics.X-CUBE-AZRTOS-G4.2.0.0
2025-10-23 08:54:41,250 [WARN] PackLoader:240 - Cannot read IP mode file for Infineon.AIROC-Wi-Fi-Bluetooth-STM32.1.5.1
2025-10-23 08:54:41,259 [WARN] PackLoader:240 - Cannot read IP mode file for STMicroelectronics.X-CUBE-NFC7.2.0.0
2025-10-23 08:54:41,263 [WARN] PackLoader:240 - Cannot read IP mode file for STMicroelectronics.FP-SNS-MOTENVWB1.1.3.1
2025-10-23 08:54:41,268 [WARN] PackLoader:240 - Cannot read IP mode file for STMicroelectronics.X-CUBE-ISPU.2.0.0
2025-10-23 08:54:41,274 [ERROR] Engine:466 - /home/sunbeam/.stm32cubemx/thirdparties/pdsc/STMicroelectronics.X-CUBE-IPS.3.1.0.pdsc: PDSC version is not supported
2025-10-23 08:54:41,278 [WARN] PackLoader:240 - Cannot read IP mode file for STMicroelectronics.X-CUBE-ALS.1.0.2
2025-10-23 08:54:41,323 [WARN] PackLoader:240 - Cannot read IP mode file for STMicroelectronics.X-CUBE-MEMS1.10.0.0
2025-10-23 08:54:41,448 [WARN] PackLoader:240 - Cannot read IP mode file for STMicroelectronics.X-CUBE-FREERTOS.1.1.0
2025-10-23 08:54:41,451 [WARN] PackLoader:240 - Cannot read IP mode file for STMicroelectronics.X-CUBE-TOUCHGFX.4.24.0
2025-10-23 08:54:41,454 [WARN] PackLoader:240 - Cannot read IP mode file for STMicroelectronics.X-CUBE-TOUCHGFX.4.24.2
2025-10-23 08:54:41,457 [WARN] PackLoader:240 - Cannot read IP mode file for STMicroelectronics.X-CUBE-TOUCHGFX.4.24.1
2025-10-23 08:54:41,464 [WARN] PackLoader:240 - Cannot read IP mode file for STMicroelectronics.X-CUBE-STSE01.1.0.0
2025-10-23 08:54:41,469 [WARN] PackLoader:240 - Cannot read IP mode file for wolfSSL.I-CUBE-wolfTPM.3.4.0
2025-10-23 08:54:41,474 [WARN] PackLoader:240 - Cannot read IP mode file for portGmbH.I-Cube-SoM-uGOAL.1.1.0
2025-10-23 08:54:41,478 [WARN] PackLoader:240 - Cannot read IP mode file for STMicroelectronics.X-CUBE-ALS.1.0.1
2025-10-23 08:54:41,497 [WARN] PackLoader:240 - Cannot read IP mode file for STMicroelectronics.X-CUBE-AZRTOS-H7RS.1.0.0
2025-10-23 08:54:41,503 [WARN] PackLoader:240 - Cannot read IP mode file for STMicroelectronics.FP-ATR-ASTRA1.2.0.0
2025-10-23 08:54:41,510 [ERROR] Engine:466 - /home/sunbeam/.stm32cubemx/thirdparties/pdsc/STMicroelectronics.X-CUBE-TOF1.3.4.2.pdsc: PDSC version is not supported
2025-10-23 08:54:41,522 [ERROR] Engine:466 - /home/sunbeam/.stm32cubemx/thirdparties/pdsc/STMicroelectronics.X-CUBE-TOF1.3.4.3.pdsc: PDSC version is not supported
2025-10-23 08:54:41,534 [WARN] PackLoader:240 - Cannot read IP mode file for STMicroelectronics.X-CUBE-TOF1.3.4.0
2025-10-23 08:54:41,566 [WARN] PackLoader:240 - Cannot read IP mode file for STMicroelectronics.X-CUBE-AZRTOS-H7.3.2.0
2025-10-23 08:54:41,571 [WARN] PackLoader:240 - Cannot read IP mode file for wolfSSL.I-CUBE-wolfSSH.1.4.17
2025-10-23 08:54:41,572 [INFO] ThirdParty:978 - Integrity check success = true
2025-10-23 08:54:41,572 [INFO] IntegrityCheckThread:100 - exiting critical section [integrity check]
2025-10-23 08:54:41,572 [INFO] IntegrityCheckThread:103 - End integrity checks thread
2025-10-23 08:54:46,089 [INFO] McuFinderGlobals:63 - Set McuFinder mode to 2 (CubeIDE integrated)
2025-10-23 08:54:46,093 [INFO] MainUpdater:2868 - connection check result : 10
2025-10-23 08:54:46,546 [INFO] ApiDb:581 - Connected to CubeFinder SQLite database (/home/sunbeam/.stmcufinder/plugins/mcufinder/mcu/cube-finder-db.db)
2025-10-23 08:54:46,630 [INFO] ApiDb:668 - CubeFinder database Data Model version=2.1
2025-10-23 08:54:46,630 [INFO] ApiDb:669 - CubeFinder database Configuration version=3.0.39
2025-10-23 08:54:46,631 [INFO] ApiDb:670 - CubeFinder database generation date=2025-08-25 (1756130511)
2025-10-23 08:54:46,631 [INFO] ApiDb:671 - CubeFinder database FW Pack versions=[FP-ATR-ASTRA1_V2.0.0, FP-SNS-FLIGHT1_V5.1.0, FP-SNS-MOTENV1_V5.0.0, FP-SNS-MOTENVWB1_V1.4.0, FP-SNS-SMARTAG2_V1.2.0, FP-SNS-STBOX1_V2.1.0, STM32Cube_FW_C0_V1.4.0, STM32Cube_FW_F4_V1.28.3, STM32Cube_FW_F7_V1.17.4, STM32Cube_FW_G0_V1.6.2, STM32Cube_FW_G4_V1.6.1, STM32Cube_FW_H5_V1.5.0, STM32Cube_FW_H7RS_V1.2.0, STM32Cube_FW_H7_V1.12.1, STM32Cube_FW_L0_V1.12.2, STM32Cube_FW_L4_V1.18.1, STM32Cube_FW_L5_V1.5.1, STM32Cube_FW_N6_V1.2.0, STM32Cube_FW_U0_V1.3.0, STM32Cube_FW_U3_V1.2.0, STM32Cube_FW_U5_V1.8.0, STM32Cube_FW_WB0_V1.3.0, STM32Cube_FW_WBA_V1.7.0, STM32Cube_FW_WB_V1.23.0, STM32Cube_FW_WL3_V1.2.0, STM32Cube_FW_WL_V1.3.1, X-CUBE-ALGOBUILD_V1.4.0, X-CUBE-ALS_V1.0.2, X-CUBE-AZRTOS-F4_V1.1.0, X-CUBE-AZRTOS-F7_V1.1.0, X-CUBE-AZRTOS-G0_V1.1.0, X-CUBE-AZRTOS-G4_V2.0.0, X-CUBE-AZRTOS-H7RS_V1.1.0, X-CUBE-AZRTOS-H7_V3.4.0, X-CUBE-AZRTOS-L4_V2.0.0, X-CUBE-AZRTOS-L5_V2.0.0, X-CUBE-AZRTOS-WB_V2.0.0, X-CUBE-AZRTOS-WL_V2.0.0, X-CUBE-BLE1_V7.1.0, X-CUBE-BLE2_V3.3.0, X-CUBE-BLEMGR_V4.1.0, X-CUBE-EEPRMA1_V5.2.0, X-CUBE-FREERTOS_V1.3.1, X-CUBE-GNSS1_V6.0.0, X-CUBE-MEMS1_V11.3.0, X-CUBE-NFC4_V3.0.0, X-CUBE-NFC7_V2.0.0, X-CUBE-SFXS2LP1_V4.0.0, X-CUBE-ST67W61_V1.0.0, X-CUBE-SUBG2_V5.0.0, X-CUBE-TOF1_V3.4.3]
2025-10-23 08:54:46,712 [INFO] DbBoardsSqlite:226 - include board P-NUCLEO-WB55-NUCLEO as a kit item of type 'Nucleo-64'
2025-10-23 08:54:46,712 [INFO] DbBoardsSqlite:226 - include board P-NUCLEO-WB55-USBDONGLE as a kit item of type 'Nucleo USB Dongle'
2025-10-23 08:54:46,713 [INFO] DbBoardsSqlite:226 - include board STEVAL-IDP005V1 as a kit item of type 'Evaluation Board'
2025-10-23 08:54:46,713 [INFO] DbBoardsSqlite:226 - include board STEVAL-IDP005V2 as a kit item of type 'Evaluation Board'
2025-10-23 08:54:46,782 [INFO] ApiDb:240 - Found 323 in-development CPN: [B-G473E-ZEST1S, B-WB1M-WPAN1, B-WL5M-SUBG1, NUCLEO-C031C6, NUCLEO-H503RB, NUCLEO-H563ZI, NUCLEO-U545RE-Q, NUCLEO-U5A5ZJ-Q, NUCLEO-WBA52CG, STEVAL-PROTEUS1, STEVAL-SMARTAG2, STEVAL-STWINBX1, STM320518-EVAL, STM32C0116-DK, STM32C011D6Y3TR, STM32C011D6Y6TR, STM32C011F4P3, STM32C011F4P6, STM32C011F4U3, STM32C011F4U6TR, STM32C011F6P3, STM32C011F6P6, STM32C011F6U3, STM32C011F6U6TR, STM32C011J4M3, STM32C011J4M6, STM32C011J6M3, STM32C011J6M6, STM32C0316-DK, STM32C031C4T3, STM32C031C4T6, STM32C031C4U3, STM32C031C4U6, STM32C031C6T3, STM32C031C6T6, STM32C031C6U3, STM32C031C6U6, STM32C031F4P3, STM32C031F4P6, STM32C031F6P3, STM32C031F6P6, STM32C031G4U3, STM32C031G4U6, STM32C031G6U3, STM32C031G6U6, STM32C031K4T3, STM32C031K4T6, STM32C031K4U3, STM32C031K4U6, STM32C031K6T3, STM32C031K6T6, STM32C031K6U3, STM32C031K6U6, STM32G071K8TXN, STM32G071K8UXN, STM32G081GBU6N, STM32G081KBT6N, STM32G081KBUXN, STM32G0B1CCT6N, STM32G0B1KCT6, STM32G0B1NEY6TR, STM32G0B1RCT6N, STM32G0C1CCT6, STM32G0C1CCT6N, STM32G0C1CCU6N, STM32G0C1CET6N, STM32G0C1CEU6N, STM32G0C1KCT6, STM32G0C1NEY6TR, STM32G0C1RCI6N, STM32G0C1RCT6N, STM32G0C1REI6N, STM32G0C1RET6N, STM32G0C1VCI6, STM32G0C1VEI6, STM32G471CCT6, STM32G471CCU6, STM32G471CET3, STM32G471CET6, STM32G471CEU3, STM32G471CEU6, STM32G471MCT6, STM32G471MET3, STM32G471MET6, STM32G471MEY6TR, STM32G471QCT6, STM32G471QET3, STM32G471RCT6, STM32G471RET3, STM32G471RET6, STM32G471VCH6, STM32G471VCI6, STM32G471VCT6, STM32G471VEH3, STM32G471VEH6, STM32G471VEI3, STM32G471VEI6, STM32G471VET3, STM32G471VET6, STM32G474CCT6, STM32H503CBT6, STM32H503CBU6, STM32H503EBY6TR, STM32H503KBU6, STM32H503RBT6, STM32H562AGI6, STM32H562AII6, STM32H562IGK6, STM32H562IGT6, STM32H562IIK6, STM32H562IIT6, STM32H562RGT6, STM32H562RGV6, STM32H562RIT6, STM32H562RIV6, STM32H562VGT6, STM32H562VIT6, STM32H562ZGT6, STM32H562ZIT6, STM32H563AGI6, STM32H563AII3Q, STM32H563AII6, STM32H563IGK6, STM32H563IGT6, STM32H563IIK3Q, STM32H563IIK6, STM32H563IIT3Q, STM32H563IIT6, STM32H563MIY3QTR, STM32H563RGT6, STM32H563RGV6, STM32H563RIT6, STM32H563RIV6, STM32H563VGT6, STM32H563VIT3Q, STM32H563VIT6, STM32H563ZGT6, STM32H563ZIT3Q, STM32H563ZIT6, STM32H573AII3Q, STM32H573AII6, STM32H573I-DK, STM32H573IIK3Q, STM32H573IIK6, STM32H573IIT3Q, STM32H573IIT6, STM32H573MIY3QTR, STM32H573RIT6, STM32H573RIV6, STM32H573VIT3Q, STM32H573VIT6, STM32H573ZIT3Q, STM32H573ZIT6, STM32L4R5QGI6STR, STM32MP131AAE3, STM32MP131AAF3, STM32MP131AAG3, STM32MP131CAE3, STM32MP131CAF3, STM32MP131CAG3, STM32MP131DAE7, STM32MP131DAF7, STM32MP131DAG7, STM32MP131FAE7, STM32MP131FAF7, STM32MP131FAG7, STM32MP133AAE3, STM32MP133AAF3, STM32MP133AAG3, STM32MP133CAE3, STM32MP133CAF3, STM32MP133CAG3, STM32MP133DAE7, STM32MP133DAF7, STM32MP133DAG7, STM32MP133FAE7, STM32MP133FAF7, STM32MP133FAG7, STM32MP135AAE3, STM32MP135AAF3, STM32MP135AAG3, STM32MP135CAE3, STM32MP135CAF3, STM32MP135CAG3, STM32MP135DAE7, STM32MP135DAF7, STM32MP135DAG7, STM32MP135F-DK, STM32MP135FAE7, STM32MP135FAF7, STM32MP135FAF7T, STM32MP135FAF7U, STM32MP135FAG7, STM32U535CBT6, STM32U535CBT6Q, STM32U535CBU6, STM32U535CBU6Q, STM32U535CCT6, STM32U535CCT6Q, STM32U535CCU6, STM32U535CCU6Q, STM32U535CET6, STM32U535CET6Q, STM32U535CEU6, STM32U535CEU6Q, STM32U535JEY6QTR, STM32U535NCY6QTR, STM32U535NEY6QTR, STM32U535RBI6, STM32U535RBI6Q, STM32U535RBT6, STM32U535RBT6Q, STM32U535RCI6, STM32U535RCI6Q, STM32U535RCT6, STM32U535RCT6Q, STM32U535REI6, STM32U535REI6Q, STM32U535RET6, STM32U535RET6Q, STM32U535VCI6, STM32U535VCI6Q, STM32U535VCT6, STM32U535VCT6Q, STM32U535VEI6, STM32U535VEI6Q, STM32U535VET6, STM32U535VET6Q, STM32U545CET6, STM32U545CET6Q, STM32U545CEU6, STM32U545CEU6Q, STM32U545JEY6QTR, STM32U545NEY6QTR, STM32U545REI6, STM32U545REI6Q, STM32U545RET6, STM32U545RET6Q, STM32U545VEI6, STM32U545VEI6Q, STM32U545VET6, STM32U545VET6Q, STM32U595AIH6, STM32U595AIH6Q, STM32U595AJH6, STM32U595AJH6Q, STM32U595QII6, STM32U595QII6Q, STM32U595QJI6, STM32U595QJI6Q, STM32U595RIT6, STM32U595RIT6Q, STM32U595RJT6, STM32U595RJT6Q, STM32U595VIT6, STM32U595VIT6Q, STM32U595VJT6, STM32U595VJT6Q, STM32U595ZIT6, STM32U595ZIT6Q, STM32U595ZIY6QTR, STM32U595ZJT6, STM32U595ZJT6Q, STM32U595ZJY6QTR, STM32U599BJY6QTR, STM32U599NIH6Q, STM32U599NJH6Q, STM32U599VIT6Q, STM32U599VJT6, STM32U599VJT6Q, STM32U599ZIT6Q, STM32U599ZIY6QTR, STM32U599ZJT6Q, STM32U599ZJY6QTR, STM32U5A5AJH6, STM32U5A5AJH6Q, STM32U5A5QJI6, STM32U5A5QJI6Q, STM32U5A5RJT6, STM32U5A5RJT6Q, STM32U5A5VJT6, STM32U5A5VJT6Q, STM32U5A5ZJT6, STM32U5A5ZJT6Q, STM32U5A5ZJY6QTR, STM32U5A9BJY6QTR, STM32U5A9J-DK, STM32U5A9NJH6Q, STM32U5A9VJT6Q, STM32U5A9ZJT6Q, STM32U5A9ZJY6QTR, STM32U5F7VIT6, STM32U5F7VIT6Q, STM32U5F7VJT6, STM32U5F7VJT6Q, STM32U5F9BJY6QTR, STM32U5F9NJH6Q, STM32U5F9VIT6Q, STM32U5F9VJT6Q, STM32U5F9ZIJ6QTR, STM32U5F9ZIT6Q, STM32U5F9ZJJ6QTR, STM32U5F9ZJT6Q, STM32U5G7VJT6, STM32U5G7VJT6Q, STM32U5G9BJY6QTR, STM32U5G9J-DK1, STM32U5G9J-DK2, STM32U5G9NJH6Q, STM32U5G9VJT6Q, STM32U5G9ZJJ6QTR, STM32U5G9ZJT6Q, STM32WB1MMCH6, STM32WBA52CEU6, STM32WBA52CEU6T, STM32WBA52CGU6, STM32WBA52CGU6T, STM32WBA52KEU6, STM32WBA52KEU6T, STM32WBA52KGU6, STM32WBA52KGU6T, STM32WL5MOCH6, STM32WL5MOCH6TR]
2025-10-23 08:54:46,789 [INFO] ApiDb:668 - CubeFinder database Data Model version=2.1
2025-10-23 08:54:46,789 [INFO] ApiDb:669 - CubeFinder database Configuration version=3.0.39
2025-10-23 08:54:46,789 [INFO] ApiDb:670 - CubeFinder database generation date=2025-08-25 (1756130511)
2025-10-23 08:54:46,789 [INFO] ApiDb:671 - CubeFinder database FW Pack versions=[FP-ATR-ASTRA1_V2.0.0, FP-SNS-FLIGHT1_V5.1.0, FP-SNS-MOTENV1_V5.0.0, FP-SNS-MOTENVWB1_V1.4.0, FP-SNS-SMARTAG2_V1.2.0, FP-SNS-STBOX1_V2.1.0, STM32Cube_FW_C0_V1.4.0, STM32Cube_FW_F4_V1.28.3, STM32Cube_FW_F7_V1.17.4, STM32Cube_FW_G0_V1.6.2, STM32Cube_FW_G4_V1.6.1, STM32Cube_FW_H5_V1.5.0, STM32Cube_FW_H7RS_V1.2.0, STM32Cube_FW_H7_V1.12.1, STM32Cube_FW_L0_V1.12.2, STM32Cube_FW_L4_V1.18.1, STM32Cube_FW_L5_V1.5.1, STM32Cube_FW_N6_V1.2.0, STM32Cube_FW_U0_V1.3.0, STM32Cube_FW_U3_V1.2.0, STM32Cube_FW_U5_V1.8.0, STM32Cube_FW_WB0_V1.3.0, STM32Cube_FW_WBA_V1.7.0, STM32Cube_FW_WB_V1.23.0, STM32Cube_FW_WL3_V1.2.0, STM32Cube_FW_WL_V1.3.1, X-CUBE-ALGOBUILD_V1.4.0, X-CUBE-ALS_V1.0.2, X-CUBE-AZRTOS-F4_V1.1.0, X-CUBE-AZRTOS-F7_V1.1.0, X-CUBE-AZRTOS-G0_V1.1.0, X-CUBE-AZRTOS-G4_V2.0.0, X-CUBE-AZRTOS-H7RS_V1.1.0, X-CUBE-AZRTOS-H7_V3.4.0, X-CUBE-AZRTOS-L4_V2.0.0, X-CUBE-AZRTOS-L5_V2.0.0, X-CUBE-AZRTOS-WB_V2.0.0, X-CUBE-AZRTOS-WL_V2.0.0, X-CUBE-BLE1_V7.1.0, X-CUBE-BLE2_V3.3.0, X-CUBE-BLEMGR_V4.1.0, X-CUBE-EEPRMA1_V5.2.0, X-CUBE-FREERTOS_V1.3.1, X-CUBE-GNSS1_V6.0.0, X-CUBE-MEMS1_V11.3.0, X-CUBE-NFC4_V3.0.0, X-CUBE-NFC7_V2.0.0, X-CUBE-SFXS2LP1_V4.0.0, X-CUBE-ST67W61_V1.0.0, X-CUBE-SUBG2_V5.0.0, X-CUBE-TOF1_V3.4.3]
2025-10-23 08:54:49,768 [INFO] ApiDb:240 - Found 323 in-development CPN: [B-G473E-ZEST1S, B-WB1M-WPAN1, B-WL5M-SUBG1, NUCLEO-C031C6, NUCLEO-H503RB, NUCLEO-H563ZI, NUCLEO-U545RE-Q, NUCLEO-U5A5ZJ-Q, NUCLEO-WBA52CG, STEVAL-PROTEUS1, STEVAL-SMARTAG2, STEVAL-STWINBX1, STM320518-EVAL, STM32C0116-DK, STM32C011D6Y3TR, STM32C011D6Y6TR, STM32C011F4P3, STM32C011F4P6, STM32C011F4U3, STM32C011F4U6TR, STM32C011F6P3, STM32C011F6P6, STM32C011F6U3, STM32C011F6U6TR, STM32C011J4M3, STM32C011J4M6, STM32C011J6M3, STM32C011J6M6, STM32C0316-DK, STM32C031C4T3, STM32C031C4T6, STM32C031C4U3, STM32C031C4U6, STM32C031C6T3, STM32C031C6T6, STM32C031C6U3, STM32C031C6U6, STM32C031F4P3, STM32C031F4P6, STM32C031F6P3, STM32C031F6P6, STM32C031G4U3, STM32C031G4U6, STM32C031G6U3, STM32C031G6U6, STM32C031K4T3, STM32C031K4T6, STM32C031K4U3, STM32C031K4U6, STM32C031K6T3, STM32C031K6T6, STM32C031K6U3, STM32C031K6U6, STM32G071K8TXN, STM32G071K8UXN, STM32G081GBU6N, STM32G081KBT6N, STM32G081KBUXN, STM32G0B1CCT6N, STM32G0B1KCT6, STM32G0B1NEY6TR, STM32G0B1RCT6N, STM32G0C1CCT6, STM32G0C1CCT6N, STM32G0C1CCU6N, STM32G0C1CET6N, STM32G0C1CEU6N, STM32G0C1KCT6, STM32G0C1NEY6TR, STM32G0C1RCI6N, STM32G0C1RCT6N, STM32G0C1REI6N, STM32G0C1RET6N, STM32G0C1VCI6, STM32G0C1VEI6, STM32G471CCT6, STM32G471CCU6, STM32G471CET3, STM32G471CET6, STM32G471CEU3, STM32G471CEU6, STM32G471MCT6, STM32G471MET3, STM32G471MET6, STM32G471MEY6TR, STM32G471QCT6, STM32G471QET3, STM32G471RCT6, STM32G471RET3, STM32G471RET6, STM32G471VCH6, STM32G471VCI6, STM32G471VCT6, STM32G471VEH3, STM32G471VEH6, STM32G471VEI3, STM32G471VEI6, STM32G471VET3, STM32G471VET6, STM32G474CCT6, STM32H503CBT6, STM32H503CBU6, STM32H503EBY6TR, STM32H503KBU6, STM32H503RBT6, STM32H562AGI6, STM32H562AII6, STM32H562IGK6, STM32H562IGT6, STM32H562IIK6, STM32H562IIT6, STM32H562RGT6, STM32H562RGV6, STM32H562RIT6, STM32H562RIV6, STM32H562VGT6, STM32H562VIT6, STM32H562ZGT6, STM32H562ZIT6, STM32H563AGI6, STM32H563AII3Q, STM32H563AII6, STM32H563IGK6, STM32H563IGT6, STM32H563IIK3Q, STM32H563IIK6, STM32H563IIT3Q, STM32H563IIT6, STM32H563MIY3QTR, STM32H563RGT6, STM32H563RGV6, STM32H563RIT6, STM32H563RIV6, STM32H563VGT6, STM32H563VIT3Q, STM32H563VIT6, STM32H563ZGT6, STM32H563ZIT3Q, STM32H563ZIT6, STM32H573AII3Q, STM32H573AII6, STM32H573I-DK, STM32H573IIK3Q, STM32H573IIK6, STM32H573IIT3Q, STM32H573IIT6, STM32H573MIY3QTR, STM32H573RIT6, STM32H573RIV6, STM32H573VIT3Q, STM32H573VIT6, STM32H573ZIT3Q, STM32H573ZIT6, STM32L4R5QGI6STR, STM32MP131AAE3, STM32MP131AAF3, STM32MP131AAG3, STM32MP131CAE3, STM32MP131CAF3, STM32MP131CAG3, STM32MP131DAE7, STM32MP131DAF7, STM32MP131DAG7, STM32MP131FAE7, STM32MP131FAF7, STM32MP131FAG7, STM32MP133AAE3, STM32MP133AAF3, STM32MP133AAG3, STM32MP133CAE3, STM32MP133CAF3, STM32MP133CAG3, STM32MP133DAE7, STM32MP133DAF7, STM32MP133DAG7, STM32MP133FAE7, STM32MP133FAF7, STM32MP133FAG7, STM32MP135AAE3, STM32MP135AAF3, STM32MP135AAG3, STM32MP135CAE3, STM32MP135CAF3, STM32MP135CAG3, STM32MP135DAE7, STM32MP135DAF7, STM32MP135DAG7, STM32MP135F-DK, STM32MP135FAE7, STM32MP135FAF7, STM32MP135FAF7T, STM32MP135FAF7U, STM32MP135FAG7, STM32U535CBT6, STM32U535CBT6Q, STM32U535CBU6, STM32U535CBU6Q, STM32U535CCT6, STM32U535CCT6Q, STM32U535CCU6, STM32U535CCU6Q, STM32U535CET6, STM32U535CET6Q, STM32U535CEU6, STM32U535CEU6Q, STM32U535JEY6QTR, STM32U535NCY6QTR, STM32U535NEY6QTR, STM32U535RBI6, STM32U535RBI6Q, STM32U535RBT6, STM32U535RBT6Q, STM32U535RCI6, STM32U535RCI6Q, STM32U535RCT6, STM32U535RCT6Q, STM32U535REI6, STM32U535REI6Q, STM32U535RET6, STM32U535RET6Q, STM32U535VCI6, STM32U535VCI6Q, STM32U535VCT6, STM32U535VCT6Q, STM32U535VEI6, STM32U535VEI6Q, STM32U535VET6, STM32U535VET6Q, STM32U545CET6, STM32U545CET6Q, STM32U545CEU6, STM32U545CEU6Q, STM32U545JEY6QTR, STM32U545NEY6QTR, STM32U545REI6, STM32U545REI6Q, STM32U545RET6, STM32U545RET6Q, STM32U545VEI6, STM32U545VEI6Q, STM32U545VET6, STM32U545VET6Q, STM32U595AIH6, STM32U595AIH6Q, STM32U595AJH6, STM32U595AJH6Q, STM32U595QII6, STM32U595QII6Q, STM32U595QJI6, STM32U595QJI6Q, STM32U595RIT6, STM32U595RIT6Q, STM32U595RJT6, STM32U595RJT6Q, STM32U595VIT6, STM32U595VIT6Q, STM32U595VJT6, STM32U595VJT6Q, STM32U595ZIT6, STM32U595ZIT6Q, STM32U595ZIY6QTR, STM32U595ZJT6, STM32U595ZJT6Q, STM32U595ZJY6QTR, STM32U599BJY6QTR, STM32U599NIH6Q, STM32U599NJH6Q, STM32U599VIT6Q, STM32U599VJT6, STM32U599VJT6Q, STM32U599ZIT6Q, STM32U599ZIY6QTR, STM32U599ZJT6Q, STM32U599ZJY6QTR, STM32U5A5AJH6, STM32U5A5AJH6Q, STM32U5A5QJI6, STM32U5A5QJI6Q, STM32U5A5RJT6, STM32U5A5RJT6Q, STM32U5A5VJT6, STM32U5A5VJT6Q, STM32U5A5ZJT6, STM32U5A5ZJT6Q, STM32U5A5ZJY6QTR, STM32U5A9BJY6QTR, STM32U5A9J-DK, STM32U5A9NJH6Q, STM32U5A9VJT6Q, STM32U5A9ZJT6Q, STM32U5A9ZJY6QTR, STM32U5F7VIT6, STM32U5F7VIT6Q, STM32U5F7VJT6, STM32U5F7VJT6Q, STM32U5F9BJY6QTR, STM32U5F9NJH6Q, STM32U5F9VIT6Q, STM32U5F9VJT6Q, STM32U5F9ZIJ6QTR, STM32U5F9ZIT6Q, STM32U5F9ZJJ6QTR, STM32U5F9ZJT6Q, STM32U5G7VJT6, STM32U5G7VJT6Q, STM32U5G9BJY6QTR, STM32U5G9J-DK1, STM32U5G9J-DK2, STM32U5G9NJH6Q, STM32U5G9VJT6Q, STM32U5G9ZJJ6QTR, STM32U5G9ZJT6Q, STM32WB1MMCH6, STM32WBA52CEU6, STM32WBA52CEU6T, STM32WBA52CGU6, STM32WBA52CGU6T, STM32WBA52KEU6, STM32WBA52KEU6T, STM32WBA52KGU6, STM32WBA52KGU6T, STM32WL5MOCH6, STM32WL5MOCH6TR]
2025-10-23 08:54:49,779 [INFO] DbMcus:217 - Found 4718 MCUs, 4718 are supported
2025-10-23 08:54:49,780 [INFO] ApiDb:423 - Load user favorites file /home/sunbeam/.stm32cubeide/favorites.mcus.txt: 0 item(s)
2025-10-23 08:54:49,781 [INFO] ApiDb:427 - User favorites MCUs=[]
2025-10-23 08:54:49,781 [INFO] DbMcus:223 - Set 0 / 0 favorites MCUs
2025-10-23 08:54:50,417 [INFO] BoardInfo:880 - No configuration file found for board B-WBA5M-WPAN
2025-10-23 08:54:50,417 [INFO] DbBoards:157 - Board is not supported: B-WBA5M-WPAN
2025-10-23 08:54:50,422 [INFO] BoardInfo:880 - No configuration file found for board NUCLEO-C051C8
2025-10-23 08:54:50,422 [INFO] DbBoards:157 - Board is not supported: NUCLEO-C051C8
2025-10-23 08:54:50,432 [INFO] BoardInfo:880 - No configuration file found for board NUCLEO-C071RB
2025-10-23 08:54:50,432 [INFO] DbBoards:157 - Board is not supported: NUCLEO-C071RB
2025-10-23 08:54:50,434 [INFO] BoardInfo:880 - No configuration file found for board NUCLEO-C092RC
2025-10-23 08:54:50,434 [INFO] DbBoards:157 - Board is not supported: NUCLEO-C092RC
2025-10-23 08:54:50,498 [INFO] BoardInfo:880 - No configuration file found for board NUCLEO-H533RE
2025-10-23 08:54:50,498 [INFO] DbBoards:157 - Board is not supported: NUCLEO-H533RE
2025-10-23 08:54:50,507 [INFO] BoardInfo:880 - No configuration file found for board NUCLEO-H7S3L8
2025-10-23 08:54:50,507 [INFO] DbBoards:157 - Board is not supported: NUCLEO-H7S3L8
2025-10-23 08:54:50,526 [INFO] BoardInfo:880 - No configuration file found for board NUCLEO-N657X0-Q
2025-10-23 08:54:50,526 [INFO] DbBoards:157 - Board is not supported: NUCLEO-N657X0-Q
2025-10-23 08:54:50,528 [INFO] BoardInfo:880 - No configuration file found for board NUCLEO-U031R8
2025-10-23 08:54:50,528 [INFO] DbBoards:157 - Board is not supported: NUCLEO-U031R8
2025-10-23 08:54:50,529 [INFO] BoardInfo:880 - No configuration file found for board NUCLEO-U083RC
2025-10-23 08:54:50,529 [INFO] DbBoards:157 - Board is not supported: NUCLEO-U083RC
2025-10-23 08:54:50,531 [INFO] BoardInfo:880 - No configuration file found for board NUCLEO-U385RG-Q
2025-10-23 08:54:50,531 [INFO] DbBoards:157 - Board is not supported: NUCLEO-U385RG-Q
2025-10-23 08:54:50,535 [INFO] BoardInfo:880 - No configuration file found for board NUCLEO-WB05KZ
2025-10-23 08:54:50,535 [INFO] DbBoards:157 - Board is not supported: NUCLEO-WB05KZ
2025-10-23 08:54:50,536 [INFO] BoardInfo:880 - No configuration file found for board NUCLEO-WB07CC
2025-10-23 08:54:50,537 [INFO] DbBoards:157 - Board is not supported: NUCLEO-WB07CC
2025-10-23 08:54:50,538 [INFO] BoardInfo:880 - No configuration file found for board NUCLEO-WB09KE
2025-10-23 08:54:50,538 [INFO] DbBoards:157 - Board is not supported: NUCLEO-WB09KE
2025-10-23 08:54:50,542 [INFO] BoardInfo:880 - No configuration file found for board NUCLEO-WBA55CG
2025-10-23 08:54:50,543 [INFO] DbBoards:157 - Board is not supported: NUCLEO-WBA55CG
2025-10-23 08:54:50,544 [INFO] BoardInfo:880 - No configuration file found for board NUCLEO-WBA65RI
2025-10-23 08:54:50,544 [INFO] DbBoards:157 - Board is not supported: NUCLEO-WBA65RI
2025-10-23 08:54:50,545 [INFO] BoardInfo:880 - No configuration file found for board NUCLEO-WL33CC1
2025-10-23 08:54:50,546 [INFO] DbBoards:157 - Board is not supported: NUCLEO-WL33CC1
2025-10-23 08:54:50,547 [INFO] BoardInfo:880 - No configuration file found for board NUCLEO-WL33CC2
2025-10-23 08:54:50,547 [INFO] DbBoards:157 - Board is not supported: NUCLEO-WL33CC2
2025-10-23 08:54:50,551 [INFO] BoardInfo:880 - No configuration file found for board P-NUCLEO-WB55
2025-10-23 08:54:50,551 [INFO] DbBoards:157 - Kit is not supported: P-NUCLEO-WB55
2025-10-23 08:54:50,555 [INFO] BoardInfo:880 - No configuration file found for board STEVAL-BFA001V1B
2025-10-23 08:54:50,555 [INFO] DbBoards:157 - Kit is not supported: STEVAL-BFA001V1B
2025-10-23 08:54:50,556 [INFO] BoardInfo:880 - No configuration file found for board STEVAL-BFA001V2B
2025-10-23 08:54:50,556 [INFO] DbBoards:157 - Kit is not supported: STEVAL-BFA001V2B
2025-10-23 08:54:50,558 [INFO] BoardInfo:880 - No configuration file found for board STEVAL-MKBOXPRO
2025-10-23 08:54:50,558 [INFO] DbBoards:157 - Board is not supported: STEVAL-MKBOXPRO
2025-10-23 08:54:50,620 [INFO] BoardInfo:880 - No configuration file found for board STM32H7S78-DK
2025-10-23 08:54:50,620 [INFO] DbBoards:157 - Board is not supported: STM32H7S78-DK
2025-10-23 08:54:50,637 [INFO] BoardInfo:880 - No configuration file found for board STM32MP257F-DK
2025-10-23 08:54:50,637 [INFO] DbBoards:157 - Board is not supported: STM32MP257F-DK
2025-10-23 08:54:50,639 [INFO] BoardInfo:880 - No configuration file found for board STM32MP257F-EV1
2025-10-23 08:54:50,639 [INFO] DbBoards:157 - Board is not supported: STM32MP257F-EV1
2025-10-23 08:54:50,640 [INFO] BoardInfo:880 - No configuration file found for board STM32N6570-DK
2025-10-23 08:54:50,640 [INFO] DbBoards:157 - Board is not supported: STM32N6570-DK
2025-10-23 08:54:50,641 [INFO] BoardInfo:880 - No configuration file found for board STM32U083C-DK
2025-10-23 08:54:50,641 [INFO] DbBoards:157 - Board is not supported: STM32U083C-DK
2025-10-23 08:54:50,646 [INFO] BoardInfo:880 - No configuration file found for board STM32WBA55G-DK1
2025-10-23 08:54:50,647 [INFO] DbBoards:157 - Board is not supported: STM32WBA55G-DK1
2025-10-23 08:54:50,648 [INFO] BoardInfo:880 - No configuration file found for board STM32WBA65I-DK1
2025-10-23 08:54:50,648 [INFO] DbBoards:157 - Board is not supported: STM32WBA65I-DK1
2025-10-23 08:54:50,648 [INFO] DbBoards:161 - Found 211 boards, 183 are supported
2025-10-23 08:54:50,654 [INFO] ApiDb:423 - Load user favorites file /home/sunbeam/.stm32cubeide/favorites.boards.txt: 3 item(s)
2025-10-23 08:54:50,654 [INFO] ApiDb:427 - User favorites Boards=[NUCLEO-F446RE, STM32F407G-DISC1, STM32F411E-DISCO]
2025-10-23 08:54:50,655 [INFO] DbBoards:190 - Set 3 / 3 favorites Boards
2025-10-23 08:54:50,655 [INFO] McuFinderGlobals:76 - Set McuFinderConnectedMode to true
2025-10-23 08:54:50,665 [INFO] MultiScanPanel:200 - Auto-refresh data requested => check proxy status ongoing
2025-10-23 08:54:50,668 [INFO] FinderPluginLoader:95 - Searching for filters in installed packs
2025-10-23 08:54:52,751 [INFO] LoadUrlFilesThread:185 - End of LoadServerUrlFiles without Thread
2025-10-23 08:54:52,771 [INFO] DetailPanel:341 - Set advertising image to /home/sunbeam/STM32Cube/Repository//en.mcu-finder-stm32n6dk.jpg
2025-10-23 08:54:59,298 [ERROR] LogOutputStream:75 - [STDERR_REDIRECT] SLF4J: Failed to load class "org.slf4j.impl.StaticLoggerBinder".
2025-10-23 08:54:59,300 [ERROR] LogOutputStream:75 - [STDERR_REDIRECT] SLF4J: Defaulting to no-operation (NOP) logger implementation
2025-10-23 08:54:59,300 [ERROR] LogOutputStream:75 - [STDERR_REDIRECT] SLF4J: See http://www.slf4j.org/codes.html#StaticLoggerBinder for further details.
2025-10-23 08:55:00,399 [INFO] MultiScanPanel:200 - Auto-refresh data requested => check proxy status ongoing
2025-10-23 08:55:00,798 [INFO] LoadUrlFilesThread:185 - End of LoadServerUrlFiles without Thread
2025-10-23 08:55:00,799 [INFO] DetailPanel:341 - Set advertising image to /home/sunbeam/STM32Cube/Repository//en.mcu-finder-stm32n6dk.jpg
2025-10-23 08:55:00,818 [INFO] DbBoards:634 - Loading board mini-images...
2025-10-23 08:55:04,331 [INFO] DbBoards:657 - Loaded 211 board mini-images
2025-10-23 08:55:38,597 [INFO] MainUpdater:2868 - connection check result : 10
2025-10-23 08:55:38,598 [INFO] MainUpdater:2868 - connection check result : 10
2025-10-23 08:55:38,632 [INFO] MicroXplorer:468 - Change Database Path : 
2025-10-23 08:55:38,637 [INFO] MicroXplorer:498 - Change Database Version : DB.6.0.92
2025-10-23 08:55:38,642 [WARN] ThirdParty:871 - waiting for thirdparty lock release [close project]
2025-10-23 08:55:38,642 [INFO] ThirdParty:873 - entering critical section [close project]
2025-10-23 08:55:38,645 [INFO] ThirdParty:883 - exiting critical section [close project]
2025-10-23 08:55:38,649 [INFO] PinOutPanel:1499 - setPackage(No Configuration,No Configuration)
2025-10-23 08:55:38,663 [INFO] UtilMem:75 - Begin LoadConfig() Used Memory: 572044120 Bytes (930086912)
2025-10-23 08:55:38,672 [INFO] OpenFileManager:308 - Change cursor
2025-10-23 08:55:38,707 [INFO] ProjectFactory:402 - No CPN specified for board NUCLEO-F446RE => set CPN to STM32F446RET6
2025-10-23 08:55:38,708 [INFO] Mcu:1946 - Initializing MCU STM32F446R(C-E)Tx STM32F446RETx STM32F446RET6
2025-10-23 08:55:40,650 [INFO] Context:659 - Trying to add GPIOservice into a context  which must be forbidden
2025-10-23 08:55:41,405 [INFO] Rule:228 - rule 117617 - U5Cobra4M][GTZC] default value MPCBB3 and MPCBB5 - Not Secured memory - MPCBB1 is applicable
2025-10-23 08:55:41,406 [INFO] Rule:228 - rule 117617 - U5Cobra4M][GTZC] default value MPCBB3 and MPCBB5 - Not Secured memory - MPCBB1 is applicable
2025-10-23 08:55:41,406 [INFO] Rule:228 - rule 117617 - U5Cobra4M][GTZC] default value MPCBB3 and MPCBB5 - Not Secured memory - MPCBB2 is applicable
2025-10-23 08:55:41,406 [INFO] Rule:228 - rule 117617 - U5Cobra4M][GTZC] default value MPCBB3 and MPCBB5 - Not Secured memory - MPCBB2 is applicable
2025-10-23 08:55:41,406 [INFO] Rule:228 - rule 117617 - U5Cobra4M][GTZC] default value MPCBB3 and MPCBB5 - Not Secured memory - MPCBB3 is applicable
2025-10-23 08:55:41,406 [INFO] Rule:228 - rule 117617 - U5Cobra4M][GTZC] default value MPCBB3 and MPCBB5 - Not Secured memory - MPCBB3 is applicable
2025-10-23 08:55:41,406 [INFO] Rule:228 - rule 117617 - U5Cobra4M][GTZC] default value MPCBB3 and MPCBB5 - Not Secured memory - MPCBB4 is applicable
2025-10-23 08:55:41,406 [INFO] Rule:228 - rule 117617 - U5Cobra4M][GTZC] default value MPCBB3 and MPCBB5 - Not Secured memory - MPCBB4 is applicable
2025-10-23 08:55:41,406 [INFO] Rule:228 - rule 117617 - U5Cobra4M][GTZC] default value MPCBB3 and MPCBB5 - Secured memory - MPCBB1 is applicable
2025-10-23 08:55:41,407 [INFO] Rule:228 - rule 117617 - U5Cobra4M][GTZC] default value MPCBB3 and MPCBB5 - Secured memory - MPCBB2 is applicable
2025-10-23 08:55:41,407 [INFO] Rule:228 - rule 117617 - U5Cobra4M][GTZC] default value MPCBB3 and MPCBB5 - Secured memory - MPCBB3 is applicable
2025-10-23 08:55:41,407 [INFO] Rule:228 - rule 117617 - U5Cobra4M][GTZC] default value MPCBB3 and MPCBB5 - Secured memory - MPCBB4 is applicable
2025-10-23 08:55:41,407 [INFO] Rule:228 - rule 117617 - U5Cobra4M][GTZC] default value MPCBB3 and MPCBB5 - Privileged memory - MPCBB1 is applicable
2025-10-23 08:55:41,407 [INFO] Rule:228 - rule 117617 - U5Cobra4M][GTZC] default value MPCBB3 and MPCBB5 - Privileged memory - MPCBB2 is applicable
2025-10-23 08:55:41,407 [INFO] Rule:228 - rule 117617 - U5Cobra4M][GTZC] default value MPCBB3 and MPCBB5 - Privileged memory - MPCBB3 is applicable
2025-10-23 08:55:41,407 [INFO] Rule:228 - rule 117617 - U5Cobra4M][GTZC] default value MPCBB3 and MPCBB5 - Privileged memory - MPCBB4 is applicable
2025-10-23 08:55:41,407 [INFO] Rule:228 - rule 117617 - U5Cobra4M][GTZC] default value MPCBB3 and MPCBB5 - Not Privileged memory - MPCBB1 is applicable
2025-10-23 08:55:41,407 [INFO] Rule:228 - rule 117617 - U5Cobra4M][GTZC] default value MPCBB3 and MPCBB5 - Not Privileged memory - MPCBB2 is applicable
2025-10-23 08:55:41,407 [INFO] Rule:228 - rule 117617 - U5Cobra4M][GTZC] default value MPCBB3 and MPCBB5 - Not Privileged memory - MPCBB3 is applicable
2025-10-23 08:55:41,407 [INFO] Rule:228 - rule 117617 - U5Cobra4M][GTZC] default value MPCBB3 and MPCBB5 - Not Privileged memory - MPCBB4 is applicable
2025-10-23 08:55:41,407 [INFO] Rule:228 - rule 117617 - U5Cobra4M][GTZC] default value MPCBB3 and MPCBB5 - Privileged memory - MPCBB1 is applicable
2025-10-23 08:55:41,408 [INFO] Rule:228 - rule 117617 - U5Cobra4M][GTZC] default value MPCBB3 and MPCBB5 - Privileged memory - MPCBB2 is applicable
2025-10-23 08:55:41,408 [INFO] Rule:228 - rule 117617 - U5Cobra4M][GTZC] default value MPCBB3 and MPCBB5 - Privileged memory - MPCBB3 is applicable
2025-10-23 08:55:41,408 [INFO] Rule:228 - rule 117617 - U5Cobra4M][GTZC] default value MPCBB3 and MPCBB5 - Privileged memory - MPCBB4 is applicable
2025-10-23 08:55:41,408 [INFO] Rule:228 - rule 117617 - U5Cobra4M][GTZC] default value MPCBB3 and MPCBB5 - Privileged memory - MPCBB1 is applicable
2025-10-23 08:55:41,408 [INFO] Rule:228 - rule 117617 - U5Cobra4M][GTZC] default value MPCBB3 and MPCBB5 - Privileged memory - MPCBB2 is applicable
2025-10-23 08:55:41,408 [INFO] Rule:228 - rule 117617 - U5Cobra4M][GTZC] default value MPCBB3 and MPCBB5 - Privileged memory - MPCBB3 is applicable
2025-10-23 08:55:41,408 [INFO] Rule:228 - rule 117617 - U5Cobra4M][GTZC] default value MPCBB3 and MPCBB5 - Privileged memory - MPCBB4 is applicable
2025-10-23 08:55:41,408 [INFO] Rule:228 - rule 117617 - U5Cobra4M][GTZC] default value MPCBB3 and MPCBB5 - Not Privileged memory - MPCBB1 is applicable
2025-10-23 08:55:41,408 [INFO] Rule:228 - rule 117617 - U5Cobra4M][GTZC] default value MPCBB3 and MPCBB5 - Not Privileged memory - MPCBB2 is applicable
2025-10-23 08:55:41,408 [INFO] Rule:228 - rule 117617 - U5Cobra4M][GTZC] default value MPCBB3 and MPCBB5 - Not Privileged memory - MPCBB3 is applicable
2025-10-23 08:55:41,408 [INFO] Rule:228 - rule 117617 - U5Cobra4M][GTZC] default value MPCBB3 and MPCBB5 - Not Privileged memory - MPCBB4 is applicable
2025-10-23 08:55:41,408 [INFO] Rule:228 - rule 117617 - U5Cobra4M][GTZC] default value MPCBB3 and MPCBB5 - Privileged memory - MPCBB1 is applicable
2025-10-23 08:55:41,409 [INFO] Rule:228 - rule 117617 - U5Cobra4M][GTZC] default value MPCBB3 and MPCBB5 - Privileged memory - MPCBB2 is applicable
2025-10-23 08:55:41,409 [INFO] Rule:228 - rule 117617 - U5Cobra4M][GTZC] default value MPCBB3 and MPCBB5 - Privileged memory - MPCBB3 is applicable
2025-10-23 08:55:41,409 [INFO] Rule:228 - rule 117617 - U5Cobra4M][GTZC] default value MPCBB3 and MPCBB5 - Privileged memory - MPCBB4 is applicable
2025-10-23 08:55:41,409 [INFO] Rule:228 - rule Rename SubGHz_Phy SUBGHZ_APPLICATION SUBGHZ_PINGPONG to SUBGHZ_ADV_APPLICATION is applicable
2025-10-23 08:55:41,409 [INFO] Rule:228 - rule Rename Enabled to IBEACON is applicable
2025-10-23 08:55:41,409 [INFO] Rule:228 - rule GTZC_S instance for project manager is applicable
2025-10-23 08:55:41,409 [INFO] Rule:228 - rule GTZC_S instance for context M33S is applicable
2025-10-23 08:55:41,409 [INFO] Rule:228 - rule GTZC_S instance value for IP GTZC is applicable
2025-10-23 08:55:41,409 [INFO] Rule:228 - rule GTZC_S instance for mcu.IP is applicable
2025-10-23 08:55:41,409 [INFO] Rule:228 - rule GTZC_S instance for VP is applicable
2025-10-23 08:55:41,409 [INFO] Rule:228 - rule GTZC_S instance for signal is applicable
2025-10-23 08:55:41,409 [INFO] Rule:228 - rule GTZC_S instance for mcu.Pin is applicable
2025-10-23 08:55:41,410 [INFO] Rule:228 - rule GTZC_S instance for VP is applicable
2025-10-23 08:55:41,410 [INFO] Rule:228 - rule GTZC_S instance for signal is applicable
2025-10-23 08:55:41,410 [INFO] Rule:228 - rule GTZC_S instance for mcu is applicable
2025-10-23 08:55:41,410 [INFO] Rule:228 - rule GTZC_S instance for mcu.Pin is applicable
2025-10-23 08:55:41,410 [INFO] Rule:228 - rule GTZC_S instance value for IP GTZC is applicable
2025-10-23 08:55:41,410 [INFO] Rule:228 - rule GTZC_S instance for project manager is applicable
2025-10-23 08:55:41,410 [INFO] Rule:228 - rule GTZC_S instance for context M33S is applicable
2025-10-23 08:55:41,410 [INFO] Rule:228 - rule GTZC_S instance for VP is applicable
2025-10-23 08:55:41,410 [INFO] Rule:228 - rule GTZC_S instance for signal is applicable
2025-10-23 08:55:41,410 [INFO] Rule:228 - rule SPDIFRX instance for mcu is applicable
2025-10-23 08:55:41,410 [INFO] Rule:228 - rule Rename Tracer Mode is applicable
2025-10-23 08:55:41,410 [INFO] Rule:228 - rule SPDIFRX instance value for IP SPDIFRX is applicable
2025-10-23 08:55:41,411 [INFO] Rule:228 - rule SPDIFRX instance for signal is applicable
2025-10-23 08:55:41,411 [INFO] Rule:228 - rule SPDIFRX instance for project manager is applicable
2025-10-23 08:55:41,411 [INFO] Rule:228 - rule SPDIFRX instance for project manager is applicable
2025-10-23 08:55:41,412 [INFO] Rule:228 - rule ADC Scan  fix with FW F7 is applicable
2025-10-23 08:55:41,412 [INFO] Rule:228 - rule ADC Scan  fix with FW F7 is applicable
2025-10-23 08:55:41,412 [INFO] Rule:228 - rule WakeUp0 Mode is applicable
2025-10-23 08:55:41,412 [INFO] Rule:228 - rule WakeUp0 SIGNAL is applicable
2025-10-23 08:55:41,412 [INFO] Rule:228 - rule WakeUp1 Mode is applicable
2025-10-23 08:55:41,412 [INFO] Rule:228 - rule WakeUp1 SIGNAL is applicable
2025-10-23 08:55:41,412 [INFO] Rule:228 - rule WakeUp2 Mode is applicable
2025-10-23 08:55:41,412 [INFO] Rule:228 - rule WakeUp2 SIGNAL is applicable
2025-10-23 08:55:41,412 [INFO] Rule:228 - rule WakeUp4 Mode is applicable
2025-10-23 08:55:41,413 [INFO] Rule:228 - rule WakeUp4 SIGNAL is applicable
2025-10-23 08:55:41,413 [INFO] Rule:228 - rule WakeUp5 Mode is applicable
2025-10-23 08:55:41,413 [INFO] Rule:228 - rule WakeUp5 SIGNAL is applicable
2025-10-23 08:55:41,413 [INFO] Rule:228 - rule Add RTC Activate Clock Source is applicable
2025-10-23 08:55:41,413 [INFO] Rule:228 - rule Add RTC Activate Calendar 1 is applicable
2025-10-23 08:55:41,413 [INFO] Rule:228 - rule Add RTC Activate Calendar 2 is applicable
2025-10-23 08:55:41,413 [INFO] Rule:228 - rule Add RTC Activate Calendar 3 is applicable
2025-10-23 08:55:41,413 [INFO] Rule:228 - rule UART/USART TX Mode is applicable
2025-10-23 08:55:41,413 [INFO] Rule:228 - rule UART/USART RX Mode is applicable
2025-10-23 08:55:41,413 [INFO] Rule:228 - rule UART/USART RX TX Mode is applicable
2025-10-23 08:55:41,413 [INFO] Rule:228 - rule UART/USART PARITY NONE is applicable
2025-10-23 08:55:41,414 [INFO] Rule:228 - rule UART/USART PARITY EVEN is applicable
2025-10-23 08:55:41,414 [INFO] Rule:228 - rule UART/USART PARITY ODD is applicable
2025-10-23 08:55:41,414 [INFO] Rule:228 - rule USART StopBits 1 is applicable
2025-10-23 08:55:41,414 [INFO] Rule:228 - rule USART StopBits 2 is applicable
2025-10-23 08:55:41,414 [INFO] Rule:228 - rule USART StopBits 1.5 is applicable
2025-10-23 08:55:41,414 [INFO] Rule:228 - rule USART StopBits 0.5 is applicable
2025-10-23 08:55:41,414 [INFO] Rule:228 - rule UART/USART WORD LENGTH 7 is applicable
2025-10-23 08:55:41,415 [INFO] Rule:228 - rule UART/USART WORD LENGTH 8 is applicable
2025-10-23 08:55:41,415 [INFO] Rule:228 - rule UART/USART WORD LENGTH 9 is applicable
2025-10-23 08:55:41,415 [INFO] Rule:228 - rule Rename FMC NAND NCE signal is applicable
2025-10-23 08:55:41,415 [INFO] Rule:228 - rule Rename FMC NAND INT signal is applicable
2025-10-23 08:55:41,415 [INFO] Rule:228 - rule Change Default Value for LSE Drive Capability for WB family is applicable
2025-10-23 08:55:41,415 [INFO] Rule:228 - rule Change Default Value for ADC Clock Prescaler G0 family is applicable
2025-10-23 08:55:41,415 [INFO] Rule:228 - rule Change Default Value for ADC ExternalTrigConv L4 family is applicable
2025-10-23 08:55:41,415 [INFO] Rule:228 - rule Change Default Value for ADC ExternalTrigInjecConv L4 family is applicable
2025-10-23 08:55:41,415 [INFO] Rule:228 - rule Change Default Value for ADC ExternalTrigConv F3 family is applicable
2025-10-23 08:55:41,415 [INFO] Rule:228 - rule Change Default Value for ADC ExternalTrigInjecConv F3 family is applicable
2025-10-23 08:55:41,415 [INFO] Rule:228 - rule Change Default Value for ADC ExternalTrigConv Goldfish serie is applicable
2025-10-23 08:55:41,415 [INFO] Rule:228 - rule Change Default Value for ADC ExternalTrigInjecConv Goldfish serie is applicable
2025-10-23 08:55:41,415 [INFO] Rule:228 - rule Change Default Value for ADC ExternalTrigConv L0 family is applicable
2025-10-23 08:55:41,416 [INFO] Rule:228 - rule Change Default Value for ADC ExternalTrigConv F0 family is applicable
2025-10-23 08:55:41,416 [INFO] Rule:228 - rule Change Default Value for ADC ExternalTrigConvn L1 family is applicable
2025-10-23 08:55:41,416 [INFO] Rule:228 - rule Change Default Value for ADC ExternalTrigInjecConv L1 family is applicable
2025-10-23 08:55:41,416 [INFO] Rule:228 - rule Change Default Value for ADC ExternalTrigConv F1 family is applicable
2025-10-23 08:55:41,416 [INFO] Rule:228 - rule Change Default Value for ADC ExternalTrigInjecConv F1 family is applicable
2025-10-23 08:55:41,416 [INFO] Rule:228 - rule Change Default Value for ADC ExternalTrigConv F7 family is applicable
2025-10-23 08:55:41,416 [INFO] Rule:228 - rule Change Default Value for ADC ExternalTrigInjecConv F7 family is applicable
2025-10-23 08:55:41,416 [INFO] Rule:228 - rule Change Default Value for ADC ExternalTrigConv F4 and F2 family is applicable
2025-10-23 08:55:41,416 [INFO] Rule:228 - rule Change Default Value for ADC ExternalTrigInjecConv F4 and F2 family is applicable
2025-10-23 08:55:41,416 [INFO] Rule:228 - rule ADC SamplingTime fix with FW L0  is applicable
2025-10-23 08:55:41,416 [INFO] Rule:228 - rule ADC SamplingTime fix with FW L0  is applicable
2025-10-23 08:55:41,416 [INFO] Rule:228 - rule ADC SamplingTime fix with FW L0 is applicable
2025-10-23 08:55:41,416 [INFO] Rule:228 - rule ADC SamplingTime fix with FW L0 is applicable
2025-10-23 08:55:41,417 [INFO] Rule:228 - rule ADC SamplingTime fix with FW L0  is applicable
2025-10-23 08:55:41,417 [INFO] Rule:228 - rule ADC SamplingTime fix with FW L0 is applicable
2025-10-23 08:55:41,417 [INFO] Rule:228 - rule Rename USB_OE Signal is applicable
2025-10-23 08:55:41,417 [INFO] Rule:228 - rule Rename Activate_OE Mode is applicable
2025-10-23 08:55:41,417 [INFO] Rule:228 - rule Rename DIE462/DIE415 pin PC14/OSC32_IN -> PC14-OSC32_IN (PC14) is applicable
2025-10-23 08:55:41,417 [INFO] Rule:228 - rule Rename DIE462/DIE415 pin PC15/OSC32_OUT -> PC15-OSC32_OUT (PC15) is applicable
2025-10-23 08:55:41,417 [INFO] Rule:228 - rule Rename DIE462/DIE415 pin PH0/OSC_IN -> PH0-OSC_IN (PH0) is applicable
2025-10-23 08:55:41,417 [INFO] Rule:228 - rule Rename DIE462/DIE415 pin PH1/OSC_OUT -> PH1-OSC_OUT (PH1) is applicable
2025-10-23 08:55:41,417 [INFO] Rule:228 - rule Rename DIE462 pin PA13 -> PA13 (JTMS/SWDIO) is applicable
2025-10-23 08:55:41,417 [INFO] Rule:228 - rule Rename DIE415 pin PA13 -> PA13 (JTMS/SWDIO) is applicable
2025-10-23 08:55:41,417 [INFO] Rule:228 - rule Rename DIE462 pin PA14 -> PA14 (JTCK/SWCLK) is applicable
2025-10-23 08:55:41,417 [INFO] Rule:228 - rule Rename DIE415 pin PA14 -> PA14 (JTCK/SWCLK) is applicable
2025-10-23 08:55:41,418 [INFO] Rule:228 - rule Rename DIE462/DIE415 pin PA15 -> PA15 (JTDI) is applicable
2025-10-23 08:55:41,418 [INFO] Rule:228 - rule Rename DIE462 pin PB3 -> PB3 (JTD0/TRACESWO) is applicable
2025-10-23 08:55:41,418 [INFO] Rule:228 - rule Rename DIE415 pin PB3 -> PB3 (JTD0-TRACESWO) is applicable
2025-10-23 08:55:41,418 [INFO] Rule:228 - rule Rename DIE462/DIE415 pin PB4 -> PB4 (NJTRST) is applicable
2025-10-23 08:55:41,418 [INFO] Rule:228 - rule Rename DIE462 pin PH3/BOOT0 -> PH3-BOOT0 (BOOT0) is applicable
2025-10-23 08:55:41,418 [INFO] Rule:228 - rule Rename CRYP DataEncryptionTypesList to Algorithm is applicable
2025-10-23 08:55:41,418 [INFO] Rule:228 - rule Rename AES DataEncryptionTypesList to Algorithm is applicable
2025-10-23 08:55:41,418 [INFO] Rule:228 - rule Rename TDESECB to CRYP_TDES_ECB is applicable
2025-10-23 08:55:41,418 [INFO] Rule:228 - rule Rename TDESCBC to CRYP_TDES_CBC is applicable
2025-10-23 08:55:41,418 [INFO] Rule:228 - rule Rename DESECB to CRYP_DES_ECB is applicable
2025-10-23 08:55:41,418 [INFO] Rule:228 - rule Rename DESCBC to CRYP_DES_CBC is applicable
2025-10-23 08:55:41,418 [INFO] Rule:228 - rule Rename AESECB to CRYP_AES_ECB is applicable
2025-10-23 08:55:41,418 [INFO] Rule:228 - rule Rename AESCBC to CRYP_AES_CBC is applicable
2025-10-23 08:55:41,419 [INFO] Rule:228 - rule Rename AESCTR to CRYP_AES_CTR is applicable
2025-10-23 08:55:41,419 [INFO] Rule:228 - rule Rename AESGCM to CRYP_AES_GCM is applicable
2025-10-23 08:55:41,419 [INFO] Rule:228 - rule Rename AESCCM to CRYP_AES_CCM is applicable
2025-10-23 08:55:41,419 [INFO] Rule:228 - rule Rename CAN TimeSeg1 to BS1 is applicable
2025-10-23 08:55:41,419 [INFO] Rule:228 - rule Rename CAN TimeSeg2 to BS2 is applicable
2025-10-23 08:55:41,419 [INFO] Rule:228 - rule Rename CAN SyncJumpWidth to SJW is applicable
2025-10-23 08:55:41,419 [INFO] Rule:228 - rule TimeTriggeredMode to TTCM is applicable
2025-10-23 08:55:41,419 [INFO] Rule:228 - rule Rename CAN AutoBusOff to ABOM is applicable
2025-10-23 08:55:41,419 [INFO] Rule:228 - rule Rename CAN AutoWakeUp to AWUM is applicable
2025-10-23 08:55:41,419 [INFO] Rule:228 - rule Rename CAN AutoRetransmission to NART is applicable
2025-10-23 08:55:41,419 [INFO] Rule:228 - rule Rename CAN ReceiveFifoLocked to RFLM is applicable
2025-10-23 08:55:41,419 [INFO] Rule:228 - rule Rename CAN TransmitFifoPriority to TXFP is applicable
2025-10-23 08:55:41,419 [INFO] Rule:228 - rule Rename HRTIMER HRTIM_OUTPUTFAULTLEVEL_HIGH in HRTIMER HRTIM_OUTPUTFAULTLEVEL_HIGHZ is applicable
2025-10-23 08:55:41,420 [INFO] Rule:228 - rule Rename TIMER TIM_CLEARINPUTSOURCE_OCREFCLR in  TIMER TIM_CLEARINPUTSOURCE_NONE for F7 family is applicable
2025-10-23 08:55:41,420 [INFO] Rule:228 - rule FDCAN_R1 - Rename FDCAN mode Master into Classic is applicable
2025-10-23 08:55:41,420 [INFO] Rule:228 - rule FDCAN_R2 - Rename FDCAN mode Slave into Classic is applicable
2025-10-23 08:55:41,420 [INFO] Rule:228 - rule FDCAN1_R3 - if PA10.Mode=FullDuplex, add Pin PA12 is applicable
2025-10-23 08:55:41,420 [INFO] Rule:228 - rule FDCAN1_R3 - if PA9.Mode=FullDuplex, add Pin PA11 is applicable
2025-10-23 08:55:41,420 [INFO] Rule:228 - rule FDCAN1_R3 - Alternatepin_1 - if PE1.Mode=FullDuplex, add Pin PB9 is applicable
2025-10-23 08:55:41,420 [INFO] Rule:228 - rule FDCAN1_R3 - Alternatepin_1 - if PE0.Mode=FullDuplex, add Pin PB8 is applicable
2025-10-23 08:55:41,420 [INFO] Rule:228 - rule FDCAN1_R3 - Alternatepin_2 - if PD5.Mode=FullDuplex, add Pin PD1 is applicable
2025-10-23 08:55:41,420 [INFO] Rule:228 - rule FDCAN1_R3 - Alternatepin_2 - if PD4.Mode=FullDuplex, add Pin PD0 is applicable
2025-10-23 08:55:41,420 [INFO] Rule:228 - rule FDCAN1_R4 - Rename Mode FullDuplex into Enable FDCAN_TXFD for pin PA10 is applicable
2025-10-23 08:55:41,420 [INFO] Rule:228 - rule FDCAN1_R4 - Rename Mode FullDuplex into Enable FDCAN_TXFD for pin PA9 is applicable
2025-10-23 08:55:41,420 [INFO] Rule:228 - rule FDCAN1_R4 - Alternatepin_1 - Rename Mode FullDuplex into Enable FDCAN_TXFD for pin PE1 is applicable
2025-10-23 08:55:41,421 [INFO] Rule:228 - rule FDCAN1_R4 - Alternatepin_1 - Rename Mode FullDuplex into Enable FDCAN_TXFD for pin PE0 is applicable
2025-10-23 08:55:41,421 [INFO] Rule:228 - rule FDCAN1_R4 - Alternatepin_2 - Rename Mode FullDuplex into Enable FDCAN_TXFD for pin PD5 is applicable
2025-10-23 08:55:41,421 [INFO] Rule:228 - rule FDCAN1_R4 - Alternatepin_2 - Rename Mode FullDuplex into Enable FDCAN_TXFD for pin PD4 is applicable
2025-10-23 08:55:41,421 [INFO] Rule:228 - rule FDCAN2_R3 - if PD10.Mode=FullDuplex, add Pin PB13 is applicable
2025-10-23 08:55:41,421 [INFO] Rule:228 - rule FDCAN2_R3 - if PD9.Mode=FullDuplex, add Pin PB12 is applicable
2025-10-23 08:55:41,421 [INFO] Rule:228 - rule FDCAN2_R3 - Alternatepin_1 - if PB7.Mode=FullDuplex, add Pin PB6 is applicable
2025-10-23 08:55:41,421 [INFO] Rule:228 - rule FDCAN2_R3 - Alternatepin_1 - if PD9.Mode=FullDuplex, add Pin PB12 is applicable
2025-10-23 08:55:41,421 [INFO] Rule:228 - rule FDCAN2_R4 - Rename Mode FullDuplex into Enable FDCAN_TXFD for pin PD10 is applicable
2025-10-23 08:55:41,421 [INFO] Rule:228 - rule FDCAN2_R4 - Rename Mode FullDuplex into Enable FDCAN_TXFD for pin PD9 is applicable
2025-10-23 08:55:41,421 [INFO] Rule:228 - rule FDCAN2_R4 - Alternatepin_1 - Rename Mode FullDuplex into Enable FDCAN_TXFD for pin PB7 is applicable
2025-10-23 08:55:41,421 [INFO] Rule:228 - rule FDCAN2_R4 - Alternatepin_1 - Rename Mode FullDuplex into Enable FDCAN_TXFD for pin PD6 is applicable
2025-10-23 08:55:41,421 [INFO] Rule:228 - rule USART TxPinLevelInvertParam Mode is applicable
2025-10-23 08:55:41,421 [INFO] Rule:228 - rule USART RxPinLevelInvertParam Mode is applicable
2025-10-23 08:55:41,421 [INFO] Rule:228 - rule USART DataInvertParam Mode is applicable
2025-10-23 08:55:41,422 [INFO] Rule:228 - rule USART SwapParam Mode is applicable
2025-10-23 08:55:41,422 [INFO] Rule:228 - rule USART OverrunDisableParam Mode is applicable
2025-10-23 08:55:41,422 [INFO] Rule:228 - rule USART DMADisableonRxErrorParam Mode is applicable
2025-10-23 08:55:41,422 [INFO] Rule:228 - rule USART MSBFirstParam Mode is applicable
2025-10-23 08:55:41,422 [INFO] Rule:228 - rule Update MwName for USB_DEVICE is applicable
2025-10-23 08:55:41,422 [INFO] Rule:228 - rule Change PWR_Regulator_Voltage_Scale Default Value for RCC  H7 family is applicable
2025-10-23 08:55:41,422 [INFO] Rule:228 - rule UART/USART IPParameter rename Prescaler parameter to ClockPrescaler is applicable
2025-10-23 08:55:41,422 [INFO] Rule:228 - rule UART/USART Prescaler rename Prescaler parameter to ClockPrescaler is applicable
2025-10-23 08:55:41,422 [INFO] Rule:228 - rule TIM1CLockSelection is applicable
2025-10-23 08:55:41,422 [INFO] Rule:228 - rule TIM15CLockSelection is applicable
2025-10-23 08:55:41,422 [INFO] Rule:228 - rule align RCC SDMMC3CLockSelection default value on MP1 is applicable
2025-10-23 08:55:41,422 [INFO] Rule:228 - rule align RCC SDMMC12CLockSelection default value on MP1 is applicable
2025-10-23 08:55:41,423 [INFO] Rule:228 - rule align RCC QSPICLockSelection default value on MP1 is applicable
2025-10-23 08:55:41,423 [INFO] Rule:228 - rule align RCC QSPICLockSelection default value on MP1 is applicable
2025-10-23 08:55:41,423 [INFO] Rule:228 - rule align RCC SPI6CLockSelection default value on MP1 is applicable
2025-10-23 08:55:41,423 [INFO] Rule:228 - rule align RCC LPTIM23CLockSelection default value on MP1 is applicable
2025-10-23 08:55:41,423 [INFO] Rule:228 - rule align RCC LPTIM1CLockSelection default value on MP1 is applicable
2025-10-23 08:55:41,423 [INFO] Rule:228 - rule align RCC USART1CLockSelection default value on MP1 is applicable
2025-10-23 08:55:41,423 [INFO] Rule:228 - rule align RCC USART24CLockSelection default value on MP1 is applicable
2025-10-23 08:55:41,423 [INFO] Rule:228 - rule align RCC USART6CLockSelection default value on MP1 is applicable
2025-10-23 08:55:41,423 [INFO] Rule:228 - rule align RCC UART78CLockSelection default value on MP1 is applicable
2025-10-23 08:55:41,423 [INFO] Rule:228 - rule align RCC USART35CLockSelection default value on MP1 is applicable
2025-10-23 08:55:41,423 [INFO] Rule:228 - rule align RCC SPI45CLockSelection default value on MP1 is applicable
2025-10-23 08:55:41,423 [INFO] Rule:228 - rule align RCC I2C46CLockSelection BCLK value on MP1 is applicable
2025-10-23 08:55:41,423 [INFO] Rule:228 - rule align RCC SPI45CLockSelection default value on MP1 is applicable
2025-10-23 08:55:41,423 [INFO] Rule:228 - rule align RCC I2C12CLockSelection default value on MP1 is applicable
2025-10-23 08:55:41,423 [INFO] Rule:228 - rule align RCC I2C35CLockSelection default value on MP1 is applicable
2025-10-23 08:55:41,424 [INFO] Rule:228 - rule align RCC LPTIM45CLockSelection default value on MP1 is applicable
2025-10-23 08:55:41,424 [INFO] Rule:228 - rule Rename DCMI PIXCK signal is applicable
2025-10-23 08:55:41,424 [INFO] Rule:228 - rule Change Default Value for I2C46CLockSelection MP1 family is applicable
2025-10-23 08:55:41,424 [INFO] Rule:228 - rule Change Default Value for UART for G4, G0 and WB families is applicable
2025-10-23 08:55:41,424 [INFO] Rule:228 - rule Change Default Value for USART for G4, G0 and WB families is applicable
2025-10-23 08:55:41,424 [INFO] Rule:228 - rule Change Default Value for USART for G4 family is applicable
2025-10-23 08:55:41,424 [INFO] Rule:228 - rule Change USART1CLockSelection refparam name for MP1 is applicable
2025-10-23 08:55:41,424 [INFO] Rule:228 - rule Change USART2CLockSelection refparam name for MP1 is applicable
2025-10-23 08:55:41,424 [INFO] Rule:228 - rule Change USART3CLockSelection refparam name for MP1 is applicable
2025-10-23 08:55:41,424 [INFO] Rule:228 - rule Change UART4CLockSelection refparam name for MP1 is applicable
2025-10-23 08:55:41,424 [INFO] Rule:228 - rule Change UART5CLockSelection refparam name for MP1 is applicable
2025-10-23 08:55:41,424 [INFO] Rule:228 - rule Change LPUART1CLockSelection refparam name for MP1 is applicable
2025-10-23 08:55:41,424 [INFO] Rule:228 - rule Change LPTIM1CLockSelection refparam name for MP1 is applicable
2025-10-23 08:55:41,425 [INFO] Rule:228 - rule Change LPTIM2CLockSelection refparam name for MP1 is applicable
2025-10-23 08:55:41,425 [INFO] Rule:228 - rule Change RCC_MCO1Source refparam name for MP1 is applicable
2025-10-23 08:55:41,425 [INFO] Rule:228 - rule Change LSCOSource1 refparam name for MP1 is applicable
2025-10-23 08:55:41,425 [INFO] Rule:228 - rule Change SMPSCLockSelection refparam name for MP1 is applicable
2025-10-23 08:55:41,425 [INFO] Rule:228 - rule Change LPTIM3CLockSelection refparam name for MP1 is applicable
2025-10-23 08:55:41,425 [INFO] Rule:228 - rule Change MPCBB* Default Template Mode to Parameters is applicable
2025-10-23 08:55:41,425 [INFO] Rule:228 - rule Change MPCWM* or MPCBB* Secure Mode to Parameters is applicable
2025-10-23 08:55:41,425 [INFO] Rule:228 - rule Change MPCWM* or MPCBB* No Secure Mode to Parameters is applicable
2025-10-23 08:55:41,425 [INFO] Rule:228 - rule Change TZSC IP Secure Mode to Parameters is applicable
2025-10-23 08:55:41,425 [INFO] Rule:228 - rule Change TZSC IP No Secure Mode to Parameters is applicable
2025-10-23 08:55:41,425 [INFO] Rule:228 - rule Change TZSC IP Privilege Mode to Parameters is applicable
2025-10-23 08:55:41,425 [INFO] Rule:228 - rule Change TZSC IP No Privilege Mode to Parameters is applicable
2025-10-23 08:55:41,426 [INFO] Rule:228 - rule Change TZIC IT Secure Mode to Parameters is applicable
2025-10-23 08:55:41,426 [INFO] Rule:228 - rule Change TZIC IT No Secure Mode to Parameters is applicable
2025-10-23 08:55:41,426 [INFO] Rule:228 - rule Add MPCBB1_NonSecureArea_Start_Address value with referenced to MPCBB1_NonSecureArea_Start value is applicable
2025-10-23 08:55:41,426 [INFO] Rule:228 - rule Add MPCBB2_NonSecureArea_Start_Address value with referenced to MPCBB2_NonSecureArea_Start value is applicable
2025-10-23 08:55:41,426 [INFO] Rule:228 - rule Add MPCWM1_NonSecureArea*_Start_Address value with referenced to MPCWM1_NonSecureArea*_Start value is applicable
2025-10-23 08:55:41,426 [INFO] Rule:228 - rule Add MPCWM2_NonSecureArea*_Start_Address value with referenced to MPCWM2_NonSecureArea*_Start value is applicable
2025-10-23 08:55:41,426 [INFO] Rule:228 - rule Add MPCWM3_NonSecureArea_Start_Address value with referenced to MPCWM3_NonSecureArea_Start value is applicable
2025-10-23 08:55:41,426 [INFO] Rule:228 - rule Change Default Value for PLL1UserDefinedConfig is applicable
2025-10-23 08:55:41,426 [INFO] Rule:228 - rule Change GPIO_PuPd Default Value for USART in async mode is applicable
2025-10-23 08:55:41,426 [INFO] Rule:228 - rule Change SMPSDivider Default Value is applicable
2025-10-23 08:55:41,426 [INFO] Rule:228 - rule OPAMP is applicable
2025-10-23 08:55:41,426 [INFO] Rule:228 - rule LPUART IPParameter rename Prescaler parameter to ClockPrescaler for STM32H7 is applicable
2025-10-23 08:55:41,426 [INFO] Rule:228 - rule LPUART IPParameter rename Prescaler parameter to ClockPrescaler for STM32H7 is applicable
2025-10-23 08:55:41,426 [INFO] Rule:228 - rule LPUART IPParameter rename Prescaler parameter to ClockPrescaler for STM32WB is applicable
2025-10-23 08:55:41,427 [INFO] Rule:228 - rule LPUART IPParameter rename Prescaler parameter to ClockPrescaler for STM32WB is applicable
2025-10-23 08:55:41,427 [INFO] Rule:228 - rule LPUART IPParameter rename Prescaler parameter to ClockPrescaler for STM32G4 is applicable
2025-10-23 08:55:41,427 [INFO] Rule:228 - rule LPUART IPParameter rename Prescaler parameter to ClockPrescaler for STM32G4 is applicable
2025-10-23 08:55:41,427 [INFO] Rule:228 - rule LPUART IPParameter rename Prescaler parameter to ClockPrescaler for STM32L5 is applicable
2025-10-23 08:55:41,427 [INFO] Rule:228 - rule LPUART IPParameter rename Prescaler parameter to ClockPrescaler for STM32L5 is applicable
2025-10-23 08:55:41,427 [INFO] Rule:228 - rule LPUART IPParameter rename Prescaler parameter to ClockPrescaler for STM32G4 is applicable
2025-10-23 08:55:41,427 [INFO] Rule:228 - rule LPUART IPParameter rename Prescaler parameter to ClockPrescaler for STM32G4 is applicable
2025-10-23 08:55:41,428 [INFO] Rule:228 - rule USB device lib V2.5.3 for L0 rename USBD_SUPPORT_USER_STRING parameter to USBD_SUPPORT_USER_STRING_DESC4 is applicable
2025-10-23 08:55:41,428 [INFO] Rule:228 - rule I2SCLockSelection clock entry align is applicable
2025-10-23 08:55:41,428 [INFO] Rule:228 - rule Assign TIMx context if used as SYS timebase is applicable
2025-10-23 08:55:41,428 [INFO] Rule:228 - rule Change GPIO_Pu Default Value for I2C is applicable
2025-10-23 08:55:41,428 [INFO] Rule:228 - rule Change GPIO_Pu Default Value for SMBus is applicable
2025-10-23 08:55:41,428 [INFO] Rule:228 - rule change FDCAN default value is applicable
2025-10-23 08:55:41,428 [INFO] Rule:228 - rule Change mode sai is applicable
2025-10-23 08:55:41,429 [INFO] Rule:228 - rule **Change sai mode is applicable
2025-10-23 08:55:41,447 [INFO] DbConfProperties:307 - Apply Compatibility (49/258 Rules)
2025-10-23 08:55:41,473 [INFO] ImportTextPane:194 - (OptionalMessage_ERROR) Unable to find key (Mcu.ThirdPartyNb) in loaded IOC file
2025-10-23 08:55:41,890 [INFO] RtosManager:555 - Registered RTOS mode: class=CMSIS, group=RTOS, mode=CMSIS_V1, owner=FREERTOS
2025-10-23 08:55:41,891 [INFO] RtosManager:555 - Registered RTOS mode: class=CMSIS, group=RTOS2, mode=CMSIS_V2, owner=FREERTOS
2025-10-23 08:55:41,891 [INFO] RtosManager:555 - Registered RTOS mode: class=RTOS, group=Core, mode=CMSIS_V1, owner=FREERTOS
2025-10-23 08:55:41,891 [INFO] RtosManager:555 - Registered RTOS mode: class=RTOS, group=Core, mode=CMSIS_V2, owner=FREERTOS
2025-10-23 08:55:41,891 [WARN] ModelIntegratedComponent:184 - Missing modes for component STMicroelectronics:FreeRTOS:0.0.1:STMicroelectronics:RTOS:FreeRTOS:Core:::10.2.0:
2025-10-23 08:55:41,900 [WARN] ModelIntegratedComponent:63 - No mode defined for component null
2025-10-23 08:55:41,900 [WARN] ModelIntegratedComponent:63 - No mode defined for component null
2025-10-23 08:55:41,900 [WARN] ModelIntegratedComponent:63 - No mode defined for component null
2025-10-23 08:55:41,901 [WARN] ModelIntegratedComponent:63 - No mode defined for component null
2025-10-23 08:55:41,901 [WARN] ModelIntegratedComponent:63 - No mode defined for component null
2025-10-23 08:55:41,901 [WARN] ModelIntegratedComponent:63 - No mode defined for component null
2025-10-23 08:55:41,901 [WARN] ModelIntegratedComponent:63 - No mode defined for component null
2025-10-23 08:55:41,901 [WARN] ModelIntegratedComponent:63 - No mode defined for component null
2025-10-23 08:55:41,901 [WARN] ModelIntegratedComponent:63 - No mode defined for component null
2025-10-23 08:55:41,901 [WARN] ModelIntegratedComponent:63 - No mode defined for component null
2025-10-23 08:55:41,901 [WARN] ModelIntegratedComponent:63 - No mode defined for component null
2025-10-23 08:55:41,901 [WARN] ModelIntegratedComponent:63 - No mode defined for component null
2025-10-23 08:55:41,901 [WARN] ModelIntegratedComponent:63 - No mode defined for component null
2025-10-23 08:55:41,901 [WARN] ModelIntegratedComponent:63 - No mode defined for component null
2025-10-23 08:55:41,901 [WARN] ModelIntegratedComponent:63 - No mode defined for component null
2025-10-23 08:55:41,901 [WARN] ModelIntegratedComponent:63 - No mode defined for component null
2025-10-23 08:55:41,901 [WARN] ModelIntegratedComponent:63 - No mode defined for component null
2025-10-23 08:55:41,901 [WARN] ModelIntegratedComponent:63 - No mode defined for component null
2025-10-23 08:55:41,902 [WARN] ModelIntegratedComponent:63 - No mode defined for component null
2025-10-23 08:55:41,902 [WARN] ModelIntegratedComponent:63 - No mode defined for component null
2025-10-23 08:55:41,902 [WARN] ModelIntegratedComponent:63 - No mode defined for component null
2025-10-23 08:55:41,902 [WARN] ModelIntegratedComponent:63 - No mode defined for component null
2025-10-23 08:55:41,902 [WARN] ModelIntegratedComponent:63 - No mode defined for component null
2025-10-23 08:55:41,902 [WARN] ModelIntegratedComponent:63 - No mode defined for component null
2025-10-23 08:55:41,902 [WARN] ModelIntegratedComponent:63 - No mode defined for component null
2025-10-23 08:55:41,902 [WARN] ModelIntegratedComponent:63 - No mode defined for component null
2025-10-23 08:55:41,902 [WARN] ModelIntegratedComponent:63 - No mode defined for component null
2025-10-23 08:55:41,902 [WARN] ModelIntegratedComponent:63 - No mode defined for component null
2025-10-23 08:55:41,902 [WARN] ModelIntegratedComponent:63 - No mode defined for component null
2025-10-23 08:55:41,902 [WARN] ModelIntegratedComponent:63 - No mode defined for component null
2025-10-23 08:55:41,902 [WARN] ModelIntegratedComponent:63 - No mode defined for component null
2025-10-23 08:55:41,902 [WARN] ModelIntegratedComponent:63 - No mode defined for component null
2025-10-23 08:55:41,902 [WARN] ModelIntegratedComponent:63 - No mode defined for component null
2025-10-23 08:55:42,269 [INFO] ThirdPartyModel:298 - Start build external matchings
2025-10-23 08:55:45,816 [INFO] ThirdPartyModel:316 - End build external matchings
2025-10-23 08:55:45,872 [INFO] ImportTextPane:194 - (OptionalMessage_ERROR) IP (RCC) : Invalid parameter (48MHZClocksFreq_Value)
2025-10-23 08:55:45,872 [INFO] ImportTextPane:194 - (OptionalMessage_ERROR) IP (RCC) : Invalid parameter (EthernetFreq_Value)
2025-10-23 08:55:45,874 [INFO] ImportTextPane:194 - (OptionalMessage_ERROR) IP (RCC) : Parameter (FLatency) has Id (AdvancedSettings) currently not set
2025-10-23 08:55:45,874 [INFO] ImportTextPane:194 - (OptionalMessage_ERROR) IP (RCC) : Invalid parameter (FamilyName)
2025-10-23 08:55:45,874 [INFO] ImportTextPane:194 - (OptionalMessage_ERROR) IP (RCC) : Invalid parameter (I2SClocksFreq_Value)
2025-10-23 08:55:45,876 [INFO] ImportTextPane:194 - (OptionalMessage_ERROR) IP (RCC) : Parameter (SDIOFreq_Value) has invalid value (168000000)
2025-10-23 08:55:45,876 [INFO] ImportTextPane:194 - (OptionalMessage_ERROR) IP (RCC) : Parameter (USBFreq_Value) has invalid value (168000000)
2025-10-23 08:55:45,877 [INFO] ImportTextPane:194 - (OptionalMessage_ERROR) IP (RCC) : Invalid parameter (VCOInputMFreq_Value)
2025-10-23 08:55:45,877 [INFO] ImportTextPane:194 - (OptionalMessage_ERROR) IP (RCC) : Invalid parameter (VcooutputI2S)
2025-10-23 08:55:46,241 [INFO] UtilMem:75 - End LoadConfig() Used Memory: 694021744 Bytes (1073741824)
2025-10-23 08:55:46,442 [WARN] ThirdParty:833 - waiting for thirdparty lock release [change project]
2025-10-23 08:55:46,443 [INFO] ThirdParty:835 - entering critical section [change project]
2025-10-23 08:55:46,443 [INFO] ThirdParty:1030 - CMSIS Pack Vendor :STMicroelectronics X-CUBE-PM33A1 1.0.0
2025-10-23 08:55:46,443 [INFO] ThirdParty:1030 - CMSIS Pack Vendor :STMicroelectronics USBPD 4.1
2025-10-23 08:55:46,444 [INFO] ThirdParty:1030 - CMSIS Pack Vendor :STMicroelectronics X-CUBE-GNSS1 6.0.0
2025-10-23 08:55:46,444 [INFO] ThirdParty:1030 - CMSIS Pack Vendor :STMicroelectronics USB_HOST 2.0.0
2025-10-23 08:55:46,444 [INFO] ThirdParty:1030 - CMSIS Pack Vendor :STMicroelectronics FP-SNS-MOTENVWB1 1.4.0
2025-10-23 08:55:46,444 [INFO] ThirdParty:1030 - CMSIS Pack Vendor :STMicroelectronics X-CUBE-AZRTOS-F4 1.1.0
2025-10-23 08:55:46,444 [INFO] ThirdParty:1030 - CMSIS Pack Vendor :STMicroelectronics LIBJPEG 8.0.0
2025-10-23 08:55:46,444 [INFO] ThirdParty:1030 - CMSIS Pack Vendor :STMicroelectronics FP-ATR-ASTRA1 2.0.2
2025-10-23 08:55:46,444 [INFO] ThirdParty:1030 - CMSIS Pack Vendor :wolfSSL I-CUBE-wolfSSL 5.6.4
2025-10-23 08:55:46,444 [INFO] ThirdParty:1030 - CMSIS Pack Vendor :STMicroelectronics FP-ATR-ASTRA1 2.0.1
2025-10-23 08:55:46,444 [INFO] ThirdParty:1030 - CMSIS Pack Vendor :STMicroelectronics X-CUBE-SMBUS 2.1.0
2025-10-23 08:55:46,444 [INFO] ThirdParty:1030 - CMSIS Pack Vendor :STMicroelectronics X-CUBE-WB05N 1.1.0
2025-10-23 08:55:46,444 [INFO] ThirdParty:1030 - CMSIS Pack Vendor :STMicroelectronics X-CUBE-ISPU 2.1.0
2025-10-23 08:55:46,444 [INFO] ThirdParty:1030 - CMSIS Pack Vendor :STMicroelectronics X-CUBE-FREERTOS 1.2.0
2025-10-23 08:55:46,444 [INFO] ThirdParty:1030 - CMSIS Pack Vendor :STMicroelectronics X-CUBE-TOUCHGFX 4.23.0
2025-10-23 08:55:46,444 [INFO] ThirdParty:1030 - CMSIS Pack Vendor :STMicroelectronics X-CUBE-NFC12 1.0.0
2025-10-23 08:55:46,444 [INFO] ThirdParty:1030 - CMSIS Pack Vendor :STMicroelectronics X-CUBE-AZRTOS-F7 1.1.0
2025-10-23 08:55:46,444 [INFO] ThirdParty:1030 - CMSIS Pack Vendor :STMicroelectronics X-CUBE-AZRTOS-L5 2.0.0
2025-10-23 08:55:46,444 [INFO] ThirdParty:1030 - CMSIS Pack Vendor :STMicroelectronics USB_DEVICE 2.0.0
2025-10-23 08:55:46,444 [INFO] ThirdParty:1030 - CMSIS Pack Vendor :STMicroelectronics X-CUBE-MEMS1 9.6.0
2025-10-23 08:55:46,444 [INFO] ThirdParty:1030 - CMSIS Pack Vendor :STMicroelectronics X-CUBE-EEPRMA1 4.2.0
2025-10-23 08:55:46,445 [INFO] ThirdParty:1030 - CMSIS Pack Vendor :STMicroelectronics X-CUBE-NFC6 3.1.0
2025-10-23 08:55:46,445 [INFO] ThirdParty:1030 - CMSIS Pack Vendor :ITTIA_DB I-CUBE-ITTIADB 8.8.0
2025-10-23 08:55:46,445 [INFO] ThirdParty:1030 - CMSIS Pack Vendor :STMicroelectronics FP-SNS-MOTENV1 4.3.2
2025-10-23 08:55:46,445 [INFO] ThirdParty:1030 - CMSIS Pack Vendor :STMicroelectronics X-CUBE-MEMS1 11.0.0
2025-10-23 08:55:46,445 [INFO] ThirdParty:1030 - CMSIS Pack Vendor :STMicroelectronics FreeRTOS 0.0.1
2025-10-23 08:55:46,445 [INFO] ThirdParty:1030 - CMSIS Pack Vendor :STMicroelectronics X-CUBE-BLEMGR 2.0.0
2025-10-23 08:55:46,445 [INFO] ThirdParty:1030 - CMSIS Pack Vendor :STMicroelectronics FP-SNS-FLIGHT1 5.0.2
2025-10-23 08:55:46,445 [INFO] ThirdParty:1030 - CMSIS Pack Vendor :STMicroelectronics X-CUBE-AI 9.0.0
2025-10-23 08:55:46,445 [INFO] ThirdParty:1030 - CMSIS Pack Vendor :STMicroelectronics X-CUBE-AZRTOS-H7 3.1.0
2025-10-23 08:55:46,445 [INFO] ThirdParty:1030 - CMSIS Pack Vendor :STMicroelectronics PDM2PCM 3.3.0
2025-10-23 08:55:46,446 [INFO] ThirdParty:1030 - CMSIS Pack Vendor :STMicroelectronics X-CUBE-AZRTOS-H7 3.4.0
2025-10-23 08:55:46,446 [INFO] ThirdParty:1030 - CMSIS Pack Vendor :STMicroelectronics X-CUBE-DISPLAY 3.0.0
2025-10-23 08:55:46,446 [INFO] ThirdParty:1030 - CMSIS Pack Vendor :STMicroelectronics X-CUBE-BLE1 7.0.0
2025-10-23 08:55:46,446 [INFO] ThirdParty:1030 - CMSIS Pack Vendor :STMicroelectronics X-CUBE-NFC10 1.0.0
2025-10-23 08:55:46,446 [INFO] ThirdParty:1030 - CMSIS Pack Vendor :STMicroelectronics X-CUBE-FREERTOS 1.3.1
2025-10-23 08:55:46,446 [INFO] ThirdParty:1030 - CMSIS Pack Vendor :STMicroelectronics HAL Drivers 0.0.0
2025-10-23 08:55:46,446 [INFO] ThirdParty:1030 - CMSIS Pack Vendor :emotas I-CUBE-CANOPEN 1.3.0
2025-10-23 08:55:46,446 [INFO] ThirdParty:1030 - CMSIS Pack Vendor :STMicroelectronics X-CUBE-FREERTOS 1.3.0
2025-10-23 08:55:46,446 [INFO] ThirdParty:1030 - CMSIS Pack Vendor :STMicroelectronics X-CUBE-NFC7 1.0.1
2025-10-23 08:55:46,446 [INFO] ThirdParty:1030 - CMSIS Pack Vendor :STMicroelectronics MBEDTLS 2.14.1
2025-10-23 08:55:46,446 [INFO] ThirdParty:1030 - CMSIS Pack Vendor :STMicroelectronics X-CUBE-TOUCHGFX 4.22.1
2025-10-23 08:55:46,446 [INFO] ThirdParty:1030 - CMSIS Pack Vendor :STMicroelectronics X-CUBE-TOUCHGFX 4.26.0
2025-10-23 08:55:46,446 [INFO] ThirdParty:1030 - CMSIS Pack Vendor :STMicroelectronics X-CUBE-NFC6 3.0.0
2025-10-23 08:55:46,446 [INFO] ThirdParty:1030 - CMSIS Pack Vendor :STMicroelectronics X-CUBE-EEPRMA1 4.1.0
2025-10-23 08:55:46,446 [INFO] ThirdParty:1030 - CMSIS Pack Vendor :STMicroelectronics X-CUBE-BLEMGR 3.1.0
2025-10-23 08:55:46,446 [INFO] ThirdParty:1030 - CMSIS Pack Vendor :STMicroelectronics X-CUBE-MEMS1 11.1.0
2025-10-23 08:55:46,446 [INFO] ThirdParty:1030 - CMSIS Pack Vendor :STMicroelectronics X-CUBE-AZRTOS-WL 2.0.0
2025-10-23 08:55:46,447 [INFO] ThirdParty:1030 - CMSIS Pack Vendor :STMicroelectronics FP-SNS-MOTENV1 5.0.0
2025-10-23 08:55:46,447 [INFO] ThirdParty:1030 - CMSIS Pack Vendor :STMicroelectronics USB_DEVICE 1.0.0
2025-10-23 08:55:46,447 [INFO] ThirdParty:1030 - CMSIS Pack Vendor :STMicroelectronics X-CUBE-AI 8.1.0
2025-10-23 08:55:46,447 [INFO] ThirdParty:1030 - CMSIS Pack Vendor :wolfSSL I-CUBE-wolfMQTT 1.19.0
2025-10-23 08:55:46,447 [INFO] ThirdParty:1030 - CMSIS Pack Vendor :STMicroelectronics X-CUBE-AZRTOS-L4 2.0.0
2025-10-23 08:55:46,447 [INFO] ThirdParty:1030 - CMSIS Pack Vendor :STMicroelectronics ThreadX 0.0.2
2025-10-23 08:55:46,447 [INFO] ThirdParty:1030 - CMSIS Pack Vendor :WES I-CUBE-Cesium 1.3.0
2025-10-23 08:55:46,447 [INFO] ThirdParty:1030 - CMSIS Pack Vendor :STMicroelectronics lwIP 2.1.2
2025-10-23 08:55:46,447 [INFO] ThirdParty:1030 - CMSIS Pack Vendor :STMicroelectronics X-CUBE-SFXS2LP1 4.0.0
2025-10-23 08:55:46,447 [INFO] ThirdParty:1030 - CMSIS Pack Vendor :STMicroelectronics X-CUBE-BLE2 3.3.0
2025-10-23 08:55:46,447 [INFO] ThirdParty:1030 - CMSIS Pack Vendor :STMicroelectronics PDM2PCM 3.2.0
2025-10-23 08:55:46,447 [INFO] ThirdParty:1030 - CMSIS Pack Vendor :STMicroelectronics X-CUBE-ISPU 1.1.0
2025-10-23 08:55:46,447 [INFO] ThirdParty:1030 - CMSIS Pack Vendor :STMicroelectronics X-CUBE-AZRTOS-H7 3.3.0
2025-10-23 08:55:46,447 [INFO] ThirdParty:1030 - CMSIS Pack Vendor :STMicroelectronics X-CUBE-NFC9 1.0.0
2025-10-23 08:55:46,447 [INFO] ThirdParty:1030 - CMSIS Pack Vendor :STMicroelectronics X-CUBE-BLE1 7.1.0
2025-10-23 08:55:46,447 [INFO] ThirdParty:1030 - CMSIS Pack Vendor :STMicroelectronics USB_DEVICE 3.0.0
2025-10-23 08:55:46,447 [INFO] ThirdParty:1030 - CMSIS Pack Vendor :STMicroelectronics X-CUBE-TCPP 4.1.0
2025-10-23 08:55:46,448 [INFO] ThirdParty:1030 - CMSIS Pack Vendor :STMicroelectronics X-CUBE-EEPRMA1 5.2.0
2025-10-23 08:55:46,448 [INFO] ThirdParty:1030 - CMSIS Pack Vendor :STMicroelectronics X-CUBE-AZRTOS-WB 2.0.0
2025-10-23 08:55:46,448 [INFO] ThirdParty:1030 - CMSIS Pack Vendor :STMicroelectronics X-CUBE-GNSS1 7.0.0
2025-10-23 08:55:46,448 [INFO] ThirdParty:1030 - CMSIS Pack Vendor :STMicroelectronics X-CUBE-GNSS1 7.0.1
2025-10-23 08:55:46,448 [INFO] ThirdParty:1030 - CMSIS Pack Vendor :STMicroelectronics X-CUBE-TOUCHGFX 4.25.0
2025-10-23 08:55:46,448 [INFO] ThirdParty:1030 - CMSIS Pack Vendor :STMicroelectronics X-CUBE-ALGOBUILD 1.3.0
2025-10-23 08:55:46,448 [INFO] ThirdParty:1030 - CMSIS Pack Vendor :STMicroelectronics X-CUBE-AZRTOS-G0 1.1.0
2025-10-23 08:55:46,448 [INFO] ThirdParty:1030 - CMSIS Pack Vendor :STMicroelectronics X-CUBE-SAFEA1 1.2.2
2025-10-23 08:55:46,448 [INFO] ThirdParty:1030 - CMSIS Pack Vendor :STMicroelectronics X-CUBE-NFC4 3.0.0
2025-10-23 08:55:46,448 [INFO] ThirdParty:1030 - CMSIS Pack Vendor :STMicroelectronics X-CUBE-SUBG2 5.0.0
2025-10-23 08:55:46,448 [INFO] ThirdParty:1030 - CMSIS Pack Vendor :STMicroelectronics X-CUBE-AZRTOS-H7RS 1.1.0
2025-10-23 08:55:46,448 [INFO] ThirdParty:1030 - CMSIS Pack Vendor :STMicroelectronics STM32_WPAN 1.0.0
2025-10-23 08:55:46,448 [INFO] ThirdParty:1030 - CMSIS Pack Vendor :STMicroelectronics lwIP 2.0.3
2025-10-23 08:55:46,448 [INFO] ThirdParty:1030 - CMSIS Pack Vendor :Cesanta I-CUBE-Mongoose 7.13.0
2025-10-23 08:55:46,448 [INFO] ThirdParty:1030 - CMSIS Pack Vendor :STMicroelectronics USB_HOST 1.0.0
2025-10-23 08:55:46,448 [INFO] ThirdParty:1030 - CMSIS Pack Vendor :STMicroelectronics X-CUBE-TOF1 3.3.1
2025-10-23 08:55:46,448 [INFO] ThirdParty:1030 - CMSIS Pack Vendor :STMicroelectronics X-CUBE-AZRTOS-G4 2.0.0
2025-10-23 08:55:46,448 [INFO] ThirdParty:1030 - CMSIS Pack Vendor :STMicroelectronics X-CUBE-WB05N 2.0.0
2025-10-23 08:55:46,448 [INFO] ThirdParty:1030 - CMSIS Pack Vendor :STMicroelectronics PDM2PCM 3.1.0
2025-10-23 08:55:46,448 [INFO] ThirdParty:1030 - CMSIS Pack Vendor :Infineon AIROC-Wi-Fi-Bluetooth-STM32 1.5.1
2025-10-23 08:55:46,448 [INFO] ThirdParty:1030 - CMSIS Pack Vendor :STMicroelectronics X-CUBE-BLEMGR 3.0.0
2025-10-23 08:55:46,448 [INFO] ThirdParty:1030 - CMSIS Pack Vendor :STMicroelectronics X-CUBE-NFC7 2.0.0
2025-10-23 08:55:46,448 [INFO] ThirdParty:1030 - CMSIS Pack Vendor :STMicroelectronics FP-SNS-MOTENVWB1 1.3.1
2025-10-23 08:55:46,448 [INFO] ThirdParty:1030 - CMSIS Pack Vendor :STMicroelectronics FP-ATR-SIGFOX1 3.2.0
2025-10-23 08:55:46,448 [INFO] ThirdParty:1030 - CMSIS Pack Vendor :STMicroelectronics X-CUBE-ISPU 2.0.0
2025-10-23 08:55:46,448 [INFO] ThirdParty:1030 - CMSIS Pack Vendor :STMicroelectronics X-CUBE-EEPRMA1 5.1.0
2025-10-23 08:55:46,448 [INFO] ThirdParty:1030 - CMSIS Pack Vendor :STMicroelectronics MBEDTLS 2.16.2
2025-10-23 08:55:46,448 [INFO] ThirdParty:1030 - CMSIS Pack Vendor :STMicroelectronics X-CUBE-ALS 1.0.2
2025-10-23 08:55:46,448 [INFO] ThirdParty:1030 - CMSIS Pack Vendor :STMicroelectronics X-CUBE-MEMS1 10.0.0
2025-10-23 08:55:46,448 [INFO] ThirdParty:1030 - CMSIS Pack Vendor :STMicroelectronics X-CUBE-FREERTOS 1.1.0
2025-10-23 08:55:46,448 [INFO] ThirdParty:1030 - CMSIS Pack Vendor :STMicroelectronics X-CUBE-TOUCHGFX 4.24.0
2025-10-23 08:55:46,449 [INFO] ThirdParty:1030 - CMSIS Pack Vendor :STMicroelectronics X-CUBE-TOUCHGFX 4.24.2
2025-10-23 08:55:46,449 [INFO] ThirdParty:1030 - CMSIS Pack Vendor :STMicroelectronics X-CUBE-TOUCHGFX 4.24.1
2025-10-23 08:55:46,449 [INFO] ThirdParty:1030 - CMSIS Pack Vendor :STMicroelectronics X-CUBE-STSE01 1.0.0
2025-10-23 08:55:46,449 [INFO] ThirdParty:1030 - CMSIS Pack Vendor :wolfSSL I-CUBE-wolfTPM 3.4.0
2025-10-23 08:55:46,449 [INFO] ThirdParty:1030 - CMSIS Pack Vendor :portGmbH I-Cube-SoM-uGOAL 1.1.0
2025-10-23 08:55:46,449 [INFO] ThirdParty:1030 - CMSIS Pack Vendor :STMicroelectronics X-CUBE-ALS 1.0.1
2025-10-23 08:55:46,449 [INFO] ThirdParty:1030 - CMSIS Pack Vendor :STMicroelectronics X-CUBE-AI 10.2.0
2025-10-23 08:55:46,449 [INFO] ThirdParty:1030 - CMSIS Pack Vendor :STMicroelectronics ThreadX 1.0.0
2025-10-23 08:55:46,449 [INFO] ThirdParty:1030 - CMSIS Pack Vendor :SEGGER I-CUBE-embOS 1.3.1
2025-10-23 08:55:46,449 [INFO] ThirdParty:1030 - CMSIS Pack Vendor :STMicroelectronics X-CUBE-ALGOBUILD 1.4.0
2025-10-23 08:55:46,449 [INFO] ThirdParty:1030 - CMSIS Pack Vendor :STMicroelectronics X-CUBE-MEMS1 11.3.0
2025-10-23 08:55:46,449 [INFO] ThirdParty:1030 - CMSIS Pack Vendor :STMicroelectronics X-CUBE-AZRTOS-H7RS 1.0.0
2025-10-23 08:55:46,449 [INFO] ThirdParty:1030 - CMSIS Pack Vendor :STMicroelectronics FP-ATR-ASTRA1 2.0.0
2025-10-23 08:55:46,449 [INFO] ThirdParty:1030 - CMSIS Pack Vendor :STMicroelectronics X-CUBE-AI 9.1.0
2025-10-23 08:55:46,449 [INFO] ThirdParty:1030 - CMSIS Pack Vendor :STMicroelectronics X-CUBE-TOF1 3.4.0
2025-10-23 08:55:46,449 [INFO] ThirdParty:1030 - CMSIS Pack Vendor :STMicroelectronics X-CUBE-AZRTOS-H7 3.2.0
2025-10-23 08:55:46,449 [INFO] ThirdParty:1030 - CMSIS Pack Vendor :wolfSSL I-CUBE-wolfSSH 1.4.17
2025-10-23 08:55:46,449 [INFO] ThirdParty:841 - exiting critical section [change project]
2025-10-23 08:55:47,014 [INFO] PinOutPanel:1499 - setPackage(No Configuration,No Configuration)
2025-10-23 08:55:47,015 [INFO] PinOutPanel:1499 - setPackage(STM32F446RETx,LQFP64)
2025-10-23 08:55:47,835 [INFO] UtilMem:75 - Before build in PCC Used Memory: 661849360 Bytes (1073741824)
2025-10-23 08:55:48,733 [INFO] UtilMem:75 - After build in PCC Used Memory: 844005344 Bytes (1073741824)
2025-10-23 08:55:48,791 [INFO] IPUIPlugin:80 - create IPUIPlugin
2025-10-23 08:55:48,792 [INFO] IPUIPlugin:80 - create IPUIPlugin
2025-10-23 08:55:48,792 [INFO] IPUIPlugin:80 - create IPUIPlugin
2025-10-23 08:55:48,792 [INFO] IPUIPlugin:80 - create IPUIPlugin
2025-10-23 08:55:48,792 [INFO] IPUIPlugin:80 - create IPUIPlugin
2025-10-23 08:55:48,792 [INFO] IPUIPlugin:80 - create IPUIPlugin
2025-10-23 08:55:48,793 [INFO] IPUIPlugin:80 - create IPUIPlugin
2025-10-23 08:55:48,793 [INFO] IPUIPlugin:80 - create IPUIPlugin
2025-10-23 08:55:48,793 [INFO] IPUIPlugin:80 - create IPUIPlugin
2025-10-23 08:55:48,794 [INFO] IPUIPlugin:80 - create IPUIPlugin
2025-10-23 08:55:48,794 [INFO] IPUIPlugin:80 - create IPUIPlugin
2025-10-23 08:55:48,794 [INFO] IPUIPlugin:80 - create IPUIPlugin
2025-10-23 08:55:48,794 [INFO] IPUIPlugin:80 - create IPUIPlugin
2025-10-23 08:55:48,794 [INFO] IPUIPlugin:80 - create IPUIPlugin
2025-10-23 08:55:48,795 [INFO] IPUIPlugin:80 - create IPUIPlugin
2025-10-23 08:55:48,795 [INFO] IPUIPlugin:80 - create IPUIPlugin
2025-10-23 08:55:48,795 [INFO] IPUIPlugin:80 - create IPUIPlugin
2025-10-23 08:55:48,795 [INFO] IPUIPlugin:80 - create IPUIPlugin
2025-10-23 08:55:48,795 [INFO] IPUIPlugin:80 - create IPUIPlugin
2025-10-23 08:55:48,795 [INFO] IPUIPlugin:80 - create IPUIPlugin
2025-10-23 08:55:48,795 [INFO] IPUIPlugin:80 - create IPUIPlugin
2025-10-23 08:55:48,796 [INFO] IPUIPlugin:80 - create IPUIPlugin
2025-10-23 08:55:48,796 [INFO] IPUIPlugin:80 - create IPUIPlugin
2025-10-23 08:55:48,796 [INFO] IPUIPlugin:80 - create IPUIPlugin
2025-10-23 08:55:48,797 [INFO] IPUIPlugin:80 - create IPUIPlugin
2025-10-23 08:55:48,797 [INFO] IPUIPlugin:80 - create IPUIPlugin
2025-10-23 08:55:48,797 [INFO] IPUIPlugin:80 - create IPUIPlugin
2025-10-23 08:55:48,797 [INFO] IPUIPlugin:80 - create IPUIPlugin
2025-10-23 08:55:48,797 [INFO] IPUIPlugin:80 - create IPUIPlugin
2025-10-23 08:55:48,798 [INFO] IPUIPlugin:80 - create IPUIPlugin
2025-10-23 08:55:48,798 [INFO] IPUIPlugin:80 - create IPUIPlugin
2025-10-23 08:55:48,798 [INFO] IPUIPlugin:80 - create IPUIPlugin
2025-10-23 08:55:48,798 [INFO] IPUIPlugin:80 - create IPUIPlugin
2025-10-23 08:55:48,799 [INFO] IPUIPlugin:80 - create IPUIPlugin
2025-10-23 08:55:48,799 [INFO] IPUIPlugin:80 - create IPUIPlugin
2025-10-23 08:55:48,799 [INFO] IPUIPlugin:80 - create IPUIPlugin
2025-10-23 08:55:48,799 [INFO] IPUIPlugin:80 - create IPUIPlugin
2025-10-23 08:55:48,799 [INFO] IPUIPlugin:80 - create IPUIPlugin
2025-10-23 08:55:48,800 [INFO] IPUIPlugin:80 - create IPUIPlugin
2025-10-23 08:55:48,800 [INFO] IPUIPlugin:80 - create IPUIPlugin
2025-10-23 08:55:48,800 [INFO] IPUIPlugin:80 - create IPUIPlugin
2025-10-23 08:55:48,800 [INFO] IPUIPlugin:80 - create IPUIPlugin
2025-10-23 08:55:48,800 [INFO] IPUIPlugin:80 - create IPUIPlugin
2025-10-23 08:55:48,800 [INFO] IPUIPlugin:80 - create IPUIPlugin
2025-10-23 08:55:48,800 [INFO] IPUIPlugin:80 - create IPUIPlugin
2025-10-23 08:55:48,800 [INFO] IPUIPlugin:80 - create IPUIPlugin
2025-10-23 08:55:48,800 [INFO] IPUIPlugin:80 - create IPUIPlugin
2025-10-23 08:55:48,800 [INFO] IPUIPlugin:80 - create IPUIPlugin
2025-10-23 08:55:48,800 [INFO] IPUIPlugin:80 - create IPUIPlugin
2025-10-23 08:55:48,801 [INFO] IPUIPlugin:80 - create IPUIPlugin
2025-10-23 08:55:48,801 [INFO] IPUIPlugin:80 - create IPUIPlugin
2025-10-23 08:55:48,802 [INFO] IPUIPlugin:80 - create IPUIPlugin
2025-10-23 08:55:48,802 [INFO] IPUIPlugin:80 - create IPUIPlugin
2025-10-23 08:55:48,803 [INFO] IPUIPlugin:80 - create IPUIPlugin
2025-10-23 08:55:48,803 [INFO] IPUIPlugin:80 - create IPUIPlugin
2025-10-23 08:55:48,804 [INFO] IPUIPlugin:80 - create IPUIPlugin
2025-10-23 08:55:48,804 [INFO] IPUIPlugin:80 - create IPUIPlugin
2025-10-23 08:55:48,806 [INFO] IPUIPlugin:80 - create IPUIPlugin
2025-10-23 08:55:48,806 [INFO] IPUIPlugin:80 - create IPUIPlugin
2025-10-23 08:55:48,807 [INFO] IPUIPlugin:80 - create IPUIPlugin
2025-10-23 08:55:48,871 [INFO] ApiDbMcu:507 - Load IP Config File for PDM2PCM
2025-10-23 08:55:49,222 [INFO] CADModel:165 - CPN selected for project levelSTM32F446RET6
2025-10-23 08:55:49,222 [INFO] CADModel:114 - Register for checkConnection events
2025-10-23 08:55:49,289 [INFO] OpenFileManager:328 - Restore cursor
2025-10-23 08:55:50,094 [INFO] UtilMem:75 - End SaveConfig() Used Memory: 901681144 Bytes (1073741824)
2025-10-23 08:55:50,177 [INFO] UtilMem:75 - End SaveConfig() Used Memory: 923698584 Bytes (1073741824)
2025-10-23 08:55:50,852 [INFO] BlockDiagram:2759 - set Specific Code input for plugin: SYS
2025-10-23 08:55:50,853 [INFO] BlockDiagram:2759 - set Specific Code input for plugin: RCC
2025-10-23 08:55:50,853 [INFO] BlockDiagram:2759 - set Specific Code input for plugin: NVIC
2025-10-23 08:55:50,853 [INFO] BlockDiagram:2759 - set Specific Code input for plugin: USART
2025-10-23 08:55:50,854 [INFO] BlockDiagram:2759 - set Specific Code input for plugin: GPIO
2025-10-23 08:55:50,855 [INFO] CodeGenerator:799 - code generatio: config db path: /opt/st/stm32cubeide_1.13.2/plugins/com.st.stm32cube.common.mx_6.9.2.202309101412//db/
2025-10-23 08:55:51,178 [INFO] CodeEngine:255 - oldGeneratedFile, /home/sunbeam/CDAC/Sunbeam_internship/stm32/keypad1.2/MXTmpFiles/license.tmp_save
2025-10-23 08:55:51,719 [INFO] CodeEngine:279 - Generated code: /home/sunbeam/CDAC/Sunbeam_internship/stm32/keypad1.2/MXTmpFiles/license.tmp
2025-10-23 08:55:51,798 [INFO] CodeEngine:255 - oldGeneratedFile, /home/sunbeam/CDAC/Sunbeam_internship/stm32/keypad1.2/MXTmpFiles/gpio.tmp_save
2025-10-23 08:55:52,007 [INFO] CodeEngine:279 - Generated code: /home/sunbeam/CDAC/Sunbeam_internship/stm32/keypad1.2/MXTmpFiles/gpio.tmp
2025-10-23 08:55:52,084 [INFO] CodeEngine:255 - oldGeneratedFile, /home/sunbeam/CDAC/Sunbeam_internship/stm32/keypad1.2/Core/Src/stm32f4xx_it.c_save
2025-10-23 08:55:52,290 [INFO] CodeEngine:279 - Generated code: /home/sunbeam/CDAC/Sunbeam_internship/stm32/keypad1.2/Core/Src/stm32f4xx_it.c
2025-10-23 08:55:52,294 [INFO] CodeEngine:255 - oldGeneratedFile, /home/sunbeam/CDAC/Sunbeam_internship/stm32/keypad1.2/Core/Inc/stm32f4xx_it.h_save
2025-10-23 08:55:52,373 [INFO] CodeEngine:279 - Generated code: /home/sunbeam/CDAC/Sunbeam_internship/stm32/keypad1.2/Core/Inc/stm32f4xx_it.h
2025-10-23 08:55:52,379 [INFO] CodeEngine:255 - oldGeneratedFile, /home/sunbeam/CDAC/Sunbeam_internship/stm32/keypad1.2/Core/Src/stm32f4xx_hal_msp.c_save
2025-10-23 08:55:52,519 [INFO] CodeEngine:279 - Generated code: /home/sunbeam/CDAC/Sunbeam_internship/stm32/keypad1.2/Core/Src/stm32f4xx_hal_msp.c
2025-10-23 08:55:52,521 [INFO] CodeEngine:255 - oldGeneratedFile, /home/sunbeam/CDAC/Sunbeam_internship/stm32/keypad1.2/MXTmpFiles/system.tmp_save
2025-10-23 08:55:52,662 [INFO] CodeEngine:279 - Generated code: /home/sunbeam/CDAC/Sunbeam_internship/stm32/keypad1.2/MXTmpFiles/system.tmp
2025-10-23 08:55:52,666 [INFO] CodeEngine:311 - oldGeneratedFile, /home/sunbeam/CDAC/Sunbeam_internship/stm32/keypad1.2/Core/Inc/stm32f4xx_hal_conf.h_save
2025-10-23 08:55:52,847 [INFO] CodeEngine:335 - Generated code: /home/sunbeam/CDAC/Sunbeam_internship/stm32/keypad1.2/Core/Inc/stm32f4xx_hal_conf.h
2025-10-23 08:55:52,935 [WARN] IPConfigManager:2937 - Warning: the RefConfig PLL2P_FOR_MCO is not available in your config.xml file
2025-10-23 08:55:52,956 [INFO] CodeEngine:255 - oldGeneratedFile, /home/sunbeam/CDAC/Sunbeam_internship/stm32/keypad1.2/Core/Inc/main.h_save
2025-10-23 08:55:53,072 [INFO] CodeEngine:279 - Generated code: /home/sunbeam/CDAC/Sunbeam_internship/stm32/keypad1.2/Core/Inc/main.h
2025-10-23 08:55:53,074 [INFO] CodeEngine:255 - oldGeneratedFile, /home/sunbeam/CDAC/Sunbeam_internship/stm32/keypad1.2/Core/Src/main.c_save
2025-10-23 08:55:53,236 [INFO] CodeEngine:279 - Generated code: /home/sunbeam/CDAC/Sunbeam_internship/stm32/keypad1.2/Core/Src/main.c
2025-10-23 08:55:53,967 [INFO] ProjectBuilder:3064 - Time for Copy HAL[1] : 88mS.
2025-10-23 08:55:53,984 [INFO] ProjectBuilder:4404 - Project Generator version: 4.1.0
2025-10-23 08:55:54,293 [INFO] ConfigFileManager:1457 - The Die is : DIE421
2025-10-23 08:55:54,310 [INFO] ApiDbMcu:507 - Load IP Config File for FATFS
2025-10-23 08:55:54,324 [INFO] ApiDbMcu:507 - Load IP Config File for FREERTOS
2025-10-23 08:55:54,332 [INFO] ApiDbMcu:507 - Load IP Config File for LIBJPEG
2025-10-23 08:55:54,350 [INFO] ApiDbMcu:507 - Load IP Config File for MBEDTLS
2025-10-23 08:55:54,369 [INFO] ApiDbMcu:507 - Load IP Config File for USB_DEVICE
2025-10-23 08:55:54,382 [INFO] ApiDbMcu:507 - Load IP Config File for USB_HOST
2025-10-23 08:55:55,631 [INFO] LogOutputStream:77 - [STDOUT_REDIRECT] 
2025-10-23 08:55:59,029 [INFO] ProjectBuilder:4626 - Time for Generating toolchain IDE Files: 5044mS.
2025-10-23 08:55:59,034 [INFO] ProjectBuilder:2935 - Time for Copy CMSIS : 4mS.
2025-10-23 08:55:59,035 [INFO] ProjectBuilder:2935 - Time for Copy CMSIS : 0mS.
2025-10-23 08:55:59,373 [INFO] McuFinderGlobals:76 - Set McuFinderConnectedMode to true
2025-10-23 08:55:59,382 [INFO] ApiDb:448 - Save user favorites file /home/sunbeam/.stm32cubeide/favorites.mcus.txt: 0 item(s)
2025-10-23 08:55:59,382 [INFO] ApiDb:452 - User favorites MCUs=[]
2025-10-23 08:55:59,384 [INFO] ApiDb:448 - Save user favorites file /home/sunbeam/.stm32cubeide/favorites.boards.txt: 3 item(s)
2025-10-23 08:55:59,384 [INFO] ApiDb:452 - User favorites Boards=[NUCLEO-F446RE, STM32F407G-DISC1, STM32F411E-DISCO]
2025-10-23 08:56:23,915 [INFO] NvicIntPanel:101 - NVIC parent = com.st.microxplorer.plugins.ip.nvic.MultiNvicIntPanel[,0,0,0x0,invalid,layout=javax.swing.BoxLayout,alignmentX=0.0,alignmentY=0.0,border=,flags=9,maximumSize=,minimumSize=,preferredSize=]
2025-10-23 08:56:48,309 [INFO] NvicIntPanel:101 - NVIC parent = com.st.microxplorer.plugins.ip.nvic.MultiNvicIntPanel[,0,0,0x0,invalid,layout=javax.swing.BoxLayout,alignmentX=0.0,alignmentY=0.0,border=,flags=9,maximumSize=,minimumSize=,preferredSize=]
2025-10-23 08:57:06,735 [INFO] UtilMem:75 - End SaveConfig() Used Memory: 846539376 Bytes (1073741824)
2025-10-23 08:57:08,971 [INFO] UtilMem:75 - End SaveConfig() Used Memory: 922041512 Bytes (1073741824)
2025-10-23 08:57:12,306 [INFO] UtilMem:75 - End SaveConfig() Used Memory: 750055912 Bytes (1073741824)
2025-10-23 08:57:12,586 [INFO] BlockDiagram:2759 - set Specific Code input for plugin: SYS
2025-10-23 08:57:12,586 [INFO] BlockDiagram:2759 - set Specific Code input for plugin: RCC
2025-10-23 08:57:12,586 [INFO] BlockDiagram:2759 - set Specific Code input for plugin: NVIC
2025-10-23 08:57:12,586 [INFO] BlockDiagram:2759 - set Specific Code input for plugin: GPIO
2025-10-23 08:57:12,587 [INFO] CodeGenerator:799 - code generatio: config db path: /opt/st/stm32cubeide_1.13.2/plugins/com.st.stm32cube.common.mx_6.9.2.202309101412//db/
2025-10-23 08:57:12,802 [INFO] CodeEngine:255 - oldGeneratedFile, /home/sunbeam/CDAC/Sunbeam_internship/stm32/keypad1.2/MXTmpFiles/license.tmp_save
2025-10-23 08:57:13,017 [INFO] CodeEngine:279 - Generated code: /home/sunbeam/CDAC/Sunbeam_internship/stm32/keypad1.2/MXTmpFiles/license.tmp
2025-10-23 08:57:13,026 [INFO] CodeEngine:255 - oldGeneratedFile, /home/sunbeam/CDAC/Sunbeam_internship/stm32/keypad1.2/MXTmpFiles/gpio.tmp_save
2025-10-23 08:57:13,146 [INFO] CodeEngine:279 - Generated code: /home/sunbeam/CDAC/Sunbeam_internship/stm32/keypad1.2/MXTmpFiles/gpio.tmp
2025-10-23 08:57:13,181 [INFO] CodeEngine:255 - oldGeneratedFile, /home/sunbeam/CDAC/Sunbeam_internship/stm32/keypad1.2/Core/Src/stm32f4xx_it.c_save
2025-10-23 08:57:13,564 [INFO] CodeEngine:279 - Generated code: /home/sunbeam/CDAC/Sunbeam_internship/stm32/keypad1.2/Core/Src/stm32f4xx_it.c
2025-10-23 08:57:13,567 [INFO] CodeEngine:255 - oldGeneratedFile, /home/sunbeam/CDAC/Sunbeam_internship/stm32/keypad1.2/Core/Inc/stm32f4xx_it.h_save
2025-10-23 08:57:13,674 [INFO] CodeEngine:279 - Generated code: /home/sunbeam/CDAC/Sunbeam_internship/stm32/keypad1.2/Core/Inc/stm32f4xx_it.h
2025-10-23 08:57:13,682 [INFO] CodeEngine:255 - oldGeneratedFile, /home/sunbeam/CDAC/Sunbeam_internship/stm32/keypad1.2/Core/Src/stm32f4xx_hal_msp.c_save
2025-10-23 08:57:13,850 [INFO] CodeEngine:279 - Generated code: /home/sunbeam/CDAC/Sunbeam_internship/stm32/keypad1.2/Core/Src/stm32f4xx_hal_msp.c
2025-10-23 08:57:13,852 [INFO] CodeEngine:255 - oldGeneratedFile, /home/sunbeam/CDAC/Sunbeam_internship/stm32/keypad1.2/MXTmpFiles/system.tmp_save
2025-10-23 08:57:13,940 [INFO] CodeEngine:279 - Generated code: /home/sunbeam/CDAC/Sunbeam_internship/stm32/keypad1.2/MXTmpFiles/system.tmp
2025-10-23 08:57:13,944 [INFO] CodeEngine:311 - oldGeneratedFile, /home/sunbeam/CDAC/Sunbeam_internship/stm32/keypad1.2/Core/Inc/stm32f4xx_hal_conf.h_save
2025-10-23 08:57:14,046 [INFO] CodeEngine:335 - Generated code: /home/sunbeam/CDAC/Sunbeam_internship/stm32/keypad1.2/Core/Inc/stm32f4xx_hal_conf.h
2025-10-23 08:57:14,088 [WARN] IPConfigManager:2937 - Warning: the RefConfig PLL2P_FOR_MCO is not available in your config.xml file
2025-10-23 08:57:14,109 [INFO] CodeEngine:255 - oldGeneratedFile, /home/sunbeam/CDAC/Sunbeam_internship/stm32/keypad1.2/Core/Inc/main.h_save
2025-10-23 08:57:14,246 [INFO] CodeEngine:279 - Generated code: /home/sunbeam/CDAC/Sunbeam_internship/stm32/keypad1.2/Core/Inc/main.h
2025-10-23 08:57:14,248 [INFO] CodeEngine:255 - oldGeneratedFile, /home/sunbeam/CDAC/Sunbeam_internship/stm32/keypad1.2/Core/Src/main.c_save
2025-10-23 08:57:14,430 [INFO] CodeEngine:279 - Generated code: /home/sunbeam/CDAC/Sunbeam_internship/stm32/keypad1.2/Core/Src/main.c
2025-10-23 08:57:14,928 [INFO] ProjectBuilder:3064 - Time for Copy HAL[1] : 29mS.
2025-10-23 08:57:14,931 [INFO] ProjectBuilder:4404 - Project Generator version: 4.1.0
2025-10-23 08:57:15,251 [INFO] ConfigFileManager:1457 - The Die is : DIE421
2025-10-23 08:57:16,800 [INFO] ProjectBuilder:4626 - Time for Generating toolchain IDE Files: 1869mS.
2025-10-23 08:57:16,800 [INFO] ProjectBuilder:2935 - Time for Copy CMSIS : 0mS.
2025-10-23 08:57:16,801 [INFO] ProjectBuilder:2935 - Time for Copy CMSIS : 1mS.
2025-10-23 09:06:04,343 [INFO] NvicIntPanel:101 - NVIC parent = com.st.microxplorer.plugins.ip.nvic.MultiNvicIntPanel[,0,0,0x0,invalid,layout=javax.swing.BoxLayout,alignmentX=0.0,alignmentY=0.0,border=,flags=9,maximumSize=,minimumSize=,preferredSize=]
2025-10-23 15:11:19,299 [INFO] MainUpdater:2868 - connection check result : 10
2025-10-23 15:11:19,422 [INFO] McuFinderGlobals:76 - Set McuFinderConnectedMode to true
2025-10-23 15:11:19,423 [INFO] MultiScanPanel:200 - Auto-refresh data requested => check proxy status ongoing
2025-10-23 15:11:19,424 [INFO] FinderPluginLoader:95 - Searching for filters in installed packs
2025-10-23 15:11:20,749 [INFO] LoadUrlFilesThread:185 - End of LoadServerUrlFiles without Thread
2025-10-23 15:11:20,749 [INFO] DetailPanel:341 - Set advertising image to /home/sunbeam/STM32Cube/Repository//en.mcu-finder-stm32n6dk.jpg
2025-10-23 15:11:25,164 [INFO] MultiScanPanel:200 - Auto-refresh data requested => check proxy status ongoing
2025-10-23 15:11:25,266 [INFO] LoadUrlFilesThread:185 - End of LoadServerUrlFiles without Thread
2025-10-23 15:11:25,267 [INFO] DetailPanel:341 - Set advertising image to /home/sunbeam/STM32Cube/Repository//en.mcu-finder-stm32n6dk.jpg
2025-10-23 15:11:38,566 [INFO] MainUpdater:2868 - connection check result : 10
2025-10-23 15:11:38,566 [INFO] MainUpdater:2868 - connection check result : 10
2025-10-23 15:11:38,579 [INFO] MicroXplorer:468 - Change Database Path : 
2025-10-23 15:11:38,579 [INFO] MicroXplorer:498 - Change Database Version : DB.6.0.92
2025-10-23 15:11:38,631 [WARN] ThirdParty:871 - waiting for thirdparty lock release [close project]
2025-10-23 15:11:38,632 [INFO] ThirdParty:873 - entering critical section [close project]
2025-10-23 15:11:38,636 [INFO] ThirdParty:883 - exiting critical section [close project]
2025-10-23 15:11:38,643 [INFO] PinOutPanel:1499 - setPackage(No Configuration,No Configuration)
2025-10-23 15:11:38,655 [WARN] IpParametersView:151 - Warning: This peripheral hasn't parameters
2025-10-23 15:11:38,660 [WARN] MainPanel:272 - <html><b><center>Warning: This peripheral has no parameters to be configured<br></b></html>
2025-10-23 15:11:38,672 [INFO] UtilMem:75 - Begin LoadConfig() Used Memory: 353892016 Bytes (916455424)
2025-10-23 15:11:38,672 [INFO] OpenFileManager:308 - Change cursor
2025-10-23 15:11:38,697 [INFO] RulesReader:64 - Compatibility file has been processed (293 Rules)
2025-10-23 15:11:38,702 [INFO] ProjectFactory:402 - No CPN specified for board NUCLEO-F446RE => set CPN to STM32F446RET6
2025-10-23 15:11:38,702 [INFO] Mcu:1946 - Initializing MCU STM32F446R(C-E)Tx STM32F446RETx STM32F446RET6
2025-10-23 15:11:40,025 [INFO] Context:659 - Trying to add GPIOservice into a context  which must be forbidden
2025-10-23 15:11:40,369 [INFO] Rule:228 - rule 117617 - U5Cobra4M][GTZC] default value MPCBB3 and MPCBB5 - Not Secured memory - MPCBB1 is applicable
2025-10-23 15:11:40,370 [INFO] Rule:228 - rule 117617 - U5Cobra4M][GTZC] default value MPCBB3 and MPCBB5 - Not Secured memory - MPCBB1 is applicable
2025-10-23 15:11:40,370 [INFO] Rule:228 - rule 117617 - U5Cobra4M][GTZC] default value MPCBB3 and MPCBB5 - Not Secured memory - MPCBB2 is applicable
2025-10-23 15:11:40,370 [INFO] Rule:228 - rule 117617 - U5Cobra4M][GTZC] default value MPCBB3 and MPCBB5 - Not Secured memory - MPCBB2 is applicable
2025-10-23 15:11:40,370 [INFO] Rule:228 - rule 117617 - U5Cobra4M][GTZC] default value MPCBB3 and MPCBB5 - Not Secured memory - MPCBB3 is applicable
2025-10-23 15:11:40,370 [INFO] Rule:228 - rule 117617 - U5Cobra4M][GTZC] default value MPCBB3 and MPCBB5 - Not Secured memory - MPCBB3 is applicable
2025-10-23 15:11:40,370 [INFO] Rule:228 - rule 117617 - U5Cobra4M][GTZC] default value MPCBB3 and MPCBB5 - Not Secured memory - MPCBB4 is applicable
2025-10-23 15:11:40,370 [INFO] Rule:228 - rule 117617 - U5Cobra4M][GTZC] default value MPCBB3 and MPCBB5 - Not Secured memory - MPCBB4 is applicable
2025-10-23 15:11:40,370 [INFO] Rule:228 - rule 117617 - U5Cobra4M][GTZC] default value MPCBB3 and MPCBB5 - Secured memory - MPCBB1 is applicable
2025-10-23 15:11:40,370 [INFO] Rule:228 - rule 117617 - U5Cobra4M][GTZC] default value MPCBB3 and MPCBB5 - Secured memory - MPCBB2 is applicable
2025-10-23 15:11:40,370 [INFO] Rule:228 - rule 117617 - U5Cobra4M][GTZC] default value MPCBB3 and MPCBB5 - Secured memory - MPCBB3 is applicable
2025-10-23 15:11:40,370 [INFO] Rule:228 - rule 117617 - U5Cobra4M][GTZC] default value MPCBB3 and MPCBB5 - Secured memory - MPCBB4 is applicable
2025-10-23 15:11:40,370 [INFO] Rule:228 - rule 117617 - U5Cobra4M][GTZC] default value MPCBB3 and MPCBB5 - Privileged memory - MPCBB1 is applicable
2025-10-23 15:11:40,370 [INFO] Rule:228 - rule 117617 - U5Cobra4M][GTZC] default value MPCBB3 and MPCBB5 - Privileged memory - MPCBB2 is applicable
2025-10-23 15:11:40,370 [INFO] Rule:228 - rule 117617 - U5Cobra4M][GTZC] default value MPCBB3 and MPCBB5 - Privileged memory - MPCBB3 is applicable
2025-10-23 15:11:40,370 [INFO] Rule:228 - rule 117617 - U5Cobra4M][GTZC] default value MPCBB3 and MPCBB5 - Privileged memory - MPCBB4 is applicable
2025-10-23 15:11:40,370 [INFO] Rule:228 - rule 117617 - U5Cobra4M][GTZC] default value MPCBB3 and MPCBB5 - Not Privileged memory - MPCBB1 is applicable
2025-10-23 15:11:40,370 [INFO] Rule:228 - rule 117617 - U5Cobra4M][GTZC] default value MPCBB3 and MPCBB5 - Not Privileged memory - MPCBB2 is applicable
2025-10-23 15:11:40,370 [INFO] Rule:228 - rule 117617 - U5Cobra4M][GTZC] default value MPCBB3 and MPCBB5 - Not Privileged memory - MPCBB3 is applicable
2025-10-23 15:11:40,370 [INFO] Rule:228 - rule 117617 - U5Cobra4M][GTZC] default value MPCBB3 and MPCBB5 - Not Privileged memory - MPCBB4 is applicable
2025-10-23 15:11:40,370 [INFO] Rule:228 - rule 117617 - U5Cobra4M][GTZC] default value MPCBB3 and MPCBB5 - Privileged memory - MPCBB1 is applicable
2025-10-23 15:11:40,370 [INFO] Rule:228 - rule 117617 - U5Cobra4M][GTZC] default value MPCBB3 and MPCBB5 - Privileged memory - MPCBB2 is applicable
2025-10-23 15:11:40,370 [INFO] Rule:228 - rule 117617 - U5Cobra4M][GTZC] default value MPCBB3 and MPCBB5 - Privileged memory - MPCBB3 is applicable
2025-10-23 15:11:40,370 [INFO] Rule:228 - rule 117617 - U5Cobra4M][GTZC] default value MPCBB3 and MPCBB5 - Privileged memory - MPCBB4 is applicable
2025-10-23 15:11:40,371 [INFO] Rule:228 - rule 117617 - U5Cobra4M][GTZC] default value MPCBB3 and MPCBB5 - Privileged memory - MPCBB1 is applicable
2025-10-23 15:11:40,371 [INFO] Rule:228 - rule 117617 - U5Cobra4M][GTZC] default value MPCBB3 and MPCBB5 - Privileged memory - MPCBB2 is applicable
2025-10-23 15:11:40,371 [INFO] Rule:228 - rule 117617 - U5Cobra4M][GTZC] default value MPCBB3 and MPCBB5 - Privileged memory - MPCBB3 is applicable
2025-10-23 15:11:40,371 [INFO] Rule:228 - rule 117617 - U5Cobra4M][GTZC] default value MPCBB3 and MPCBB5 - Privileged memory - MPCBB4 is applicable
2025-10-23 15:11:40,371 [INFO] Rule:228 - rule 117617 - U5Cobra4M][GTZC] default value MPCBB3 and MPCBB5 - Not Privileged memory - MPCBB1 is applicable
2025-10-23 15:11:40,371 [INFO] Rule:228 - rule 117617 - U5Cobra4M][GTZC] default value MPCBB3 and MPCBB5 - Not Privileged memory - MPCBB2 is applicable
2025-10-23 15:11:40,371 [INFO] Rule:228 - rule 117617 - U5Cobra4M][GTZC] default value MPCBB3 and MPCBB5 - Not Privileged memory - MPCBB3 is applicable
2025-10-23 15:11:40,371 [INFO] Rule:228 - rule 117617 - U5Cobra4M][GTZC] default value MPCBB3 and MPCBB5 - Not Privileged memory - MPCBB4 is applicable
2025-10-23 15:11:40,371 [INFO] Rule:228 - rule 117617 - U5Cobra4M][GTZC] default value MPCBB3 and MPCBB5 - Privileged memory - MPCBB1 is applicable
2025-10-23 15:11:40,371 [INFO] Rule:228 - rule 117617 - U5Cobra4M][GTZC] default value MPCBB3 and MPCBB5 - Privileged memory - MPCBB2 is applicable
2025-10-23 15:11:40,371 [INFO] Rule:228 - rule 117617 - U5Cobra4M][GTZC] default value MPCBB3 and MPCBB5 - Privileged memory - MPCBB3 is applicable
2025-10-23 15:11:40,371 [INFO] Rule:228 - rule 117617 - U5Cobra4M][GTZC] default value MPCBB3 and MPCBB5 - Privileged memory - MPCBB4 is applicable
2025-10-23 15:11:40,371 [INFO] Rule:228 - rule Rename SubGHz_Phy SUBGHZ_APPLICATION SUBGHZ_PINGPONG to SUBGHZ_ADV_APPLICATION is applicable
2025-10-23 15:11:40,371 [INFO] Rule:228 - rule Rename Enabled to IBEACON is applicable
2025-10-23 15:11:40,371 [INFO] Rule:228 - rule GTZC_S instance for project manager is applicable
2025-10-23 15:11:40,371 [INFO] Rule:228 - rule GTZC_S instance for context M33S is applicable
2025-10-23 15:11:40,371 [INFO] Rule:228 - rule GTZC_S instance value for IP GTZC is applicable
2025-10-23 15:11:40,371 [INFO] Rule:228 - rule GTZC_S instance for mcu.IP is applicable
2025-10-23 15:11:40,371 [INFO] Rule:228 - rule GTZC_S instance for VP is applicable
2025-10-23 15:11:40,371 [INFO] Rule:228 - rule GTZC_S instance for signal is applicable
2025-10-23 15:11:40,371 [INFO] Rule:228 - rule GTZC_S instance for mcu.Pin is applicable
2025-10-23 15:11:40,371 [INFO] Rule:228 - rule GTZC_S instance for VP is applicable
2025-10-23 15:11:40,371 [INFO] Rule:228 - rule GTZC_S instance for signal is applicable
2025-10-23 15:11:40,371 [INFO] Rule:228 - rule GTZC_S instance for mcu is applicable
2025-10-23 15:11:40,371 [INFO] Rule:228 - rule GTZC_S instance for mcu.Pin is applicable
2025-10-23 15:11:40,371 [INFO] Rule:228 - rule GTZC_S instance value for IP GTZC is applicable
2025-10-23 15:11:40,371 [INFO] Rule:228 - rule GTZC_S instance for project manager is applicable
2025-10-23 15:11:40,371 [INFO] Rule:228 - rule GTZC_S instance for context M33S is applicable
2025-10-23 15:11:40,371 [INFO] Rule:228 - rule GTZC_S instance for VP is applicable
2025-10-23 15:11:40,371 [INFO] Rule:228 - rule GTZC_S instance for signal is applicable
2025-10-23 15:11:40,371 [INFO] Rule:228 - rule SPDIFRX instance for mcu is applicable
2025-10-23 15:11:40,371 [INFO] Rule:228 - rule Rename Tracer Mode is applicable
2025-10-23 15:11:40,372 [INFO] Rule:228 - rule SPDIFRX instance value for IP SPDIFRX is applicable
2025-10-23 15:11:40,372 [INFO] Rule:228 - rule SPDIFRX instance for signal is applicable
2025-10-23 15:11:40,372 [INFO] Rule:228 - rule SPDIFRX instance for project manager is applicable
2025-10-23 15:11:40,372 [INFO] Rule:228 - rule SPDIFRX instance for project manager is applicable
2025-10-23 15:11:40,372 [INFO] Rule:228 - rule ADC Scan  fix with FW F7 is applicable
2025-10-23 15:11:40,372 [INFO] Rule:228 - rule ADC Scan  fix with FW F7 is applicable
2025-10-23 15:11:40,372 [INFO] Rule:228 - rule WakeUp0 Mode is applicable
2025-10-23 15:11:40,372 [INFO] Rule:228 - rule WakeUp0 SIGNAL is applicable
2025-10-23 15:11:40,372 [INFO] Rule:228 - rule WakeUp1 Mode is applicable
2025-10-23 15:11:40,372 [INFO] Rule:228 - rule WakeUp1 SIGNAL is applicable
2025-10-23 15:11:40,372 [INFO] Rule:228 - rule WakeUp2 Mode is applicable
2025-10-23 15:11:40,372 [INFO] Rule:228 - rule WakeUp2 SIGNAL is applicable
2025-10-23 15:11:40,372 [INFO] Rule:228 - rule WakeUp4 Mode is applicable
2025-10-23 15:11:40,372 [INFO] Rule:228 - rule WakeUp4 SIGNAL is applicable
2025-10-23 15:11:40,372 [INFO] Rule:228 - rule WakeUp5 Mode is applicable
2025-10-23 15:11:40,372 [INFO] Rule:228 - rule WakeUp5 SIGNAL is applicable
2025-10-23 15:11:40,372 [INFO] Rule:228 - rule Add RTC Activate Clock Source is applicable
2025-10-23 15:11:40,372 [INFO] Rule:228 - rule Add RTC Activate Calendar 1 is applicable
2025-10-23 15:11:40,372 [INFO] Rule:228 - rule Add RTC Activate Calendar 2 is applicable
2025-10-23 15:11:40,372 [INFO] Rule:228 - rule Add RTC Activate Calendar 3 is applicable
2025-10-23 15:11:40,372 [INFO] Rule:228 - rule UART/USART TX Mode is applicable
2025-10-23 15:11:40,372 [INFO] Rule:228 - rule UART/USART RX Mode is applicable
2025-10-23 15:11:40,372 [INFO] Rule:228 - rule UART/USART RX TX Mode is applicable
2025-10-23 15:11:40,372 [INFO] Rule:228 - rule UART/USART PARITY NONE is applicable
2025-10-23 15:11:40,373 [INFO] Rule:228 - rule UART/USART PARITY EVEN is applicable
2025-10-23 15:11:40,373 [INFO] Rule:228 - rule UART/USART PARITY ODD is applicable
2025-10-23 15:11:40,373 [INFO] Rule:228 - rule USART StopBits 1 is applicable
2025-10-23 15:11:40,373 [INFO] Rule:228 - rule USART StopBits 2 is applicable
2025-10-23 15:11:40,373 [INFO] Rule:228 - rule USART StopBits 1.5 is applicable
2025-10-23 15:11:40,373 [INFO] Rule:228 - rule USART StopBits 0.5 is applicable
2025-10-23 15:11:40,373 [INFO] Rule:228 - rule UART/USART WORD LENGTH 7 is applicable
2025-10-23 15:11:40,373 [INFO] Rule:228 - rule UART/USART WORD LENGTH 8 is applicable
2025-10-23 15:11:40,373 [INFO] Rule:228 - rule UART/USART WORD LENGTH 9 is applicable
2025-10-23 15:11:40,373 [INFO] Rule:228 - rule Rename FMC NAND NCE signal is applicable
2025-10-23 15:11:40,373 [INFO] Rule:228 - rule Rename FMC NAND INT signal is applicable
2025-10-23 15:11:40,373 [INFO] Rule:228 - rule Change Default Value for LSE Drive Capability for WB family is applicable
2025-10-23 15:11:40,373 [INFO] Rule:228 - rule Change Default Value for ADC Clock Prescaler G0 family is applicable
2025-10-23 15:11:40,373 [INFO] Rule:228 - rule Change Default Value for ADC ExternalTrigConv L4 family is applicable
2025-10-23 15:11:40,373 [INFO] Rule:228 - rule Change Default Value for ADC ExternalTrigInjecConv L4 family is applicable
2025-10-23 15:11:40,373 [INFO] Rule:228 - rule Change Default Value for ADC ExternalTrigConv F3 family is applicable
2025-10-23 15:11:40,373 [INFO] Rule:228 - rule Change Default Value for ADC ExternalTrigInjecConv F3 family is applicable
2025-10-23 15:11:40,373 [INFO] Rule:228 - rule Change Default Value for ADC ExternalTrigConv Goldfish serie is applicable
2025-10-23 15:11:40,373 [INFO] Rule:228 - rule Change Default Value for ADC ExternalTrigInjecConv Goldfish serie is applicable
2025-10-23 15:11:40,373 [INFO] Rule:228 - rule Change Default Value for ADC ExternalTrigConv L0 family is applicable
2025-10-23 15:11:40,373 [INFO] Rule:228 - rule Change Default Value for ADC ExternalTrigConv F0 family is applicable
2025-10-23 15:11:40,373 [INFO] Rule:228 - rule Change Default Value for ADC ExternalTrigConvn L1 family is applicable
2025-10-23 15:11:40,373 [INFO] Rule:228 - rule Change Default Value for ADC ExternalTrigInjecConv L1 family is applicable
2025-10-23 15:11:40,373 [INFO] Rule:228 - rule Change Default Value for ADC ExternalTrigConv F1 family is applicable
2025-10-23 15:11:40,373 [INFO] Rule:228 - rule Change Default Value for ADC ExternalTrigInjecConv F1 family is applicable
2025-10-23 15:11:40,373 [INFO] Rule:228 - rule Change Default Value for ADC ExternalTrigConv F7 family is applicable
2025-10-23 15:11:40,373 [INFO] Rule:228 - rule Change Default Value for ADC ExternalTrigInjecConv F7 family is applicable
2025-10-23 15:11:40,373 [INFO] Rule:228 - rule Change Default Value for ADC ExternalTrigConv F4 and F2 family is applicable
2025-10-23 15:11:40,374 [INFO] Rule:228 - rule Change Default Value for ADC ExternalTrigInjecConv F4 and F2 family is applicable
2025-10-23 15:11:40,374 [INFO] Rule:228 - rule ADC SamplingTime fix with FW L0  is applicable
2025-10-23 15:11:40,374 [INFO] Rule:228 - rule ADC SamplingTime fix with FW L0  is applicable
2025-10-23 15:11:40,374 [INFO] Rule:228 - rule ADC SamplingTime fix with FW L0 is applicable
2025-10-23 15:11:40,374 [INFO] Rule:228 - rule ADC SamplingTime fix with FW L0 is applicable
2025-10-23 15:11:40,374 [INFO] Rule:228 - rule ADC SamplingTime fix with FW L0  is applicable
2025-10-23 15:11:40,374 [INFO] Rule:228 - rule ADC SamplingTime fix with FW L0 is applicable
2025-10-23 15:11:40,374 [INFO] Rule:228 - rule Rename USB_OE Signal is applicable
2025-10-23 15:11:40,374 [INFO] Rule:228 - rule Rename Activate_OE Mode is applicable
2025-10-23 15:11:40,374 [INFO] Rule:228 - rule Rename DIE462/DIE415 pin PC14/OSC32_IN -> PC14-OSC32_IN (PC14) is applicable
2025-10-23 15:11:40,374 [INFO] Rule:228 - rule Rename DIE462/DIE415 pin PC15/OSC32_OUT -> PC15-OSC32_OUT (PC15) is applicable
2025-10-23 15:11:40,374 [INFO] Rule:228 - rule Rename DIE462/DIE415 pin PH0/OSC_IN -> PH0-OSC_IN (PH0) is applicable
2025-10-23 15:11:40,374 [INFO] Rule:228 - rule Rename DIE462/DIE415 pin PH1/OSC_OUT -> PH1-OSC_OUT (PH1) is applicable
2025-10-23 15:11:40,374 [INFO] Rule:228 - rule Rename DIE462 pin PA13 -> PA13 (JTMS/SWDIO) is applicable
2025-10-23 15:11:40,374 [INFO] Rule:228 - rule Rename DIE415 pin PA13 -> PA13 (JTMS/SWDIO) is applicable
2025-10-23 15:11:40,374 [INFO] Rule:228 - rule Rename DIE462 pin PA14 -> PA14 (JTCK/SWCLK) is applicable
2025-10-23 15:11:40,374 [INFO] Rule:228 - rule Rename DIE415 pin PA14 -> PA14 (JTCK/SWCLK) is applicable
2025-10-23 15:11:40,374 [INFO] Rule:228 - rule Rename DIE462/DIE415 pin PA15 -> PA15 (JTDI) is applicable
2025-10-23 15:11:40,374 [INFO] Rule:228 - rule Rename DIE462 pin PB3 -> PB3 (JTD0/TRACESWO) is applicable
2025-10-23 15:11:40,374 [INFO] Rule:228 - rule Rename DIE415 pin PB3 -> PB3 (JTD0-TRACESWO) is applicable
2025-10-23 15:11:40,374 [INFO] Rule:228 - rule Rename DIE462/DIE415 pin PB4 -> PB4 (NJTRST) is applicable
2025-10-23 15:11:40,374 [INFO] Rule:228 - rule Rename DIE462 pin PH3/BOOT0 -> PH3-BOOT0 (BOOT0) is applicable
2025-10-23 15:11:40,374 [INFO] Rule:228 - rule Rename CRYP DataEncryptionTypesList to Algorithm is applicable
2025-10-23 15:11:40,374 [INFO] Rule:228 - rule Rename AES DataEncryptionTypesList to Algorithm is applicable
2025-10-23 15:11:40,374 [INFO] Rule:228 - rule Rename TDESECB to CRYP_TDES_ECB is applicable
2025-10-23 15:11:40,374 [INFO] Rule:228 - rule Rename TDESCBC to CRYP_TDES_CBC is applicable
2025-10-23 15:11:40,374 [INFO] Rule:228 - rule Rename DESECB to CRYP_DES_ECB is applicable
2025-10-23 15:11:40,374 [INFO] Rule:228 - rule Rename DESCBC to CRYP_DES_CBC is applicable
2025-10-23 15:11:40,374 [INFO] Rule:228 - rule Rename AESECB to CRYP_AES_ECB is applicable
2025-10-23 15:11:40,374 [INFO] Rule:228 - rule Rename AESCBC to CRYP_AES_CBC is applicable
2025-10-23 15:11:40,375 [INFO] Rule:228 - rule Rename AESCTR to CRYP_AES_CTR is applicable
2025-10-23 15:11:40,375 [INFO] Rule:228 - rule Rename AESGCM to CRYP_AES_GCM is applicable
2025-10-23 15:11:40,375 [INFO] Rule:228 - rule Rename AESCCM to CRYP_AES_CCM is applicable
2025-10-23 15:11:40,375 [INFO] Rule:228 - rule Rename CAN TimeSeg1 to BS1 is applicable
2025-10-23 15:11:40,375 [INFO] Rule:228 - rule Rename CAN TimeSeg2 to BS2 is applicable
2025-10-23 15:11:40,375 [INFO] Rule:228 - rule Rename CAN SyncJumpWidth to SJW is applicable
2025-10-23 15:11:40,375 [INFO] Rule:228 - rule TimeTriggeredMode to TTCM is applicable
2025-10-23 15:11:40,375 [INFO] Rule:228 - rule Rename CAN AutoBusOff to ABOM is applicable
2025-10-23 15:11:40,375 [INFO] Rule:228 - rule Rename CAN AutoWakeUp to AWUM is applicable
2025-10-23 15:11:40,375 [INFO] Rule:228 - rule Rename CAN AutoRetransmission to NART is applicable
2025-10-23 15:11:40,375 [INFO] Rule:228 - rule Rename CAN ReceiveFifoLocked to RFLM is applicable
2025-10-23 15:11:40,375 [INFO] Rule:228 - rule Rename CAN TransmitFifoPriority to TXFP is applicable
2025-10-23 15:11:40,375 [INFO] Rule:228 - rule Rename HRTIMER HRTIM_OUTPUTFAULTLEVEL_HIGH in HRTIMER HRTIM_OUTPUTFAULTLEVEL_HIGHZ is applicable
2025-10-23 15:11:40,375 [INFO] Rule:228 - rule Rename TIMER TIM_CLEARINPUTSOURCE_OCREFCLR in  TIMER TIM_CLEARINPUTSOURCE_NONE for F7 family is applicable
2025-10-23 15:11:40,375 [INFO] Rule:228 - rule FDCAN_R1 - Rename FDCAN mode Master into Classic is applicable
2025-10-23 15:11:40,375 [INFO] Rule:228 - rule FDCAN_R2 - Rename FDCAN mode Slave into Classic is applicable
2025-10-23 15:11:40,375 [INFO] Rule:228 - rule FDCAN1_R3 - if PA10.Mode=FullDuplex, add Pin PA12 is applicable
2025-10-23 15:11:40,375 [INFO] Rule:228 - rule FDCAN1_R3 - if PA9.Mode=FullDuplex, add Pin PA11 is applicable
2025-10-23 15:11:40,375 [INFO] Rule:228 - rule FDCAN1_R3 - Alternatepin_1 - if PE1.Mode=FullDuplex, add Pin PB9 is applicable
2025-10-23 15:11:40,375 [INFO] Rule:228 - rule FDCAN1_R3 - Alternatepin_1 - if PE0.Mode=FullDuplex, add Pin PB8 is applicable
2025-10-23 15:11:40,375 [INFO] Rule:228 - rule FDCAN1_R3 - Alternatepin_2 - if PD5.Mode=FullDuplex, add Pin PD1 is applicable
2025-10-23 15:11:40,375 [INFO] Rule:228 - rule FDCAN1_R3 - Alternatepin_2 - if PD4.Mode=FullDuplex, add Pin PD0 is applicable
2025-10-23 15:11:40,375 [INFO] Rule:228 - rule FDCAN1_R4 - Rename Mode FullDuplex into Enable FDCAN_TXFD for pin PA10 is applicable
2025-10-23 15:11:40,375 [INFO] Rule:228 - rule FDCAN1_R4 - Rename Mode FullDuplex into Enable FDCAN_TXFD for pin PA9 is applicable
2025-10-23 15:11:40,375 [INFO] Rule:228 - rule FDCAN1_R4 - Alternatepin_1 - Rename Mode FullDuplex into Enable FDCAN_TXFD for pin PE1 is applicable
2025-10-23 15:11:40,375 [INFO] Rule:228 - rule FDCAN1_R4 - Alternatepin_1 - Rename Mode FullDuplex into Enable FDCAN_TXFD for pin PE0 is applicable
2025-10-23 15:11:40,375 [INFO] Rule:228 - rule FDCAN1_R4 - Alternatepin_2 - Rename Mode FullDuplex into Enable FDCAN_TXFD for pin PD5 is applicable
2025-10-23 15:11:40,375 [INFO] Rule:228 - rule FDCAN1_R4 - Alternatepin_2 - Rename Mode FullDuplex into Enable FDCAN_TXFD for pin PD4 is applicable
2025-10-23 15:11:40,375 [INFO] Rule:228 - rule FDCAN2_R3 - if PD10.Mode=FullDuplex, add Pin PB13 is applicable
2025-10-23 15:11:40,375 [INFO] Rule:228 - rule FDCAN2_R3 - if PD9.Mode=FullDuplex, add Pin PB12 is applicable
2025-10-23 15:11:40,376 [INFO] Rule:228 - rule FDCAN2_R3 - Alternatepin_1 - if PB7.Mode=FullDuplex, add Pin PB6 is applicable
2025-10-23 15:11:40,376 [INFO] Rule:228 - rule FDCAN2_R3 - Alternatepin_1 - if PD9.Mode=FullDuplex, add Pin PB12 is applicable
2025-10-23 15:11:40,376 [INFO] Rule:228 - rule FDCAN2_R4 - Rename Mode FullDuplex into Enable FDCAN_TXFD for pin PD10 is applicable
2025-10-23 15:11:40,376 [INFO] Rule:228 - rule FDCAN2_R4 - Rename Mode FullDuplex into Enable FDCAN_TXFD for pin PD9 is applicable
2025-10-23 15:11:40,376 [INFO] Rule:228 - rule FDCAN2_R4 - Alternatepin_1 - Rename Mode FullDuplex into Enable FDCAN_TXFD for pin PB7 is applicable
2025-10-23 15:11:40,376 [INFO] Rule:228 - rule FDCAN2_R4 - Alternatepin_1 - Rename Mode FullDuplex into Enable FDCAN_TXFD for pin PD6 is applicable
2025-10-23 15:11:40,376 [INFO] Rule:228 - rule USART TxPinLevelInvertParam Mode is applicable
2025-10-23 15:11:40,376 [INFO] Rule:228 - rule USART RxPinLevelInvertParam Mode is applicable
2025-10-23 15:11:40,376 [INFO] Rule:228 - rule USART DataInvertParam Mode is applicable
2025-10-23 15:11:40,376 [INFO] Rule:228 - rule USART SwapParam Mode is applicable
2025-10-23 15:11:40,376 [INFO] Rule:228 - rule USART OverrunDisableParam Mode is applicable
2025-10-23 15:11:40,376 [INFO] Rule:228 - rule USART DMADisableonRxErrorParam Mode is applicable
2025-10-23 15:11:40,376 [INFO] Rule:228 - rule USART MSBFirstParam Mode is applicable
2025-10-23 15:11:40,376 [INFO] Rule:228 - rule Update MwName for USB_DEVICE is applicable
2025-10-23 15:11:40,376 [INFO] Rule:228 - rule Change PWR_Regulator_Voltage_Scale Default Value for RCC  H7 family is applicable
2025-10-23 15:11:40,376 [INFO] Rule:228 - rule UART/USART IPParameter rename Prescaler parameter to ClockPrescaler is applicable
2025-10-23 15:11:40,376 [INFO] Rule:228 - rule UART/USART Prescaler rename Prescaler parameter to ClockPrescaler is applicable
2025-10-23 15:11:40,376 [INFO] Rule:228 - rule TIM1CLockSelection is applicable
2025-10-23 15:11:40,376 [INFO] Rule:228 - rule TIM15CLockSelection is applicable
2025-10-23 15:11:40,376 [INFO] Rule:228 - rule align RCC SDMMC3CLockSelection default value on MP1 is applicable
2025-10-23 15:11:40,376 [INFO] Rule:228 - rule align RCC SDMMC12CLockSelection default value on MP1 is applicable
2025-10-23 15:11:40,376 [INFO] Rule:228 - rule align RCC QSPICLockSelection default value on MP1 is applicable
2025-10-23 15:11:40,376 [INFO] Rule:228 - rule align RCC QSPICLockSelection default value on MP1 is applicable
2025-10-23 15:11:40,376 [INFO] Rule:228 - rule align RCC SPI6CLockSelection default value on MP1 is applicable
2025-10-23 15:11:40,376 [INFO] Rule:228 - rule align RCC LPTIM23CLockSelection default value on MP1 is applicable
2025-10-23 15:11:40,376 [INFO] Rule:228 - rule align RCC LPTIM1CLockSelection default value on MP1 is applicable
2025-10-23 15:11:40,376 [INFO] Rule:228 - rule align RCC USART1CLockSelection default value on MP1 is applicable
2025-10-23 15:11:40,376 [INFO] Rule:228 - rule align RCC USART24CLockSelection default value on MP1 is applicable
2025-10-23 15:11:40,376 [INFO] Rule:228 - rule align RCC USART6CLockSelection default value on MP1 is applicable
2025-10-23 15:11:40,376 [INFO] Rule:228 - rule align RCC UART78CLockSelection default value on MP1 is applicable
2025-10-23 15:11:40,376 [INFO] Rule:228 - rule align RCC USART35CLockSelection default value on MP1 is applicable
2025-10-23 15:11:40,376 [INFO] Rule:228 - rule align RCC SPI45CLockSelection default value on MP1 is applicable
2025-10-23 15:11:40,377 [INFO] Rule:228 - rule align RCC I2C46CLockSelection BCLK value on MP1 is applicable
2025-10-23 15:11:40,377 [INFO] Rule:228 - rule align RCC SPI45CLockSelection default value on MP1 is applicable
2025-10-23 15:11:40,377 [INFO] Rule:228 - rule align RCC I2C12CLockSelection default value on MP1 is applicable
2025-10-23 15:11:40,377 [INFO] Rule:228 - rule align RCC I2C35CLockSelection default value on MP1 is applicable
2025-10-23 15:11:40,377 [INFO] Rule:228 - rule align RCC LPTIM45CLockSelection default value on MP1 is applicable
2025-10-23 15:11:40,377 [INFO] Rule:228 - rule Rename DCMI PIXCK signal is applicable
2025-10-23 15:11:40,377 [INFO] Rule:228 - rule Change Default Value for I2C46CLockSelection MP1 family is applicable
2025-10-23 15:11:40,377 [INFO] Rule:228 - rule Change Default Value for UART for G4, G0 and WB families is applicable
2025-10-23 15:11:40,377 [INFO] Rule:228 - rule Change Default Value for USART for G4, G0 and WB families is applicable
2025-10-23 15:11:40,377 [INFO] Rule:228 - rule Change Default Value for USART for G4 family is applicable
2025-10-23 15:11:40,377 [INFO] Rule:228 - rule Change USART1CLockSelection refparam name for MP1 is applicable
2025-10-23 15:11:40,377 [INFO] Rule:228 - rule Change USART2CLockSelection refparam name for MP1 is applicable
2025-10-23 15:11:40,377 [INFO] Rule:228 - rule Change USART3CLockSelection refparam name for MP1 is applicable
2025-10-23 15:11:40,377 [INFO] Rule:228 - rule Change UART4CLockSelection refparam name for MP1 is applicable
2025-10-23 15:11:40,377 [INFO] Rule:228 - rule Change UART5CLockSelection refparam name for MP1 is applicable
2025-10-23 15:11:40,377 [INFO] Rule:228 - rule Change LPUART1CLockSelection refparam name for MP1 is applicable
2025-10-23 15:11:40,377 [INFO] Rule:228 - rule Change LPTIM1CLockSelection refparam name for MP1 is applicable
2025-10-23 15:11:40,377 [INFO] Rule:228 - rule Change LPTIM2CLockSelection refparam name for MP1 is applicable
2025-10-23 15:11:40,377 [INFO] Rule:228 - rule Change RCC_MCO1Source refparam name for MP1 is applicable
2025-10-23 15:11:40,377 [INFO] Rule:228 - rule Change LSCOSource1 refparam name for MP1 is applicable
2025-10-23 15:11:40,377 [INFO] Rule:228 - rule Change SMPSCLockSelection refparam name for MP1 is applicable
2025-10-23 15:11:40,377 [INFO] Rule:228 - rule Change LPTIM3CLockSelection refparam name for MP1 is applicable
2025-10-23 15:11:40,377 [INFO] Rule:228 - rule Change MPCBB* Default Template Mode to Parameters is applicable
2025-10-23 15:11:40,377 [INFO] Rule:228 - rule Change MPCWM* or MPCBB* Secure Mode to Parameters is applicable
2025-10-23 15:11:40,377 [INFO] Rule:228 - rule Change MPCWM* or MPCBB* No Secure Mode to Parameters is applicable
2025-10-23 15:11:40,377 [INFO] Rule:228 - rule Change TZSC IP Secure Mode to Parameters is applicable
2025-10-23 15:11:40,377 [INFO] Rule:228 - rule Change TZSC IP No Secure Mode to Parameters is applicable
2025-10-23 15:11:40,377 [INFO] Rule:228 - rule Change TZSC IP Privilege Mode to Parameters is applicable
2025-10-23 15:11:40,377 [INFO] Rule:228 - rule Change TZSC IP No Privilege Mode to Parameters is applicable
2025-10-23 15:11:40,377 [INFO] Rule:228 - rule Change TZIC IT Secure Mode to Parameters is applicable
2025-10-23 15:11:40,377 [INFO] Rule:228 - rule Change TZIC IT No Secure Mode to Parameters is applicable
2025-10-23 15:11:40,377 [INFO] Rule:228 - rule Add MPCBB1_NonSecureArea_Start_Address value with referenced to MPCBB1_NonSecureArea_Start value is applicable
2025-10-23 15:11:40,378 [INFO] Rule:228 - rule Add MPCBB2_NonSecureArea_Start_Address value with referenced to MPCBB2_NonSecureArea_Start value is applicable
2025-10-23 15:11:40,378 [INFO] Rule:228 - rule Add MPCWM1_NonSecureArea*_Start_Address value with referenced to MPCWM1_NonSecureArea*_Start value is applicable
2025-10-23 15:11:40,378 [INFO] Rule:228 - rule Add MPCWM2_NonSecureArea*_Start_Address value with referenced to MPCWM2_NonSecureArea*_Start value is applicable
2025-10-23 15:11:40,378 [INFO] Rule:228 - rule Add MPCWM3_NonSecureArea_Start_Address value with referenced to MPCWM3_NonSecureArea_Start value is applicable
2025-10-23 15:11:40,378 [INFO] Rule:228 - rule Change Default Value for PLL1UserDefinedConfig is applicable
2025-10-23 15:11:40,378 [INFO] Rule:228 - rule Change GPIO_PuPd Default Value for USART in async mode is applicable
2025-10-23 15:11:40,378 [INFO] Rule:228 - rule Change SMPSDivider Default Value is applicable
2025-10-23 15:11:40,378 [INFO] Rule:228 - rule OPAMP is applicable
2025-10-23 15:11:40,378 [INFO] Rule:228 - rule LPUART IPParameter rename Prescaler parameter to ClockPrescaler for STM32H7 is applicable
2025-10-23 15:11:40,378 [INFO] Rule:228 - rule LPUART IPParameter rename Prescaler parameter to ClockPrescaler for STM32H7 is applicable
2025-10-23 15:11:40,378 [INFO] Rule:228 - rule LPUART IPParameter rename Prescaler parameter to ClockPrescaler for STM32WB is applicable
2025-10-23 15:11:40,378 [INFO] Rule:228 - rule LPUART IPParameter rename Prescaler parameter to ClockPrescaler for STM32WB is applicable
2025-10-23 15:11:40,378 [INFO] Rule:228 - rule LPUART IPParameter rename Prescaler parameter to ClockPrescaler for STM32G4 is applicable
2025-10-23 15:11:40,378 [INFO] Rule:228 - rule LPUART IPParameter rename Prescaler parameter to ClockPrescaler for STM32G4 is applicable
2025-10-23 15:11:40,378 [INFO] Rule:228 - rule LPUART IPParameter rename Prescaler parameter to ClockPrescaler for STM32L5 is applicable
2025-10-23 15:11:40,378 [INFO] Rule:228 - rule LPUART IPParameter rename Prescaler parameter to ClockPrescaler for STM32L5 is applicable
2025-10-23 15:11:40,378 [INFO] Rule:228 - rule LPUART IPParameter rename Prescaler parameter to ClockPrescaler for STM32G4 is applicable
2025-10-23 15:11:40,378 [INFO] Rule:228 - rule LPUART IPParameter rename Prescaler parameter to ClockPrescaler for STM32G4 is applicable
2025-10-23 15:11:40,378 [INFO] Rule:228 - rule USB device lib V2.5.3 for L0 rename USBD_SUPPORT_USER_STRING parameter to USBD_SUPPORT_USER_STRING_DESC4 is applicable
2025-10-23 15:11:40,379 [INFO] Rule:228 - rule I2SCLockSelection clock entry align is applicable
2025-10-23 15:11:40,379 [INFO] Rule:228 - rule Assign TIMx context if used as SYS timebase is applicable
2025-10-23 15:11:40,379 [INFO] Rule:228 - rule Change GPIO_Pu Default Value for I2C is applicable
2025-10-23 15:11:40,379 [INFO] Rule:228 - rule Change GPIO_Pu Default Value for SMBus is applicable
2025-10-23 15:11:40,379 [INFO] Rule:228 - rule change FDCAN default value is applicable
2025-10-23 15:11:40,379 [INFO] Rule:228 - rule Change mode sai is applicable
2025-10-23 15:11:40,379 [INFO] Rule:228 - rule **Change sai mode is applicable
2025-10-23 15:11:40,396 [INFO] DbConfProperties:307 - Apply Compatibility (49/258 Rules)
2025-10-23 15:11:40,415 [INFO] ImportTextPane:194 - (OptionalMessage_ERROR) Unable to find key (Mcu.ThirdPartyNb) in loaded IOC file
2025-10-23 15:11:40,802 [INFO] RtosManager:555 - Registered RTOS mode: class=CMSIS, group=RTOS, mode=CMSIS_V1, owner=FREERTOS
2025-10-23 15:11:40,802 [INFO] RtosManager:555 - Registered RTOS mode: class=CMSIS, group=RTOS2, mode=CMSIS_V2, owner=FREERTOS
2025-10-23 15:11:40,802 [INFO] RtosManager:555 - Registered RTOS mode: class=RTOS, group=Core, mode=CMSIS_V1, owner=FREERTOS
2025-10-23 15:11:40,802 [INFO] RtosManager:555 - Registered RTOS mode: class=RTOS, group=Core, mode=CMSIS_V2, owner=FREERTOS
2025-10-23 15:11:40,802 [WARN] ModelIntegratedComponent:184 - Missing modes for component STMicroelectronics:FreeRTOS:0.0.1:STMicroelectronics:RTOS:FreeRTOS:Core:::10.2.0:
2025-10-23 15:11:40,808 [WARN] ModelIntegratedComponent:63 - No mode defined for component null
2025-10-23 15:11:40,808 [WARN] ModelIntegratedComponent:63 - No mode defined for component null
2025-10-23 15:11:40,808 [WARN] ModelIntegratedComponent:63 - No mode defined for component null
2025-10-23 15:11:40,808 [WARN] ModelIntegratedComponent:63 - No mode defined for component null
2025-10-23 15:11:40,808 [WARN] ModelIntegratedComponent:63 - No mode defined for component null
2025-10-23 15:11:40,808 [WARN] ModelIntegratedComponent:63 - No mode defined for component null
2025-10-23 15:11:40,808 [WARN] ModelIntegratedComponent:63 - No mode defined for component null
2025-10-23 15:11:40,809 [WARN] ModelIntegratedComponent:63 - No mode defined for component null
2025-10-23 15:11:40,809 [WARN] ModelIntegratedComponent:63 - No mode defined for component null
2025-10-23 15:11:40,809 [WARN] ModelIntegratedComponent:63 - No mode defined for component null
2025-10-23 15:11:40,809 [WARN] ModelIntegratedComponent:63 - No mode defined for component null
2025-10-23 15:11:40,809 [WARN] ModelIntegratedComponent:63 - No mode defined for component null
2025-10-23 15:11:40,809 [WARN] ModelIntegratedComponent:63 - No mode defined for component null
2025-10-23 15:11:40,809 [WARN] ModelIntegratedComponent:63 - No mode defined for component null
2025-10-23 15:11:40,809 [WARN] ModelIntegratedComponent:63 - No mode defined for component null
2025-10-23 15:11:40,809 [WARN] ModelIntegratedComponent:63 - No mode defined for component null
2025-10-23 15:11:40,809 [WARN] ModelIntegratedComponent:63 - No mode defined for component null
2025-10-23 15:11:40,809 [WARN] ModelIntegratedComponent:63 - No mode defined for component null
2025-10-23 15:11:40,809 [WARN] ModelIntegratedComponent:63 - No mode defined for component null
2025-10-23 15:11:40,809 [WARN] ModelIntegratedComponent:63 - No mode defined for component null
2025-10-23 15:11:40,809 [WARN] ModelIntegratedComponent:63 - No mode defined for component null
2025-10-23 15:11:40,809 [WARN] ModelIntegratedComponent:63 - No mode defined for component null
2025-10-23 15:11:40,809 [WARN] ModelIntegratedComponent:63 - No mode defined for component null
2025-10-23 15:11:40,809 [WARN] ModelIntegratedComponent:63 - No mode defined for component null
2025-10-23 15:11:40,809 [WARN] ModelIntegratedComponent:63 - No mode defined for component null
2025-10-23 15:11:40,809 [WARN] ModelIntegratedComponent:63 - No mode defined for component null
2025-10-23 15:11:40,809 [WARN] ModelIntegratedComponent:63 - No mode defined for component null
2025-10-23 15:11:40,809 [WARN] ModelIntegratedComponent:63 - No mode defined for component null
2025-10-23 15:11:40,809 [WARN] ModelIntegratedComponent:63 - No mode defined for component null
2025-10-23 15:11:40,809 [WARN] ModelIntegratedComponent:63 - No mode defined for component null
2025-10-23 15:11:40,809 [WARN] ModelIntegratedComponent:63 - No mode defined for component null
2025-10-23 15:11:40,810 [WARN] ModelIntegratedComponent:63 - No mode defined for component null
2025-10-23 15:11:40,810 [WARN] ModelIntegratedComponent:63 - No mode defined for component null
2025-10-23 15:11:41,145 [INFO] ThirdPartyModel:298 - Start build external matchings
2025-10-23 15:11:44,488 [INFO] ThirdPartyModel:316 - End build external matchings
2025-10-23 15:11:44,538 [INFO] ImportTextPane:194 - (OptionalMessage_ERROR) IP (RCC) : Invalid parameter (48MHZClocksFreq_Value)
2025-10-23 15:11:44,538 [INFO] ImportTextPane:194 - (OptionalMessage_ERROR) IP (RCC) : Invalid parameter (EthernetFreq_Value)
2025-10-23 15:11:44,539 [INFO] ImportTextPane:194 - (OptionalMessage_ERROR) IP (RCC) : Parameter (FLatency) has Id (AdvancedSettings) currently not set
2025-10-23 15:11:44,539 [INFO] ImportTextPane:194 - (OptionalMessage_ERROR) IP (RCC) : Invalid parameter (FamilyName)
2025-10-23 15:11:44,539 [INFO] ImportTextPane:194 - (OptionalMessage_ERROR) IP (RCC) : Invalid parameter (I2SClocksFreq_Value)
2025-10-23 15:11:44,539 [INFO] ImportTextPane:194 - (OptionalMessage_ERROR) IP (RCC) : Parameter (SDIOFreq_Value) has invalid value (168000000)
2025-10-23 15:11:44,540 [INFO] ImportTextPane:194 - (OptionalMessage_ERROR) IP (RCC) : Parameter (USBFreq_Value) has invalid value (168000000)
2025-10-23 15:11:44,540 [INFO] ImportTextPane:194 - (OptionalMessage_ERROR) IP (RCC) : Invalid parameter (VCOInputMFreq_Value)
2025-10-23 15:11:44,540 [INFO] ImportTextPane:194 - (OptionalMessage_ERROR) IP (RCC) : Invalid parameter (VcooutputI2S)
2025-10-23 15:11:44,796 [INFO] UtilMem:75 - End LoadConfig() Used Memory: 417805840 Bytes (951058432)
2025-10-23 15:11:44,808 [WARN] ThirdParty:833 - waiting for thirdparty lock release [change project]
2025-10-23 15:11:44,808 [INFO] ThirdParty:835 - entering critical section [change project]
2025-10-23 15:11:44,808 [INFO] ThirdParty:1030 - CMSIS Pack Vendor :STMicroelectronics X-CUBE-PM33A1 1.0.0
2025-10-23 15:11:44,808 [INFO] ThirdParty:1030 - CMSIS Pack Vendor :STMicroelectronics USBPD 4.1
2025-10-23 15:11:44,808 [INFO] ThirdParty:1030 - CMSIS Pack Vendor :STMicroelectronics X-CUBE-GNSS1 6.0.0
2025-10-23 15:11:44,808 [INFO] ThirdParty:1030 - CMSIS Pack Vendor :STMicroelectronics USB_HOST 2.0.0
2025-10-23 15:11:44,808 [INFO] ThirdParty:1030 - CMSIS Pack Vendor :STMicroelectronics FP-SNS-MOTENVWB1 1.4.0
2025-10-23 15:11:44,808 [INFO] ThirdParty:1030 - CMSIS Pack Vendor :STMicroelectronics X-CUBE-AZRTOS-F4 1.1.0
2025-10-23 15:11:44,808 [INFO] ThirdParty:1030 - CMSIS Pack Vendor :STMicroelectronics LIBJPEG 8.0.0
2025-10-23 15:11:44,808 [INFO] ThirdParty:1030 - CMSIS Pack Vendor :STMicroelectronics FP-ATR-ASTRA1 2.0.2
2025-10-23 15:11:44,808 [INFO] ThirdParty:1030 - CMSIS Pack Vendor :wolfSSL I-CUBE-wolfSSL 5.6.4
2025-10-23 15:11:44,808 [INFO] ThirdParty:1030 - CMSIS Pack Vendor :STMicroelectronics FP-ATR-ASTRA1 2.0.1
2025-10-23 15:11:44,808 [INFO] ThirdParty:1030 - CMSIS Pack Vendor :STMicroelectronics X-CUBE-SMBUS 2.1.0
2025-10-23 15:11:44,809 [INFO] ThirdParty:1030 - CMSIS Pack Vendor :STMicroelectronics X-CUBE-WB05N 1.1.0
2025-10-23 15:11:44,809 [INFO] ThirdParty:1030 - CMSIS Pack Vendor :STMicroelectronics X-CUBE-ISPU 2.1.0
2025-10-23 15:11:44,809 [INFO] ThirdParty:1030 - CMSIS Pack Vendor :STMicroelectronics X-CUBE-FREERTOS 1.2.0
2025-10-23 15:11:44,809 [INFO] ThirdParty:1030 - CMSIS Pack Vendor :STMicroelectronics X-CUBE-TOUCHGFX 4.23.0
2025-10-23 15:11:44,809 [INFO] ThirdParty:1030 - CMSIS Pack Vendor :STMicroelectronics X-CUBE-NFC12 1.0.0
2025-10-23 15:11:44,809 [INFO] ThirdParty:1030 - CMSIS Pack Vendor :STMicroelectronics X-CUBE-AZRTOS-F7 1.1.0
2025-10-23 15:11:44,809 [INFO] ThirdParty:1030 - CMSIS Pack Vendor :STMicroelectronics X-CUBE-AZRTOS-L5 2.0.0
2025-10-23 15:11:44,809 [INFO] ThirdParty:1030 - CMSIS Pack Vendor :STMicroelectronics USB_DEVICE 2.0.0
2025-10-23 15:11:44,809 [INFO] ThirdParty:1030 - CMSIS Pack Vendor :STMicroelectronics X-CUBE-MEMS1 9.6.0
2025-10-23 15:11:44,809 [INFO] ThirdParty:1030 - CMSIS Pack Vendor :STMicroelectronics X-CUBE-EEPRMA1 4.2.0
2025-10-23 15:11:44,809 [INFO] ThirdParty:1030 - CMSIS Pack Vendor :STMicroelectronics X-CUBE-NFC6 3.1.0
2025-10-23 15:11:44,809 [INFO] ThirdParty:1030 - CMSIS Pack Vendor :ITTIA_DB I-CUBE-ITTIADB 8.8.0
2025-10-23 15:11:44,809 [INFO] ThirdParty:1030 - CMSIS Pack Vendor :STMicroelectronics FP-SNS-MOTENV1 4.3.2
2025-10-23 15:11:44,809 [INFO] ThirdParty:1030 - CMSIS Pack Vendor :STMicroelectronics X-CUBE-MEMS1 11.0.0
2025-10-23 15:11:44,809 [INFO] ThirdParty:1030 - CMSIS Pack Vendor :STMicroelectronics FreeRTOS 0.0.1
2025-10-23 15:11:44,809 [INFO] ThirdParty:1030 - CMSIS Pack Vendor :STMicroelectronics X-CUBE-BLEMGR 2.0.0
2025-10-23 15:11:44,809 [INFO] ThirdParty:1030 - CMSIS Pack Vendor :STMicroelectronics FP-SNS-FLIGHT1 5.0.2
2025-10-23 15:11:44,809 [INFO] ThirdParty:1030 - CMSIS Pack Vendor :STMicroelectronics X-CUBE-AI 9.0.0
2025-10-23 15:11:44,809 [INFO] ThirdParty:1030 - CMSIS Pack Vendor :STMicroelectronics X-CUBE-AZRTOS-H7 3.1.0
2025-10-23 15:11:44,809 [INFO] ThirdParty:1030 - CMSIS Pack Vendor :STMicroelectronics PDM2PCM 3.3.0
2025-10-23 15:11:44,809 [INFO] ThirdParty:1030 - CMSIS Pack Vendor :STMicroelectronics X-CUBE-AZRTOS-H7 3.4.0
2025-10-23 15:11:44,809 [INFO] ThirdParty:1030 - CMSIS Pack Vendor :STMicroelectronics X-CUBE-DISPLAY 3.0.0
2025-10-23 15:11:44,809 [INFO] ThirdParty:1030 - CMSIS Pack Vendor :STMicroelectronics X-CUBE-BLE1 7.0.0
2025-10-23 15:11:44,809 [INFO] ThirdParty:1030 - CMSIS Pack Vendor :STMicroelectronics X-CUBE-NFC10 1.0.0
2025-10-23 15:11:44,809 [INFO] ThirdParty:1030 - CMSIS Pack Vendor :STMicroelectronics X-CUBE-FREERTOS 1.3.1
2025-10-23 15:11:44,809 [INFO] ThirdParty:1030 - CMSIS Pack Vendor :STMicroelectronics HAL Drivers 0.0.0
2025-10-23 15:11:44,809 [INFO] ThirdParty:1030 - CMSIS Pack Vendor :emotas I-CUBE-CANOPEN 1.3.0
2025-10-23 15:11:44,810 [INFO] ThirdParty:1030 - CMSIS Pack Vendor :STMicroelectronics X-CUBE-FREERTOS 1.3.0
2025-10-23 15:11:44,810 [INFO] ThirdParty:1030 - CMSIS Pack Vendor :STMicroelectronics X-CUBE-NFC7 1.0.1
2025-10-23 15:11:44,810 [INFO] ThirdParty:1030 - CMSIS Pack Vendor :STMicroelectronics MBEDTLS 2.14.1
2025-10-23 15:11:44,810 [INFO] ThirdParty:1030 - CMSIS Pack Vendor :STMicroelectronics X-CUBE-TOUCHGFX 4.22.1
2025-10-23 15:11:44,810 [INFO] ThirdParty:1030 - CMSIS Pack Vendor :STMicroelectronics X-CUBE-TOUCHGFX 4.26.0
2025-10-23 15:11:44,810 [INFO] ThirdParty:1030 - CMSIS Pack Vendor :STMicroelectronics X-CUBE-NFC6 3.0.0
2025-10-23 15:11:44,810 [INFO] ThirdParty:1030 - CMSIS Pack Vendor :STMicroelectronics X-CUBE-EEPRMA1 4.1.0
2025-10-23 15:11:44,810 [INFO] ThirdParty:1030 - CMSIS Pack Vendor :STMicroelectronics X-CUBE-BLEMGR 3.1.0
2025-10-23 15:11:44,810 [INFO] ThirdParty:1030 - CMSIS Pack Vendor :STMicroelectronics X-CUBE-MEMS1 11.1.0
2025-10-23 15:11:44,810 [INFO] ThirdParty:1030 - CMSIS Pack Vendor :STMicroelectronics X-CUBE-AZRTOS-WL 2.0.0
2025-10-23 15:11:44,810 [INFO] ThirdParty:1030 - CMSIS Pack Vendor :STMicroelectronics FP-SNS-MOTENV1 5.0.0
2025-10-23 15:11:44,810 [INFO] ThirdParty:1030 - CMSIS Pack Vendor :STMicroelectronics USB_DEVICE 1.0.0
2025-10-23 15:11:44,810 [INFO] ThirdParty:1030 - CMSIS Pack Vendor :STMicroelectronics X-CUBE-AI 8.1.0
2025-10-23 15:11:44,810 [INFO] ThirdParty:1030 - CMSIS Pack Vendor :wolfSSL I-CUBE-wolfMQTT 1.19.0
2025-10-23 15:11:44,810 [INFO] ThirdParty:1030 - CMSIS Pack Vendor :STMicroelectronics X-CUBE-AZRTOS-L4 2.0.0
2025-10-23 15:11:44,810 [INFO] ThirdParty:1030 - CMSIS Pack Vendor :STMicroelectronics ThreadX 0.0.2
2025-10-23 15:11:44,810 [INFO] ThirdParty:1030 - CMSIS Pack Vendor :WES I-CUBE-Cesium 1.3.0
2025-10-23 15:11:44,810 [INFO] ThirdParty:1030 - CMSIS Pack Vendor :STMicroelectronics lwIP 2.1.2
2025-10-23 15:11:44,810 [INFO] ThirdParty:1030 - CMSIS Pack Vendor :STMicroelectronics X-CUBE-SFXS2LP1 4.0.0
2025-10-23 15:11:44,810 [INFO] ThirdParty:1030 - CMSIS Pack Vendor :STMicroelectronics X-CUBE-BLE2 3.3.0
2025-10-23 15:11:44,810 [INFO] ThirdParty:1030 - CMSIS Pack Vendor :STMicroelectronics PDM2PCM 3.2.0
2025-10-23 15:11:44,810 [INFO] ThirdParty:1030 - CMSIS Pack Vendor :STMicroelectronics X-CUBE-ISPU 1.1.0
2025-10-23 15:11:44,810 [INFO] ThirdParty:1030 - CMSIS Pack Vendor :STMicroelectronics X-CUBE-AZRTOS-H7 3.3.0
2025-10-23 15:11:44,810 [INFO] ThirdParty:1030 - CMSIS Pack Vendor :STMicroelectronics X-CUBE-NFC9 1.0.0
2025-10-23 15:11:44,810 [INFO] ThirdParty:1030 - CMSIS Pack Vendor :STMicroelectronics X-CUBE-BLE1 7.1.0
2025-10-23 15:11:44,810 [INFO] ThirdParty:1030 - CMSIS Pack Vendor :STMicroelectronics USB_DEVICE 3.0.0
2025-10-23 15:11:44,810 [INFO] ThirdParty:1030 - CMSIS Pack Vendor :STMicroelectronics X-CUBE-TCPP 4.1.0
2025-10-23 15:11:44,810 [INFO] ThirdParty:1030 - CMSIS Pack Vendor :STMicroelectronics X-CUBE-EEPRMA1 5.2.0
2025-10-23 15:11:44,810 [INFO] ThirdParty:1030 - CMSIS Pack Vendor :STMicroelectronics X-CUBE-AZRTOS-WB 2.0.0
2025-10-23 15:11:44,810 [INFO] ThirdParty:1030 - CMSIS Pack Vendor :STMicroelectronics X-CUBE-GNSS1 7.0.0
2025-10-23 15:11:44,810 [INFO] ThirdParty:1030 - CMSIS Pack Vendor :STMicroelectronics X-CUBE-GNSS1 7.0.1
2025-10-23 15:11:44,811 [INFO] ThirdParty:1030 - CMSIS Pack Vendor :STMicroelectronics X-CUBE-TOUCHGFX 4.25.0
2025-10-23 15:11:44,811 [INFO] ThirdParty:1030 - CMSIS Pack Vendor :STMicroelectronics X-CUBE-ALGOBUILD 1.3.0
2025-10-23 15:11:44,811 [INFO] ThirdParty:1030 - CMSIS Pack Vendor :STMicroelectronics X-CUBE-AZRTOS-G0 1.1.0
2025-10-23 15:11:44,811 [INFO] ThirdParty:1030 - CMSIS Pack Vendor :STMicroelectronics X-CUBE-SAFEA1 1.2.2
2025-10-23 15:11:44,811 [INFO] ThirdParty:1030 - CMSIS Pack Vendor :STMicroelectronics X-CUBE-NFC4 3.0.0
2025-10-23 15:11:44,811 [INFO] ThirdParty:1030 - CMSIS Pack Vendor :STMicroelectronics X-CUBE-SUBG2 5.0.0
2025-10-23 15:11:44,811 [INFO] ThirdParty:1030 - CMSIS Pack Vendor :STMicroelectronics X-CUBE-AZRTOS-H7RS 1.1.0
2025-10-23 15:11:44,811 [INFO] ThirdParty:1030 - CMSIS Pack Vendor :STMicroelectronics STM32_WPAN 1.0.0
2025-10-23 15:11:44,811 [INFO] ThirdParty:1030 - CMSIS Pack Vendor :STMicroelectronics lwIP 2.0.3
2025-10-23 15:11:44,811 [INFO] ThirdParty:1030 - CMSIS Pack Vendor :Cesanta I-CUBE-Mongoose 7.13.0
2025-10-23 15:11:44,811 [INFO] ThirdParty:1030 - CMSIS Pack Vendor :STMicroelectronics USB_HOST 1.0.0
2025-10-23 15:11:44,811 [INFO] ThirdParty:1030 - CMSIS Pack Vendor :STMicroelectronics X-CUBE-TOF1 3.3.1
2025-10-23 15:11:44,811 [INFO] ThirdParty:1030 - CMSIS Pack Vendor :STMicroelectronics X-CUBE-AZRTOS-G4 2.0.0
2025-10-23 15:11:44,811 [INFO] ThirdParty:1030 - CMSIS Pack Vendor :STMicroelectronics X-CUBE-WB05N 2.0.0
2025-10-23 15:11:44,811 [INFO] ThirdParty:1030 - CMSIS Pack Vendor :STMicroelectronics PDM2PCM 3.1.0
2025-10-23 15:11:44,811 [INFO] ThirdParty:1030 - CMSIS Pack Vendor :Infineon AIROC-Wi-Fi-Bluetooth-STM32 1.5.1
2025-10-23 15:11:44,811 [INFO] ThirdParty:1030 - CMSIS Pack Vendor :STMicroelectronics X-CUBE-BLEMGR 3.0.0
2025-10-23 15:11:44,811 [INFO] ThirdParty:1030 - CMSIS Pack Vendor :STMicroelectronics X-CUBE-NFC7 2.0.0
2025-10-23 15:11:44,811 [INFO] ThirdParty:1030 - CMSIS Pack Vendor :STMicroelectronics FP-SNS-MOTENVWB1 1.3.1
2025-10-23 15:11:44,811 [INFO] ThirdParty:1030 - CMSIS Pack Vendor :STMicroelectronics FP-ATR-SIGFOX1 3.2.0
2025-10-23 15:11:44,811 [INFO] ThirdParty:1030 - CMSIS Pack Vendor :STMicroelectronics X-CUBE-ISPU 2.0.0
2025-10-23 15:11:44,811 [INFO] ThirdParty:1030 - CMSIS Pack Vendor :STMicroelectronics X-CUBE-EEPRMA1 5.1.0
2025-10-23 15:11:44,811 [INFO] ThirdParty:1030 - CMSIS Pack Vendor :STMicroelectronics MBEDTLS 2.16.2
2025-10-23 15:11:44,811 [INFO] ThirdParty:1030 - CMSIS Pack Vendor :STMicroelectronics X-CUBE-ALS 1.0.2
2025-10-23 15:11:44,811 [INFO] ThirdParty:1030 - CMSIS Pack Vendor :STMicroelectronics X-CUBE-MEMS1 10.0.0
2025-10-23 15:11:44,811 [INFO] ThirdParty:1030 - CMSIS Pack Vendor :STMicroelectronics X-CUBE-FREERTOS 1.1.0
2025-10-23 15:11:44,811 [INFO] ThirdParty:1030 - CMSIS Pack Vendor :STMicroelectronics X-CUBE-TOUCHGFX 4.24.0
2025-10-23 15:11:44,811 [INFO] ThirdParty:1030 - CMSIS Pack Vendor :STMicroelectronics X-CUBE-TOUCHGFX 4.24.2
2025-10-23 15:11:44,811 [INFO] ThirdParty:1030 - CMSIS Pack Vendor :STMicroelectronics X-CUBE-TOUCHGFX 4.24.1
2025-10-23 15:11:44,812 [INFO] ThirdParty:1030 - CMSIS Pack Vendor :STMicroelectronics X-CUBE-STSE01 1.0.0
2025-10-23 15:11:44,812 [INFO] ThirdParty:1030 - CMSIS Pack Vendor :wolfSSL I-CUBE-wolfTPM 3.4.0
2025-10-23 15:11:44,812 [INFO] ThirdParty:1030 - CMSIS Pack Vendor :portGmbH I-Cube-SoM-uGOAL 1.1.0
2025-10-23 15:11:44,812 [INFO] ThirdParty:1030 - CMSIS Pack Vendor :STMicroelectronics X-CUBE-ALS 1.0.1
2025-10-23 15:11:44,812 [INFO] ThirdParty:1030 - CMSIS Pack Vendor :STMicroelectronics X-CUBE-AI 10.2.0
2025-10-23 15:11:44,812 [INFO] ThirdParty:1030 - CMSIS Pack Vendor :STMicroelectronics ThreadX 1.0.0
2025-10-23 15:11:44,812 [INFO] ThirdParty:1030 - CMSIS Pack Vendor :SEGGER I-CUBE-embOS 1.3.1
2025-10-23 15:11:44,812 [INFO] ThirdParty:1030 - CMSIS Pack Vendor :STMicroelectronics X-CUBE-ALGOBUILD 1.4.0
2025-10-23 15:11:44,812 [INFO] ThirdParty:1030 - CMSIS Pack Vendor :STMicroelectronics X-CUBE-MEMS1 11.3.0
2025-10-23 15:11:44,812 [INFO] ThirdParty:1030 - CMSIS Pack Vendor :STMicroelectronics X-CUBE-AZRTOS-H7RS 1.0.0
2025-10-23 15:11:44,812 [INFO] ThirdParty:1030 - CMSIS Pack Vendor :STMicroelectronics FP-ATR-ASTRA1 2.0.0
2025-10-23 15:11:44,812 [INFO] ThirdParty:1030 - CMSIS Pack Vendor :STMicroelectronics X-CUBE-AI 9.1.0
2025-10-23 15:11:44,812 [INFO] ThirdParty:1030 - CMSIS Pack Vendor :STMicroelectronics X-CUBE-TOF1 3.4.0
2025-10-23 15:11:44,812 [INFO] ThirdParty:1030 - CMSIS Pack Vendor :STMicroelectronics X-CUBE-AZRTOS-H7 3.2.0
2025-10-23 15:11:44,812 [INFO] ThirdParty:1030 - CMSIS Pack Vendor :wolfSSL I-CUBE-wolfSSH 1.4.17
2025-10-23 15:11:44,812 [INFO] ThirdParty:841 - exiting critical section [change project]
2025-10-23 15:11:45,173 [INFO] PinOutPanel:1499 - setPackage(No Configuration,No Configuration)
2025-10-23 15:11:45,173 [INFO] PinOutPanel:1499 - setPackage(STM32F446RETx,LQFP64)
2025-10-23 15:11:45,618 [INFO] UtilMem:75 - Before build in PCC Used Memory: 322775960 Bytes (951058432)
2025-10-23 15:11:46,074 [INFO] UtilMem:75 - After build in PCC Used Memory: 371010456 Bytes (951058432)
2025-10-23 15:11:46,112 [INFO] IPUIPlugin:80 - create IPUIPlugin
2025-10-23 15:11:46,112 [INFO] IPUIPlugin:80 - create IPUIPlugin
2025-10-23 15:11:46,112 [INFO] IPUIPlugin:80 - create IPUIPlugin
2025-10-23 15:11:46,112 [INFO] IPUIPlugin:80 - create IPUIPlugin
2025-10-23 15:11:46,113 [INFO] IPUIPlugin:80 - create IPUIPlugin
2025-10-23 15:11:46,113 [INFO] IPUIPlugin:80 - create IPUIPlugin
2025-10-23 15:11:46,113 [INFO] IPUIPlugin:80 - create IPUIPlugin
2025-10-23 15:11:46,113 [INFO] IPUIPlugin:80 - create IPUIPlugin
2025-10-23 15:11:46,113 [INFO] IPUIPlugin:80 - create IPUIPlugin
2025-10-23 15:11:46,114 [INFO] IPUIPlugin:80 - create IPUIPlugin
2025-10-23 15:11:46,114 [INFO] IPUIPlugin:80 - create IPUIPlugin
2025-10-23 15:11:46,114 [INFO] IPUIPlugin:80 - create IPUIPlugin
2025-10-23 15:11:46,114 [INFO] IPUIPlugin:80 - create IPUIPlugin
2025-10-23 15:11:46,114 [INFO] IPUIPlugin:80 - create IPUIPlugin
2025-10-23 15:11:46,115 [INFO] IPUIPlugin:80 - create IPUIPlugin
2025-10-23 15:11:46,115 [INFO] IPUIPlugin:80 - create IPUIPlugin
2025-10-23 15:11:46,115 [INFO] IPUIPlugin:80 - create IPUIPlugin
2025-10-23 15:11:46,115 [INFO] IPUIPlugin:80 - create IPUIPlugin
2025-10-23 15:11:46,115 [INFO] IPUIPlugin:80 - create IPUIPlugin
2025-10-23 15:11:46,115 [INFO] IPUIPlugin:80 - create IPUIPlugin
2025-10-23 15:11:46,116 [INFO] IPUIPlugin:80 - create IPUIPlugin
2025-10-23 15:11:46,116 [INFO] IPUIPlugin:80 - create IPUIPlugin
2025-10-23 15:11:46,116 [INFO] IPUIPlugin:80 - create IPUIPlugin
2025-10-23 15:11:46,117 [INFO] IPUIPlugin:80 - create IPUIPlugin
2025-10-23 15:11:46,117 [INFO] IPUIPlugin:80 - create IPUIPlugin
2025-10-23 15:11:46,117 [INFO] IPUIPlugin:80 - create IPUIPlugin
2025-10-23 15:11:46,117 [INFO] IPUIPlugin:80 - create IPUIPlugin
2025-10-23 15:11:46,118 [INFO] IPUIPlugin:80 - create IPUIPlugin
2025-10-23 15:11:46,118 [INFO] IPUIPlugin:80 - create IPUIPlugin
2025-10-23 15:11:46,118 [INFO] IPUIPlugin:80 - create IPUIPlugin
2025-10-23 15:11:46,119 [INFO] IPUIPlugin:80 - create IPUIPlugin
2025-10-23 15:11:46,119 [INFO] IPUIPlugin:80 - create IPUIPlugin
2025-10-23 15:11:46,119 [INFO] IPUIPlugin:80 - create IPUIPlugin
2025-10-23 15:11:46,119 [INFO] IPUIPlugin:80 - create IPUIPlugin
2025-10-23 15:11:46,120 [INFO] IPUIPlugin:80 - create IPUIPlugin
2025-10-23 15:11:46,120 [INFO] IPUIPlugin:80 - create IPUIPlugin
2025-10-23 15:11:46,120 [INFO] IPUIPlugin:80 - create IPUIPlugin
2025-10-23 15:11:46,120 [INFO] IPUIPlugin:80 - create IPUIPlugin
2025-10-23 15:11:46,120 [INFO] IPUIPlugin:80 - create IPUIPlugin
2025-10-23 15:11:46,120 [INFO] IPUIPlugin:80 - create IPUIPlugin
2025-10-23 15:11:46,120 [INFO] IPUIPlugin:80 - create IPUIPlugin
2025-10-23 15:11:46,120 [INFO] IPUIPlugin:80 - create IPUIPlugin
2025-10-23 15:11:46,120 [INFO] IPUIPlugin:80 - create IPUIPlugin
2025-10-23 15:11:46,120 [INFO] IPUIPlugin:80 - create IPUIPlugin
2025-10-23 15:11:46,120 [INFO] IPUIPlugin:80 - create IPUIPlugin
2025-10-23 15:11:46,120 [INFO] IPUIPlugin:80 - create IPUIPlugin
2025-10-23 15:11:46,120 [INFO] IPUIPlugin:80 - create IPUIPlugin
2025-10-23 15:11:46,121 [INFO] IPUIPlugin:80 - create IPUIPlugin
2025-10-23 15:11:46,121 [INFO] IPUIPlugin:80 - create IPUIPlugin
2025-10-23 15:11:46,121 [INFO] IPUIPlugin:80 - create IPUIPlugin
2025-10-23 15:11:46,121 [INFO] IPUIPlugin:80 - create IPUIPlugin
2025-10-23 15:11:46,122 [INFO] IPUIPlugin:80 - create IPUIPlugin
2025-10-23 15:11:46,122 [INFO] IPUIPlugin:80 - create IPUIPlugin
2025-10-23 15:11:46,123 [INFO] IPUIPlugin:80 - create IPUIPlugin
2025-10-23 15:11:46,123 [INFO] IPUIPlugin:80 - create IPUIPlugin
2025-10-23 15:11:46,124 [INFO] IPUIPlugin:80 - create IPUIPlugin
2025-10-23 15:11:46,124 [INFO] IPUIPlugin:80 - create IPUIPlugin
2025-10-23 15:11:46,125 [INFO] IPUIPlugin:80 - create IPUIPlugin
2025-10-23 15:11:46,126 [INFO] IPUIPlugin:80 - create IPUIPlugin
2025-10-23 15:11:46,127 [INFO] IPUIPlugin:80 - create IPUIPlugin
2025-10-23 15:11:46,130 [INFO] ApiDbMcu:507 - Load IP Config File for PDM2PCM
2025-10-23 15:11:46,227 [INFO] CADModel:165 - CPN selected for project levelSTM32F446RET6
2025-10-23 15:11:46,227 [INFO] CADModel:114 - Register for checkConnection events
2025-10-23 15:11:46,278 [INFO] OpenFileManager:328 - Restore cursor
2025-10-23 15:11:46,842 [INFO] UtilMem:75 - End SaveConfig() Used Memory: 523675512 Bytes (951058432)
2025-10-23 15:11:46,903 [INFO] UtilMem:75 - End SaveConfig() Used Memory: 545074072 Bytes (951058432)
2025-10-23 15:11:47,097 [INFO] BlockDiagram:2759 - set Specific Code input for plugin: SYS
2025-10-23 15:11:47,097 [INFO] BlockDiagram:2759 - set Specific Code input for plugin: RCC
2025-10-23 15:11:47,097 [INFO] BlockDiagram:2759 - set Specific Code input for plugin: NVIC
2025-10-23 15:11:47,097 [INFO] BlockDiagram:2759 - set Specific Code input for plugin: USART
2025-10-23 15:11:47,097 [INFO] BlockDiagram:2759 - set Specific Code input for plugin: GPIO
2025-10-23 15:11:47,098 [INFO] CodeGenerator:799 - code generatio: config db path: /opt/st/stm32cubeide_1.13.2/plugins/com.st.stm32cube.common.mx_6.9.2.202309101412//db/
2025-10-23 15:11:47,251 [INFO] CodeEngine:255 - oldGeneratedFile, /home/sunbeam/CDAC/Sunbeam_internship/stm32/display1.1/MXTmpFiles/license.tmp_save
2025-10-23 15:11:47,379 [INFO] CodeEngine:279 - Generated code: /home/sunbeam/CDAC/Sunbeam_internship/stm32/display1.1/MXTmpFiles/license.tmp
2025-10-23 15:11:47,398 [INFO] CodeEngine:255 - oldGeneratedFile, /home/sunbeam/CDAC/Sunbeam_internship/stm32/display1.1/MXTmpFiles/gpio.tmp_save
2025-10-23 15:11:47,481 [INFO] CodeEngine:279 - Generated code: /home/sunbeam/CDAC/Sunbeam_internship/stm32/display1.1/MXTmpFiles/gpio.tmp
2025-10-23 15:11:47,529 [INFO] CodeEngine:255 - oldGeneratedFile, /home/sunbeam/CDAC/Sunbeam_internship/stm32/display1.1/Core/Src/stm32f4xx_it.c_save
2025-10-23 15:11:47,825 [INFO] CodeEngine:279 - Generated code: /home/sunbeam/CDAC/Sunbeam_internship/stm32/display1.1/Core/Src/stm32f4xx_it.c
2025-10-23 15:11:47,827 [INFO] CodeEngine:255 - oldGeneratedFile, /home/sunbeam/CDAC/Sunbeam_internship/stm32/display1.1/Core/Inc/stm32f4xx_it.h_save
2025-10-23 15:11:47,923 [INFO] CodeEngine:279 - Generated code: /home/sunbeam/CDAC/Sunbeam_internship/stm32/display1.1/Core/Inc/stm32f4xx_it.h
2025-10-23 15:11:47,929 [INFO] CodeEngine:255 - oldGeneratedFile, /home/sunbeam/CDAC/Sunbeam_internship/stm32/display1.1/Core/Src/stm32f4xx_hal_msp.c_save
2025-10-23 15:11:48,068 [INFO] CodeEngine:279 - Generated code: /home/sunbeam/CDAC/Sunbeam_internship/stm32/display1.1/Core/Src/stm32f4xx_hal_msp.c
2025-10-23 15:11:48,069 [INFO] CodeEngine:255 - oldGeneratedFile, /home/sunbeam/CDAC/Sunbeam_internship/stm32/display1.1/MXTmpFiles/system.tmp_save
2025-10-23 15:11:48,140 [INFO] CodeEngine:279 - Generated code: /home/sunbeam/CDAC/Sunbeam_internship/stm32/display1.1/MXTmpFiles/system.tmp
2025-10-23 15:11:48,143 [INFO] CodeEngine:311 - oldGeneratedFile, /home/sunbeam/CDAC/Sunbeam_internship/stm32/display1.1/Core/Inc/stm32f4xx_hal_conf.h_save
2025-10-23 15:11:48,230 [INFO] CodeEngine:335 - Generated code: /home/sunbeam/CDAC/Sunbeam_internship/stm32/display1.1/Core/Inc/stm32f4xx_hal_conf.h
2025-10-23 15:11:48,250 [WARN] IPConfigManager:2937 - Warning: the RefConfig PLL2P_FOR_MCO is not available in your config.xml file
2025-10-23 15:11:48,257 [INFO] CodeEngine:255 - oldGeneratedFile, /home/sunbeam/CDAC/Sunbeam_internship/stm32/display1.1/Core/Inc/main.h_save
2025-10-23 15:11:48,349 [INFO] CodeEngine:279 - Generated code: /home/sunbeam/CDAC/Sunbeam_internship/stm32/display1.1/Core/Inc/main.h
2025-10-23 15:11:48,350 [INFO] CodeEngine:255 - oldGeneratedFile, /home/sunbeam/CDAC/Sunbeam_internship/stm32/display1.1/Core/Src/main.c_save
2025-10-23 15:11:48,453 [INFO] CodeEngine:279 - Generated code: /home/sunbeam/CDAC/Sunbeam_internship/stm32/display1.1/Core/Src/main.c
2025-10-23 15:11:48,958 [INFO] ProjectBuilder:3064 - Time for Copy HAL[1] : 24mS.
2025-10-23 15:11:48,961 [INFO] ProjectBuilder:4404 - Project Generator version: 4.1.0
2025-10-23 15:11:49,205 [INFO] ConfigFileManager:1457 - The Die is : DIE421
2025-10-23 15:11:49,207 [INFO] ApiDbMcu:507 - Load IP Config File for FATFS
2025-10-23 15:11:49,211 [INFO] ApiDbMcu:507 - Load IP Config File for FREERTOS
2025-10-23 15:11:49,212 [INFO] ApiDbMcu:507 - Load IP Config File for LIBJPEG
2025-10-23 15:11:49,216 [INFO] ApiDbMcu:507 - Load IP Config File for MBEDTLS
2025-10-23 15:11:49,222 [INFO] ApiDbMcu:507 - Load IP Config File for USB_DEVICE
2025-10-23 15:11:49,226 [INFO] ApiDbMcu:507 - Load IP Config File for USB_HOST
2025-10-23 15:11:52,258 [INFO] ProjectBuilder:4626 - Time for Generating toolchain IDE Files: 3296mS.
2025-10-23 15:11:52,258 [INFO] ProjectBuilder:2935 - Time for Copy CMSIS : 0mS.
2025-10-23 15:11:52,259 [INFO] ProjectBuilder:2935 - Time for Copy CMSIS : 0mS.
2025-10-23 15:11:52,631 [INFO] McuFinderGlobals:76 - Set McuFinderConnectedMode to true
2025-10-23 15:11:52,637 [INFO] ApiDb:448 - Save user favorites file /home/sunbeam/.stm32cubeide/favorites.mcus.txt: 0 item(s)
2025-10-23 15:11:52,637 [INFO] ApiDb:452 - User favorites MCUs=[]
2025-10-23 15:11:52,638 [INFO] ApiDb:448 - Save user favorites file /home/sunbeam/.stm32cubeide/favorites.boards.txt: 3 item(s)
2025-10-23 15:11:52,638 [INFO] ApiDb:452 - User favorites Boards=[NUCLEO-F446RE, STM32F407G-DISC1, STM32F411E-DISCO]
2025-10-23 15:43:56,878 [INFO] NvicIntPanel:101 - NVIC parent = com.st.microxplorer.plugins.ip.nvic.MultiNvicIntPanel[,0,0,0x0,invalid,layout=javax.swing.BoxLayout,alignmentX=0.0,alignmentY=0.0,border=,flags=9,maximumSize=,minimumSize=,preferredSize=]
2025-10-23 15:44:01,863 [INFO] NvicIntPanel:101 - NVIC parent = com.st.microxplorer.plugins.ip.nvic.MultiNvicIntPanel[,0,0,0x0,invalid,layout=javax.swing.BoxLayout,alignmentX=0.0,alignmentY=0.0,border=,flags=9,maximumSize=,minimumSize=,preferredSize=]
2025-10-23 15:44:19,554 [WARN] IP:2114 - I2C_Coeff_DF not found: check if there is a RefParameter without a condition.
2025-10-23 15:44:19,554 [WARN] IP:2114 - Analog_Filter not found: check if there is a RefParameter without a condition.
2025-10-23 15:44:19,618 [WARN] IP:2114 - I2C_Coeff_DF not found: check if there is a RefParameter without a condition.
2025-10-23 15:44:19,618 [WARN] IP:2114 - Analog_Filter not found: check if there is a RefParameter without a condition.
2025-10-23 15:44:19,618 [WARN] IP:2114 - I2C_Coeff_DF not found: check if there is a RefParameter without a condition.
2025-10-23 15:44:19,619 [WARN] IP:2114 - Analog_Filter not found: check if there is a RefParameter without a condition.
2025-10-23 15:44:19,706 [WARN] IP:2114 - I2C_Coeff_DF not found: check if there is a RefParameter without a condition.
2025-10-23 15:44:19,707 [WARN] IP:2114 - Analog_Filter not found: check if there is a RefParameter without a condition.
2025-10-23 15:44:19,709 [WARN] IP:2114 - I2C_Coeff_DF not found: check if there is a RefParameter without a condition.
2025-10-23 15:44:19,709 [WARN] IP:2114 - Analog_Filter not found: check if there is a RefParameter without a condition.
2025-10-23 15:49:47,637 [INFO] UtilMem:75 - End SaveConfig() Used Memory: 441171056 Bytes (814743552)
2025-10-23 15:49:49,694 [INFO] UtilMem:75 - End SaveConfig() Used Memory: 501381056 Bytes (814743552)
2025-10-23 15:49:52,955 [INFO] UtilMem:75 - End SaveConfig() Used Memory: 619870144 Bytes (814743552)
2025-10-23 15:49:53,220 [INFO] BlockDiagram:2759 - set Specific Code input for plugin: SYS
2025-10-23 15:49:53,221 [INFO] BlockDiagram:2759 - set Specific Code input for plugin: RCC
2025-10-23 15:49:53,221 [INFO] BlockDiagram:2759 - set Specific Code input for plugin: I2C
2025-10-23 15:49:53,221 [INFO] BlockDiagram:2759 - set Specific Code input for plugin: NVIC
2025-10-23 15:49:53,221 [INFO] BlockDiagram:2759 - set Specific Code input for plugin: GPIO
2025-10-23 15:49:53,221 [INFO] CodeGenerator:799 - code generatio: config db path: /opt/st/stm32cubeide_1.13.2/plugins/com.st.stm32cube.common.mx_6.9.2.202309101412//db/
2025-10-23 15:49:53,223 [WARN] IP:2114 - I2C_Coeff_DF not found: check if there is a RefParameter without a condition.
2025-10-23 15:49:53,223 [WARN] IP:2114 - Analog_Filter not found: check if there is a RefParameter without a condition.
2025-10-23 15:49:53,405 [INFO] CodeEngine:255 - oldGeneratedFile, /home/sunbeam/CDAC/Sunbeam_internship/stm32/display1.1/MXTmpFiles/license.tmp_save
2025-10-23 15:49:53,490 [INFO] CodeEngine:279 - Generated code: /home/sunbeam/CDAC/Sunbeam_internship/stm32/display1.1/MXTmpFiles/license.tmp
2025-10-23 15:49:53,496 [INFO] CodeEngine:255 - oldGeneratedFile, /home/sunbeam/CDAC/Sunbeam_internship/stm32/display1.1/MXTmpFiles/gpio.tmp_save
2025-10-23 15:49:53,570 [INFO] CodeEngine:279 - Generated code: /home/sunbeam/CDAC/Sunbeam_internship/stm32/display1.1/MXTmpFiles/gpio.tmp
2025-10-23 15:49:53,601 [INFO] CodeEngine:255 - oldGeneratedFile, /home/sunbeam/CDAC/Sunbeam_internship/stm32/display1.1/Core/Src/stm32f4xx_it.c_save
2025-10-23 15:49:53,857 [INFO] CodeEngine:279 - Generated code: /home/sunbeam/CDAC/Sunbeam_internship/stm32/display1.1/Core/Src/stm32f4xx_it.c
2025-10-23 15:49:53,859 [INFO] CodeEngine:255 - oldGeneratedFile, /home/sunbeam/CDAC/Sunbeam_internship/stm32/display1.1/Core/Inc/stm32f4xx_it.h_save
2025-10-23 15:49:53,944 [INFO] CodeEngine:279 - Generated code: /home/sunbeam/CDAC/Sunbeam_internship/stm32/display1.1/Core/Inc/stm32f4xx_it.h
2025-10-23 15:49:53,949 [INFO] CodeEngine:255 - oldGeneratedFile, /home/sunbeam/CDAC/Sunbeam_internship/stm32/display1.1/Core/Src/stm32f4xx_hal_msp.c_save
2025-10-23 15:49:54,106 [INFO] CodeEngine:279 - Generated code: /home/sunbeam/CDAC/Sunbeam_internship/stm32/display1.1/Core/Src/stm32f4xx_hal_msp.c
2025-10-23 15:49:54,108 [INFO] CodeEngine:255 - oldGeneratedFile, /home/sunbeam/CDAC/Sunbeam_internship/stm32/display1.1/MXTmpFiles/system.tmp_save
2025-10-23 15:49:54,198 [INFO] CodeEngine:279 - Generated code: /home/sunbeam/CDAC/Sunbeam_internship/stm32/display1.1/MXTmpFiles/system.tmp
2025-10-23 15:49:54,201 [INFO] CodeEngine:311 - oldGeneratedFile, /home/sunbeam/CDAC/Sunbeam_internship/stm32/display1.1/Core/Inc/stm32f4xx_hal_conf.h_save
2025-10-23 15:49:54,295 [INFO] CodeEngine:335 - Generated code: /home/sunbeam/CDAC/Sunbeam_internship/stm32/display1.1/Core/Inc/stm32f4xx_hal_conf.h
2025-10-23 15:49:54,318 [WARN] IPConfigManager:2937 - Warning: the RefConfig PLL2P_FOR_MCO is not available in your config.xml file
2025-10-23 15:49:54,328 [INFO] CodeEngine:255 - oldGeneratedFile, /home/sunbeam/CDAC/Sunbeam_internship/stm32/display1.1/Core/Inc/main.h_save
2025-10-23 15:49:54,444 [INFO] CodeEngine:279 - Generated code: /home/sunbeam/CDAC/Sunbeam_internship/stm32/display1.1/Core/Inc/main.h
2025-10-23 15:49:54,447 [INFO] CodeEngine:255 - oldGeneratedFile, /home/sunbeam/CDAC/Sunbeam_internship/stm32/display1.1/Core/Src/main.c_save
2025-10-23 15:49:54,583 [INFO] CodeEngine:279 - Generated code: /home/sunbeam/CDAC/Sunbeam_internship/stm32/display1.1/Core/Src/main.c
2025-10-23 15:49:55,007 [INFO] ProjectBuilder:3064 - Time for Copy HAL[1] : 29mS.
2025-10-23 15:49:55,008 [INFO] ProjectBuilder:4404 - Project Generator version: 4.1.0
2025-10-23 15:49:55,168 [INFO] ConfigFileManager:1457 - The Die is : DIE421
2025-10-23 15:49:56,429 [INFO] ProjectBuilder:4626 - Time for Generating toolchain IDE Files: 1420mS.
2025-10-23 15:49:56,429 [INFO] ProjectBuilder:2935 - Time for Copy CMSIS : 0mS.
2025-10-23 15:49:56,430 [INFO] ProjectBuilder:2935 - Time for Copy CMSIS : 0mS.
2025-10-23 16:03:42,943 [INFO] MainUpdater:2868 - connection check result : 10
2025-10-23 16:03:43,105 [INFO] McuFinderGlobals:76 - Set McuFinderConnectedMode to true
2025-10-23 16:03:43,107 [INFO] MultiScanPanel:200 - Auto-refresh data requested => check proxy status ongoing
2025-10-23 16:03:43,107 [INFO] FinderPluginLoader:95 - Searching for filters in installed packs
2025-10-23 16:03:44,405 [INFO] LoadUrlFilesThread:185 - End of LoadServerUrlFiles without Thread
2025-10-23 16:03:44,405 [INFO] DetailPanel:341 - Set advertising image to /home/sunbeam/STM32Cube/Repository//en.mcu-finder-stm32n6dk.jpg
2025-10-23 16:03:47,058 [INFO] MultiScanPanel:200 - Auto-refresh data requested => check proxy status ongoing
2025-10-23 16:03:47,155 [INFO] LoadUrlFilesThread:185 - End of LoadServerUrlFiles without Thread
2025-10-23 16:03:47,156 [INFO] DetailPanel:341 - Set advertising image to /home/sunbeam/STM32Cube/Repository//en.mcu-finder-stm32n6dk.jpg
2025-10-23 16:04:04,045 [INFO] MainUpdater:2868 - connection check result : 10
2025-10-23 16:04:04,045 [INFO] MainUpdater:2868 - connection check result : 10
2025-10-23 16:04:04,058 [INFO] MicroXplorer:468 - Change Database Path : 
2025-10-23 16:04:04,059 [INFO] MicroXplorer:498 - Change Database Version : DB.6.0.92
2025-10-23 16:04:04,077 [WARN] ThirdParty:871 - waiting for thirdparty lock release [close project]
2025-10-23 16:04:04,077 [INFO] ThirdParty:873 - entering critical section [close project]
2025-10-23 16:04:04,077 [INFO] ThirdParty:883 - exiting critical section [close project]
2025-10-23 16:04:04,079 [INFO] PinOutPanel:1499 - setPackage(No Configuration,No Configuration)
2025-10-23 16:04:04,089 [WARN] IpParametersView:151 - Warning: This peripheral hasn't parameters
2025-10-23 16:04:04,095 [WARN] MainPanel:272 - <html><b><center>Warning: This peripheral has no parameters to be configured<br></b></html>
2025-10-23 16:04:04,100 [INFO] UtilMem:75 - Begin LoadConfig() Used Memory: 709327200 Bytes (937426944)
2025-10-23 16:04:04,100 [INFO] OpenFileManager:308 - Change cursor
2025-10-23 16:04:04,118 [INFO] RulesReader:64 - Compatibility file has been processed (293 Rules)
2025-10-23 16:04:04,121 [INFO] ProjectFactory:402 - No CPN specified for board NUCLEO-F446RE => set CPN to STM32F446RET6
2025-10-23 16:04:04,121 [INFO] Mcu:1946 - Initializing MCU STM32F446R(C-E)Tx STM32F446RETx STM32F446RET6
2025-10-23 16:04:05,303 [INFO] Context:659 - Trying to add GPIOservice into a context  which must be forbidden
2025-10-23 16:04:05,644 [INFO] Rule:228 - rule 117617 - U5Cobra4M][GTZC] default value MPCBB3 and MPCBB5 - Not Secured memory - MPCBB1 is applicable
2025-10-23 16:04:05,644 [INFO] Rule:228 - rule 117617 - U5Cobra4M][GTZC] default value MPCBB3 and MPCBB5 - Not Secured memory - MPCBB1 is applicable
2025-10-23 16:04:05,644 [INFO] Rule:228 - rule 117617 - U5Cobra4M][GTZC] default value MPCBB3 and MPCBB5 - Not Secured memory - MPCBB2 is applicable
2025-10-23 16:04:05,644 [INFO] Rule:228 - rule 117617 - U5Cobra4M][GTZC] default value MPCBB3 and MPCBB5 - Not Secured memory - MPCBB2 is applicable
2025-10-23 16:04:05,644 [INFO] Rule:228 - rule 117617 - U5Cobra4M][GTZC] default value MPCBB3 and MPCBB5 - Not Secured memory - MPCBB3 is applicable
2025-10-23 16:04:05,644 [INFO] Rule:228 - rule 117617 - U5Cobra4M][GTZC] default value MPCBB3 and MPCBB5 - Not Secured memory - MPCBB3 is applicable
2025-10-23 16:04:05,644 [INFO] Rule:228 - rule 117617 - U5Cobra4M][GTZC] default value MPCBB3 and MPCBB5 - Not Secured memory - MPCBB4 is applicable
2025-10-23 16:04:05,644 [INFO] Rule:228 - rule 117617 - U5Cobra4M][GTZC] default value MPCBB3 and MPCBB5 - Not Secured memory - MPCBB4 is applicable
2025-10-23 16:04:05,644 [INFO] Rule:228 - rule 117617 - U5Cobra4M][GTZC] default value MPCBB3 and MPCBB5 - Secured memory - MPCBB1 is applicable
2025-10-23 16:04:05,644 [INFO] Rule:228 - rule 117617 - U5Cobra4M][GTZC] default value MPCBB3 and MPCBB5 - Secured memory - MPCBB2 is applicable
2025-10-23 16:04:05,644 [INFO] Rule:228 - rule 117617 - U5Cobra4M][GTZC] default value MPCBB3 and MPCBB5 - Secured memory - MPCBB3 is applicable
2025-10-23 16:04:05,644 [INFO] Rule:228 - rule 117617 - U5Cobra4M][GTZC] default value MPCBB3 and MPCBB5 - Secured memory - MPCBB4 is applicable
2025-10-23 16:04:05,644 [INFO] Rule:228 - rule 117617 - U5Cobra4M][GTZC] default value MPCBB3 and MPCBB5 - Privileged memory - MPCBB1 is applicable
2025-10-23 16:04:05,645 [INFO] Rule:228 - rule 117617 - U5Cobra4M][GTZC] default value MPCBB3 and MPCBB5 - Privileged memory - MPCBB2 is applicable
2025-10-23 16:04:05,645 [INFO] Rule:228 - rule 117617 - U5Cobra4M][GTZC] default value MPCBB3 and MPCBB5 - Privileged memory - MPCBB3 is applicable
2025-10-23 16:04:05,645 [INFO] Rule:228 - rule 117617 - U5Cobra4M][GTZC] default value MPCBB3 and MPCBB5 - Privileged memory - MPCBB4 is applicable
2025-10-23 16:04:05,645 [INFO] Rule:228 - rule 117617 - U5Cobra4M][GTZC] default value MPCBB3 and MPCBB5 - Not Privileged memory - MPCBB1 is applicable
2025-10-23 16:04:05,645 [INFO] Rule:228 - rule 117617 - U5Cobra4M][GTZC] default value MPCBB3 and MPCBB5 - Not Privileged memory - MPCBB2 is applicable
2025-10-23 16:04:05,645 [INFO] Rule:228 - rule 117617 - U5Cobra4M][GTZC] default value MPCBB3 and MPCBB5 - Not Privileged memory - MPCBB3 is applicable
2025-10-23 16:04:05,645 [INFO] Rule:228 - rule 117617 - U5Cobra4M][GTZC] default value MPCBB3 and MPCBB5 - Not Privileged memory - MPCBB4 is applicable
2025-10-23 16:04:05,645 [INFO] Rule:228 - rule 117617 - U5Cobra4M][GTZC] default value MPCBB3 and MPCBB5 - Privileged memory - MPCBB1 is applicable
2025-10-23 16:04:05,645 [INFO] Rule:228 - rule 117617 - U5Cobra4M][GTZC] default value MPCBB3 and MPCBB5 - Privileged memory - MPCBB2 is applicable
2025-10-23 16:04:05,645 [INFO] Rule:228 - rule 117617 - U5Cobra4M][GTZC] default value MPCBB3 and MPCBB5 - Privileged memory - MPCBB3 is applicable
2025-10-23 16:04:05,645 [INFO] Rule:228 - rule 117617 - U5Cobra4M][GTZC] default value MPCBB3 and MPCBB5 - Privileged memory - MPCBB4 is applicable
2025-10-23 16:04:05,645 [INFO] Rule:228 - rule 117617 - U5Cobra4M][GTZC] default value MPCBB3 and MPCBB5 - Privileged memory - MPCBB1 is applicable
2025-10-23 16:04:05,645 [INFO] Rule:228 - rule 117617 - U5Cobra4M][GTZC] default value MPCBB3 and MPCBB5 - Privileged memory - MPCBB2 is applicable
2025-10-23 16:04:05,645 [INFO] Rule:228 - rule 117617 - U5Cobra4M][GTZC] default value MPCBB3 and MPCBB5 - Privileged memory - MPCBB3 is applicable
2025-10-23 16:04:05,645 [INFO] Rule:228 - rule 117617 - U5Cobra4M][GTZC] default value MPCBB3 and MPCBB5 - Privileged memory - MPCBB4 is applicable
2025-10-23 16:04:05,645 [INFO] Rule:228 - rule 117617 - U5Cobra4M][GTZC] default value MPCBB3 and MPCBB5 - Not Privileged memory - MPCBB1 is applicable
2025-10-23 16:04:05,645 [INFO] Rule:228 - rule 117617 - U5Cobra4M][GTZC] default value MPCBB3 and MPCBB5 - Not Privileged memory - MPCBB2 is applicable
2025-10-23 16:04:05,645 [INFO] Rule:228 - rule 117617 - U5Cobra4M][GTZC] default value MPCBB3 and MPCBB5 - Not Privileged memory - MPCBB3 is applicable
2025-10-23 16:04:05,645 [INFO] Rule:228 - rule 117617 - U5Cobra4M][GTZC] default value MPCBB3 and MPCBB5 - Not Privileged memory - MPCBB4 is applicable
2025-10-23 16:04:05,645 [INFO] Rule:228 - rule 117617 - U5Cobra4M][GTZC] default value MPCBB3 and MPCBB5 - Privileged memory - MPCBB1 is applicable
2025-10-23 16:04:05,645 [INFO] Rule:228 - rule 117617 - U5Cobra4M][GTZC] default value MPCBB3 and MPCBB5 - Privileged memory - MPCBB2 is applicable
2025-10-23 16:04:05,645 [INFO] Rule:228 - rule 117617 - U5Cobra4M][GTZC] default value MPCBB3 and MPCBB5 - Privileged memory - MPCBB3 is applicable
2025-10-23 16:04:05,645 [INFO] Rule:228 - rule 117617 - U5Cobra4M][GTZC] default value MPCBB3 and MPCBB5 - Privileged memory - MPCBB4 is applicable
2025-10-23 16:04:05,645 [INFO] Rule:228 - rule Rename SubGHz_Phy SUBGHZ_APPLICATION SUBGHZ_PINGPONG to SUBGHZ_ADV_APPLICATION is applicable
2025-10-23 16:04:05,645 [INFO] Rule:228 - rule Rename Enabled to IBEACON is applicable
2025-10-23 16:04:05,646 [INFO] Rule:228 - rule GTZC_S instance for project manager is applicable
2025-10-23 16:04:05,646 [INFO] Rule:228 - rule GTZC_S instance for context M33S is applicable
2025-10-23 16:04:05,646 [INFO] Rule:228 - rule GTZC_S instance value for IP GTZC is applicable
2025-10-23 16:04:05,646 [INFO] Rule:228 - rule GTZC_S instance for mcu.IP is applicable
2025-10-23 16:04:05,646 [INFO] Rule:228 - rule GTZC_S instance for VP is applicable
2025-10-23 16:04:05,646 [INFO] Rule:228 - rule GTZC_S instance for signal is applicable
2025-10-23 16:04:05,646 [INFO] Rule:228 - rule GTZC_S instance for mcu.Pin is applicable
2025-10-23 16:04:05,646 [INFO] Rule:228 - rule GTZC_S instance for VP is applicable
2025-10-23 16:04:05,646 [INFO] Rule:228 - rule GTZC_S instance for signal is applicable
2025-10-23 16:04:05,646 [INFO] Rule:228 - rule GTZC_S instance for mcu is applicable
2025-10-23 16:04:05,646 [INFO] Rule:228 - rule GTZC_S instance for mcu.Pin is applicable
2025-10-23 16:04:05,646 [INFO] Rule:228 - rule GTZC_S instance value for IP GTZC is applicable
2025-10-23 16:04:05,646 [INFO] Rule:228 - rule GTZC_S instance for project manager is applicable
2025-10-23 16:04:05,646 [INFO] Rule:228 - rule GTZC_S instance for context M33S is applicable
2025-10-23 16:04:05,646 [INFO] Rule:228 - rule GTZC_S instance for VP is applicable
2025-10-23 16:04:05,646 [INFO] Rule:228 - rule GTZC_S instance for signal is applicable
2025-10-23 16:04:05,646 [INFO] Rule:228 - rule SPDIFRX instance for mcu is applicable
2025-10-23 16:04:05,646 [INFO] Rule:228 - rule Rename Tracer Mode is applicable
2025-10-23 16:04:05,646 [INFO] Rule:228 - rule SPDIFRX instance value for IP SPDIFRX is applicable
2025-10-23 16:04:05,646 [INFO] Rule:228 - rule SPDIFRX instance for signal is applicable
2025-10-23 16:04:05,646 [INFO] Rule:228 - rule SPDIFRX instance for project manager is applicable
2025-10-23 16:04:05,646 [INFO] Rule:228 - rule SPDIFRX instance for project manager is applicable
2025-10-23 16:04:05,646 [INFO] Rule:228 - rule ADC Scan  fix with FW F7 is applicable
2025-10-23 16:04:05,646 [INFO] Rule:228 - rule ADC Scan  fix with FW F7 is applicable
2025-10-23 16:04:05,647 [INFO] Rule:228 - rule WakeUp0 Mode is applicable
2025-10-23 16:04:05,647 [INFO] Rule:228 - rule WakeUp0 SIGNAL is applicable
2025-10-23 16:04:05,647 [INFO] Rule:228 - rule WakeUp1 Mode is applicable
2025-10-23 16:04:05,647 [INFO] Rule:228 - rule WakeUp1 SIGNAL is applicable
2025-10-23 16:04:05,647 [INFO] Rule:228 - rule WakeUp2 Mode is applicable
2025-10-23 16:04:05,647 [INFO] Rule:228 - rule WakeUp2 SIGNAL is applicable
2025-10-23 16:04:05,647 [INFO] Rule:228 - rule WakeUp4 Mode is applicable
2025-10-23 16:04:05,647 [INFO] Rule:228 - rule WakeUp4 SIGNAL is applicable
2025-10-23 16:04:05,647 [INFO] Rule:228 - rule WakeUp5 Mode is applicable
2025-10-23 16:04:05,647 [INFO] Rule:228 - rule WakeUp5 SIGNAL is applicable
2025-10-23 16:04:05,647 [INFO] Rule:228 - rule Add RTC Activate Clock Source is applicable
2025-10-23 16:04:05,647 [INFO] Rule:228 - rule Add RTC Activate Calendar 1 is applicable
2025-10-23 16:04:05,647 [INFO] Rule:228 - rule Add RTC Activate Calendar 2 is applicable
2025-10-23 16:04:05,647 [INFO] Rule:228 - rule Add RTC Activate Calendar 3 is applicable
2025-10-23 16:04:05,647 [INFO] Rule:228 - rule UART/USART TX Mode is applicable
2025-10-23 16:04:05,647 [INFO] Rule:228 - rule UART/USART RX Mode is applicable
2025-10-23 16:04:05,647 [INFO] Rule:228 - rule UART/USART RX TX Mode is applicable
2025-10-23 16:04:05,647 [INFO] Rule:228 - rule UART/USART PARITY NONE is applicable
2025-10-23 16:04:05,647 [INFO] Rule:228 - rule UART/USART PARITY EVEN is applicable
2025-10-23 16:04:05,647 [INFO] Rule:228 - rule UART/USART PARITY ODD is applicable
2025-10-23 16:04:05,647 [INFO] Rule:228 - rule USART StopBits 1 is applicable
2025-10-23 16:04:05,647 [INFO] Rule:228 - rule USART StopBits 2 is applicable
2025-10-23 16:04:05,647 [INFO] Rule:228 - rule USART StopBits 1.5 is applicable
2025-10-23 16:04:05,647 [INFO] Rule:228 - rule USART StopBits 0.5 is applicable
2025-10-23 16:04:05,647 [INFO] Rule:228 - rule UART/USART WORD LENGTH 7 is applicable
2025-10-23 16:04:05,647 [INFO] Rule:228 - rule UART/USART WORD LENGTH 8 is applicable
2025-10-23 16:04:05,648 [INFO] Rule:228 - rule UART/USART WORD LENGTH 9 is applicable
2025-10-23 16:04:05,648 [INFO] Rule:228 - rule Rename FMC NAND NCE signal is applicable
2025-10-23 16:04:05,648 [INFO] Rule:228 - rule Rename FMC NAND INT signal is applicable
2025-10-23 16:04:05,648 [INFO] Rule:228 - rule Change Default Value for LSE Drive Capability for WB family is applicable
2025-10-23 16:04:05,648 [INFO] Rule:228 - rule Change Default Value for ADC Clock Prescaler G0 family is applicable
2025-10-23 16:04:05,648 [INFO] Rule:228 - rule Change Default Value for ADC ExternalTrigConv L4 family is applicable
2025-10-23 16:04:05,648 [INFO] Rule:228 - rule Change Default Value for ADC ExternalTrigInjecConv L4 family is applicable
2025-10-23 16:04:05,648 [INFO] Rule:228 - rule Change Default Value for ADC ExternalTrigConv F3 family is applicable
2025-10-23 16:04:05,648 [INFO] Rule:228 - rule Change Default Value for ADC ExternalTrigInjecConv F3 family is applicable
2025-10-23 16:04:05,648 [INFO] Rule:228 - rule Change Default Value for ADC ExternalTrigConv Goldfish serie is applicable
2025-10-23 16:04:05,648 [INFO] Rule:228 - rule Change Default Value for ADC ExternalTrigInjecConv Goldfish serie is applicable
2025-10-23 16:04:05,648 [INFO] Rule:228 - rule Change Default Value for ADC ExternalTrigConv L0 family is applicable
2025-10-23 16:04:05,648 [INFO] Rule:228 - rule Change Default Value for ADC ExternalTrigConv F0 family is applicable
2025-10-23 16:04:05,648 [INFO] Rule:228 - rule Change Default Value for ADC ExternalTrigConvn L1 family is applicable
2025-10-23 16:04:05,648 [INFO] Rule:228 - rule Change Default Value for ADC ExternalTrigInjecConv L1 family is applicable
2025-10-23 16:04:05,648 [INFO] Rule:228 - rule Change Default Value for ADC ExternalTrigConv F1 family is applicable
2025-10-23 16:04:05,648 [INFO] Rule:228 - rule Change Default Value for ADC ExternalTrigInjecConv F1 family is applicable
2025-10-23 16:04:05,648 [INFO] Rule:228 - rule Change Default Value for ADC ExternalTrigConv F7 family is applicable
2025-10-23 16:04:05,648 [INFO] Rule:228 - rule Change Default Value for ADC ExternalTrigInjecConv F7 family is applicable
2025-10-23 16:04:05,648 [INFO] Rule:228 - rule Change Default Value for ADC ExternalTrigConv F4 and F2 family is applicable
2025-10-23 16:04:05,648 [INFO] Rule:228 - rule Change Default Value for ADC ExternalTrigInjecConv F4 and F2 family is applicable
2025-10-23 16:04:05,648 [INFO] Rule:228 - rule ADC SamplingTime fix with FW L0  is applicable
2025-10-23 16:04:05,648 [INFO] Rule:228 - rule ADC SamplingTime fix with FW L0  is applicable
2025-10-23 16:04:05,648 [INFO] Rule:228 - rule ADC SamplingTime fix with FW L0 is applicable
2025-10-23 16:04:05,648 [INFO] Rule:228 - rule ADC SamplingTime fix with FW L0 is applicable
2025-10-23 16:04:05,648 [INFO] Rule:228 - rule ADC SamplingTime fix with FW L0  is applicable
2025-10-23 16:04:05,648 [INFO] Rule:228 - rule ADC SamplingTime fix with FW L0 is applicable
2025-10-23 16:04:05,648 [INFO] Rule:228 - rule Rename USB_OE Signal is applicable
2025-10-23 16:04:05,648 [INFO] Rule:228 - rule Rename Activate_OE Mode is applicable
2025-10-23 16:04:05,648 [INFO] Rule:228 - rule Rename DIE462/DIE415 pin PC14/OSC32_IN -> PC14-OSC32_IN (PC14) is applicable
2025-10-23 16:04:05,648 [INFO] Rule:228 - rule Rename DIE462/DIE415 pin PC15/OSC32_OUT -> PC15-OSC32_OUT (PC15) is applicable
2025-10-23 16:04:05,648 [INFO] Rule:228 - rule Rename DIE462/DIE415 pin PH0/OSC_IN -> PH0-OSC_IN (PH0) is applicable
2025-10-23 16:04:05,649 [INFO] Rule:228 - rule Rename DIE462/DIE415 pin PH1/OSC_OUT -> PH1-OSC_OUT (PH1) is applicable
2025-10-23 16:04:05,649 [INFO] Rule:228 - rule Rename DIE462 pin PA13 -> PA13 (JTMS/SWDIO) is applicable
2025-10-23 16:04:05,649 [INFO] Rule:228 - rule Rename DIE415 pin PA13 -> PA13 (JTMS/SWDIO) is applicable
2025-10-23 16:04:05,649 [INFO] Rule:228 - rule Rename DIE462 pin PA14 -> PA14 (JTCK/SWCLK) is applicable
2025-10-23 16:04:05,649 [INFO] Rule:228 - rule Rename DIE415 pin PA14 -> PA14 (JTCK/SWCLK) is applicable
2025-10-23 16:04:05,649 [INFO] Rule:228 - rule Rename DIE462/DIE415 pin PA15 -> PA15 (JTDI) is applicable
2025-10-23 16:04:05,649 [INFO] Rule:228 - rule Rename DIE462 pin PB3 -> PB3 (JTD0/TRACESWO) is applicable
2025-10-23 16:04:05,649 [INFO] Rule:228 - rule Rename DIE415 pin PB3 -> PB3 (JTD0-TRACESWO) is applicable
2025-10-23 16:04:05,649 [INFO] Rule:228 - rule Rename DIE462/DIE415 pin PB4 -> PB4 (NJTRST) is applicable
2025-10-23 16:04:05,649 [INFO] Rule:228 - rule Rename DIE462 pin PH3/BOOT0 -> PH3-BOOT0 (BOOT0) is applicable
2025-10-23 16:04:05,649 [INFO] Rule:228 - rule Rename CRYP DataEncryptionTypesList to Algorithm is applicable
2025-10-23 16:04:05,649 [INFO] Rule:228 - rule Rename AES DataEncryptionTypesList to Algorithm is applicable
2025-10-23 16:04:05,649 [INFO] Rule:228 - rule Rename TDESECB to CRYP_TDES_ECB is applicable
2025-10-23 16:04:05,649 [INFO] Rule:228 - rule Rename TDESCBC to CRYP_TDES_CBC is applicable
2025-10-23 16:04:05,649 [INFO] Rule:228 - rule Rename DESECB to CRYP_DES_ECB is applicable
2025-10-23 16:04:05,649 [INFO] Rule:228 - rule Rename DESCBC to CRYP_DES_CBC is applicable
2025-10-23 16:04:05,649 [INFO] Rule:228 - rule Rename AESECB to CRYP_AES_ECB is applicable
2025-10-23 16:04:05,649 [INFO] Rule:228 - rule Rename AESCBC to CRYP_AES_CBC is applicable
2025-10-23 16:04:05,649 [INFO] Rule:228 - rule Rename AESCTR to CRYP_AES_CTR is applicable
2025-10-23 16:04:05,649 [INFO] Rule:228 - rule Rename AESGCM to CRYP_AES_GCM is applicable
2025-10-23 16:04:05,649 [INFO] Rule:228 - rule Rename AESCCM to CRYP_AES_CCM is applicable
2025-10-23 16:04:05,649 [INFO] Rule:228 - rule Rename CAN TimeSeg1 to BS1 is applicable
2025-10-23 16:04:05,649 [INFO] Rule:228 - rule Rename CAN TimeSeg2 to BS2 is applicable
2025-10-23 16:04:05,649 [INFO] Rule:228 - rule Rename CAN SyncJumpWidth to SJW is applicable
2025-10-23 16:04:05,649 [INFO] Rule:228 - rule TimeTriggeredMode to TTCM is applicable
2025-10-23 16:04:05,649 [INFO] Rule:228 - rule Rename CAN AutoBusOff to ABOM is applicable
2025-10-23 16:04:05,649 [INFO] Rule:228 - rule Rename CAN AutoWakeUp to AWUM is applicable
2025-10-23 16:04:05,649 [INFO] Rule:228 - rule Rename CAN AutoRetransmission to NART is applicable
2025-10-23 16:04:05,649 [INFO] Rule:228 - rule Rename CAN ReceiveFifoLocked to RFLM is applicable
2025-10-23 16:04:05,649 [INFO] Rule:228 - rule Rename CAN TransmitFifoPriority to TXFP is applicable
2025-10-23 16:04:05,649 [INFO] Rule:228 - rule Rename HRTIMER HRTIM_OUTPUTFAULTLEVEL_HIGH in HRTIMER HRTIM_OUTPUTFAULTLEVEL_HIGHZ is applicable
2025-10-23 16:04:05,649 [INFO] Rule:228 - rule Rename TIMER TIM_CLEARINPUTSOURCE_OCREFCLR in  TIMER TIM_CLEARINPUTSOURCE_NONE for F7 family is applicable
2025-10-23 16:04:05,649 [INFO] Rule:228 - rule FDCAN_R1 - Rename FDCAN mode Master into Classic is applicable
2025-10-23 16:04:05,650 [INFO] Rule:228 - rule FDCAN_R2 - Rename FDCAN mode Slave into Classic is applicable
2025-10-23 16:04:05,650 [INFO] Rule:228 - rule FDCAN1_R3 - if PA10.Mode=FullDuplex, add Pin PA12 is applicable
2025-10-23 16:04:05,650 [INFO] Rule:228 - rule FDCAN1_R3 - if PA9.Mode=FullDuplex, add Pin PA11 is applicable
2025-10-23 16:04:05,650 [INFO] Rule:228 - rule FDCAN1_R3 - Alternatepin_1 - if PE1.Mode=FullDuplex, add Pin PB9 is applicable
2025-10-23 16:04:05,650 [INFO] Rule:228 - rule FDCAN1_R3 - Alternatepin_1 - if PE0.Mode=FullDuplex, add Pin PB8 is applicable
2025-10-23 16:04:05,650 [INFO] Rule:228 - rule FDCAN1_R3 - Alternatepin_2 - if PD5.Mode=FullDuplex, add Pin PD1 is applicable
2025-10-23 16:04:05,650 [INFO] Rule:228 - rule FDCAN1_R3 - Alternatepin_2 - if PD4.Mode=FullDuplex, add Pin PD0 is applicable
2025-10-23 16:04:05,650 [INFO] Rule:228 - rule FDCAN1_R4 - Rename Mode FullDuplex into Enable FDCAN_TXFD for pin PA10 is applicable
2025-10-23 16:04:05,650 [INFO] Rule:228 - rule FDCAN1_R4 - Rename Mode FullDuplex into Enable FDCAN_TXFD for pin PA9 is applicable
2025-10-23 16:04:05,650 [INFO] Rule:228 - rule FDCAN1_R4 - Alternatepin_1 - Rename Mode FullDuplex into Enable FDCAN_TXFD for pin PE1 is applicable
2025-10-23 16:04:05,650 [INFO] Rule:228 - rule FDCAN1_R4 - Alternatepin_1 - Rename Mode FullDuplex into Enable FDCAN_TXFD for pin PE0 is applicable
2025-10-23 16:04:05,650 [INFO] Rule:228 - rule FDCAN1_R4 - Alternatepin_2 - Rename Mode FullDuplex into Enable FDCAN_TXFD for pin PD5 is applicable
2025-10-23 16:04:05,650 [INFO] Rule:228 - rule FDCAN1_R4 - Alternatepin_2 - Rename Mode FullDuplex into Enable FDCAN_TXFD for pin PD4 is applicable
2025-10-23 16:04:05,650 [INFO] Rule:228 - rule FDCAN2_R3 - if PD10.Mode=FullDuplex, add Pin PB13 is applicable
2025-10-23 16:04:05,650 [INFO] Rule:228 - rule FDCAN2_R3 - if PD9.Mode=FullDuplex, add Pin PB12 is applicable
2025-10-23 16:04:05,650 [INFO] Rule:228 - rule FDCAN2_R3 - Alternatepin_1 - if PB7.Mode=FullDuplex, add Pin PB6 is applicable
2025-10-23 16:04:05,650 [INFO] Rule:228 - rule FDCAN2_R3 - Alternatepin_1 - if PD9.Mode=FullDuplex, add Pin PB12 is applicable
2025-10-23 16:04:05,650 [INFO] Rule:228 - rule FDCAN2_R4 - Rename Mode FullDuplex into Enable FDCAN_TXFD for pin PD10 is applicable
2025-10-23 16:04:05,650 [INFO] Rule:228 - rule FDCAN2_R4 - Rename Mode FullDuplex into Enable FDCAN_TXFD for pin PD9 is applicable
2025-10-23 16:04:05,650 [INFO] Rule:228 - rule FDCAN2_R4 - Alternatepin_1 - Rename Mode FullDuplex into Enable FDCAN_TXFD for pin PB7 is applicable
2025-10-23 16:04:05,650 [INFO] Rule:228 - rule FDCAN2_R4 - Alternatepin_1 - Rename Mode FullDuplex into Enable FDCAN_TXFD for pin PD6 is applicable
2025-10-23 16:04:05,650 [INFO] Rule:228 - rule USART TxPinLevelInvertParam Mode is applicable
2025-10-23 16:04:05,650 [INFO] Rule:228 - rule USART RxPinLevelInvertParam Mode is applicable
2025-10-23 16:04:05,650 [INFO] Rule:228 - rule USART DataInvertParam Mode is applicable
2025-10-23 16:04:05,650 [INFO] Rule:228 - rule USART SwapParam Mode is applicable
2025-10-23 16:04:05,650 [INFO] Rule:228 - rule USART OverrunDisableParam Mode is applicable
2025-10-23 16:04:05,650 [INFO] Rule:228 - rule USART DMADisableonRxErrorParam Mode is applicable
2025-10-23 16:04:05,650 [INFO] Rule:228 - rule USART MSBFirstParam Mode is applicable
2025-10-23 16:04:05,650 [INFO] Rule:228 - rule Update MwName for USB_DEVICE is applicable
2025-10-23 16:04:05,650 [INFO] Rule:228 - rule Change PWR_Regulator_Voltage_Scale Default Value for RCC  H7 family is applicable
2025-10-23 16:04:05,650 [INFO] Rule:228 - rule UART/USART IPParameter rename Prescaler parameter to ClockPrescaler is applicable
2025-10-23 16:04:05,650 [INFO] Rule:228 - rule UART/USART Prescaler rename Prescaler parameter to ClockPrescaler is applicable
2025-10-23 16:04:05,650 [INFO] Rule:228 - rule TIM1CLockSelection is applicable
2025-10-23 16:04:05,651 [INFO] Rule:228 - rule TIM15CLockSelection is applicable
2025-10-23 16:04:05,651 [INFO] Rule:228 - rule align RCC SDMMC3CLockSelection default value on MP1 is applicable
2025-10-23 16:04:05,651 [INFO] Rule:228 - rule align RCC SDMMC12CLockSelection default value on MP1 is applicable
2025-10-23 16:04:05,651 [INFO] Rule:228 - rule align RCC QSPICLockSelection default value on MP1 is applicable
2025-10-23 16:04:05,651 [INFO] Rule:228 - rule align RCC QSPICLockSelection default value on MP1 is applicable
2025-10-23 16:04:05,651 [INFO] Rule:228 - rule align RCC SPI6CLockSelection default value on MP1 is applicable
2025-10-23 16:04:05,651 [INFO] Rule:228 - rule align RCC LPTIM23CLockSelection default value on MP1 is applicable
2025-10-23 16:04:05,651 [INFO] Rule:228 - rule align RCC LPTIM1CLockSelection default value on MP1 is applicable
2025-10-23 16:04:05,651 [INFO] Rule:228 - rule align RCC USART1CLockSelection default value on MP1 is applicable
2025-10-23 16:04:05,651 [INFO] Rule:228 - rule align RCC USART24CLockSelection default value on MP1 is applicable
2025-10-23 16:04:05,651 [INFO] Rule:228 - rule align RCC USART6CLockSelection default value on MP1 is applicable
2025-10-23 16:04:05,651 [INFO] Rule:228 - rule align RCC UART78CLockSelection default value on MP1 is applicable
2025-10-23 16:04:05,651 [INFO] Rule:228 - rule align RCC USART35CLockSelection default value on MP1 is applicable
2025-10-23 16:04:05,651 [INFO] Rule:228 - rule align RCC SPI45CLockSelection default value on MP1 is applicable
2025-10-23 16:04:05,651 [INFO] Rule:228 - rule align RCC I2C46CLockSelection BCLK value on MP1 is applicable
2025-10-23 16:04:05,651 [INFO] Rule:228 - rule align RCC SPI45CLockSelection default value on MP1 is applicable
2025-10-23 16:04:05,651 [INFO] Rule:228 - rule align RCC I2C12CLockSelection default value on MP1 is applicable
2025-10-23 16:04:05,651 [INFO] Rule:228 - rule align RCC I2C35CLockSelection default value on MP1 is applicable
2025-10-23 16:04:05,651 [INFO] Rule:228 - rule align RCC LPTIM45CLockSelection default value on MP1 is applicable
2025-10-23 16:04:05,651 [INFO] Rule:228 - rule Rename DCMI PIXCK signal is applicable
2025-10-23 16:04:05,651 [INFO] Rule:228 - rule Change Default Value for I2C46CLockSelection MP1 family is applicable
2025-10-23 16:04:05,651 [INFO] Rule:228 - rule Change Default Value for UART for G4, G0 and WB families is applicable
2025-10-23 16:04:05,651 [INFO] Rule:228 - rule Change Default Value for USART for G4, G0 and WB families is applicable
2025-10-23 16:04:05,651 [INFO] Rule:228 - rule Change Default Value for USART for G4 family is applicable
2025-10-23 16:04:05,651 [INFO] Rule:228 - rule Change USART1CLockSelection refparam name for MP1 is applicable
2025-10-23 16:04:05,651 [INFO] Rule:228 - rule Change USART2CLockSelection refparam name for MP1 is applicable
2025-10-23 16:04:05,651 [INFO] Rule:228 - rule Change USART3CLockSelection refparam name for MP1 is applicable
2025-10-23 16:04:05,651 [INFO] Rule:228 - rule Change UART4CLockSelection refparam name for MP1 is applicable
2025-10-23 16:04:05,651 [INFO] Rule:228 - rule Change UART5CLockSelection refparam name for MP1 is applicable
2025-10-23 16:04:05,651 [INFO] Rule:228 - rule Change LPUART1CLockSelection refparam name for MP1 is applicable
2025-10-23 16:04:05,651 [INFO] Rule:228 - rule Change LPTIM1CLockSelection refparam name for MP1 is applicable
2025-10-23 16:04:05,651 [INFO] Rule:228 - rule Change LPTIM2CLockSelection refparam name for MP1 is applicable
2025-10-23 16:04:05,651 [INFO] Rule:228 - rule Change RCC_MCO1Source refparam name for MP1 is applicable
2025-10-23 16:04:05,651 [INFO] Rule:228 - rule Change LSCOSource1 refparam name for MP1 is applicable
2025-10-23 16:04:05,652 [INFO] Rule:228 - rule Change SMPSCLockSelection refparam name for MP1 is applicable
2025-10-23 16:04:05,652 [INFO] Rule:228 - rule Change LPTIM3CLockSelection refparam name for MP1 is applicable
2025-10-23 16:04:05,652 [INFO] Rule:228 - rule Change MPCBB* Default Template Mode to Parameters is applicable
2025-10-23 16:04:05,652 [INFO] Rule:228 - rule Change MPCWM* or MPCBB* Secure Mode to Parameters is applicable
2025-10-23 16:04:05,652 [INFO] Rule:228 - rule Change MPCWM* or MPCBB* No Secure Mode to Parameters is applicable
2025-10-23 16:04:05,652 [INFO] Rule:228 - rule Change TZSC IP Secure Mode to Parameters is applicable
2025-10-23 16:04:05,652 [INFO] Rule:228 - rule Change TZSC IP No Secure Mode to Parameters is applicable
2025-10-23 16:04:05,652 [INFO] Rule:228 - rule Change TZSC IP Privilege Mode to Parameters is applicable
2025-10-23 16:04:05,652 [INFO] Rule:228 - rule Change TZSC IP No Privilege Mode to Parameters is applicable
2025-10-23 16:04:05,652 [INFO] Rule:228 - rule Change TZIC IT Secure Mode to Parameters is applicable
2025-10-23 16:04:05,652 [INFO] Rule:228 - rule Change TZIC IT No Secure Mode to Parameters is applicable
2025-10-23 16:04:05,652 [INFO] Rule:228 - rule Add MPCBB1_NonSecureArea_Start_Address value with referenced to MPCBB1_NonSecureArea_Start value is applicable
2025-10-23 16:04:05,652 [INFO] Rule:228 - rule Add MPCBB2_NonSecureArea_Start_Address value with referenced to MPCBB2_NonSecureArea_Start value is applicable
2025-10-23 16:04:05,652 [INFO] Rule:228 - rule Add MPCWM1_NonSecureArea*_Start_Address value with referenced to MPCWM1_NonSecureArea*_Start value is applicable
2025-10-23 16:04:05,652 [INFO] Rule:228 - rule Add MPCWM2_NonSecureArea*_Start_Address value with referenced to MPCWM2_NonSecureArea*_Start value is applicable
2025-10-23 16:04:05,652 [INFO] Rule:228 - rule Add MPCWM3_NonSecureArea_Start_Address value with referenced to MPCWM3_NonSecureArea_Start value is applicable
2025-10-23 16:04:05,652 [INFO] Rule:228 - rule Change Default Value for PLL1UserDefinedConfig is applicable
2025-10-23 16:04:05,652 [INFO] Rule:228 - rule Change GPIO_PuPd Default Value for USART in async mode is applicable
2025-10-23 16:04:05,652 [INFO] Rule:228 - rule Change SMPSDivider Default Value is applicable
2025-10-23 16:04:05,652 [INFO] Rule:228 - rule OPAMP is applicable
2025-10-23 16:04:05,652 [INFO] Rule:228 - rule LPUART IPParameter rename Prescaler parameter to ClockPrescaler for STM32H7 is applicable
2025-10-23 16:04:05,652 [INFO] Rule:228 - rule LPUART IPParameter rename Prescaler parameter to ClockPrescaler for STM32H7 is applicable
2025-10-23 16:04:05,652 [INFO] Rule:228 - rule LPUART IPParameter rename Prescaler parameter to ClockPrescaler for STM32WB is applicable
2025-10-23 16:04:05,652 [INFO] Rule:228 - rule LPUART IPParameter rename Prescaler parameter to ClockPrescaler for STM32WB is applicable
2025-10-23 16:04:05,652 [INFO] Rule:228 - rule LPUART IPParameter rename Prescaler parameter to ClockPrescaler for STM32G4 is applicable
2025-10-23 16:04:05,652 [INFO] Rule:228 - rule LPUART IPParameter rename Prescaler parameter to ClockPrescaler for STM32G4 is applicable
2025-10-23 16:04:05,652 [INFO] Rule:228 - rule LPUART IPParameter rename Prescaler parameter to ClockPrescaler for STM32L5 is applicable
2025-10-23 16:04:05,652 [INFO] Rule:228 - rule LPUART IPParameter rename Prescaler parameter to ClockPrescaler for STM32L5 is applicable
2025-10-23 16:04:05,652 [INFO] Rule:228 - rule LPUART IPParameter rename Prescaler parameter to ClockPrescaler for STM32G4 is applicable
2025-10-23 16:04:05,652 [INFO] Rule:228 - rule LPUART IPParameter rename Prescaler parameter to ClockPrescaler for STM32G4 is applicable
2025-10-23 16:04:05,652 [INFO] Rule:228 - rule USB device lib V2.5.3 for L0 rename USBD_SUPPORT_USER_STRING parameter to USBD_SUPPORT_USER_STRING_DESC4 is applicable
2025-10-23 16:04:05,652 [INFO] Rule:228 - rule I2SCLockSelection clock entry align is applicable
2025-10-23 16:04:05,652 [INFO] Rule:228 - rule Assign TIMx context if used as SYS timebase is applicable
2025-10-23 16:04:05,652 [INFO] Rule:228 - rule Change GPIO_Pu Default Value for I2C is applicable
2025-10-23 16:04:05,653 [INFO] Rule:228 - rule Change GPIO_Pu Default Value for SMBus is applicable
2025-10-23 16:04:05,653 [INFO] Rule:228 - rule change FDCAN default value is applicable
2025-10-23 16:04:05,653 [INFO] Rule:228 - rule Change mode sai is applicable
2025-10-23 16:04:05,653 [INFO] Rule:228 - rule **Change sai mode is applicable
2025-10-23 16:04:05,665 [INFO] DbConfProperties:307 - Apply Compatibility (49/258 Rules)
2025-10-23 16:04:05,681 [INFO] ImportTextPane:194 - (OptionalMessage_ERROR) Unable to find key (Mcu.ThirdPartyNb) in loaded IOC file
2025-10-23 16:04:05,874 [INFO] RtosManager:555 - Registered RTOS mode: class=CMSIS, group=RTOS, mode=CMSIS_V1, owner=FREERTOS
2025-10-23 16:04:05,874 [INFO] RtosManager:555 - Registered RTOS mode: class=CMSIS, group=RTOS2, mode=CMSIS_V2, owner=FREERTOS
2025-10-23 16:04:05,874 [INFO] RtosManager:555 - Registered RTOS mode: class=RTOS, group=Core, mode=CMSIS_V1, owner=FREERTOS
2025-10-23 16:04:05,874 [INFO] RtosManager:555 - Registered RTOS mode: class=RTOS, group=Core, mode=CMSIS_V2, owner=FREERTOS
2025-10-23 16:04:05,874 [WARN] ModelIntegratedComponent:184 - Missing modes for component STMicroelectronics:FreeRTOS:0.0.1:STMicroelectronics:RTOS:FreeRTOS:Core:::10.2.0:
2025-10-23 16:04:05,878 [WARN] ModelIntegratedComponent:63 - No mode defined for component null
2025-10-23 16:04:05,878 [WARN] ModelIntegratedComponent:63 - No mode defined for component null
2025-10-23 16:04:05,878 [WARN] ModelIntegratedComponent:63 - No mode defined for component null
2025-10-23 16:04:05,878 [WARN] ModelIntegratedComponent:63 - No mode defined for component null
2025-10-23 16:04:05,878 [WARN] ModelIntegratedComponent:63 - No mode defined for component null
2025-10-23 16:04:05,878 [WARN] ModelIntegratedComponent:63 - No mode defined for component null
2025-10-23 16:04:05,879 [WARN] ModelIntegratedComponent:63 - No mode defined for component null
2025-10-23 16:04:05,879 [WARN] ModelIntegratedComponent:63 - No mode defined for component null
2025-10-23 16:04:05,879 [WARN] ModelIntegratedComponent:63 - No mode defined for component null
2025-10-23 16:04:05,879 [WARN] ModelIntegratedComponent:63 - No mode defined for component null
2025-10-23 16:04:05,879 [WARN] ModelIntegratedComponent:63 - No mode defined for component null
2025-10-23 16:04:05,879 [WARN] ModelIntegratedComponent:63 - No mode defined for component null
2025-10-23 16:04:05,879 [WARN] ModelIntegratedComponent:63 - No mode defined for component null
2025-10-23 16:04:05,879 [WARN] ModelIntegratedComponent:63 - No mode defined for component null
2025-10-23 16:04:05,879 [WARN] ModelIntegratedComponent:63 - No mode defined for component null
2025-10-23 16:04:05,879 [WARN] ModelIntegratedComponent:63 - No mode defined for component null
2025-10-23 16:04:05,879 [WARN] ModelIntegratedComponent:63 - No mode defined for component null
2025-10-23 16:04:05,879 [WARN] ModelIntegratedComponent:63 - No mode defined for component null
2025-10-23 16:04:05,879 [WARN] ModelIntegratedComponent:63 - No mode defined for component null
2025-10-23 16:04:05,879 [WARN] ModelIntegratedComponent:63 - No mode defined for component null
2025-10-23 16:04:05,879 [WARN] ModelIntegratedComponent:63 - No mode defined for component null
2025-10-23 16:04:05,879 [WARN] ModelIntegratedComponent:63 - No mode defined for component null
2025-10-23 16:04:05,879 [WARN] ModelIntegratedComponent:63 - No mode defined for component null
2025-10-23 16:04:05,879 [WARN] ModelIntegratedComponent:63 - No mode defined for component null
2025-10-23 16:04:05,879 [WARN] ModelIntegratedComponent:63 - No mode defined for component null
2025-10-23 16:04:05,879 [WARN] ModelIntegratedComponent:63 - No mode defined for component null
2025-10-23 16:04:05,879 [WARN] ModelIntegratedComponent:63 - No mode defined for component null
2025-10-23 16:04:05,879 [WARN] ModelIntegratedComponent:63 - No mode defined for component null
2025-10-23 16:04:05,879 [WARN] ModelIntegratedComponent:63 - No mode defined for component null
2025-10-23 16:04:05,879 [WARN] ModelIntegratedComponent:63 - No mode defined for component null
2025-10-23 16:04:05,879 [WARN] ModelIntegratedComponent:63 - No mode defined for component null
2025-10-23 16:04:05,879 [WARN] ModelIntegratedComponent:63 - No mode defined for component null
2025-10-23 16:04:05,879 [WARN] ModelIntegratedComponent:63 - No mode defined for component null
2025-10-23 16:04:06,349 [INFO] ThirdPartyModel:298 - Start build external matchings
2025-10-23 16:04:09,251 [INFO] ThirdPartyModel:316 - End build external matchings
2025-10-23 16:04:09,289 [INFO] ImportTextPane:194 - (OptionalMessage_ERROR) IP (RCC) : Invalid parameter (48MHZClocksFreq_Value)
2025-10-23 16:04:09,290 [INFO] ImportTextPane:194 - (OptionalMessage_ERROR) IP (RCC) : Invalid parameter (EthernetFreq_Value)
2025-10-23 16:04:09,290 [INFO] ImportTextPane:194 - (OptionalMessage_ERROR) IP (RCC) : Parameter (FLatency) has Id (AdvancedSettings) currently not set
2025-10-23 16:04:09,290 [INFO] ImportTextPane:194 - (OptionalMessage_ERROR) IP (RCC) : Invalid parameter (FamilyName)
2025-10-23 16:04:09,290 [INFO] ImportTextPane:194 - (OptionalMessage_ERROR) IP (RCC) : Invalid parameter (I2SClocksFreq_Value)
2025-10-23 16:04:09,291 [INFO] ImportTextPane:194 - (OptionalMessage_ERROR) IP (RCC) : Parameter (SDIOFreq_Value) has invalid value (168000000)
2025-10-23 16:04:09,291 [INFO] ImportTextPane:194 - (OptionalMessage_ERROR) IP (RCC) : Parameter (USBFreq_Value) has invalid value (168000000)
2025-10-23 16:04:09,291 [INFO] ImportTextPane:194 - (OptionalMessage_ERROR) IP (RCC) : Invalid parameter (VCOInputMFreq_Value)
2025-10-23 16:04:09,291 [INFO] ImportTextPane:194 - (OptionalMessage_ERROR) IP (RCC) : Invalid parameter (VcooutputI2S)
2025-10-23 16:04:09,469 [INFO] UtilMem:75 - End LoadConfig() Used Memory: 711528112 Bytes (981467136)
2025-10-23 16:04:09,479 [WARN] ThirdParty:833 - waiting for thirdparty lock release [change project]
2025-10-23 16:04:09,479 [INFO] ThirdParty:835 - entering critical section [change project]
2025-10-23 16:04:09,479 [INFO] ThirdParty:1030 - CMSIS Pack Vendor :STMicroelectronics X-CUBE-PM33A1 1.0.0
2025-10-23 16:04:09,479 [INFO] ThirdParty:1030 - CMSIS Pack Vendor :STMicroelectronics USBPD 4.1
2025-10-23 16:04:09,479 [INFO] ThirdParty:1030 - CMSIS Pack Vendor :STMicroelectronics X-CUBE-GNSS1 6.0.0
2025-10-23 16:04:09,479 [INFO] ThirdParty:1030 - CMSIS Pack Vendor :STMicroelectronics USB_HOST 2.0.0
2025-10-23 16:04:09,479 [INFO] ThirdParty:1030 - CMSIS Pack Vendor :STMicroelectronics FP-SNS-MOTENVWB1 1.4.0
2025-10-23 16:04:09,479 [INFO] ThirdParty:1030 - CMSIS Pack Vendor :STMicroelectronics X-CUBE-AZRTOS-F4 1.1.0
2025-10-23 16:04:09,479 [INFO] ThirdParty:1030 - CMSIS Pack Vendor :STMicroelectronics LIBJPEG 8.0.0
2025-10-23 16:04:09,479 [INFO] ThirdParty:1030 - CMSIS Pack Vendor :STMicroelectronics FP-ATR-ASTRA1 2.0.2
2025-10-23 16:04:09,479 [INFO] ThirdParty:1030 - CMSIS Pack Vendor :wolfSSL I-CUBE-wolfSSL 5.6.4
2025-10-23 16:04:09,479 [INFO] ThirdParty:1030 - CMSIS Pack Vendor :STMicroelectronics FP-ATR-ASTRA1 2.0.1
2025-10-23 16:04:09,479 [INFO] ThirdParty:1030 - CMSIS Pack Vendor :STMicroelectronics X-CUBE-SMBUS 2.1.0
2025-10-23 16:04:09,479 [INFO] ThirdParty:1030 - CMSIS Pack Vendor :STMicroelectronics X-CUBE-WB05N 1.1.0
2025-10-23 16:04:09,480 [INFO] ThirdParty:1030 - CMSIS Pack Vendor :STMicroelectronics X-CUBE-ISPU 2.1.0
2025-10-23 16:04:09,480 [INFO] ThirdParty:1030 - CMSIS Pack Vendor :STMicroelectronics X-CUBE-FREERTOS 1.2.0
2025-10-23 16:04:09,480 [INFO] ThirdParty:1030 - CMSIS Pack Vendor :STMicroelectronics X-CUBE-TOUCHGFX 4.23.0
2025-10-23 16:04:09,480 [INFO] ThirdParty:1030 - CMSIS Pack Vendor :STMicroelectronics X-CUBE-NFC12 1.0.0
2025-10-23 16:04:09,480 [INFO] ThirdParty:1030 - CMSIS Pack Vendor :STMicroelectronics X-CUBE-AZRTOS-F7 1.1.0
2025-10-23 16:04:09,480 [INFO] ThirdParty:1030 - CMSIS Pack Vendor :STMicroelectronics X-CUBE-AZRTOS-L5 2.0.0
2025-10-23 16:04:09,480 [INFO] ThirdParty:1030 - CMSIS Pack Vendor :STMicroelectronics USB_DEVICE 2.0.0
2025-10-23 16:04:09,480 [INFO] ThirdParty:1030 - CMSIS Pack Vendor :STMicroelectronics X-CUBE-MEMS1 9.6.0
2025-10-23 16:04:09,480 [INFO] ThirdParty:1030 - CMSIS Pack Vendor :STMicroelectronics X-CUBE-EEPRMA1 4.2.0
2025-10-23 16:04:09,480 [INFO] ThirdParty:1030 - CMSIS Pack Vendor :STMicroelectronics X-CUBE-NFC6 3.1.0
2025-10-23 16:04:09,480 [INFO] ThirdParty:1030 - CMSIS Pack Vendor :ITTIA_DB I-CUBE-ITTIADB 8.8.0
2025-10-23 16:04:09,480 [INFO] ThirdParty:1030 - CMSIS Pack Vendor :STMicroelectronics FP-SNS-MOTENV1 4.3.2
2025-10-23 16:04:09,480 [INFO] ThirdParty:1030 - CMSIS Pack Vendor :STMicroelectronics X-CUBE-MEMS1 11.0.0
2025-10-23 16:04:09,480 [INFO] ThirdParty:1030 - CMSIS Pack Vendor :STMicroelectronics FreeRTOS 0.0.1
2025-10-23 16:04:09,480 [INFO] ThirdParty:1030 - CMSIS Pack Vendor :STMicroelectronics X-CUBE-BLEMGR 2.0.0
2025-10-23 16:04:09,480 [INFO] ThirdParty:1030 - CMSIS Pack Vendor :STMicroelectronics FP-SNS-FLIGHT1 5.0.2
2025-10-23 16:04:09,480 [INFO] ThirdParty:1030 - CMSIS Pack Vendor :STMicroelectronics X-CUBE-AI 9.0.0
2025-10-23 16:04:09,480 [INFO] ThirdParty:1030 - CMSIS Pack Vendor :STMicroelectronics X-CUBE-AZRTOS-H7 3.1.0
2025-10-23 16:04:09,480 [INFO] ThirdParty:1030 - CMSIS Pack Vendor :STMicroelectronics PDM2PCM 3.3.0
2025-10-23 16:04:09,480 [INFO] ThirdParty:1030 - CMSIS Pack Vendor :STMicroelectronics X-CUBE-AZRTOS-H7 3.4.0
2025-10-23 16:04:09,480 [INFO] ThirdParty:1030 - CMSIS Pack Vendor :STMicroelectronics X-CUBE-DISPLAY 3.0.0
2025-10-23 16:04:09,480 [INFO] ThirdParty:1030 - CMSIS Pack Vendor :STMicroelectronics X-CUBE-BLE1 7.0.0
2025-10-23 16:04:09,480 [INFO] ThirdParty:1030 - CMSIS Pack Vendor :STMicroelectronics X-CUBE-NFC10 1.0.0
2025-10-23 16:04:09,480 [INFO] ThirdParty:1030 - CMSIS Pack Vendor :STMicroelectronics X-CUBE-FREERTOS 1.3.1
2025-10-23 16:04:09,480 [INFO] ThirdParty:1030 - CMSIS Pack Vendor :STMicroelectronics HAL Drivers 0.0.0
2025-10-23 16:04:09,480 [INFO] ThirdParty:1030 - CMSIS Pack Vendor :emotas I-CUBE-CANOPEN 1.3.0
2025-10-23 16:04:09,480 [INFO] ThirdParty:1030 - CMSIS Pack Vendor :STMicroelectronics X-CUBE-FREERTOS 1.3.0
2025-10-23 16:04:09,480 [INFO] ThirdParty:1030 - CMSIS Pack Vendor :STMicroelectronics X-CUBE-NFC7 1.0.1
2025-10-23 16:04:09,480 [INFO] ThirdParty:1030 - CMSIS Pack Vendor :STMicroelectronics MBEDTLS 2.14.1
2025-10-23 16:04:09,480 [INFO] ThirdParty:1030 - CMSIS Pack Vendor :STMicroelectronics X-CUBE-TOUCHGFX 4.22.1
2025-10-23 16:04:09,480 [INFO] ThirdParty:1030 - CMSIS Pack Vendor :STMicroelectronics X-CUBE-TOUCHGFX 4.26.0
2025-10-23 16:04:09,480 [INFO] ThirdParty:1030 - CMSIS Pack Vendor :STMicroelectronics X-CUBE-NFC6 3.0.0
2025-10-23 16:04:09,480 [INFO] ThirdParty:1030 - CMSIS Pack Vendor :STMicroelectronics X-CUBE-EEPRMA1 4.1.0
2025-10-23 16:04:09,480 [INFO] ThirdParty:1030 - CMSIS Pack Vendor :STMicroelectronics X-CUBE-BLEMGR 3.1.0
2025-10-23 16:04:09,480 [INFO] ThirdParty:1030 - CMSIS Pack Vendor :STMicroelectronics X-CUBE-MEMS1 11.1.0
2025-10-23 16:04:09,480 [INFO] ThirdParty:1030 - CMSIS Pack Vendor :STMicroelectronics X-CUBE-AZRTOS-WL 2.0.0
2025-10-23 16:04:09,481 [INFO] ThirdParty:1030 - CMSIS Pack Vendor :STMicroelectronics FP-SNS-MOTENV1 5.0.0
2025-10-23 16:04:09,481 [INFO] ThirdParty:1030 - CMSIS Pack Vendor :STMicroelectronics USB_DEVICE 1.0.0
2025-10-23 16:04:09,481 [INFO] ThirdParty:1030 - CMSIS Pack Vendor :STMicroelectronics X-CUBE-AI 8.1.0
2025-10-23 16:04:09,481 [INFO] ThirdParty:1030 - CMSIS Pack Vendor :wolfSSL I-CUBE-wolfMQTT 1.19.0
2025-10-23 16:04:09,481 [INFO] ThirdParty:1030 - CMSIS Pack Vendor :STMicroelectronics X-CUBE-AZRTOS-L4 2.0.0
2025-10-23 16:04:09,481 [INFO] ThirdParty:1030 - CMSIS Pack Vendor :STMicroelectronics ThreadX 0.0.2
2025-10-23 16:04:09,481 [INFO] ThirdParty:1030 - CMSIS Pack Vendor :WES I-CUBE-Cesium 1.3.0
2025-10-23 16:04:09,481 [INFO] ThirdParty:1030 - CMSIS Pack Vendor :STMicroelectronics lwIP 2.1.2
2025-10-23 16:04:09,481 [INFO] ThirdParty:1030 - CMSIS Pack Vendor :STMicroelectronics X-CUBE-SFXS2LP1 4.0.0
2025-10-23 16:04:09,481 [INFO] ThirdParty:1030 - CMSIS Pack Vendor :STMicroelectronics X-CUBE-BLE2 3.3.0
2025-10-23 16:04:09,481 [INFO] ThirdParty:1030 - CMSIS Pack Vendor :STMicroelectronics PDM2PCM 3.2.0
2025-10-23 16:04:09,481 [INFO] ThirdParty:1030 - CMSIS Pack Vendor :STMicroelectronics X-CUBE-ISPU 1.1.0
2025-10-23 16:04:09,481 [INFO] ThirdParty:1030 - CMSIS Pack Vendor :STMicroelectronics X-CUBE-AZRTOS-H7 3.3.0
2025-10-23 16:04:09,481 [INFO] ThirdParty:1030 - CMSIS Pack Vendor :STMicroelectronics X-CUBE-NFC9 1.0.0
2025-10-23 16:04:09,481 [INFO] ThirdParty:1030 - CMSIS Pack Vendor :STMicroelectronics X-CUBE-BLE1 7.1.0
2025-10-23 16:04:09,481 [INFO] ThirdParty:1030 - CMSIS Pack Vendor :STMicroelectronics USB_DEVICE 3.0.0
2025-10-23 16:04:09,481 [INFO] ThirdParty:1030 - CMSIS Pack Vendor :STMicroelectronics X-CUBE-TCPP 4.1.0
2025-10-23 16:04:09,481 [INFO] ThirdParty:1030 - CMSIS Pack Vendor :STMicroelectronics X-CUBE-EEPRMA1 5.2.0
2025-10-23 16:04:09,481 [INFO] ThirdParty:1030 - CMSIS Pack Vendor :STMicroelectronics X-CUBE-AZRTOS-WB 2.0.0
2025-10-23 16:04:09,481 [INFO] ThirdParty:1030 - CMSIS Pack Vendor :STMicroelectronics X-CUBE-GNSS1 7.0.0
2025-10-23 16:04:09,481 [INFO] ThirdParty:1030 - CMSIS Pack Vendor :STMicroelectronics X-CUBE-GNSS1 7.0.1
2025-10-23 16:04:09,481 [INFO] ThirdParty:1030 - CMSIS Pack Vendor :STMicroelectronics X-CUBE-TOUCHGFX 4.25.0
2025-10-23 16:04:09,481 [INFO] ThirdParty:1030 - CMSIS Pack Vendor :STMicroelectronics X-CUBE-ALGOBUILD 1.3.0
2025-10-23 16:04:09,481 [INFO] ThirdParty:1030 - CMSIS Pack Vendor :STMicroelectronics X-CUBE-AZRTOS-G0 1.1.0
2025-10-23 16:04:09,482 [INFO] ThirdParty:1030 - CMSIS Pack Vendor :STMicroelectronics X-CUBE-SAFEA1 1.2.2
2025-10-23 16:04:09,482 [INFO] ThirdParty:1030 - CMSIS Pack Vendor :STMicroelectronics X-CUBE-NFC4 3.0.0
2025-10-23 16:04:09,482 [INFO] ThirdParty:1030 - CMSIS Pack Vendor :STMicroelectronics X-CUBE-SUBG2 5.0.0
2025-10-23 16:04:09,482 [INFO] ThirdParty:1030 - CMSIS Pack Vendor :STMicroelectronics X-CUBE-AZRTOS-H7RS 1.1.0
2025-10-23 16:04:09,482 [INFO] ThirdParty:1030 - CMSIS Pack Vendor :STMicroelectronics STM32_WPAN 1.0.0
2025-10-23 16:04:09,482 [INFO] ThirdParty:1030 - CMSIS Pack Vendor :STMicroelectronics lwIP 2.0.3
2025-10-23 16:04:09,482 [INFO] ThirdParty:1030 - CMSIS Pack Vendor :Cesanta I-CUBE-Mongoose 7.13.0
2025-10-23 16:04:09,482 [INFO] ThirdParty:1030 - CMSIS Pack Vendor :STMicroelectronics USB_HOST 1.0.0
2025-10-23 16:04:09,482 [INFO] ThirdParty:1030 - CMSIS Pack Vendor :STMicroelectronics X-CUBE-TOF1 3.3.1
2025-10-23 16:04:09,482 [INFO] ThirdParty:1030 - CMSIS Pack Vendor :STMicroelectronics X-CUBE-AZRTOS-G4 2.0.0
2025-10-23 16:04:09,482 [INFO] ThirdParty:1030 - CMSIS Pack Vendor :STMicroelectronics X-CUBE-WB05N 2.0.0
2025-10-23 16:04:09,482 [INFO] ThirdParty:1030 - CMSIS Pack Vendor :STMicroelectronics PDM2PCM 3.1.0
2025-10-23 16:04:09,482 [INFO] ThirdParty:1030 - CMSIS Pack Vendor :Infineon AIROC-Wi-Fi-Bluetooth-STM32 1.5.1
2025-10-23 16:04:09,482 [INFO] ThirdParty:1030 - CMSIS Pack Vendor :STMicroelectronics X-CUBE-BLEMGR 3.0.0
2025-10-23 16:04:09,482 [INFO] ThirdParty:1030 - CMSIS Pack Vendor :STMicroelectronics X-CUBE-NFC7 2.0.0
2025-10-23 16:04:09,482 [INFO] ThirdParty:1030 - CMSIS Pack Vendor :STMicroelectronics FP-SNS-MOTENVWB1 1.3.1
2025-10-23 16:04:09,482 [INFO] ThirdParty:1030 - CMSIS Pack Vendor :STMicroelectronics FP-ATR-SIGFOX1 3.2.0
2025-10-23 16:04:09,482 [INFO] ThirdParty:1030 - CMSIS Pack Vendor :STMicroelectronics X-CUBE-ISPU 2.0.0
2025-10-23 16:04:09,482 [INFO] ThirdParty:1030 - CMSIS Pack Vendor :STMicroelectronics X-CUBE-EEPRMA1 5.1.0
2025-10-23 16:04:09,482 [INFO] ThirdParty:1030 - CMSIS Pack Vendor :STMicroelectronics MBEDTLS 2.16.2
2025-10-23 16:04:09,482 [INFO] ThirdParty:1030 - CMSIS Pack Vendor :STMicroelectronics X-CUBE-ALS 1.0.2
2025-10-23 16:04:09,482 [INFO] ThirdParty:1030 - CMSIS Pack Vendor :STMicroelectronics X-CUBE-MEMS1 10.0.0
2025-10-23 16:04:09,482 [INFO] ThirdParty:1030 - CMSIS Pack Vendor :STMicroelectronics X-CUBE-FREERTOS 1.1.0
2025-10-23 16:04:09,482 [INFO] ThirdParty:1030 - CMSIS Pack Vendor :STMicroelectronics X-CUBE-TOUCHGFX 4.24.0
2025-10-23 16:04:09,482 [INFO] ThirdParty:1030 - CMSIS Pack Vendor :STMicroelectronics X-CUBE-TOUCHGFX 4.24.2
2025-10-23 16:04:09,482 [INFO] ThirdParty:1030 - CMSIS Pack Vendor :STMicroelectronics X-CUBE-TOUCHGFX 4.24.1
2025-10-23 16:04:09,482 [INFO] ThirdParty:1030 - CMSIS Pack Vendor :STMicroelectronics X-CUBE-STSE01 1.0.0
2025-10-23 16:04:09,483 [INFO] ThirdParty:1030 - CMSIS Pack Vendor :wolfSSL I-CUBE-wolfTPM 3.4.0
2025-10-23 16:04:09,483 [INFO] ThirdParty:1030 - CMSIS Pack Vendor :portGmbH I-Cube-SoM-uGOAL 1.1.0
2025-10-23 16:04:09,483 [INFO] ThirdParty:1030 - CMSIS Pack Vendor :STMicroelectronics X-CUBE-ALS 1.0.1
2025-10-23 16:04:09,483 [INFO] ThirdParty:1030 - CMSIS Pack Vendor :STMicroelectronics X-CUBE-AI 10.2.0
2025-10-23 16:04:09,483 [INFO] ThirdParty:1030 - CMSIS Pack Vendor :STMicroelectronics ThreadX 1.0.0
2025-10-23 16:04:09,483 [INFO] ThirdParty:1030 - CMSIS Pack Vendor :SEGGER I-CUBE-embOS 1.3.1
2025-10-23 16:04:09,483 [INFO] ThirdParty:1030 - CMSIS Pack Vendor :STMicroelectronics X-CUBE-ALGOBUILD 1.4.0
2025-10-23 16:04:09,483 [INFO] ThirdParty:1030 - CMSIS Pack Vendor :STMicroelectronics X-CUBE-MEMS1 11.3.0
2025-10-23 16:04:09,483 [INFO] ThirdParty:1030 - CMSIS Pack Vendor :STMicroelectronics X-CUBE-AZRTOS-H7RS 1.0.0
2025-10-23 16:04:09,483 [INFO] ThirdParty:1030 - CMSIS Pack Vendor :STMicroelectronics FP-ATR-ASTRA1 2.0.0
2025-10-23 16:04:09,483 [INFO] ThirdParty:1030 - CMSIS Pack Vendor :STMicroelectronics X-CUBE-AI 9.1.0
2025-10-23 16:04:09,483 [INFO] ThirdParty:1030 - CMSIS Pack Vendor :STMicroelectronics X-CUBE-TOF1 3.4.0
2025-10-23 16:04:09,483 [INFO] ThirdParty:1030 - CMSIS Pack Vendor :STMicroelectronics X-CUBE-AZRTOS-H7 3.2.0
2025-10-23 16:04:09,483 [INFO] ThirdParty:1030 - CMSIS Pack Vendor :wolfSSL I-CUBE-wolfSSH 1.4.17
2025-10-23 16:04:09,483 [INFO] ThirdParty:841 - exiting critical section [change project]
2025-10-23 16:04:09,764 [INFO] PinOutPanel:1499 - setPackage(No Configuration,No Configuration)
2025-10-23 16:04:09,765 [INFO] PinOutPanel:1499 - setPackage(STM32F446RETx,LQFP64)
2025-10-23 16:04:10,172 [INFO] UtilMem:75 - Before build in PCC Used Memory: 373854664 Bytes (981467136)
2025-10-23 16:04:10,437 [INFO] UtilMem:75 - After build in PCC Used Memory: 421562824 Bytes (981467136)
2025-10-23 16:04:10,468 [INFO] IPUIPlugin:80 - create IPUIPlugin
2025-10-23 16:04:10,468 [INFO] IPUIPlugin:80 - create IPUIPlugin
2025-10-23 16:04:10,468 [INFO] IPUIPlugin:80 - create IPUIPlugin
2025-10-23 16:04:10,468 [INFO] IPUIPlugin:80 - create IPUIPlugin
2025-10-23 16:04:10,468 [INFO] IPUIPlugin:80 - create IPUIPlugin
2025-10-23 16:04:10,469 [INFO] IPUIPlugin:80 - create IPUIPlugin
2025-10-23 16:04:10,469 [INFO] IPUIPlugin:80 - create IPUIPlugin
2025-10-23 16:04:10,469 [INFO] IPUIPlugin:80 - create IPUIPlugin
2025-10-23 16:04:10,469 [INFO] IPUIPlugin:80 - create IPUIPlugin
2025-10-23 16:04:10,469 [INFO] IPUIPlugin:80 - create IPUIPlugin
2025-10-23 16:04:10,470 [INFO] IPUIPlugin:80 - create IPUIPlugin
2025-10-23 16:04:10,470 [INFO] IPUIPlugin:80 - create IPUIPlugin
2025-10-23 16:04:10,470 [INFO] IPUIPlugin:80 - create IPUIPlugin
2025-10-23 16:04:10,470 [INFO] IPUIPlugin:80 - create IPUIPlugin
2025-10-23 16:04:10,470 [INFO] IPUIPlugin:80 - create IPUIPlugin
2025-10-23 16:04:10,471 [INFO] IPUIPlugin:80 - create IPUIPlugin
2025-10-23 16:04:10,471 [INFO] IPUIPlugin:80 - create IPUIPlugin
2025-10-23 16:04:10,471 [INFO] IPUIPlugin:80 - create IPUIPlugin
2025-10-23 16:04:10,471 [INFO] IPUIPlugin:80 - create IPUIPlugin
2025-10-23 16:04:10,471 [INFO] IPUIPlugin:80 - create IPUIPlugin
2025-10-23 16:04:10,471 [INFO] IPUIPlugin:80 - create IPUIPlugin
2025-10-23 16:04:10,471 [INFO] IPUIPlugin:80 - create IPUIPlugin
2025-10-23 16:04:10,472 [INFO] IPUIPlugin:80 - create IPUIPlugin
2025-10-23 16:04:10,475 [INFO] IPUIPlugin:80 - create IPUIPlugin
2025-10-23 16:04:10,475 [INFO] IPUIPlugin:80 - create IPUIPlugin
2025-10-23 16:04:10,475 [INFO] IPUIPlugin:80 - create IPUIPlugin
2025-10-23 16:04:10,475 [INFO] IPUIPlugin:80 - create IPUIPlugin
2025-10-23 16:04:10,476 [INFO] IPUIPlugin:80 - create IPUIPlugin
2025-10-23 16:04:10,476 [INFO] IPUIPlugin:80 - create IPUIPlugin
2025-10-23 16:04:10,476 [INFO] IPUIPlugin:80 - create IPUIPlugin
2025-10-23 16:04:10,477 [INFO] IPUIPlugin:80 - create IPUIPlugin
2025-10-23 16:04:10,477 [INFO] IPUIPlugin:80 - create IPUIPlugin
2025-10-23 16:04:10,477 [INFO] IPUIPlugin:80 - create IPUIPlugin
2025-10-23 16:04:10,477 [INFO] IPUIPlugin:80 - create IPUIPlugin
2025-10-23 16:04:10,478 [INFO] IPUIPlugin:80 - create IPUIPlugin
2025-10-23 16:04:10,478 [INFO] IPUIPlugin:80 - create IPUIPlugin
2025-10-23 16:04:10,478 [INFO] IPUIPlugin:80 - create IPUIPlugin
2025-10-23 16:04:10,478 [INFO] IPUIPlugin:80 - create IPUIPlugin
2025-10-23 16:04:10,478 [INFO] IPUIPlugin:80 - create IPUIPlugin
2025-10-23 16:04:10,478 [INFO] IPUIPlugin:80 - create IPUIPlugin
2025-10-23 16:04:10,478 [INFO] IPUIPlugin:80 - create IPUIPlugin
2025-10-23 16:04:10,478 [INFO] IPUIPlugin:80 - create IPUIPlugin
2025-10-23 16:04:10,478 [INFO] IPUIPlugin:80 - create IPUIPlugin
2025-10-23 16:04:10,478 [INFO] IPUIPlugin:80 - create IPUIPlugin
2025-10-23 16:04:10,478 [INFO] IPUIPlugin:80 - create IPUIPlugin
2025-10-23 16:04:10,478 [INFO] IPUIPlugin:80 - create IPUIPlugin
2025-10-23 16:04:10,478 [INFO] IPUIPlugin:80 - create IPUIPlugin
2025-10-23 16:04:10,478 [INFO] IPUIPlugin:80 - create IPUIPlugin
2025-10-23 16:04:10,478 [INFO] IPUIPlugin:80 - create IPUIPlugin
2025-10-23 16:04:10,479 [INFO] IPUIPlugin:80 - create IPUIPlugin
2025-10-23 16:04:10,479 [INFO] IPUIPlugin:80 - create IPUIPlugin
2025-10-23 16:04:10,480 [INFO] IPUIPlugin:80 - create IPUIPlugin
2025-10-23 16:04:10,480 [INFO] IPUIPlugin:80 - create IPUIPlugin
2025-10-23 16:04:10,480 [INFO] IPUIPlugin:80 - create IPUIPlugin
2025-10-23 16:04:10,481 [INFO] IPUIPlugin:80 - create IPUIPlugin
2025-10-23 16:04:10,481 [INFO] IPUIPlugin:80 - create IPUIPlugin
2025-10-23 16:04:10,482 [INFO] IPUIPlugin:80 - create IPUIPlugin
2025-10-23 16:04:10,482 [INFO] IPUIPlugin:80 - create IPUIPlugin
2025-10-23 16:04:10,483 [INFO] IPUIPlugin:80 - create IPUIPlugin
2025-10-23 16:04:10,484 [INFO] IPUIPlugin:80 - create IPUIPlugin
2025-10-23 16:04:10,487 [INFO] ApiDbMcu:507 - Load IP Config File for PDM2PCM
2025-10-23 16:04:10,557 [INFO] CADModel:165 - CPN selected for project levelSTM32F446RET6
2025-10-23 16:04:10,558 [INFO] CADModel:114 - Register for checkConnection events
2025-10-23 16:04:10,602 [INFO] OpenFileManager:328 - Restore cursor
2025-10-23 16:04:11,037 [INFO] UtilMem:75 - End SaveConfig() Used Memory: 574054328 Bytes (981467136)
2025-10-23 16:04:11,089 [INFO] UtilMem:75 - End SaveConfig() Used Memory: 595502056 Bytes (981467136)
2025-10-23 16:04:11,226 [INFO] BlockDiagram:2759 - set Specific Code input for plugin: SYS
2025-10-23 16:04:11,226 [INFO] BlockDiagram:2759 - set Specific Code input for plugin: RCC
2025-10-23 16:04:11,226 [INFO] BlockDiagram:2759 - set Specific Code input for plugin: NVIC
2025-10-23 16:04:11,226 [INFO] BlockDiagram:2759 - set Specific Code input for plugin: USART
2025-10-23 16:04:11,226 [INFO] BlockDiagram:2759 - set Specific Code input for plugin: GPIO
2025-10-23 16:04:11,227 [INFO] CodeGenerator:799 - code generatio: config db path: /opt/st/stm32cubeide_1.13.2/plugins/com.st.stm32cube.common.mx_6.9.2.202309101412//db/
2025-10-23 16:04:11,365 [INFO] CodeEngine:255 - oldGeneratedFile, /home/sunbeam/CDAC/Sunbeam_internship/stm32/display1.2/MXTmpFiles/license.tmp_save
2025-10-23 16:04:11,445 [INFO] CodeEngine:279 - Generated code: /home/sunbeam/CDAC/Sunbeam_internship/stm32/display1.2/MXTmpFiles/license.tmp
2025-10-23 16:04:11,466 [INFO] CodeEngine:255 - oldGeneratedFile, /home/sunbeam/CDAC/Sunbeam_internship/stm32/display1.2/MXTmpFiles/gpio.tmp_save
2025-10-23 16:04:11,562 [INFO] CodeEngine:279 - Generated code: /home/sunbeam/CDAC/Sunbeam_internship/stm32/display1.2/MXTmpFiles/gpio.tmp
2025-10-23 16:04:11,604 [INFO] CodeEngine:255 - oldGeneratedFile, /home/sunbeam/CDAC/Sunbeam_internship/stm32/display1.2/Core/Src/stm32f4xx_it.c_save
2025-10-23 16:04:11,919 [INFO] CodeEngine:279 - Generated code: /home/sunbeam/CDAC/Sunbeam_internship/stm32/display1.2/Core/Src/stm32f4xx_it.c
2025-10-23 16:04:11,921 [INFO] CodeEngine:255 - oldGeneratedFile, /home/sunbeam/CDAC/Sunbeam_internship/stm32/display1.2/Core/Inc/stm32f4xx_it.h_save
2025-10-23 16:04:12,004 [INFO] CodeEngine:279 - Generated code: /home/sunbeam/CDAC/Sunbeam_internship/stm32/display1.2/Core/Inc/stm32f4xx_it.h
2025-10-23 16:04:12,008 [INFO] CodeEngine:255 - oldGeneratedFile, /home/sunbeam/CDAC/Sunbeam_internship/stm32/display1.2/Core/Src/stm32f4xx_hal_msp.c_save
2025-10-23 16:04:12,116 [INFO] CodeEngine:279 - Generated code: /home/sunbeam/CDAC/Sunbeam_internship/stm32/display1.2/Core/Src/stm32f4xx_hal_msp.c
2025-10-23 16:04:12,118 [INFO] CodeEngine:255 - oldGeneratedFile, /home/sunbeam/CDAC/Sunbeam_internship/stm32/display1.2/MXTmpFiles/system.tmp_save
2025-10-23 16:04:12,176 [INFO] CodeEngine:279 - Generated code: /home/sunbeam/CDAC/Sunbeam_internship/stm32/display1.2/MXTmpFiles/system.tmp
2025-10-23 16:04:12,179 [INFO] CodeEngine:311 - oldGeneratedFile, /home/sunbeam/CDAC/Sunbeam_internship/stm32/display1.2/Core/Inc/stm32f4xx_hal_conf.h_save
2025-10-23 16:04:12,267 [INFO] CodeEngine:335 - Generated code: /home/sunbeam/CDAC/Sunbeam_internship/stm32/display1.2/Core/Inc/stm32f4xx_hal_conf.h
2025-10-23 16:04:12,288 [WARN] IPConfigManager:2937 - Warning: the RefConfig PLL2P_FOR_MCO is not available in your config.xml file
2025-10-23 16:04:12,296 [INFO] CodeEngine:255 - oldGeneratedFile, /home/sunbeam/CDAC/Sunbeam_internship/stm32/display1.2/Core/Inc/main.h_save
2025-10-23 16:04:12,400 [INFO] CodeEngine:279 - Generated code: /home/sunbeam/CDAC/Sunbeam_internship/stm32/display1.2/Core/Inc/main.h
2025-10-23 16:04:12,401 [INFO] CodeEngine:255 - oldGeneratedFile, /home/sunbeam/CDAC/Sunbeam_internship/stm32/display1.2/Core/Src/main.c_save
2025-10-23 16:04:12,561 [INFO] CodeEngine:279 - Generated code: /home/sunbeam/CDAC/Sunbeam_internship/stm32/display1.2/Core/Src/main.c
2025-10-23 16:04:13,007 [INFO] ProjectBuilder:3064 - Time for Copy HAL[1] : 25mS.
2025-10-23 16:04:13,009 [INFO] ProjectBuilder:4404 - Project Generator version: 4.1.0
2025-10-23 16:04:13,229 [INFO] ConfigFileManager:1457 - The Die is : DIE421
2025-10-23 16:04:13,231 [INFO] ApiDbMcu:507 - Load IP Config File for FATFS
2025-10-23 16:04:13,234 [INFO] ApiDbMcu:507 - Load IP Config File for FREERTOS
2025-10-23 16:04:13,236 [INFO] ApiDbMcu:507 - Load IP Config File for LIBJPEG
2025-10-23 16:04:13,240 [INFO] ApiDbMcu:507 - Load IP Config File for MBEDTLS
2025-10-23 16:04:13,245 [INFO] ApiDbMcu:507 - Load IP Config File for USB_DEVICE
2025-10-23 16:04:13,248 [INFO] ApiDbMcu:507 - Load IP Config File for USB_HOST
2025-10-23 16:04:16,168 [INFO] ProjectBuilder:4626 - Time for Generating toolchain IDE Files: 3159mS.
2025-10-23 16:04:16,169 [INFO] ProjectBuilder:2935 - Time for Copy CMSIS : 0mS.
2025-10-23 16:04:16,169 [INFO] ProjectBuilder:2935 - Time for Copy CMSIS : 0mS.
2025-10-23 16:04:16,590 [INFO] McuFinderGlobals:76 - Set McuFinderConnectedMode to true
2025-10-23 16:04:16,594 [INFO] ApiDb:448 - Save user favorites file /home/sunbeam/.stm32cubeide/favorites.mcus.txt: 0 item(s)
2025-10-23 16:04:16,594 [INFO] ApiDb:452 - User favorites MCUs=[]
2025-10-23 16:04:16,595 [INFO] ApiDb:448 - Save user favorites file /home/sunbeam/.stm32cubeide/favorites.boards.txt: 3 item(s)
2025-10-23 16:04:16,595 [INFO] ApiDb:452 - User favorites Boards=[NUCLEO-F446RE, STM32F407G-DISC1, STM32F411E-DISCO]
2025-10-23 16:04:30,432 [INFO] NvicIntPanel:101 - NVIC parent = com.st.microxplorer.plugins.ip.nvic.MultiNvicIntPanel[,0,0,0x0,invalid,layout=javax.swing.BoxLayout,alignmentX=0.0,alignmentY=0.0,border=,flags=9,maximumSize=,minimumSize=,preferredSize=]
2025-10-23 16:04:33,782 [INFO] NvicIntPanel:101 - NVIC parent = com.st.microxplorer.plugins.ip.nvic.MultiNvicIntPanel[,0,0,0x0,invalid,layout=javax.swing.BoxLayout,alignmentX=0.0,alignmentY=0.0,border=,flags=9,maximumSize=,minimumSize=,preferredSize=]
2025-10-23 16:04:41,912 [WARN] IP:2114 - I2C_Coeff_DF not found: check if there is a RefParameter without a condition.
2025-10-23 16:04:41,912 [WARN] IP:2114 - Analog_Filter not found: check if there is a RefParameter without a condition.
2025-10-23 16:04:42,003 [WARN] IP:2114 - I2C_Coeff_DF not found: check if there is a RefParameter without a condition.
2025-10-23 16:04:42,003 [WARN] IP:2114 - Analog_Filter not found: check if there is a RefParameter without a condition.
2025-10-23 16:04:42,004 [WARN] IP:2114 - I2C_Coeff_DF not found: check if there is a RefParameter without a condition.
2025-10-23 16:04:42,004 [WARN] IP:2114 - Analog_Filter not found: check if there is a RefParameter without a condition.
2025-10-23 16:04:42,063 [WARN] IP:2114 - I2C_Coeff_DF not found: check if there is a RefParameter without a condition.
2025-10-23 16:04:42,064 [WARN] IP:2114 - Analog_Filter not found: check if there is a RefParameter without a condition.
2025-10-23 16:04:42,065 [WARN] IP:2114 - I2C_Coeff_DF not found: check if there is a RefParameter without a condition.
2025-10-23 16:04:42,065 [WARN] IP:2114 - Analog_Filter not found: check if there is a RefParameter without a condition.
2025-10-23 16:04:48,923 [INFO] UtilMem:75 - End SaveConfig() Used Memory: 545584192 Bytes (919601152)
2025-10-23 16:04:50,518 [INFO] UtilMem:75 - End SaveConfig() Used Memory: 690814016 Bytes (919601152)
2025-10-23 16:04:53,481 [INFO] UtilMem:75 - End SaveConfig() Used Memory: 365291016 Bytes (919601152)
2025-10-23 16:04:53,689 [INFO] BlockDiagram:2759 - set Specific Code input for plugin: SYS
2025-10-23 16:04:53,689 [INFO] BlockDiagram:2759 - set Specific Code input for plugin: RCC
2025-10-23 16:04:53,689 [INFO] BlockDiagram:2759 - set Specific Code input for plugin: I2C
2025-10-23 16:04:53,689 [INFO] BlockDiagram:2759 - set Specific Code input for plugin: NVIC
2025-10-23 16:04:53,690 [INFO] BlockDiagram:2759 - set Specific Code input for plugin: GPIO
2025-10-23 16:04:53,690 [INFO] CodeGenerator:799 - code generatio: config db path: /opt/st/stm32cubeide_1.13.2/plugins/com.st.stm32cube.common.mx_6.9.2.202309101412//db/
2025-10-23 16:04:53,691 [WARN] IP:2114 - I2C_Coeff_DF not found: check if there is a RefParameter without a condition.
2025-10-23 16:04:53,692 [WARN] IP:2114 - Analog_Filter not found: check if there is a RefParameter without a condition.
2025-10-23 16:04:53,832 [INFO] CodeEngine:255 - oldGeneratedFile, /home/sunbeam/CDAC/Sunbeam_internship/stm32/display1.2/MXTmpFiles/license.tmp_save
2025-10-23 16:04:53,896 [INFO] CodeEngine:279 - Generated code: /home/sunbeam/CDAC/Sunbeam_internship/stm32/display1.2/MXTmpFiles/license.tmp
2025-10-23 16:04:53,902 [INFO] CodeEngine:255 - oldGeneratedFile, /home/sunbeam/CDAC/Sunbeam_internship/stm32/display1.2/MXTmpFiles/gpio.tmp_save
2025-10-23 16:04:53,966 [INFO] CodeEngine:279 - Generated code: /home/sunbeam/CDAC/Sunbeam_internship/stm32/display1.2/MXTmpFiles/gpio.tmp
2025-10-23 16:04:53,995 [INFO] CodeEngine:255 - oldGeneratedFile, /home/sunbeam/CDAC/Sunbeam_internship/stm32/display1.2/Core/Src/stm32f4xx_it.c_save
2025-10-23 16:04:54,062 [INFO] CodeEngine:279 - Generated code: /home/sunbeam/CDAC/Sunbeam_internship/stm32/display1.2/Core/Src/stm32f4xx_it.c
2025-10-23 16:04:54,064 [INFO] CodeEngine:255 - oldGeneratedFile, /home/sunbeam/CDAC/Sunbeam_internship/stm32/display1.2/Core/Inc/stm32f4xx_it.h_save
2025-10-23 16:04:54,126 [INFO] CodeEngine:279 - Generated code: /home/sunbeam/CDAC/Sunbeam_internship/stm32/display1.2/Core/Inc/stm32f4xx_it.h
2025-10-23 16:04:54,129 [INFO] CodeEngine:255 - oldGeneratedFile, /home/sunbeam/CDAC/Sunbeam_internship/stm32/display1.2/Core/Src/stm32f4xx_hal_msp.c_save
2025-10-23 16:04:54,224 [INFO] CodeEngine:279 - Generated code: /home/sunbeam/CDAC/Sunbeam_internship/stm32/display1.2/Core/Src/stm32f4xx_hal_msp.c
2025-10-23 16:04:54,225 [INFO] CodeEngine:255 - oldGeneratedFile, /home/sunbeam/CDAC/Sunbeam_internship/stm32/display1.2/MXTmpFiles/system.tmp_save
2025-10-23 16:04:54,283 [INFO] CodeEngine:279 - Generated code: /home/sunbeam/CDAC/Sunbeam_internship/stm32/display1.2/MXTmpFiles/system.tmp
2025-10-23 16:04:54,285 [INFO] CodeEngine:311 - oldGeneratedFile, /home/sunbeam/CDAC/Sunbeam_internship/stm32/display1.2/Core/Inc/stm32f4xx_hal_conf.h_save
2025-10-23 16:04:54,353 [INFO] CodeEngine:335 - Generated code: /home/sunbeam/CDAC/Sunbeam_internship/stm32/display1.2/Core/Inc/stm32f4xx_hal_conf.h
2025-10-23 16:04:54,382 [WARN] IPConfigManager:2937 - Warning: the RefConfig PLL2P_FOR_MCO is not available in your config.xml file
2025-10-23 16:04:54,394 [INFO] CodeEngine:255 - oldGeneratedFile, /home/sunbeam/CDAC/Sunbeam_internship/stm32/display1.2/Core/Inc/main.h_save
2025-10-23 16:04:54,490 [INFO] CodeEngine:279 - Generated code: /home/sunbeam/CDAC/Sunbeam_internship/stm32/display1.2/Core/Inc/main.h
2025-10-23 16:04:54,492 [INFO] CodeEngine:255 - oldGeneratedFile, /home/sunbeam/CDAC/Sunbeam_internship/stm32/display1.2/Core/Src/main.c_save
2025-10-23 16:04:54,587 [INFO] CodeEngine:279 - Generated code: /home/sunbeam/CDAC/Sunbeam_internship/stm32/display1.2/Core/Src/main.c
2025-10-23 16:04:55,169 [INFO] ProjectBuilder:3064 - Time for Copy HAL[1] : 32mS.
2025-10-23 16:04:55,172 [INFO] ProjectBuilder:4404 - Project Generator version: 4.1.0
2025-10-23 16:04:55,421 [INFO] ConfigFileManager:1457 - The Die is : DIE421
2025-10-23 16:04:56,427 [INFO] ProjectBuilder:4626 - Time for Generating toolchain IDE Files: 1254mS.
2025-10-23 16:04:56,427 [INFO] ProjectBuilder:2935 - Time for Copy CMSIS : 0mS.
2025-10-23 16:04:56,427 [INFO] ProjectBuilder:2935 - Time for Copy CMSIS : 0mS.
2025-10-23 20:27:42,393 [INFO] MainUpdater:2868 - connection check result : 10
2025-10-23 20:27:42,553 [INFO] McuFinderGlobals:76 - Set McuFinderConnectedMode to true
2025-10-23 20:27:42,554 [INFO] MultiScanPanel:200 - Auto-refresh data requested => check proxy status ongoing
2025-10-23 20:27:42,555 [INFO] FinderPluginLoader:95 - Searching for filters in installed packs
2025-10-23 20:27:43,562 [INFO] LoadUrlFilesThread:185 - End of LoadServerUrlFiles without Thread
2025-10-23 20:27:43,563 [INFO] DetailPanel:341 - Set advertising image to /home/sunbeam/STM32Cube/Repository//en.mcu-finder-stm32n6dk.jpg
2025-10-23 20:27:45,851 [INFO] MultiScanPanel:200 - Auto-refresh data requested => check proxy status ongoing
2025-10-23 20:27:45,919 [INFO] LoadUrlFilesThread:185 - End of LoadServerUrlFiles without Thread
2025-10-23 20:27:45,919 [INFO] DetailPanel:341 - Set advertising image to /home/sunbeam/STM32Cube/Repository//en.mcu-finder-stm32n6dk.jpg
2025-10-23 20:28:00,352 [INFO] MainUpdater:2868 - connection check result : 10
2025-10-23 20:28:00,352 [INFO] MainUpdater:2868 - connection check result : 10
2025-10-23 20:28:00,365 [INFO] MicroXplorer:468 - Change Database Path : 
2025-10-23 20:28:00,365 [INFO] MicroXplorer:498 - Change Database Version : DB.6.0.92
2025-10-23 20:28:00,390 [WARN] ThirdParty:871 - waiting for thirdparty lock release [close project]
2025-10-23 20:28:00,390 [INFO] ThirdParty:873 - entering critical section [close project]
2025-10-23 20:28:00,390 [INFO] ThirdParty:883 - exiting critical section [close project]
2025-10-23 20:28:00,392 [INFO] PinOutPanel:1499 - setPackage(No Configuration,No Configuration)
2025-10-23 20:28:00,399 [WARN] IpParametersView:151 - Warning: This peripheral hasn't parameters
2025-10-23 20:28:00,403 [WARN] MainPanel:272 - <html><b><center>Warning: This peripheral has no parameters to be configured<br></b></html>
2025-10-23 20:28:00,407 [INFO] UtilMem:75 - Begin LoadConfig() Used Memory: 475136576 Bytes (1007681536)
2025-10-23 20:28:00,408 [INFO] OpenFileManager:308 - Change cursor
2025-10-23 20:28:00,427 [INFO] RulesReader:64 - Compatibility file has been processed (293 Rules)
2025-10-23 20:28:00,430 [INFO] ProjectFactory:402 - No CPN specified for board NUCLEO-F446RE => set CPN to STM32F446RET6
2025-10-23 20:28:00,430 [INFO] Mcu:1946 - Initializing MCU STM32F446R(C-E)Tx STM32F446RETx STM32F446RET6
2025-10-23 20:28:01,464 [INFO] Context:659 - Trying to add GPIOservice into a context  which must be forbidden
2025-10-23 20:28:01,753 [INFO] Rule:228 - rule 117617 - U5Cobra4M][GTZC] default value MPCBB3 and MPCBB5 - Not Secured memory - MPCBB1 is applicable
2025-10-23 20:28:01,754 [INFO] Rule:228 - rule 117617 - U5Cobra4M][GTZC] default value MPCBB3 and MPCBB5 - Not Secured memory - MPCBB1 is applicable
2025-10-23 20:28:01,754 [INFO] Rule:228 - rule 117617 - U5Cobra4M][GTZC] default value MPCBB3 and MPCBB5 - Not Secured memory - MPCBB2 is applicable
2025-10-23 20:28:01,754 [INFO] Rule:228 - rule 117617 - U5Cobra4M][GTZC] default value MPCBB3 and MPCBB5 - Not Secured memory - MPCBB2 is applicable
2025-10-23 20:28:01,754 [INFO] Rule:228 - rule 117617 - U5Cobra4M][GTZC] default value MPCBB3 and MPCBB5 - Not Secured memory - MPCBB3 is applicable
2025-10-23 20:28:01,754 [INFO] Rule:228 - rule 117617 - U5Cobra4M][GTZC] default value MPCBB3 and MPCBB5 - Not Secured memory - MPCBB3 is applicable
2025-10-23 20:28:01,754 [INFO] Rule:228 - rule 117617 - U5Cobra4M][GTZC] default value MPCBB3 and MPCBB5 - Not Secured memory - MPCBB4 is applicable
2025-10-23 20:28:01,754 [INFO] Rule:228 - rule 117617 - U5Cobra4M][GTZC] default value MPCBB3 and MPCBB5 - Not Secured memory - MPCBB4 is applicable
2025-10-23 20:28:01,754 [INFO] Rule:228 - rule 117617 - U5Cobra4M][GTZC] default value MPCBB3 and MPCBB5 - Secured memory - MPCBB1 is applicable
2025-10-23 20:28:01,754 [INFO] Rule:228 - rule 117617 - U5Cobra4M][GTZC] default value MPCBB3 and MPCBB5 - Secured memory - MPCBB2 is applicable
2025-10-23 20:28:01,754 [INFO] Rule:228 - rule 117617 - U5Cobra4M][GTZC] default value MPCBB3 and MPCBB5 - Secured memory - MPCBB3 is applicable
2025-10-23 20:28:01,754 [INFO] Rule:228 - rule 117617 - U5Cobra4M][GTZC] default value MPCBB3 and MPCBB5 - Secured memory - MPCBB4 is applicable
2025-10-23 20:28:01,754 [INFO] Rule:228 - rule 117617 - U5Cobra4M][GTZC] default value MPCBB3 and MPCBB5 - Privileged memory - MPCBB1 is applicable
2025-10-23 20:28:01,754 [INFO] Rule:228 - rule 117617 - U5Cobra4M][GTZC] default value MPCBB3 and MPCBB5 - Privileged memory - MPCBB2 is applicable
2025-10-23 20:28:01,754 [INFO] Rule:228 - rule 117617 - U5Cobra4M][GTZC] default value MPCBB3 and MPCBB5 - Privileged memory - MPCBB3 is applicable
2025-10-23 20:28:01,754 [INFO] Rule:228 - rule 117617 - U5Cobra4M][GTZC] default value MPCBB3 and MPCBB5 - Privileged memory - MPCBB4 is applicable
2025-10-23 20:28:01,754 [INFO] Rule:228 - rule 117617 - U5Cobra4M][GTZC] default value MPCBB3 and MPCBB5 - Not Privileged memory - MPCBB1 is applicable
2025-10-23 20:28:01,754 [INFO] Rule:228 - rule 117617 - U5Cobra4M][GTZC] default value MPCBB3 and MPCBB5 - Not Privileged memory - MPCBB2 is applicable
2025-10-23 20:28:01,754 [INFO] Rule:228 - rule 117617 - U5Cobra4M][GTZC] default value MPCBB3 and MPCBB5 - Not Privileged memory - MPCBB3 is applicable
2025-10-23 20:28:01,754 [INFO] Rule:228 - rule 117617 - U5Cobra4M][GTZC] default value MPCBB3 and MPCBB5 - Not Privileged memory - MPCBB4 is applicable
2025-10-23 20:28:01,754 [INFO] Rule:228 - rule 117617 - U5Cobra4M][GTZC] default value MPCBB3 and MPCBB5 - Privileged memory - MPCBB1 is applicable
2025-10-23 20:28:01,754 [INFO] Rule:228 - rule 117617 - U5Cobra4M][GTZC] default value MPCBB3 and MPCBB5 - Privileged memory - MPCBB2 is applicable
2025-10-23 20:28:01,754 [INFO] Rule:228 - rule 117617 - U5Cobra4M][GTZC] default value MPCBB3 and MPCBB5 - Privileged memory - MPCBB3 is applicable
2025-10-23 20:28:01,754 [INFO] Rule:228 - rule 117617 - U5Cobra4M][GTZC] default value MPCBB3 and MPCBB5 - Privileged memory - MPCBB4 is applicable
2025-10-23 20:28:01,754 [INFO] Rule:228 - rule 117617 - U5Cobra4M][GTZC] default value MPCBB3 and MPCBB5 - Privileged memory - MPCBB1 is applicable
2025-10-23 20:28:01,754 [INFO] Rule:228 - rule 117617 - U5Cobra4M][GTZC] default value MPCBB3 and MPCBB5 - Privileged memory - MPCBB2 is applicable
2025-10-23 20:28:01,754 [INFO] Rule:228 - rule 117617 - U5Cobra4M][GTZC] default value MPCBB3 and MPCBB5 - Privileged memory - MPCBB3 is applicable
2025-10-23 20:28:01,754 [INFO] Rule:228 - rule 117617 - U5Cobra4M][GTZC] default value MPCBB3 and MPCBB5 - Privileged memory - MPCBB4 is applicable
2025-10-23 20:28:01,754 [INFO] Rule:228 - rule 117617 - U5Cobra4M][GTZC] default value MPCBB3 and MPCBB5 - Not Privileged memory - MPCBB1 is applicable
2025-10-23 20:28:01,754 [INFO] Rule:228 - rule 117617 - U5Cobra4M][GTZC] default value MPCBB3 and MPCBB5 - Not Privileged memory - MPCBB2 is applicable
2025-10-23 20:28:01,754 [INFO] Rule:228 - rule 117617 - U5Cobra4M][GTZC] default value MPCBB3 and MPCBB5 - Not Privileged memory - MPCBB3 is applicable
2025-10-23 20:28:01,754 [INFO] Rule:228 - rule 117617 - U5Cobra4M][GTZC] default value MPCBB3 and MPCBB5 - Not Privileged memory - MPCBB4 is applicable
2025-10-23 20:28:01,754 [INFO] Rule:228 - rule 117617 - U5Cobra4M][GTZC] default value MPCBB3 and MPCBB5 - Privileged memory - MPCBB1 is applicable
2025-10-23 20:28:01,754 [INFO] Rule:228 - rule 117617 - U5Cobra4M][GTZC] default value MPCBB3 and MPCBB5 - Privileged memory - MPCBB2 is applicable
2025-10-23 20:28:01,754 [INFO] Rule:228 - rule 117617 - U5Cobra4M][GTZC] default value MPCBB3 and MPCBB5 - Privileged memory - MPCBB3 is applicable
2025-10-23 20:28:01,754 [INFO] Rule:228 - rule 117617 - U5Cobra4M][GTZC] default value MPCBB3 and MPCBB5 - Privileged memory - MPCBB4 is applicable
2025-10-23 20:28:01,754 [INFO] Rule:228 - rule Rename SubGHz_Phy SUBGHZ_APPLICATION SUBGHZ_PINGPONG to SUBGHZ_ADV_APPLICATION is applicable
2025-10-23 20:28:01,754 [INFO] Rule:228 - rule Rename Enabled to IBEACON is applicable
2025-10-23 20:28:01,754 [INFO] Rule:228 - rule GTZC_S instance for project manager is applicable
2025-10-23 20:28:01,754 [INFO] Rule:228 - rule GTZC_S instance for context M33S is applicable
2025-10-23 20:28:01,754 [INFO] Rule:228 - rule GTZC_S instance value for IP GTZC is applicable
2025-10-23 20:28:01,754 [INFO] Rule:228 - rule GTZC_S instance for mcu.IP is applicable
2025-10-23 20:28:01,754 [INFO] Rule:228 - rule GTZC_S instance for VP is applicable
2025-10-23 20:28:01,754 [INFO] Rule:228 - rule GTZC_S instance for signal is applicable
2025-10-23 20:28:01,754 [INFO] Rule:228 - rule GTZC_S instance for mcu.Pin is applicable
2025-10-23 20:28:01,754 [INFO] Rule:228 - rule GTZC_S instance for VP is applicable
2025-10-23 20:28:01,754 [INFO] Rule:228 - rule GTZC_S instance for signal is applicable
2025-10-23 20:28:01,754 [INFO] Rule:228 - rule GTZC_S instance for mcu is applicable
2025-10-23 20:28:01,754 [INFO] Rule:228 - rule GTZC_S instance for mcu.Pin is applicable
2025-10-23 20:28:01,754 [INFO] Rule:228 - rule GTZC_S instance value for IP GTZC is applicable
2025-10-23 20:28:01,754 [INFO] Rule:228 - rule GTZC_S instance for project manager is applicable
2025-10-23 20:28:01,754 [INFO] Rule:228 - rule GTZC_S instance for context M33S is applicable
2025-10-23 20:28:01,754 [INFO] Rule:228 - rule GTZC_S instance for VP is applicable
2025-10-23 20:28:01,754 [INFO] Rule:228 - rule GTZC_S instance for signal is applicable
2025-10-23 20:28:01,754 [INFO] Rule:228 - rule SPDIFRX instance for mcu is applicable
2025-10-23 20:28:01,754 [INFO] Rule:228 - rule Rename Tracer Mode is applicable
2025-10-23 20:28:01,754 [INFO] Rule:228 - rule SPDIFRX instance value for IP SPDIFRX is applicable
2025-10-23 20:28:01,754 [INFO] Rule:228 - rule SPDIFRX instance for signal is applicable
2025-10-23 20:28:01,754 [INFO] Rule:228 - rule SPDIFRX instance for project manager is applicable
2025-10-23 20:28:01,754 [INFO] Rule:228 - rule SPDIFRX instance for project manager is applicable
2025-10-23 20:28:01,754 [INFO] Rule:228 - rule ADC Scan  fix with FW F7 is applicable
2025-10-23 20:28:01,754 [INFO] Rule:228 - rule ADC Scan  fix with FW F7 is applicable
2025-10-23 20:28:01,755 [INFO] Rule:228 - rule WakeUp0 Mode is applicable
2025-10-23 20:28:01,755 [INFO] Rule:228 - rule WakeUp0 SIGNAL is applicable
2025-10-23 20:28:01,755 [INFO] Rule:228 - rule WakeUp1 Mode is applicable
2025-10-23 20:28:01,755 [INFO] Rule:228 - rule WakeUp1 SIGNAL is applicable
2025-10-23 20:28:01,755 [INFO] Rule:228 - rule WakeUp2 Mode is applicable
2025-10-23 20:28:01,755 [INFO] Rule:228 - rule WakeUp2 SIGNAL is applicable
2025-10-23 20:28:01,755 [INFO] Rule:228 - rule WakeUp4 Mode is applicable
2025-10-23 20:28:01,755 [INFO] Rule:228 - rule WakeUp4 SIGNAL is applicable
2025-10-23 20:28:01,755 [INFO] Rule:228 - rule WakeUp5 Mode is applicable
2025-10-23 20:28:01,755 [INFO] Rule:228 - rule WakeUp5 SIGNAL is applicable
2025-10-23 20:28:01,755 [INFO] Rule:228 - rule Add RTC Activate Clock Source is applicable
2025-10-23 20:28:01,755 [INFO] Rule:228 - rule Add RTC Activate Calendar 1 is applicable
2025-10-23 20:28:01,755 [INFO] Rule:228 - rule Add RTC Activate Calendar 2 is applicable
2025-10-23 20:28:01,755 [INFO] Rule:228 - rule Add RTC Activate Calendar 3 is applicable
2025-10-23 20:28:01,755 [INFO] Rule:228 - rule UART/USART TX Mode is applicable
2025-10-23 20:28:01,755 [INFO] Rule:228 - rule UART/USART RX Mode is applicable
2025-10-23 20:28:01,755 [INFO] Rule:228 - rule UART/USART RX TX Mode is applicable
2025-10-23 20:28:01,755 [INFO] Rule:228 - rule UART/USART PARITY NONE is applicable
2025-10-23 20:28:01,755 [INFO] Rule:228 - rule UART/USART PARITY EVEN is applicable
2025-10-23 20:28:01,755 [INFO] Rule:228 - rule UART/USART PARITY ODD is applicable
2025-10-23 20:28:01,755 [INFO] Rule:228 - rule USART StopBits 1 is applicable
2025-10-23 20:28:01,755 [INFO] Rule:228 - rule USART StopBits 2 is applicable
2025-10-23 20:28:01,755 [INFO] Rule:228 - rule USART StopBits 1.5 is applicable
2025-10-23 20:28:01,755 [INFO] Rule:228 - rule USART StopBits 0.5 is applicable
2025-10-23 20:28:01,755 [INFO] Rule:228 - rule UART/USART WORD LENGTH 7 is applicable
2025-10-23 20:28:01,755 [INFO] Rule:228 - rule UART/USART WORD LENGTH 8 is applicable
2025-10-23 20:28:01,755 [INFO] Rule:228 - rule UART/USART WORD LENGTH 9 is applicable
2025-10-23 20:28:01,755 [INFO] Rule:228 - rule Rename FMC NAND NCE signal is applicable
2025-10-23 20:28:01,755 [INFO] Rule:228 - rule Rename FMC NAND INT signal is applicable
2025-10-23 20:28:01,755 [INFO] Rule:228 - rule Change Default Value for LSE Drive Capability for WB family is applicable
2025-10-23 20:28:01,755 [INFO] Rule:228 - rule Change Default Value for ADC Clock Prescaler G0 family is applicable
2025-10-23 20:28:01,755 [INFO] Rule:228 - rule Change Default Value for ADC ExternalTrigConv L4 family is applicable
2025-10-23 20:28:01,755 [INFO] Rule:228 - rule Change Default Value for ADC ExternalTrigInjecConv L4 family is applicable
2025-10-23 20:28:01,755 [INFO] Rule:228 - rule Change Default Value for ADC ExternalTrigConv F3 family is applicable
2025-10-23 20:28:01,755 [INFO] Rule:228 - rule Change Default Value for ADC ExternalTrigInjecConv F3 family is applicable
2025-10-23 20:28:01,755 [INFO] Rule:228 - rule Change Default Value for ADC ExternalTrigConv Goldfish serie is applicable
2025-10-23 20:28:01,755 [INFO] Rule:228 - rule Change Default Value for ADC ExternalTrigInjecConv Goldfish serie is applicable
2025-10-23 20:28:01,755 [INFO] Rule:228 - rule Change Default Value for ADC ExternalTrigConv L0 family is applicable
2025-10-23 20:28:01,755 [INFO] Rule:228 - rule Change Default Value for ADC ExternalTrigConv F0 family is applicable
2025-10-23 20:28:01,755 [INFO] Rule:228 - rule Change Default Value for ADC ExternalTrigConvn L1 family is applicable
2025-10-23 20:28:01,755 [INFO] Rule:228 - rule Change Default Value for ADC ExternalTrigInjecConv L1 family is applicable
2025-10-23 20:28:01,755 [INFO] Rule:228 - rule Change Default Value for ADC ExternalTrigConv F1 family is applicable
2025-10-23 20:28:01,755 [INFO] Rule:228 - rule Change Default Value for ADC ExternalTrigInjecConv F1 family is applicable
2025-10-23 20:28:01,755 [INFO] Rule:228 - rule Change Default Value for ADC ExternalTrigConv F7 family is applicable
2025-10-23 20:28:01,755 [INFO] Rule:228 - rule Change Default Value for ADC ExternalTrigInjecConv F7 family is applicable
2025-10-23 20:28:01,755 [INFO] Rule:228 - rule Change Default Value for ADC ExternalTrigConv F4 and F2 family is applicable
2025-10-23 20:28:01,755 [INFO] Rule:228 - rule Change Default Value for ADC ExternalTrigInjecConv F4 and F2 family is applicable
2025-10-23 20:28:01,755 [INFO] Rule:228 - rule ADC SamplingTime fix with FW L0  is applicable
2025-10-23 20:28:01,755 [INFO] Rule:228 - rule ADC SamplingTime fix with FW L0  is applicable
2025-10-23 20:28:01,755 [INFO] Rule:228 - rule ADC SamplingTime fix with FW L0 is applicable
2025-10-23 20:28:01,755 [INFO] Rule:228 - rule ADC SamplingTime fix with FW L0 is applicable
2025-10-23 20:28:01,755 [INFO] Rule:228 - rule ADC SamplingTime fix with FW L0  is applicable
2025-10-23 20:28:01,755 [INFO] Rule:228 - rule ADC SamplingTime fix with FW L0 is applicable
2025-10-23 20:28:01,755 [INFO] Rule:228 - rule Rename USB_OE Signal is applicable
2025-10-23 20:28:01,755 [INFO] Rule:228 - rule Rename Activate_OE Mode is applicable
2025-10-23 20:28:01,755 [INFO] Rule:228 - rule Rename DIE462/DIE415 pin PC14/OSC32_IN -> PC14-OSC32_IN (PC14) is applicable
2025-10-23 20:28:01,755 [INFO] Rule:228 - rule Rename DIE462/DIE415 pin PC15/OSC32_OUT -> PC15-OSC32_OUT (PC15) is applicable
2025-10-23 20:28:01,755 [INFO] Rule:228 - rule Rename DIE462/DIE415 pin PH0/OSC_IN -> PH0-OSC_IN (PH0) is applicable
2025-10-23 20:28:01,755 [INFO] Rule:228 - rule Rename DIE462/DIE415 pin PH1/OSC_OUT -> PH1-OSC_OUT (PH1) is applicable
2025-10-23 20:28:01,755 [INFO] Rule:228 - rule Rename DIE462 pin PA13 -> PA13 (JTMS/SWDIO) is applicable
2025-10-23 20:28:01,755 [INFO] Rule:228 - rule Rename DIE415 pin PA13 -> PA13 (JTMS/SWDIO) is applicable
2025-10-23 20:28:01,755 [INFO] Rule:228 - rule Rename DIE462 pin PA14 -> PA14 (JTCK/SWCLK) is applicable
2025-10-23 20:28:01,755 [INFO] Rule:228 - rule Rename DIE415 pin PA14 -> PA14 (JTCK/SWCLK) is applicable
2025-10-23 20:28:01,755 [INFO] Rule:228 - rule Rename DIE462/DIE415 pin PA15 -> PA15 (JTDI) is applicable
2025-10-23 20:28:01,755 [INFO] Rule:228 - rule Rename DIE462 pin PB3 -> PB3 (JTD0/TRACESWO) is applicable
2025-10-23 20:28:01,756 [INFO] Rule:228 - rule Rename DIE415 pin PB3 -> PB3 (JTD0-TRACESWO) is applicable
2025-10-23 20:28:01,756 [INFO] Rule:228 - rule Rename DIE462/DIE415 pin PB4 -> PB4 (NJTRST) is applicable
2025-10-23 20:28:01,756 [INFO] Rule:228 - rule Rename DIE462 pin PH3/BOOT0 -> PH3-BOOT0 (BOOT0) is applicable
2025-10-23 20:28:01,756 [INFO] Rule:228 - rule Rename CRYP DataEncryptionTypesList to Algorithm is applicable
2025-10-23 20:28:01,756 [INFO] Rule:228 - rule Rename AES DataEncryptionTypesList to Algorithm is applicable
2025-10-23 20:28:01,756 [INFO] Rule:228 - rule Rename TDESECB to CRYP_TDES_ECB is applicable
2025-10-23 20:28:01,756 [INFO] Rule:228 - rule Rename TDESCBC to CRYP_TDES_CBC is applicable
2025-10-23 20:28:01,756 [INFO] Rule:228 - rule Rename DESECB to CRYP_DES_ECB is applicable
2025-10-23 20:28:01,756 [INFO] Rule:228 - rule Rename DESCBC to CRYP_DES_CBC is applicable
2025-10-23 20:28:01,756 [INFO] Rule:228 - rule Rename AESECB to CRYP_AES_ECB is applicable
2025-10-23 20:28:01,756 [INFO] Rule:228 - rule Rename AESCBC to CRYP_AES_CBC is applicable
2025-10-23 20:28:01,756 [INFO] Rule:228 - rule Rename AESCTR to CRYP_AES_CTR is applicable
2025-10-23 20:28:01,756 [INFO] Rule:228 - rule Rename AESGCM to CRYP_AES_GCM is applicable
2025-10-23 20:28:01,756 [INFO] Rule:228 - rule Rename AESCCM to CRYP_AES_CCM is applicable
2025-10-23 20:28:01,756 [INFO] Rule:228 - rule Rename CAN TimeSeg1 to BS1 is applicable
2025-10-23 20:28:01,756 [INFO] Rule:228 - rule Rename CAN TimeSeg2 to BS2 is applicable
2025-10-23 20:28:01,756 [INFO] Rule:228 - rule Rename CAN SyncJumpWidth to SJW is applicable
2025-10-23 20:28:01,756 [INFO] Rule:228 - rule TimeTriggeredMode to TTCM is applicable
2025-10-23 20:28:01,756 [INFO] Rule:228 - rule Rename CAN AutoBusOff to ABOM is applicable
2025-10-23 20:28:01,756 [INFO] Rule:228 - rule Rename CAN AutoWakeUp to AWUM is applicable
2025-10-23 20:28:01,756 [INFO] Rule:228 - rule Rename CAN AutoRetransmission to NART is applicable
2025-10-23 20:28:01,756 [INFO] Rule:228 - rule Rename CAN ReceiveFifoLocked to RFLM is applicable
2025-10-23 20:28:01,756 [INFO] Rule:228 - rule Rename CAN TransmitFifoPriority to TXFP is applicable
2025-10-23 20:28:01,756 [INFO] Rule:228 - rule Rename HRTIMER HRTIM_OUTPUTFAULTLEVEL_HIGH in HRTIMER HRTIM_OUTPUTFAULTLEVEL_HIGHZ is applicable
2025-10-23 20:28:01,756 [INFO] Rule:228 - rule Rename TIMER TIM_CLEARINPUTSOURCE_OCREFCLR in  TIMER TIM_CLEARINPUTSOURCE_NONE for F7 family is applicable
2025-10-23 20:28:01,756 [INFO] Rule:228 - rule FDCAN_R1 - Rename FDCAN mode Master into Classic is applicable
2025-10-23 20:28:01,756 [INFO] Rule:228 - rule FDCAN_R2 - Rename FDCAN mode Slave into Classic is applicable
2025-10-23 20:28:01,756 [INFO] Rule:228 - rule FDCAN1_R3 - if PA10.Mode=FullDuplex, add Pin PA12 is applicable
2025-10-23 20:28:01,756 [INFO] Rule:228 - rule FDCAN1_R3 - if PA9.Mode=FullDuplex, add Pin PA11 is applicable
2025-10-23 20:28:01,756 [INFO] Rule:228 - rule FDCAN1_R3 - Alternatepin_1 - if PE1.Mode=FullDuplex, add Pin PB9 is applicable
2025-10-23 20:28:01,756 [INFO] Rule:228 - rule FDCAN1_R3 - Alternatepin_1 - if PE0.Mode=FullDuplex, add Pin PB8 is applicable
2025-10-23 20:28:01,756 [INFO] Rule:228 - rule FDCAN1_R3 - Alternatepin_2 - if PD5.Mode=FullDuplex, add Pin PD1 is applicable
2025-10-23 20:28:01,756 [INFO] Rule:228 - rule FDCAN1_R3 - Alternatepin_2 - if PD4.Mode=FullDuplex, add Pin PD0 is applicable
2025-10-23 20:28:01,756 [INFO] Rule:228 - rule FDCAN1_R4 - Rename Mode FullDuplex into Enable FDCAN_TXFD for pin PA10 is applicable
2025-10-23 20:28:01,756 [INFO] Rule:228 - rule FDCAN1_R4 - Rename Mode FullDuplex into Enable FDCAN_TXFD for pin PA9 is applicable
2025-10-23 20:28:01,756 [INFO] Rule:228 - rule FDCAN1_R4 - Alternatepin_1 - Rename Mode FullDuplex into Enable FDCAN_TXFD for pin PE1 is applicable
2025-10-23 20:28:01,756 [INFO] Rule:228 - rule FDCAN1_R4 - Alternatepin_1 - Rename Mode FullDuplex into Enable FDCAN_TXFD for pin PE0 is applicable
2025-10-23 20:28:01,756 [INFO] Rule:228 - rule FDCAN1_R4 - Alternatepin_2 - Rename Mode FullDuplex into Enable FDCAN_TXFD for pin PD5 is applicable
2025-10-23 20:28:01,756 [INFO] Rule:228 - rule FDCAN1_R4 - Alternatepin_2 - Rename Mode FullDuplex into Enable FDCAN_TXFD for pin PD4 is applicable
2025-10-23 20:28:01,756 [INFO] Rule:228 - rule FDCAN2_R3 - if PD10.Mode=FullDuplex, add Pin PB13 is applicable
2025-10-23 20:28:01,756 [INFO] Rule:228 - rule FDCAN2_R3 - if PD9.Mode=FullDuplex, add Pin PB12 is applicable
2025-10-23 20:28:01,756 [INFO] Rule:228 - rule FDCAN2_R3 - Alternatepin_1 - if PB7.Mode=FullDuplex, add Pin PB6 is applicable
2025-10-23 20:28:01,756 [INFO] Rule:228 - rule FDCAN2_R3 - Alternatepin_1 - if PD9.Mode=FullDuplex, add Pin PB12 is applicable
2025-10-23 20:28:01,756 [INFO] Rule:228 - rule FDCAN2_R4 - Rename Mode FullDuplex into Enable FDCAN_TXFD for pin PD10 is applicable
2025-10-23 20:28:01,756 [INFO] Rule:228 - rule FDCAN2_R4 - Rename Mode FullDuplex into Enable FDCAN_TXFD for pin PD9 is applicable
2025-10-23 20:28:01,756 [INFO] Rule:228 - rule FDCAN2_R4 - Alternatepin_1 - Rename Mode FullDuplex into Enable FDCAN_TXFD for pin PB7 is applicable
2025-10-23 20:28:01,756 [INFO] Rule:228 - rule FDCAN2_R4 - Alternatepin_1 - Rename Mode FullDuplex into Enable FDCAN_TXFD for pin PD6 is applicable
2025-10-23 20:28:01,756 [INFO] Rule:228 - rule USART TxPinLevelInvertParam Mode is applicable
2025-10-23 20:28:01,756 [INFO] Rule:228 - rule USART RxPinLevelInvertParam Mode is applicable
2025-10-23 20:28:01,756 [INFO] Rule:228 - rule USART DataInvertParam Mode is applicable
2025-10-23 20:28:01,756 [INFO] Rule:228 - rule USART SwapParam Mode is applicable
2025-10-23 20:28:01,756 [INFO] Rule:228 - rule USART OverrunDisableParam Mode is applicable
2025-10-23 20:28:01,756 [INFO] Rule:228 - rule USART DMADisableonRxErrorParam Mode is applicable
2025-10-23 20:28:01,756 [INFO] Rule:228 - rule USART MSBFirstParam Mode is applicable
2025-10-23 20:28:01,756 [INFO] Rule:228 - rule Update MwName for USB_DEVICE is applicable
2025-10-23 20:28:01,756 [INFO] Rule:228 - rule Change PWR_Regulator_Voltage_Scale Default Value for RCC  H7 family is applicable
2025-10-23 20:28:01,756 [INFO] Rule:228 - rule UART/USART IPParameter rename Prescaler parameter to ClockPrescaler is applicable
2025-10-23 20:28:01,756 [INFO] Rule:228 - rule UART/USART Prescaler rename Prescaler parameter to ClockPrescaler is applicable
2025-10-23 20:28:01,756 [INFO] Rule:228 - rule TIM1CLockSelection is applicable
2025-10-23 20:28:01,756 [INFO] Rule:228 - rule TIM15CLockSelection is applicable
2025-10-23 20:28:01,756 [INFO] Rule:228 - rule align RCC SDMMC3CLockSelection default value on MP1 is applicable
2025-10-23 20:28:01,756 [INFO] Rule:228 - rule align RCC SDMMC12CLockSelection default value on MP1 is applicable
2025-10-23 20:28:01,756 [INFO] Rule:228 - rule align RCC QSPICLockSelection default value on MP1 is applicable
2025-10-23 20:28:01,756 [INFO] Rule:228 - rule align RCC QSPICLockSelection default value on MP1 is applicable
2025-10-23 20:28:01,756 [INFO] Rule:228 - rule align RCC SPI6CLockSelection default value on MP1 is applicable
2025-10-23 20:28:01,756 [INFO] Rule:228 - rule align RCC LPTIM23CLockSelection default value on MP1 is applicable
2025-10-23 20:28:01,756 [INFO] Rule:228 - rule align RCC LPTIM1CLockSelection default value on MP1 is applicable
2025-10-23 20:28:01,756 [INFO] Rule:228 - rule align RCC USART1CLockSelection default value on MP1 is applicable
2025-10-23 20:28:01,757 [INFO] Rule:228 - rule align RCC USART24CLockSelection default value on MP1 is applicable
2025-10-23 20:28:01,757 [INFO] Rule:228 - rule align RCC USART6CLockSelection default value on MP1 is applicable
2025-10-23 20:28:01,757 [INFO] Rule:228 - rule align RCC UART78CLockSelection default value on MP1 is applicable
2025-10-23 20:28:01,757 [INFO] Rule:228 - rule align RCC USART35CLockSelection default value on MP1 is applicable
2025-10-23 20:28:01,757 [INFO] Rule:228 - rule align RCC SPI45CLockSelection default value on MP1 is applicable
2025-10-23 20:28:01,757 [INFO] Rule:228 - rule align RCC I2C46CLockSelection BCLK value on MP1 is applicable
2025-10-23 20:28:01,757 [INFO] Rule:228 - rule align RCC SPI45CLockSelection default value on MP1 is applicable
2025-10-23 20:28:01,757 [INFO] Rule:228 - rule align RCC I2C12CLockSelection default value on MP1 is applicable
2025-10-23 20:28:01,757 [INFO] Rule:228 - rule align RCC I2C35CLockSelection default value on MP1 is applicable
2025-10-23 20:28:01,757 [INFO] Rule:228 - rule align RCC LPTIM45CLockSelection default value on MP1 is applicable
2025-10-23 20:28:01,757 [INFO] Rule:228 - rule Rename DCMI PIXCK signal is applicable
2025-10-23 20:28:01,757 [INFO] Rule:228 - rule Change Default Value for I2C46CLockSelection MP1 family is applicable
2025-10-23 20:28:01,757 [INFO] Rule:228 - rule Change Default Value for UART for G4, G0 and WB families is applicable
2025-10-23 20:28:01,757 [INFO] Rule:228 - rule Change Default Value for USART for G4, G0 and WB families is applicable
2025-10-23 20:28:01,757 [INFO] Rule:228 - rule Change Default Value for USART for G4 family is applicable
2025-10-23 20:28:01,757 [INFO] Rule:228 - rule Change USART1CLockSelection refparam name for MP1 is applicable
2025-10-23 20:28:01,757 [INFO] Rule:228 - rule Change USART2CLockSelection refparam name for MP1 is applicable
2025-10-23 20:28:01,757 [INFO] Rule:228 - rule Change USART3CLockSelection refparam name for MP1 is applicable
2025-10-23 20:28:01,757 [INFO] Rule:228 - rule Change UART4CLockSelection refparam name for MP1 is applicable
2025-10-23 20:28:01,757 [INFO] Rule:228 - rule Change UART5CLockSelection refparam name for MP1 is applicable
2025-10-23 20:28:01,757 [INFO] Rule:228 - rule Change LPUART1CLockSelection refparam name for MP1 is applicable
2025-10-23 20:28:01,757 [INFO] Rule:228 - rule Change LPTIM1CLockSelection refparam name for MP1 is applicable
2025-10-23 20:28:01,757 [INFO] Rule:228 - rule Change LPTIM2CLockSelection refparam name for MP1 is applicable
2025-10-23 20:28:01,757 [INFO] Rule:228 - rule Change RCC_MCO1Source refparam name for MP1 is applicable
2025-10-23 20:28:01,757 [INFO] Rule:228 - rule Change LSCOSource1 refparam name for MP1 is applicable
2025-10-23 20:28:01,757 [INFO] Rule:228 - rule Change SMPSCLockSelection refparam name for MP1 is applicable
2025-10-23 20:28:01,757 [INFO] Rule:228 - rule Change LPTIM3CLockSelection refparam name for MP1 is applicable
2025-10-23 20:28:01,757 [INFO] Rule:228 - rule Change MPCBB* Default Template Mode to Parameters is applicable
2025-10-23 20:28:01,757 [INFO] Rule:228 - rule Change MPCWM* or MPCBB* Secure Mode to Parameters is applicable
2025-10-23 20:28:01,757 [INFO] Rule:228 - rule Change MPCWM* or MPCBB* No Secure Mode to Parameters is applicable
2025-10-23 20:28:01,757 [INFO] Rule:228 - rule Change TZSC IP Secure Mode to Parameters is applicable
2025-10-23 20:28:01,757 [INFO] Rule:228 - rule Change TZSC IP No Secure Mode to Parameters is applicable
2025-10-23 20:28:01,757 [INFO] Rule:228 - rule Change TZSC IP Privilege Mode to Parameters is applicable
2025-10-23 20:28:01,757 [INFO] Rule:228 - rule Change TZSC IP No Privilege Mode to Parameters is applicable
2025-10-23 20:28:01,757 [INFO] Rule:228 - rule Change TZIC IT Secure Mode to Parameters is applicable
2025-10-23 20:28:01,757 [INFO] Rule:228 - rule Change TZIC IT No Secure Mode to Parameters is applicable
2025-10-23 20:28:01,757 [INFO] Rule:228 - rule Add MPCBB1_NonSecureArea_Start_Address value with referenced to MPCBB1_NonSecureArea_Start value is applicable
2025-10-23 20:28:01,757 [INFO] Rule:228 - rule Add MPCBB2_NonSecureArea_Start_Address value with referenced to MPCBB2_NonSecureArea_Start value is applicable
2025-10-23 20:28:01,757 [INFO] Rule:228 - rule Add MPCWM1_NonSecureArea*_Start_Address value with referenced to MPCWM1_NonSecureArea*_Start value is applicable
2025-10-23 20:28:01,757 [INFO] Rule:228 - rule Add MPCWM2_NonSecureArea*_Start_Address value with referenced to MPCWM2_NonSecureArea*_Start value is applicable
2025-10-23 20:28:01,757 [INFO] Rule:228 - rule Add MPCWM3_NonSecureArea_Start_Address value with referenced to MPCWM3_NonSecureArea_Start value is applicable
2025-10-23 20:28:01,757 [INFO] Rule:228 - rule Change Default Value for PLL1UserDefinedConfig is applicable
2025-10-23 20:28:01,757 [INFO] Rule:228 - rule Change GPIO_PuPd Default Value for USART in async mode is applicable
2025-10-23 20:28:01,757 [INFO] Rule:228 - rule Change SMPSDivider Default Value is applicable
2025-10-23 20:28:01,757 [INFO] Rule:228 - rule OPAMP is applicable
2025-10-23 20:28:01,757 [INFO] Rule:228 - rule LPUART IPParameter rename Prescaler parameter to ClockPrescaler for STM32H7 is applicable
2025-10-23 20:28:01,757 [INFO] Rule:228 - rule LPUART IPParameter rename Prescaler parameter to ClockPrescaler for STM32H7 is applicable
2025-10-23 20:28:01,757 [INFO] Rule:228 - rule LPUART IPParameter rename Prescaler parameter to ClockPrescaler for STM32WB is applicable
2025-10-23 20:28:01,757 [INFO] Rule:228 - rule LPUART IPParameter rename Prescaler parameter to ClockPrescaler for STM32WB is applicable
2025-10-23 20:28:01,757 [INFO] Rule:228 - rule LPUART IPParameter rename Prescaler parameter to ClockPrescaler for STM32G4 is applicable
2025-10-23 20:28:01,757 [INFO] Rule:228 - rule LPUART IPParameter rename Prescaler parameter to ClockPrescaler for STM32G4 is applicable
2025-10-23 20:28:01,757 [INFO] Rule:228 - rule LPUART IPParameter rename Prescaler parameter to ClockPrescaler for STM32L5 is applicable
2025-10-23 20:28:01,757 [INFO] Rule:228 - rule LPUART IPParameter rename Prescaler parameter to ClockPrescaler for STM32L5 is applicable
2025-10-23 20:28:01,757 [INFO] Rule:228 - rule LPUART IPParameter rename Prescaler parameter to ClockPrescaler for STM32G4 is applicable
2025-10-23 20:28:01,757 [INFO] Rule:228 - rule LPUART IPParameter rename Prescaler parameter to ClockPrescaler for STM32G4 is applicable
2025-10-23 20:28:01,757 [INFO] Rule:228 - rule USB device lib V2.5.3 for L0 rename USBD_SUPPORT_USER_STRING parameter to USBD_SUPPORT_USER_STRING_DESC4 is applicable
2025-10-23 20:28:01,757 [INFO] Rule:228 - rule I2SCLockSelection clock entry align is applicable
2025-10-23 20:28:01,757 [INFO] Rule:228 - rule Assign TIMx context if used as SYS timebase is applicable
2025-10-23 20:28:01,757 [INFO] Rule:228 - rule Change GPIO_Pu Default Value for I2C is applicable
2025-10-23 20:28:01,757 [INFO] Rule:228 - rule Change GPIO_Pu Default Value for SMBus is applicable
2025-10-23 20:28:01,757 [INFO] Rule:228 - rule change FDCAN default value is applicable
2025-10-23 20:28:01,757 [INFO] Rule:228 - rule Change mode sai is applicable
2025-10-23 20:28:01,757 [INFO] Rule:228 - rule **Change sai mode is applicable
2025-10-23 20:28:01,765 [INFO] DbConfProperties:307 - Apply Compatibility (49/258 Rules)
2025-10-23 20:28:01,771 [INFO] ImportTextPane:194 - (OptionalMessage_ERROR) Unable to find key (Mcu.ThirdPartyNb) in loaded IOC file
2025-10-23 20:28:01,931 [INFO] RtosManager:555 - Registered RTOS mode: class=CMSIS, group=RTOS, mode=CMSIS_V1, owner=FREERTOS
2025-10-23 20:28:01,931 [INFO] RtosManager:555 - Registered RTOS mode: class=CMSIS, group=RTOS2, mode=CMSIS_V2, owner=FREERTOS
2025-10-23 20:28:01,931 [INFO] RtosManager:555 - Registered RTOS mode: class=RTOS, group=Core, mode=CMSIS_V1, owner=FREERTOS
2025-10-23 20:28:01,931 [INFO] RtosManager:555 - Registered RTOS mode: class=RTOS, group=Core, mode=CMSIS_V2, owner=FREERTOS
2025-10-23 20:28:01,931 [WARN] ModelIntegratedComponent:184 - Missing modes for component STMicroelectronics:FreeRTOS:0.0.1:STMicroelectronics:RTOS:FreeRTOS:Core:::10.2.0:
2025-10-23 20:28:01,944 [WARN] ModelIntegratedComponent:63 - No mode defined for component null
2025-10-23 20:28:01,944 [WARN] ModelIntegratedComponent:63 - No mode defined for component null
2025-10-23 20:28:01,944 [WARN] ModelIntegratedComponent:63 - No mode defined for component null
2025-10-23 20:28:01,944 [WARN] ModelIntegratedComponent:63 - No mode defined for component null
2025-10-23 20:28:01,944 [WARN] ModelIntegratedComponent:63 - No mode defined for component null
2025-10-23 20:28:01,944 [WARN] ModelIntegratedComponent:63 - No mode defined for component null
2025-10-23 20:28:01,945 [WARN] ModelIntegratedComponent:63 - No mode defined for component null
2025-10-23 20:28:01,945 [WARN] ModelIntegratedComponent:63 - No mode defined for component null
2025-10-23 20:28:01,945 [WARN] ModelIntegratedComponent:63 - No mode defined for component null
2025-10-23 20:28:01,945 [WARN] ModelIntegratedComponent:63 - No mode defined for component null
2025-10-23 20:28:01,945 [WARN] ModelIntegratedComponent:63 - No mode defined for component null
2025-10-23 20:28:01,945 [WARN] ModelIntegratedComponent:63 - No mode defined for component null
2025-10-23 20:28:01,945 [WARN] ModelIntegratedComponent:63 - No mode defined for component null
2025-10-23 20:28:01,945 [WARN] ModelIntegratedComponent:63 - No mode defined for component null
2025-10-23 20:28:01,945 [WARN] ModelIntegratedComponent:63 - No mode defined for component null
2025-10-23 20:28:01,945 [WARN] ModelIntegratedComponent:63 - No mode defined for component null
2025-10-23 20:28:01,945 [WARN] ModelIntegratedComponent:63 - No mode defined for component null
2025-10-23 20:28:01,945 [WARN] ModelIntegratedComponent:63 - No mode defined for component null
2025-10-23 20:28:01,945 [WARN] ModelIntegratedComponent:63 - No mode defined for component null
2025-10-23 20:28:01,945 [WARN] ModelIntegratedComponent:63 - No mode defined for component null
2025-10-23 20:28:01,945 [WARN] ModelIntegratedComponent:63 - No mode defined for component null
2025-10-23 20:28:01,945 [WARN] ModelIntegratedComponent:63 - No mode defined for component null
2025-10-23 20:28:01,945 [WARN] ModelIntegratedComponent:63 - No mode defined for component null
2025-10-23 20:28:01,945 [WARN] ModelIntegratedComponent:63 - No mode defined for component null
2025-10-23 20:28:01,945 [WARN] ModelIntegratedComponent:63 - No mode defined for component null
2025-10-23 20:28:01,945 [WARN] ModelIntegratedComponent:63 - No mode defined for component null
2025-10-23 20:28:01,945 [WARN] ModelIntegratedComponent:63 - No mode defined for component null
2025-10-23 20:28:01,945 [WARN] ModelIntegratedComponent:63 - No mode defined for component null
2025-10-23 20:28:01,945 [WARN] ModelIntegratedComponent:63 - No mode defined for component null
2025-10-23 20:28:01,945 [WARN] ModelIntegratedComponent:63 - No mode defined for component null
2025-10-23 20:28:01,945 [WARN] ModelIntegratedComponent:63 - No mode defined for component null
2025-10-23 20:28:01,945 [WARN] ModelIntegratedComponent:63 - No mode defined for component null
2025-10-23 20:28:01,945 [WARN] ModelIntegratedComponent:63 - No mode defined for component null
2025-10-23 20:28:02,236 [INFO] ThirdPartyModel:298 - Start build external matchings
2025-10-23 20:28:05,313 [INFO] ThirdPartyModel:316 - End build external matchings
2025-10-23 20:28:05,377 [INFO] ImportTextPane:194 - (OptionalMessage_ERROR) IP (RCC) : Invalid parameter (48MHZClocksFreq_Value)
2025-10-23 20:28:05,377 [INFO] ImportTextPane:194 - (OptionalMessage_ERROR) IP (RCC) : Invalid parameter (EthernetFreq_Value)
2025-10-23 20:28:05,378 [INFO] ImportTextPane:194 - (OptionalMessage_ERROR) IP (RCC) : Parameter (FLatency) has Id (AdvancedSettings) currently not set
2025-10-23 20:28:05,378 [INFO] ImportTextPane:194 - (OptionalMessage_ERROR) IP (RCC) : Invalid parameter (FamilyName)
2025-10-23 20:28:05,378 [INFO] ImportTextPane:194 - (OptionalMessage_ERROR) IP (RCC) : Invalid parameter (I2SClocksFreq_Value)
2025-10-23 20:28:05,379 [INFO] ImportTextPane:194 - (OptionalMessage_ERROR) IP (RCC) : Parameter (SDIOFreq_Value) has invalid value (168000000)
2025-10-23 20:28:05,379 [INFO] ImportTextPane:194 - (OptionalMessage_ERROR) IP (RCC) : Parameter (USBFreq_Value) has invalid value (168000000)
2025-10-23 20:28:05,379 [INFO] ImportTextPane:194 - (OptionalMessage_ERROR) IP (RCC) : Invalid parameter (VCOInputMFreq_Value)
2025-10-23 20:28:05,380 [INFO] ImportTextPane:194 - (OptionalMessage_ERROR) IP (RCC) : Invalid parameter (VcooutputI2S)
2025-10-23 20:28:05,593 [INFO] UtilMem:75 - End LoadConfig() Used Memory: 664191472 Bytes (1023410176)
2025-10-23 20:28:05,600 [WARN] ThirdParty:833 - waiting for thirdparty lock release [change project]
2025-10-23 20:28:05,601 [INFO] ThirdParty:835 - entering critical section [change project]
2025-10-23 20:28:05,601 [INFO] ThirdParty:1030 - CMSIS Pack Vendor :STMicroelectronics X-CUBE-PM33A1 1.0.0
2025-10-23 20:28:05,601 [INFO] ThirdParty:1030 - CMSIS Pack Vendor :STMicroelectronics USBPD 4.1
2025-10-23 20:28:05,601 [INFO] ThirdParty:1030 - CMSIS Pack Vendor :STMicroelectronics X-CUBE-GNSS1 6.0.0
2025-10-23 20:28:05,601 [INFO] ThirdParty:1030 - CMSIS Pack Vendor :STMicroelectronics USB_HOST 2.0.0
2025-10-23 20:28:05,601 [INFO] ThirdParty:1030 - CMSIS Pack Vendor :STMicroelectronics FP-SNS-MOTENVWB1 1.4.0
2025-10-23 20:28:05,601 [INFO] ThirdParty:1030 - CMSIS Pack Vendor :STMicroelectronics X-CUBE-AZRTOS-F4 1.1.0
2025-10-23 20:28:05,601 [INFO] ThirdParty:1030 - CMSIS Pack Vendor :STMicroelectronics LIBJPEG 8.0.0
2025-10-23 20:28:05,601 [INFO] ThirdParty:1030 - CMSIS Pack Vendor :STMicroelectronics FP-ATR-ASTRA1 2.0.2
2025-10-23 20:28:05,601 [INFO] ThirdParty:1030 - CMSIS Pack Vendor :wolfSSL I-CUBE-wolfSSL 5.6.4
2025-10-23 20:28:05,601 [INFO] ThirdParty:1030 - CMSIS Pack Vendor :STMicroelectronics FP-ATR-ASTRA1 2.0.1
2025-10-23 20:28:05,601 [INFO] ThirdParty:1030 - CMSIS Pack Vendor :STMicroelectronics X-CUBE-SMBUS 2.1.0
2025-10-23 20:28:05,601 [INFO] ThirdParty:1030 - CMSIS Pack Vendor :STMicroelectronics X-CUBE-WB05N 1.1.0
2025-10-23 20:28:05,601 [INFO] ThirdParty:1030 - CMSIS Pack Vendor :STMicroelectronics X-CUBE-ISPU 2.1.0
2025-10-23 20:28:05,601 [INFO] ThirdParty:1030 - CMSIS Pack Vendor :STMicroelectronics X-CUBE-FREERTOS 1.2.0
2025-10-23 20:28:05,601 [INFO] ThirdParty:1030 - CMSIS Pack Vendor :STMicroelectronics X-CUBE-TOUCHGFX 4.23.0
2025-10-23 20:28:05,601 [INFO] ThirdParty:1030 - CMSIS Pack Vendor :STMicroelectronics X-CUBE-NFC12 1.0.0
2025-10-23 20:28:05,601 [INFO] ThirdParty:1030 - CMSIS Pack Vendor :STMicroelectronics X-CUBE-AZRTOS-F7 1.1.0
2025-10-23 20:28:05,601 [INFO] ThirdParty:1030 - CMSIS Pack Vendor :STMicroelectronics X-CUBE-AZRTOS-L5 2.0.0
2025-10-23 20:28:05,601 [INFO] ThirdParty:1030 - CMSIS Pack Vendor :STMicroelectronics USB_DEVICE 2.0.0
2025-10-23 20:28:05,601 [INFO] ThirdParty:1030 - CMSIS Pack Vendor :STMicroelectronics X-CUBE-MEMS1 9.6.0
2025-10-23 20:28:05,601 [INFO] ThirdParty:1030 - CMSIS Pack Vendor :STMicroelectronics X-CUBE-EEPRMA1 4.2.0
2025-10-23 20:28:05,601 [INFO] ThirdParty:1030 - CMSIS Pack Vendor :STMicroelectronics X-CUBE-NFC6 3.1.0
2025-10-23 20:28:05,602 [INFO] ThirdParty:1030 - CMSIS Pack Vendor :ITTIA_DB I-CUBE-ITTIADB 8.8.0
2025-10-23 20:28:05,602 [INFO] ThirdParty:1030 - CMSIS Pack Vendor :STMicroelectronics FP-SNS-MOTENV1 4.3.2
2025-10-23 20:28:05,602 [INFO] ThirdParty:1030 - CMSIS Pack Vendor :STMicroelectronics X-CUBE-MEMS1 11.0.0
2025-10-23 20:28:05,602 [INFO] ThirdParty:1030 - CMSIS Pack Vendor :STMicroelectronics FreeRTOS 0.0.1
2025-10-23 20:28:05,602 [INFO] ThirdParty:1030 - CMSIS Pack Vendor :STMicroelectronics X-CUBE-BLEMGR 2.0.0
2025-10-23 20:28:05,602 [INFO] ThirdParty:1030 - CMSIS Pack Vendor :STMicroelectronics FP-SNS-FLIGHT1 5.0.2
2025-10-23 20:28:05,602 [INFO] ThirdParty:1030 - CMSIS Pack Vendor :STMicroelectronics X-CUBE-AI 9.0.0
2025-10-23 20:28:05,602 [INFO] ThirdParty:1030 - CMSIS Pack Vendor :STMicroelectronics X-CUBE-AZRTOS-H7 3.1.0
2025-10-23 20:28:05,602 [INFO] ThirdParty:1030 - CMSIS Pack Vendor :STMicroelectronics PDM2PCM 3.3.0
2025-10-23 20:28:05,602 [INFO] ThirdParty:1030 - CMSIS Pack Vendor :STMicroelectronics X-CUBE-AZRTOS-H7 3.4.0
2025-10-23 20:28:05,602 [INFO] ThirdParty:1030 - CMSIS Pack Vendor :STMicroelectronics X-CUBE-DISPLAY 3.0.0
2025-10-23 20:28:05,602 [INFO] ThirdParty:1030 - CMSIS Pack Vendor :STMicroelectronics X-CUBE-BLE1 7.0.0
2025-10-23 20:28:05,602 [INFO] ThirdParty:1030 - CMSIS Pack Vendor :STMicroelectronics X-CUBE-NFC10 1.0.0
2025-10-23 20:28:05,602 [INFO] ThirdParty:1030 - CMSIS Pack Vendor :STMicroelectronics X-CUBE-FREERTOS 1.3.1
2025-10-23 20:28:05,602 [INFO] ThirdParty:1030 - CMSIS Pack Vendor :STMicroelectronics HAL Drivers 0.0.0
2025-10-23 20:28:05,602 [INFO] ThirdParty:1030 - CMSIS Pack Vendor :emotas I-CUBE-CANOPEN 1.3.0
2025-10-23 20:28:05,602 [INFO] ThirdParty:1030 - CMSIS Pack Vendor :STMicroelectronics X-CUBE-FREERTOS 1.3.0
2025-10-23 20:28:05,602 [INFO] ThirdParty:1030 - CMSIS Pack Vendor :STMicroelectronics X-CUBE-NFC7 1.0.1
2025-10-23 20:28:05,602 [INFO] ThirdParty:1030 - CMSIS Pack Vendor :STMicroelectronics MBEDTLS 2.14.1
2025-10-23 20:28:05,602 [INFO] ThirdParty:1030 - CMSIS Pack Vendor :STMicroelectronics X-CUBE-TOUCHGFX 4.22.1
2025-10-23 20:28:05,602 [INFO] ThirdParty:1030 - CMSIS Pack Vendor :STMicroelectronics X-CUBE-TOUCHGFX 4.26.0
2025-10-23 20:28:05,602 [INFO] ThirdParty:1030 - CMSIS Pack Vendor :STMicroelectronics X-CUBE-NFC6 3.0.0
2025-10-23 20:28:05,602 [INFO] ThirdParty:1030 - CMSIS Pack Vendor :STMicroelectronics X-CUBE-EEPRMA1 4.1.0
2025-10-23 20:28:05,602 [INFO] ThirdParty:1030 - CMSIS Pack Vendor :STMicroelectronics X-CUBE-BLEMGR 3.1.0
2025-10-23 20:28:05,602 [INFO] ThirdParty:1030 - CMSIS Pack Vendor :STMicroelectronics X-CUBE-MEMS1 11.1.0
2025-10-23 20:28:05,602 [INFO] ThirdParty:1030 - CMSIS Pack Vendor :STMicroelectronics X-CUBE-AZRTOS-WL 2.0.0
2025-10-23 20:28:05,602 [INFO] ThirdParty:1030 - CMSIS Pack Vendor :STMicroelectronics FP-SNS-MOTENV1 5.0.0
2025-10-23 20:28:05,602 [INFO] ThirdParty:1030 - CMSIS Pack Vendor :STMicroelectronics USB_DEVICE 1.0.0
2025-10-23 20:28:05,602 [INFO] ThirdParty:1030 - CMSIS Pack Vendor :STMicroelectronics X-CUBE-AI 8.1.0
2025-10-23 20:28:05,602 [INFO] ThirdParty:1030 - CMSIS Pack Vendor :wolfSSL I-CUBE-wolfMQTT 1.19.0
2025-10-23 20:28:05,602 [INFO] ThirdParty:1030 - CMSIS Pack Vendor :STMicroelectronics X-CUBE-AZRTOS-L4 2.0.0
2025-10-23 20:28:05,602 [INFO] ThirdParty:1030 - CMSIS Pack Vendor :STMicroelectronics ThreadX 0.0.2
2025-10-23 20:28:05,602 [INFO] ThirdParty:1030 - CMSIS Pack Vendor :WES I-CUBE-Cesium 1.3.0
2025-10-23 20:28:05,602 [INFO] ThirdParty:1030 - CMSIS Pack Vendor :STMicroelectronics lwIP 2.1.2
2025-10-23 20:28:05,602 [INFO] ThirdParty:1030 - CMSIS Pack Vendor :STMicroelectronics X-CUBE-SFXS2LP1 4.0.0
2025-10-23 20:28:05,603 [INFO] ThirdParty:1030 - CMSIS Pack Vendor :STMicroelectronics X-CUBE-BLE2 3.3.0
2025-10-23 20:28:05,603 [INFO] ThirdParty:1030 - CMSIS Pack Vendor :STMicroelectronics PDM2PCM 3.2.0
2025-10-23 20:28:05,603 [INFO] ThirdParty:1030 - CMSIS Pack Vendor :STMicroelectronics X-CUBE-ISPU 1.1.0
2025-10-23 20:28:05,603 [INFO] ThirdParty:1030 - CMSIS Pack Vendor :STMicroelectronics X-CUBE-AZRTOS-H7 3.3.0
2025-10-23 20:28:05,603 [INFO] ThirdParty:1030 - CMSIS Pack Vendor :STMicroelectronics X-CUBE-NFC9 1.0.0
2025-10-23 20:28:05,603 [INFO] ThirdParty:1030 - CMSIS Pack Vendor :STMicroelectronics X-CUBE-BLE1 7.1.0
2025-10-23 20:28:05,603 [INFO] ThirdParty:1030 - CMSIS Pack Vendor :STMicroelectronics USB_DEVICE 3.0.0
2025-10-23 20:28:05,603 [INFO] ThirdParty:1030 - CMSIS Pack Vendor :STMicroelectronics X-CUBE-TCPP 4.1.0
2025-10-23 20:28:05,603 [INFO] ThirdParty:1030 - CMSIS Pack Vendor :STMicroelectronics X-CUBE-EEPRMA1 5.2.0
2025-10-23 20:28:05,603 [INFO] ThirdParty:1030 - CMSIS Pack Vendor :STMicroelectronics X-CUBE-AZRTOS-WB 2.0.0
2025-10-23 20:28:05,603 [INFO] ThirdParty:1030 - CMSIS Pack Vendor :STMicroelectronics X-CUBE-GNSS1 7.0.0
2025-10-23 20:28:05,603 [INFO] ThirdParty:1030 - CMSIS Pack Vendor :STMicroelectronics X-CUBE-GNSS1 7.0.1
2025-10-23 20:28:05,603 [INFO] ThirdParty:1030 - CMSIS Pack Vendor :STMicroelectronics X-CUBE-TOUCHGFX 4.25.0
2025-10-23 20:28:05,603 [INFO] ThirdParty:1030 - CMSIS Pack Vendor :STMicroelectronics X-CUBE-ALGOBUILD 1.3.0
2025-10-23 20:28:05,603 [INFO] ThirdParty:1030 - CMSIS Pack Vendor :STMicroelectronics X-CUBE-AZRTOS-G0 1.1.0
2025-10-23 20:28:05,603 [INFO] ThirdParty:1030 - CMSIS Pack Vendor :STMicroelectronics X-CUBE-SAFEA1 1.2.2
2025-10-23 20:28:05,603 [INFO] ThirdParty:1030 - CMSIS Pack Vendor :STMicroelectronics X-CUBE-NFC4 3.0.0
2025-10-23 20:28:05,603 [INFO] ThirdParty:1030 - CMSIS Pack Vendor :STMicroelectronics X-CUBE-SUBG2 5.0.0
2025-10-23 20:28:05,603 [INFO] ThirdParty:1030 - CMSIS Pack Vendor :STMicroelectronics X-CUBE-AZRTOS-H7RS 1.1.0
2025-10-23 20:28:05,603 [INFO] ThirdParty:1030 - CMSIS Pack Vendor :STMicroelectronics STM32_WPAN 1.0.0
2025-10-23 20:28:05,603 [INFO] ThirdParty:1030 - CMSIS Pack Vendor :STMicroelectronics lwIP 2.0.3
2025-10-23 20:28:05,603 [INFO] ThirdParty:1030 - CMSIS Pack Vendor :Cesanta I-CUBE-Mongoose 7.13.0
2025-10-23 20:28:05,603 [INFO] ThirdParty:1030 - CMSIS Pack Vendor :STMicroelectronics USB_HOST 1.0.0
2025-10-23 20:28:05,603 [INFO] ThirdParty:1030 - CMSIS Pack Vendor :STMicroelectronics X-CUBE-TOF1 3.3.1
2025-10-23 20:28:05,603 [INFO] ThirdParty:1030 - CMSIS Pack Vendor :STMicroelectronics X-CUBE-AZRTOS-G4 2.0.0
2025-10-23 20:28:05,603 [INFO] ThirdParty:1030 - CMSIS Pack Vendor :STMicroelectronics X-CUBE-WB05N 2.0.0
2025-10-23 20:28:05,603 [INFO] ThirdParty:1030 - CMSIS Pack Vendor :STMicroelectronics PDM2PCM 3.1.0
2025-10-23 20:28:05,603 [INFO] ThirdParty:1030 - CMSIS Pack Vendor :Infineon AIROC-Wi-Fi-Bluetooth-STM32 1.5.1
2025-10-23 20:28:05,603 [INFO] ThirdParty:1030 - CMSIS Pack Vendor :STMicroelectronics X-CUBE-BLEMGR 3.0.0
2025-10-23 20:28:05,603 [INFO] ThirdParty:1030 - CMSIS Pack Vendor :STMicroelectronics X-CUBE-NFC7 2.0.0
2025-10-23 20:28:05,603 [INFO] ThirdParty:1030 - CMSIS Pack Vendor :STMicroelectronics FP-SNS-MOTENVWB1 1.3.1
2025-10-23 20:28:05,603 [INFO] ThirdParty:1030 - CMSIS Pack Vendor :STMicroelectronics FP-ATR-SIGFOX1 3.2.0
2025-10-23 20:28:05,603 [INFO] ThirdParty:1030 - CMSIS Pack Vendor :STMicroelectronics X-CUBE-ISPU 2.0.0
2025-10-23 20:28:05,604 [INFO] ThirdParty:1030 - CMSIS Pack Vendor :STMicroelectronics X-CUBE-EEPRMA1 5.1.0
2025-10-23 20:28:05,604 [INFO] ThirdParty:1030 - CMSIS Pack Vendor :STMicroelectronics MBEDTLS 2.16.2
2025-10-23 20:28:05,604 [INFO] ThirdParty:1030 - CMSIS Pack Vendor :STMicroelectronics X-CUBE-ALS 1.0.2
2025-10-23 20:28:05,604 [INFO] ThirdParty:1030 - CMSIS Pack Vendor :STMicroelectronics X-CUBE-MEMS1 10.0.0
2025-10-23 20:28:05,604 [INFO] ThirdParty:1030 - CMSIS Pack Vendor :STMicroelectronics X-CUBE-FREERTOS 1.1.0
2025-10-23 20:28:05,604 [INFO] ThirdParty:1030 - CMSIS Pack Vendor :STMicroelectronics X-CUBE-TOUCHGFX 4.24.0
2025-10-23 20:28:05,604 [INFO] ThirdParty:1030 - CMSIS Pack Vendor :STMicroelectronics X-CUBE-TOUCHGFX 4.24.2
2025-10-23 20:28:05,604 [INFO] ThirdParty:1030 - CMSIS Pack Vendor :STMicroelectronics X-CUBE-TOUCHGFX 4.24.1
2025-10-23 20:28:05,604 [INFO] ThirdParty:1030 - CMSIS Pack Vendor :STMicroelectronics X-CUBE-STSE01 1.0.0
2025-10-23 20:28:05,604 [INFO] ThirdParty:1030 - CMSIS Pack Vendor :wolfSSL I-CUBE-wolfTPM 3.4.0
2025-10-23 20:28:05,604 [INFO] ThirdParty:1030 - CMSIS Pack Vendor :portGmbH I-Cube-SoM-uGOAL 1.1.0
2025-10-23 20:28:05,604 [INFO] ThirdParty:1030 - CMSIS Pack Vendor :STMicroelectronics X-CUBE-ALS 1.0.1
2025-10-23 20:28:05,604 [INFO] ThirdParty:1030 - CMSIS Pack Vendor :STMicroelectronics X-CUBE-AI 10.2.0
2025-10-23 20:28:05,604 [INFO] ThirdParty:1030 - CMSIS Pack Vendor :STMicroelectronics ThreadX 1.0.0
2025-10-23 20:28:05,604 [INFO] ThirdParty:1030 - CMSIS Pack Vendor :SEGGER I-CUBE-embOS 1.3.1
2025-10-23 20:28:05,604 [INFO] ThirdParty:1030 - CMSIS Pack Vendor :STMicroelectronics X-CUBE-ALGOBUILD 1.4.0
2025-10-23 20:28:05,604 [INFO] ThirdParty:1030 - CMSIS Pack Vendor :STMicroelectronics X-CUBE-MEMS1 11.3.0
2025-10-23 20:28:05,604 [INFO] ThirdParty:1030 - CMSIS Pack Vendor :STMicroelectronics X-CUBE-AZRTOS-H7RS 1.0.0
2025-10-23 20:28:05,604 [INFO] ThirdParty:1030 - CMSIS Pack Vendor :STMicroelectronics FP-ATR-ASTRA1 2.0.0
2025-10-23 20:28:05,604 [INFO] ThirdParty:1030 - CMSIS Pack Vendor :STMicroelectronics X-CUBE-AI 9.1.0
2025-10-23 20:28:05,604 [INFO] ThirdParty:1030 - CMSIS Pack Vendor :STMicroelectronics X-CUBE-TOF1 3.4.0
2025-10-23 20:28:05,604 [INFO] ThirdParty:1030 - CMSIS Pack Vendor :STMicroelectronics X-CUBE-AZRTOS-H7 3.2.0
2025-10-23 20:28:05,604 [INFO] ThirdParty:1030 - CMSIS Pack Vendor :wolfSSL I-CUBE-wolfSSH 1.4.17
2025-10-23 20:28:05,604 [INFO] ThirdParty:841 - exiting critical section [change project]
2025-10-23 20:28:05,849 [INFO] PinOutPanel:1499 - setPackage(No Configuration,No Configuration)
2025-10-23 20:28:05,849 [INFO] PinOutPanel:1499 - setPackage(STM32F446RETx,LQFP64)
2025-10-23 20:28:06,065 [INFO] UtilMem:75 - Before build in PCC Used Memory: 861665024 Bytes (1023410176)
2025-10-23 20:28:06,247 [INFO] UtilMem:75 - After build in PCC Used Memory: 375250440 Bytes (1023410176)
2025-10-23 20:28:06,300 [INFO] IPUIPlugin:80 - create IPUIPlugin
2025-10-23 20:28:06,300 [INFO] IPUIPlugin:80 - create IPUIPlugin
2025-10-23 20:28:06,300 [INFO] IPUIPlugin:80 - create IPUIPlugin
2025-10-23 20:28:06,300 [INFO] IPUIPlugin:80 - create IPUIPlugin
2025-10-23 20:28:06,300 [INFO] IPUIPlugin:80 - create IPUIPlugin
2025-10-23 20:28:06,300 [INFO] IPUIPlugin:80 - create IPUIPlugin
2025-10-23 20:28:06,300 [INFO] IPUIPlugin:80 - create IPUIPlugin
2025-10-23 20:28:06,301 [INFO] IPUIPlugin:80 - create IPUIPlugin
2025-10-23 20:28:06,301 [INFO] IPUIPlugin:80 - create IPUIPlugin
2025-10-23 20:28:06,301 [INFO] IPUIPlugin:80 - create IPUIPlugin
2025-10-23 20:28:06,301 [INFO] IPUIPlugin:80 - create IPUIPlugin
2025-10-23 20:28:06,301 [INFO] IPUIPlugin:80 - create IPUIPlugin
2025-10-23 20:28:06,301 [INFO] IPUIPlugin:80 - create IPUIPlugin
2025-10-23 20:28:06,301 [INFO] IPUIPlugin:80 - create IPUIPlugin
2025-10-23 20:28:06,301 [INFO] IPUIPlugin:80 - create IPUIPlugin
2025-10-23 20:28:06,302 [INFO] IPUIPlugin:80 - create IPUIPlugin
2025-10-23 20:28:06,302 [INFO] IPUIPlugin:80 - create IPUIPlugin
2025-10-23 20:28:06,302 [INFO] IPUIPlugin:80 - create IPUIPlugin
2025-10-23 20:28:06,302 [INFO] IPUIPlugin:80 - create IPUIPlugin
2025-10-23 20:28:06,302 [INFO] IPUIPlugin:80 - create IPUIPlugin
2025-10-23 20:28:06,302 [INFO] IPUIPlugin:80 - create IPUIPlugin
2025-10-23 20:28:06,302 [INFO] IPUIPlugin:80 - create IPUIPlugin
2025-10-23 20:28:06,302 [INFO] IPUIPlugin:80 - create IPUIPlugin
2025-10-23 20:28:06,303 [INFO] IPUIPlugin:80 - create IPUIPlugin
2025-10-23 20:28:06,303 [INFO] IPUIPlugin:80 - create IPUIPlugin
2025-10-23 20:28:06,303 [INFO] IPUIPlugin:80 - create IPUIPlugin
2025-10-23 20:28:06,303 [INFO] IPUIPlugin:80 - create IPUIPlugin
2025-10-23 20:28:06,303 [INFO] IPUIPlugin:80 - create IPUIPlugin
2025-10-23 20:28:06,304 [INFO] IPUIPlugin:80 - create IPUIPlugin
2025-10-23 20:28:06,304 [INFO] IPUIPlugin:80 - create IPUIPlugin
2025-10-23 20:28:06,304 [INFO] IPUIPlugin:80 - create IPUIPlugin
2025-10-23 20:28:06,304 [INFO] IPUIPlugin:80 - create IPUIPlugin
2025-10-23 20:28:06,305 [INFO] IPUIPlugin:80 - create IPUIPlugin
2025-10-23 20:28:06,305 [INFO] IPUIPlugin:80 - create IPUIPlugin
2025-10-23 20:28:06,305 [INFO] IPUIPlugin:80 - create IPUIPlugin
2025-10-23 20:28:06,305 [INFO] IPUIPlugin:80 - create IPUIPlugin
2025-10-23 20:28:06,305 [INFO] IPUIPlugin:80 - create IPUIPlugin
2025-10-23 20:28:06,305 [INFO] IPUIPlugin:80 - create IPUIPlugin
2025-10-23 20:28:06,305 [INFO] IPUIPlugin:80 - create IPUIPlugin
2025-10-23 20:28:06,305 [INFO] IPUIPlugin:80 - create IPUIPlugin
2025-10-23 20:28:06,305 [INFO] IPUIPlugin:80 - create IPUIPlugin
2025-10-23 20:28:06,305 [INFO] IPUIPlugin:80 - create IPUIPlugin
2025-10-23 20:28:06,305 [INFO] IPUIPlugin:80 - create IPUIPlugin
2025-10-23 20:28:06,306 [INFO] IPUIPlugin:80 - create IPUIPlugin
2025-10-23 20:28:06,306 [INFO] IPUIPlugin:80 - create IPUIPlugin
2025-10-23 20:28:06,306 [INFO] IPUIPlugin:80 - create IPUIPlugin
2025-10-23 20:28:06,306 [INFO] IPUIPlugin:80 - create IPUIPlugin
2025-10-23 20:28:06,306 [INFO] IPUIPlugin:80 - create IPUIPlugin
2025-10-23 20:28:06,306 [INFO] IPUIPlugin:80 - create IPUIPlugin
2025-10-23 20:28:06,306 [INFO] IPUIPlugin:80 - create IPUIPlugin
2025-10-23 20:28:06,306 [INFO] IPUIPlugin:80 - create IPUIPlugin
2025-10-23 20:28:06,307 [INFO] IPUIPlugin:80 - create IPUIPlugin
2025-10-23 20:28:06,307 [INFO] IPUIPlugin:80 - create IPUIPlugin
2025-10-23 20:28:06,307 [INFO] IPUIPlugin:80 - create IPUIPlugin
2025-10-23 20:28:06,308 [INFO] IPUIPlugin:80 - create IPUIPlugin
2025-10-23 20:28:06,308 [INFO] IPUIPlugin:80 - create IPUIPlugin
2025-10-23 20:28:06,308 [INFO] IPUIPlugin:80 - create IPUIPlugin
2025-10-23 20:28:06,309 [INFO] IPUIPlugin:80 - create IPUIPlugin
2025-10-23 20:28:06,310 [INFO] IPUIPlugin:80 - create IPUIPlugin
2025-10-23 20:28:06,310 [INFO] IPUIPlugin:80 - create IPUIPlugin
2025-10-23 20:28:06,314 [INFO] ApiDbMcu:507 - Load IP Config File for PDM2PCM
2025-10-23 20:28:06,368 [INFO] CADModel:165 - CPN selected for project levelSTM32F446RET6
2025-10-23 20:28:06,368 [INFO] CADModel:114 - Register for checkConnection events
2025-10-23 20:28:06,413 [INFO] OpenFileManager:328 - Restore cursor
2025-10-23 20:28:06,710 [INFO] UtilMem:75 - End SaveConfig() Used Memory: 499876848 Bytes (1023410176)
2025-10-23 20:28:06,763 [INFO] UtilMem:75 - End SaveConfig() Used Memory: 520848368 Bytes (1023410176)
2025-10-23 20:28:06,962 [INFO] BlockDiagram:2759 - set Specific Code input for plugin: SYS
2025-10-23 20:28:06,962 [INFO] BlockDiagram:2759 - set Specific Code input for plugin: RCC
2025-10-23 20:28:06,962 [INFO] BlockDiagram:2759 - set Specific Code input for plugin: NVIC
2025-10-23 20:28:06,962 [INFO] BlockDiagram:2759 - set Specific Code input for plugin: USART
2025-10-23 20:28:06,962 [INFO] BlockDiagram:2759 - set Specific Code input for plugin: GPIO
2025-10-23 20:28:06,963 [INFO] CodeGenerator:799 - code generatio: config db path: /opt/st/stm32cubeide_1.13.2/plugins/com.st.stm32cube.common.mx_6.9.2.202309101412//db/
2025-10-23 20:28:07,175 [INFO] CodeEngine:255 - oldGeneratedFile, /home/sunbeam/CDAC/Sunbeam_internship/stm32/display1.3/MXTmpFiles/license.tmp_save
2025-10-23 20:28:07,263 [INFO] CodeEngine:279 - Generated code: /home/sunbeam/CDAC/Sunbeam_internship/stm32/display1.3/MXTmpFiles/license.tmp
2025-10-23 20:28:07,283 [INFO] CodeEngine:255 - oldGeneratedFile, /home/sunbeam/CDAC/Sunbeam_internship/stm32/display1.3/MXTmpFiles/gpio.tmp_save
2025-10-23 20:28:07,357 [INFO] CodeEngine:279 - Generated code: /home/sunbeam/CDAC/Sunbeam_internship/stm32/display1.3/MXTmpFiles/gpio.tmp
2025-10-23 20:28:07,380 [INFO] CodeEngine:255 - oldGeneratedFile, /home/sunbeam/CDAC/Sunbeam_internship/stm32/display1.3/Core/Src/stm32f4xx_it.c_save
2025-10-23 20:28:07,558 [INFO] CodeEngine:279 - Generated code: /home/sunbeam/CDAC/Sunbeam_internship/stm32/display1.3/Core/Src/stm32f4xx_it.c
2025-10-23 20:28:07,559 [INFO] CodeEngine:255 - oldGeneratedFile, /home/sunbeam/CDAC/Sunbeam_internship/stm32/display1.3/Core/Inc/stm32f4xx_it.h_save
2025-10-23 20:28:07,619 [INFO] CodeEngine:279 - Generated code: /home/sunbeam/CDAC/Sunbeam_internship/stm32/display1.3/Core/Inc/stm32f4xx_it.h
2025-10-23 20:28:07,621 [INFO] CodeEngine:255 - oldGeneratedFile, /home/sunbeam/CDAC/Sunbeam_internship/stm32/display1.3/Core/Src/stm32f4xx_hal_msp.c_save
2025-10-23 20:28:07,713 [INFO] CodeEngine:279 - Generated code: /home/sunbeam/CDAC/Sunbeam_internship/stm32/display1.3/Core/Src/stm32f4xx_hal_msp.c
2025-10-23 20:28:07,715 [INFO] CodeEngine:255 - oldGeneratedFile, /home/sunbeam/CDAC/Sunbeam_internship/stm32/display1.3/MXTmpFiles/system.tmp_save
2025-10-23 20:28:07,773 [INFO] CodeEngine:279 - Generated code: /home/sunbeam/CDAC/Sunbeam_internship/stm32/display1.3/MXTmpFiles/system.tmp
2025-10-23 20:28:07,775 [INFO] CodeEngine:311 - oldGeneratedFile, /home/sunbeam/CDAC/Sunbeam_internship/stm32/display1.3/Core/Inc/stm32f4xx_hal_conf.h_save
2025-10-23 20:28:07,849 [INFO] CodeEngine:335 - Generated code: /home/sunbeam/CDAC/Sunbeam_internship/stm32/display1.3/Core/Inc/stm32f4xx_hal_conf.h
2025-10-23 20:28:07,868 [WARN] IPConfigManager:2937 - Warning: the RefConfig PLL2P_FOR_MCO is not available in your config.xml file
2025-10-23 20:28:07,874 [INFO] CodeEngine:255 - oldGeneratedFile, /home/sunbeam/CDAC/Sunbeam_internship/stm32/display1.3/Core/Inc/main.h_save
2025-10-23 20:28:07,964 [INFO] CodeEngine:279 - Generated code: /home/sunbeam/CDAC/Sunbeam_internship/stm32/display1.3/Core/Inc/main.h
2025-10-23 20:28:07,965 [INFO] CodeEngine:255 - oldGeneratedFile, /home/sunbeam/CDAC/Sunbeam_internship/stm32/display1.3/Core/Src/main.c_save
2025-10-23 20:28:08,054 [INFO] CodeEngine:279 - Generated code: /home/sunbeam/CDAC/Sunbeam_internship/stm32/display1.3/Core/Src/main.c
2025-10-23 20:28:08,475 [INFO] ProjectBuilder:3064 - Time for Copy HAL[1] : 13mS.
2025-10-23 20:28:08,476 [INFO] ProjectBuilder:4404 - Project Generator version: 4.1.0
2025-10-23 20:28:08,769 [INFO] ConfigFileManager:1457 - The Die is : DIE421
2025-10-23 20:28:08,772 [INFO] ApiDbMcu:507 - Load IP Config File for FATFS
2025-10-23 20:28:08,777 [INFO] ApiDbMcu:507 - Load IP Config File for FREERTOS
2025-10-23 20:28:08,778 [INFO] ApiDbMcu:507 - Load IP Config File for LIBJPEG
2025-10-23 20:28:08,784 [INFO] ApiDbMcu:507 - Load IP Config File for MBEDTLS
2025-10-23 20:28:08,791 [INFO] ApiDbMcu:507 - Load IP Config File for USB_DEVICE
2025-10-23 20:28:08,794 [INFO] ApiDbMcu:507 - Load IP Config File for USB_HOST
2025-10-23 20:28:12,573 [INFO] ProjectBuilder:4626 - Time for Generating toolchain IDE Files: 4097mS.
2025-10-23 20:28:12,574 [INFO] ProjectBuilder:2935 - Time for Copy CMSIS : 0mS.
2025-10-23 20:28:12,574 [INFO] ProjectBuilder:2935 - Time for Copy CMSIS : 0mS.
2025-10-23 20:28:13,130 [INFO] McuFinderGlobals:76 - Set McuFinderConnectedMode to true
2025-10-23 20:28:13,133 [INFO] ApiDb:448 - Save user favorites file /home/sunbeam/.stm32cubeide/favorites.mcus.txt: 0 item(s)
2025-10-23 20:28:13,133 [INFO] ApiDb:452 - User favorites MCUs=[]
2025-10-23 20:28:13,134 [INFO] ApiDb:448 - Save user favorites file /home/sunbeam/.stm32cubeide/favorites.boards.txt: 3 item(s)
2025-10-23 20:28:13,135 [INFO] ApiDb:452 - User favorites Boards=[NUCLEO-F446RE, STM32F407G-DISC1, STM32F411E-DISCO]
2025-10-23 20:29:00,178 [INFO] NvicIntPanel:101 - NVIC parent = com.st.microxplorer.plugins.ip.nvic.MultiNvicIntPanel[,0,0,0x0,invalid,layout=javax.swing.BoxLayout,alignmentX=0.0,alignmentY=0.0,border=,flags=9,maximumSize=,minimumSize=,preferredSize=]
2025-10-23 20:29:02,669 [INFO] NvicIntPanel:101 - NVIC parent = com.st.microxplorer.plugins.ip.nvic.MultiNvicIntPanel[,0,0,0x0,invalid,layout=javax.swing.BoxLayout,alignmentX=0.0,alignmentY=0.0,border=,flags=9,maximumSize=,minimumSize=,preferredSize=]
2025-10-23 20:29:24,111 [WARN] IP:2114 - I2C_Coeff_DF not found: check if there is a RefParameter without a condition.
2025-10-23 20:29:24,111 [WARN] IP:2114 - Analog_Filter not found: check if there is a RefParameter without a condition.
2025-10-23 20:29:24,170 [WARN] IP:2114 - I2C_Coeff_DF not found: check if there is a RefParameter without a condition.
2025-10-23 20:29:24,170 [WARN] IP:2114 - Analog_Filter not found: check if there is a RefParameter without a condition.
2025-10-23 20:29:24,170 [WARN] IP:2114 - I2C_Coeff_DF not found: check if there is a RefParameter without a condition.
2025-10-23 20:29:24,170 [WARN] IP:2114 - Analog_Filter not found: check if there is a RefParameter without a condition.
2025-10-23 20:29:24,203 [WARN] IP:2114 - I2C_Coeff_DF not found: check if there is a RefParameter without a condition.
2025-10-23 20:29:24,203 [WARN] IP:2114 - Analog_Filter not found: check if there is a RefParameter without a condition.
2025-10-23 20:29:24,204 [WARN] IP:2114 - I2C_Coeff_DF not found: check if there is a RefParameter without a condition.
2025-10-23 20:29:24,204 [WARN] IP:2114 - Analog_Filter not found: check if there is a RefParameter without a condition.
2025-10-23 20:29:31,436 [INFO] UtilMem:75 - End SaveConfig() Used Memory: 322364752 Bytes (1000341504)
2025-10-23 20:29:33,918 [INFO] UtilMem:75 - End SaveConfig() Used Memory: 487418696 Bytes (1000341504)
2025-10-23 20:29:35,933 [INFO] UtilMem:75 - End SaveConfig() Used Memory: 643751248 Bytes (1000341504)
2025-10-23 20:29:36,079 [INFO] BlockDiagram:2759 - set Specific Code input for plugin: SYS
2025-10-23 20:29:36,079 [INFO] BlockDiagram:2759 - set Specific Code input for plugin: RCC
2025-10-23 20:29:36,079 [INFO] BlockDiagram:2759 - set Specific Code input for plugin: I2C
2025-10-23 20:29:36,079 [INFO] BlockDiagram:2759 - set Specific Code input for plugin: NVIC
2025-10-23 20:29:36,079 [INFO] BlockDiagram:2759 - set Specific Code input for plugin: GPIO
2025-10-23 20:29:36,079 [INFO] CodeGenerator:799 - code generatio: config db path: /opt/st/stm32cubeide_1.13.2/plugins/com.st.stm32cube.common.mx_6.9.2.202309101412//db/
2025-10-23 20:29:36,080 [WARN] IP:2114 - I2C_Coeff_DF not found: check if there is a RefParameter without a condition.
2025-10-23 20:29:36,080 [WARN] IP:2114 - Analog_Filter not found: check if there is a RefParameter without a condition.
2025-10-23 20:29:36,204 [INFO] CodeEngine:255 - oldGeneratedFile, /home/sunbeam/CDAC/Sunbeam_internship/stm32/display1.3/MXTmpFiles/license.tmp_save
2025-10-23 20:29:36,313 [INFO] CodeEngine:279 - Generated code: /home/sunbeam/CDAC/Sunbeam_internship/stm32/display1.3/MXTmpFiles/license.tmp
2025-10-23 20:29:36,359 [INFO] CodeEngine:255 - oldGeneratedFile, /home/sunbeam/CDAC/Sunbeam_internship/stm32/display1.3/MXTmpFiles/gpio.tmp_save
2025-10-23 20:29:36,426 [INFO] CodeEngine:279 - Generated code: /home/sunbeam/CDAC/Sunbeam_internship/stm32/display1.3/MXTmpFiles/gpio.tmp
2025-10-23 20:29:36,451 [INFO] CodeEngine:255 - oldGeneratedFile, /home/sunbeam/CDAC/Sunbeam_internship/stm32/display1.3/Core/Src/stm32f4xx_it.c_save
2025-10-23 20:29:36,526 [INFO] CodeEngine:279 - Generated code: /home/sunbeam/CDAC/Sunbeam_internship/stm32/display1.3/Core/Src/stm32f4xx_it.c
2025-10-23 20:29:36,528 [INFO] CodeEngine:255 - oldGeneratedFile, /home/sunbeam/CDAC/Sunbeam_internship/stm32/display1.3/Core/Inc/stm32f4xx_it.h_save
2025-10-23 20:29:36,592 [INFO] CodeEngine:279 - Generated code: /home/sunbeam/CDAC/Sunbeam_internship/stm32/display1.3/Core/Inc/stm32f4xx_it.h
2025-10-23 20:29:36,595 [INFO] CodeEngine:255 - oldGeneratedFile, /home/sunbeam/CDAC/Sunbeam_internship/stm32/display1.3/Core/Src/stm32f4xx_hal_msp.c_save
2025-10-23 20:29:36,695 [INFO] CodeEngine:279 - Generated code: /home/sunbeam/CDAC/Sunbeam_internship/stm32/display1.3/Core/Src/stm32f4xx_hal_msp.c
2025-10-23 20:29:36,697 [INFO] CodeEngine:255 - oldGeneratedFile, /home/sunbeam/CDAC/Sunbeam_internship/stm32/display1.3/MXTmpFiles/system.tmp_save
2025-10-23 20:29:36,760 [INFO] CodeEngine:279 - Generated code: /home/sunbeam/CDAC/Sunbeam_internship/stm32/display1.3/MXTmpFiles/system.tmp
2025-10-23 20:29:36,762 [INFO] CodeEngine:311 - oldGeneratedFile, /home/sunbeam/CDAC/Sunbeam_internship/stm32/display1.3/Core/Inc/stm32f4xx_hal_conf.h_save
2025-10-23 20:29:36,839 [INFO] CodeEngine:335 - Generated code: /home/sunbeam/CDAC/Sunbeam_internship/stm32/display1.3/Core/Inc/stm32f4xx_hal_conf.h
2025-10-23 20:29:36,858 [WARN] IPConfigManager:2937 - Warning: the RefConfig PLL2P_FOR_MCO is not available in your config.xml file
2025-10-23 20:29:36,862 [INFO] CodeEngine:255 - oldGeneratedFile, /home/sunbeam/CDAC/Sunbeam_internship/stm32/display1.3/Core/Inc/main.h_save
2025-10-23 20:29:36,932 [INFO] CodeEngine:279 - Generated code: /home/sunbeam/CDAC/Sunbeam_internship/stm32/display1.3/Core/Inc/main.h
2025-10-23 20:29:36,933 [INFO] CodeEngine:255 - oldGeneratedFile, /home/sunbeam/CDAC/Sunbeam_internship/stm32/display1.3/Core/Src/main.c_save
2025-10-23 20:29:37,020 [INFO] CodeEngine:279 - Generated code: /home/sunbeam/CDAC/Sunbeam_internship/stm32/display1.3/Core/Src/main.c
2025-10-23 20:29:37,413 [INFO] ProjectBuilder:3064 - Time for Copy HAL[1] : 17mS.
2025-10-23 20:29:37,415 [INFO] ProjectBuilder:4404 - Project Generator version: 4.1.0
2025-10-23 20:29:37,579 [INFO] ConfigFileManager:1457 - The Die is : DIE421
2025-10-23 20:29:38,567 [INFO] ProjectBuilder:4626 - Time for Generating toolchain IDE Files: 1152mS.
2025-10-23 20:29:38,568 [INFO] ProjectBuilder:2935 - Time for Copy CMSIS : 0mS.
2025-10-23 20:29:38,568 [INFO] ProjectBuilder:2935 - Time for Copy CMSIS : 0mS.
2025-10-23 20:46:23,792 [WARN] IP:2114 - I2C_Coeff_DF not found: check if there is a RefParameter without a condition.
2025-10-23 20:46:23,792 [WARN] IP:2114 - Analog_Filter not found: check if there is a RefParameter without a condition.
2025-10-23 20:46:23,792 [WARN] IP:2114 - I2C_Coeff_DF not found: check if there is a RefParameter without a condition.
2025-10-23 20:46:23,792 [WARN] IP:2114 - Analog_Filter not found: check if there is a RefParameter without a condition.
2025-10-23 20:46:23,829 [WARN] IP:2114 - I2C_Coeff_DF not found: check if there is a RefParameter without a condition.
2025-10-23 20:46:23,829 [WARN] IP:2114 - Analog_Filter not found: check if there is a RefParameter without a condition.
2025-10-23 20:46:23,875 [WARN] IP:2114 - I2C_Coeff_DF not found: check if there is a RefParameter without a condition.
2025-10-23 20:46:23,875 [WARN] IP:2114 - Analog_Filter not found: check if there is a RefParameter without a condition.
2025-10-23 20:46:31,355 [WARN] IP:2114 - I2C_Coeff_DF not found: check if there is a RefParameter without a condition.
2025-10-23 20:46:31,355 [WARN] IP:2114 - Analog_Filter not found: check if there is a RefParameter without a condition.
2025-10-23 20:46:31,495 [WARN] IP:2114 - I2C_Coeff_DF not found: check if there is a RefParameter without a condition.
2025-10-23 20:46:31,495 [WARN] IP:2114 - Analog_Filter not found: check if there is a RefParameter without a condition.
2025-10-23 20:46:31,496 [WARN] IP:2114 - I2C_Coeff_DF not found: check if there is a RefParameter without a condition.
2025-10-23 20:46:31,496 [WARN] IP:2114 - Analog_Filter not found: check if there is a RefParameter without a condition.
2025-10-23 20:46:31,530 [WARN] IP:2114 - I2C_Coeff_DF not found: check if there is a RefParameter without a condition.
2025-10-23 20:46:31,530 [WARN] IP:2114 - Analog_Filter not found: check if there is a RefParameter without a condition.
2025-10-23 20:46:31,568 [WARN] IP:2114 - I2C_Coeff_DF not found: check if there is a RefParameter without a condition.
2025-10-23 20:46:31,568 [WARN] IP:2114 - Analog_Filter not found: check if there is a RefParameter without a condition.
2025-10-23 20:46:33,716 [WARN] IP:2114 - I2C_Coeff_DF not found: check if there is a RefParameter without a condition.
2025-10-23 20:46:33,716 [WARN] IP:2114 - Analog_Filter not found: check if there is a RefParameter without a condition.
2025-10-23 20:46:33,817 [WARN] IP:2114 - I2C_Coeff_DF not found: check if there is a RefParameter without a condition.
2025-10-23 20:46:33,817 [WARN] IP:2114 - Analog_Filter not found: check if there is a RefParameter without a condition.
2025-10-23 20:46:33,817 [WARN] IP:2114 - I2C_Coeff_DF not found: check if there is a RefParameter without a condition.
2025-10-23 20:46:33,817 [WARN] IP:2114 - Analog_Filter not found: check if there is a RefParameter without a condition.
2025-10-23 20:46:33,844 [WARN] IP:2114 - I2C_Coeff_DF not found: check if there is a RefParameter without a condition.
2025-10-23 20:46:33,844 [WARN] IP:2114 - Analog_Filter not found: check if there is a RefParameter without a condition.
2025-10-23 20:46:33,869 [WARN] IP:2114 - I2C_Coeff_DF not found: check if there is a RefParameter without a condition.
2025-10-23 20:46:33,869 [WARN] IP:2114 - Analog_Filter not found: check if there is a RefParameter without a condition.
2025-10-23 20:46:38,576 [WARN] IP:2114 - I2C_Coeff_DF not found: check if there is a RefParameter without a condition.
2025-10-23 20:46:38,576 [WARN] IP:2114 - Analog_Filter not found: check if there is a RefParameter without a condition.
2025-10-23 20:46:38,659 [WARN] IP:2114 - I2C_Coeff_DF not found: check if there is a RefParameter without a condition.
2025-10-23 20:46:38,660 [WARN] IP:2114 - Analog_Filter not found: check if there is a RefParameter without a condition.
2025-10-23 20:46:38,660 [WARN] IP:2114 - I2C_Coeff_DF not found: check if there is a RefParameter without a condition.
2025-10-23 20:46:38,660 [WARN] IP:2114 - Analog_Filter not found: check if there is a RefParameter without a condition.
2025-10-23 20:46:38,685 [WARN] IP:2114 - I2C_Coeff_DF not found: check if there is a RefParameter without a condition.
2025-10-23 20:46:38,685 [WARN] IP:2114 - Analog_Filter not found: check if there is a RefParameter without a condition.
2025-10-23 20:46:38,710 [WARN] IP:2114 - I2C_Coeff_DF not found: check if there is a RefParameter without a condition.
2025-10-23 20:46:38,710 [WARN] IP:2114 - Analog_Filter not found: check if there is a RefParameter without a condition.
2025-10-23 20:46:42,206 [WARN] IP:2114 - I2C_Coeff_DF not found: check if there is a RefParameter without a condition.
2025-10-23 20:46:42,207 [WARN] IP:2114 - Analog_Filter not found: check if there is a RefParameter without a condition.
2025-10-23 20:46:42,287 [WARN] IP:2114 - I2C_Coeff_DF not found: check if there is a RefParameter without a condition.
2025-10-23 20:46:42,287 [WARN] IP:2114 - Analog_Filter not found: check if there is a RefParameter without a condition.
2025-10-23 20:46:42,288 [WARN] IP:2114 - I2C_Coeff_DF not found: check if there is a RefParameter without a condition.
2025-10-23 20:46:42,288 [WARN] IP:2114 - Analog_Filter not found: check if there is a RefParameter without a condition.
2025-10-23 20:46:42,328 [WARN] IP:2114 - I2C_Coeff_DF not found: check if there is a RefParameter without a condition.
2025-10-23 20:46:42,328 [WARN] IP:2114 - Analog_Filter not found: check if there is a RefParameter without a condition.
2025-10-23 20:46:42,370 [WARN] IP:2114 - I2C_Coeff_DF not found: check if there is a RefParameter without a condition.
2025-10-23 20:46:42,370 [WARN] IP:2114 - Analog_Filter not found: check if there is a RefParameter without a condition.
2025-10-23 20:46:44,668 [WARN] IP:2114 - I2C_Coeff_DF not found: check if there is a RefParameter without a condition.
2025-10-23 20:46:44,668 [WARN] IP:2114 - Analog_Filter not found: check if there is a RefParameter without a condition.
2025-10-23 20:46:44,770 [WARN] IP:2114 - I2C_Coeff_DF not found: check if there is a RefParameter without a condition.
2025-10-23 20:46:44,770 [WARN] IP:2114 - Analog_Filter not found: check if there is a RefParameter without a condition.
2025-10-23 20:46:44,771 [WARN] IP:2114 - I2C_Coeff_DF not found: check if there is a RefParameter without a condition.
2025-10-23 20:46:44,771 [WARN] IP:2114 - Analog_Filter not found: check if there is a RefParameter without a condition.
2025-10-23 20:46:44,836 [WARN] IP:2114 - I2C_Coeff_DF not found: check if there is a RefParameter without a condition.
2025-10-23 20:46:44,837 [WARN] IP:2114 - Analog_Filter not found: check if there is a RefParameter without a condition.
2025-10-23 20:46:44,871 [WARN] IP:2114 - I2C_Coeff_DF not found: check if there is a RefParameter without a condition.
2025-10-23 20:46:44,871 [WARN] IP:2114 - Analog_Filter not found: check if there is a RefParameter without a condition.
2025-10-23 20:46:47,032 [WARN] IP:2114 - I2C_Coeff_DF not found: check if there is a RefParameter without a condition.
2025-10-23 20:46:47,032 [WARN] IP:2114 - Analog_Filter not found: check if there is a RefParameter without a condition.
2025-10-23 20:46:47,130 [WARN] IP:2114 - I2C_Coeff_DF not found: check if there is a RefParameter without a condition.
2025-10-23 20:46:47,130 [WARN] IP:2114 - Analog_Filter not found: check if there is a RefParameter without a condition.
2025-10-23 20:46:47,131 [WARN] IP:2114 - I2C_Coeff_DF not found: check if there is a RefParameter without a condition.
2025-10-23 20:46:47,131 [WARN] IP:2114 - Analog_Filter not found: check if there is a RefParameter without a condition.
2025-10-23 20:46:47,156 [WARN] IP:2114 - I2C_Coeff_DF not found: check if there is a RefParameter without a condition.
2025-10-23 20:46:47,156 [WARN] IP:2114 - Analog_Filter not found: check if there is a RefParameter without a condition.
2025-10-23 20:46:47,182 [WARN] IP:2114 - I2C_Coeff_DF not found: check if there is a RefParameter without a condition.
2025-10-23 20:46:47,182 [WARN] IP:2114 - Analog_Filter not found: check if there is a RefParameter without a condition.
2025-10-23 20:46:49,704 [WARN] IP:2114 - I2C_Coeff_DF not found: check if there is a RefParameter without a condition.
2025-10-23 20:46:49,704 [WARN] IP:2114 - Analog_Filter not found: check if there is a RefParameter without a condition.
2025-10-23 20:46:49,802 [WARN] IP:2114 - I2C_Coeff_DF not found: check if there is a RefParameter without a condition.
2025-10-23 20:46:49,802 [WARN] IP:2114 - Analog_Filter not found: check if there is a RefParameter without a condition.
2025-10-23 20:46:49,803 [WARN] IP:2114 - I2C_Coeff_DF not found: check if there is a RefParameter without a condition.
2025-10-23 20:46:49,803 [WARN] IP:2114 - Analog_Filter not found: check if there is a RefParameter without a condition.
2025-10-23 20:46:49,846 [WARN] IP:2114 - I2C_Coeff_DF not found: check if there is a RefParameter without a condition.
2025-10-23 20:46:49,846 [WARN] IP:2114 - Analog_Filter not found: check if there is a RefParameter without a condition.
2025-10-23 20:46:49,888 [WARN] IP:2114 - I2C_Coeff_DF not found: check if there is a RefParameter without a condition.
2025-10-23 20:46:49,889 [WARN] IP:2114 - Analog_Filter not found: check if there is a RefParameter without a condition.
2025-10-23 20:46:53,512 [INFO] UtilMem:75 - End SaveConfig() Used Memory: 332390184 Bytes (1055916032)
2025-10-23 20:46:59,627 [INFO] UtilMem:75 - End SaveConfig() Used Memory: 427291008 Bytes (1055916032)
2025-10-23 20:47:01,274 [INFO] UtilMem:75 - End SaveConfig() Used Memory: 494236472 Bytes (1055916032)
2025-10-23 20:47:01,423 [INFO] BlockDiagram:2759 - set Specific Code input for plugin: SYS
2025-10-23 20:47:01,423 [INFO] BlockDiagram:2759 - set Specific Code input for plugin: RCC
2025-10-23 20:47:01,424 [INFO] BlockDiagram:2759 - set Specific Code input for plugin: I2C
2025-10-23 20:47:01,424 [INFO] BlockDiagram:2759 - set Specific Code input for plugin: NVIC
2025-10-23 20:47:01,424 [INFO] BlockDiagram:2759 - set Specific Code input for plugin: GPIO
2025-10-23 20:47:01,424 [INFO] CodeGenerator:799 - code generatio: config db path: /opt/st/stm32cubeide_1.13.2/plugins/com.st.stm32cube.common.mx_6.9.2.202309101412//db/
2025-10-23 20:47:01,425 [WARN] IP:2114 - I2C_Coeff_DF not found: check if there is a RefParameter without a condition.
2025-10-23 20:47:01,425 [WARN] IP:2114 - Analog_Filter not found: check if there is a RefParameter without a condition.
2025-10-23 20:47:01,550 [INFO] CodeEngine:255 - oldGeneratedFile, /home/sunbeam/CDAC/Sunbeam_internship/stm32/display1.3/MXTmpFiles/license.tmp_save
2025-10-23 20:47:01,643 [INFO] CodeEngine:279 - Generated code: /home/sunbeam/CDAC/Sunbeam_internship/stm32/display1.3/MXTmpFiles/license.tmp
2025-10-23 20:47:01,653 [INFO] CodeEngine:255 - oldGeneratedFile, /home/sunbeam/CDAC/Sunbeam_internship/stm32/display1.3/MXTmpFiles/gpio.tmp_save
2025-10-23 20:47:01,738 [INFO] CodeEngine:279 - Generated code: /home/sunbeam/CDAC/Sunbeam_internship/stm32/display1.3/MXTmpFiles/gpio.tmp
2025-10-23 20:47:01,768 [INFO] CodeEngine:255 - oldGeneratedFile, /home/sunbeam/CDAC/Sunbeam_internship/stm32/display1.3/Core/Src/stm32f4xx_it.c_save
2025-10-23 20:47:01,919 [INFO] CodeEngine:279 - Generated code: /home/sunbeam/CDAC/Sunbeam_internship/stm32/display1.3/Core/Src/stm32f4xx_it.c
2025-10-23 20:47:01,921 [INFO] CodeEngine:255 - oldGeneratedFile, /home/sunbeam/CDAC/Sunbeam_internship/stm32/display1.3/Core/Inc/stm32f4xx_it.h_save
2025-10-23 20:47:01,996 [INFO] CodeEngine:279 - Generated code: /home/sunbeam/CDAC/Sunbeam_internship/stm32/display1.3/Core/Inc/stm32f4xx_it.h
2025-10-23 20:47:01,999 [INFO] CodeEngine:255 - oldGeneratedFile, /home/sunbeam/CDAC/Sunbeam_internship/stm32/display1.3/Core/Src/stm32f4xx_hal_msp.c_save
2025-10-23 20:47:02,088 [INFO] CodeEngine:279 - Generated code: /home/sunbeam/CDAC/Sunbeam_internship/stm32/display1.3/Core/Src/stm32f4xx_hal_msp.c
2025-10-23 20:47:02,089 [INFO] CodeEngine:255 - oldGeneratedFile, /home/sunbeam/CDAC/Sunbeam_internship/stm32/display1.3/MXTmpFiles/system.tmp_save
2025-10-23 20:47:02,149 [INFO] CodeEngine:279 - Generated code: /home/sunbeam/CDAC/Sunbeam_internship/stm32/display1.3/MXTmpFiles/system.tmp
2025-10-23 20:47:02,151 [INFO] CodeEngine:311 - oldGeneratedFile, /home/sunbeam/CDAC/Sunbeam_internship/stm32/display1.3/Core/Inc/stm32f4xx_hal_conf.h_save
2025-10-23 20:47:02,238 [INFO] CodeEngine:335 - Generated code: /home/sunbeam/CDAC/Sunbeam_internship/stm32/display1.3/Core/Inc/stm32f4xx_hal_conf.h
2025-10-23 20:47:02,250 [WARN] IPConfigManager:2937 - Warning: the RefConfig PLL2P_FOR_MCO is not available in your config.xml file
2025-10-23 20:47:02,255 [INFO] CodeEngine:255 - oldGeneratedFile, /home/sunbeam/CDAC/Sunbeam_internship/stm32/display1.3/Core/Inc/main.h_save
2025-10-23 20:47:02,424 [INFO] CodeEngine:279 - Generated code: /home/sunbeam/CDAC/Sunbeam_internship/stm32/display1.3/Core/Inc/main.h
2025-10-23 20:47:02,426 [INFO] CodeEngine:255 - oldGeneratedFile, /home/sunbeam/CDAC/Sunbeam_internship/stm32/display1.3/Core/Src/main.c_save
2025-10-23 20:47:02,547 [INFO] CodeEngine:279 - Generated code: /home/sunbeam/CDAC/Sunbeam_internship/stm32/display1.3/Core/Src/main.c
2025-10-23 20:47:02,991 [INFO] ProjectBuilder:3064 - Time for Copy HAL[1] : 21mS.
2025-10-23 20:47:02,992 [INFO] ProjectBuilder:4404 - Project Generator version: 4.1.0
2025-10-23 20:47:03,155 [INFO] ConfigFileManager:1457 - The Die is : DIE421
2025-10-23 20:47:04,187 [INFO] ProjectBuilder:4626 - Time for Generating toolchain IDE Files: 1195mS.
2025-10-23 20:47:04,187 [INFO] ProjectBuilder:2935 - Time for Copy CMSIS : 0mS.
2025-10-23 20:47:04,188 [INFO] ProjectBuilder:2935 - Time for Copy CMSIS : 0mS.
2025-10-23 21:24:04,032 [INFO] MainUpdater:2868 - connection check result : 10
2025-10-23 21:24:04,236 [INFO] McuFinderGlobals:76 - Set McuFinderConnectedMode to true
2025-10-23 21:24:04,239 [INFO] MultiScanPanel:200 - Auto-refresh data requested => check proxy status ongoing
2025-10-23 21:24:04,239 [INFO] FinderPluginLoader:95 - Searching for filters in installed packs
2025-10-23 21:24:05,236 [INFO] LoadUrlFilesThread:185 - End of LoadServerUrlFiles without Thread
2025-10-23 21:24:05,236 [INFO] DetailPanel:341 - Set advertising image to /home/sunbeam/STM32Cube/Repository//en.mcu-finder-stm32n6dk.jpg
2025-10-23 21:24:08,706 [INFO] MultiScanPanel:200 - Auto-refresh data requested => check proxy status ongoing
2025-10-23 21:24:08,789 [INFO] LoadUrlFilesThread:185 - End of LoadServerUrlFiles without Thread
2025-10-23 21:24:08,789 [INFO] DetailPanel:341 - Set advertising image to /home/sunbeam/STM32Cube/Repository//en.mcu-finder-stm32n6dk.jpg
2025-10-23 21:24:42,298 [INFO] MainUpdater:2868 - connection check result : 10
2025-10-23 21:24:42,298 [INFO] MainUpdater:2868 - connection check result : 10
2025-10-23 21:24:42,314 [INFO] MicroXplorer:468 - Change Database Path : 
2025-10-23 21:24:42,314 [INFO] MicroXplorer:498 - Change Database Version : DB.6.0.92
2025-10-23 21:24:42,333 [WARN] ThirdParty:871 - waiting for thirdparty lock release [close project]
2025-10-23 21:24:42,333 [INFO] ThirdParty:873 - entering critical section [close project]
2025-10-23 21:24:42,333 [INFO] ThirdParty:883 - exiting critical section [close project]
2025-10-23 21:24:42,334 [INFO] PinOutPanel:1499 - setPackage(No Configuration,No Configuration)
2025-10-23 21:24:42,340 [WARN] IpParametersView:151 - Warning: This peripheral hasn't parameters
2025-10-23 21:24:42,344 [WARN] MainPanel:272 - <html><b><center>Warning: This peripheral has no parameters to be configured<br></b></html>
2025-10-23 21:24:42,348 [INFO] UtilMem:75 - Begin LoadConfig() Used Memory: 783696248 Bytes (1073741824)
2025-10-23 21:24:42,349 [INFO] OpenFileManager:308 - Change cursor
2025-10-23 21:24:42,363 [INFO] RulesReader:64 - Compatibility file has been processed (293 Rules)
2025-10-23 21:24:42,365 [INFO] ProjectFactory:402 - No CPN specified for board NUCLEO-F446RE => set CPN to STM32F446RET6
2025-10-23 21:24:42,365 [INFO] Mcu:1946 - Initializing MCU STM32F446R(C-E)Tx STM32F446RETx STM32F446RET6
2025-10-23 21:24:43,447 [INFO] Context:659 - Trying to add GPIOservice into a context  which must be forbidden
2025-10-23 21:24:43,725 [INFO] Rule:228 - rule 117617 - U5Cobra4M][GTZC] default value MPCBB3 and MPCBB5 - Not Secured memory - MPCBB1 is applicable
2025-10-23 21:24:43,725 [INFO] Rule:228 - rule 117617 - U5Cobra4M][GTZC] default value MPCBB3 and MPCBB5 - Not Secured memory - MPCBB1 is applicable
2025-10-23 21:24:43,725 [INFO] Rule:228 - rule 117617 - U5Cobra4M][GTZC] default value MPCBB3 and MPCBB5 - Not Secured memory - MPCBB2 is applicable
2025-10-23 21:24:43,725 [INFO] Rule:228 - rule 117617 - U5Cobra4M][GTZC] default value MPCBB3 and MPCBB5 - Not Secured memory - MPCBB2 is applicable
2025-10-23 21:24:43,725 [INFO] Rule:228 - rule 117617 - U5Cobra4M][GTZC] default value MPCBB3 and MPCBB5 - Not Secured memory - MPCBB3 is applicable
2025-10-23 21:24:43,726 [INFO] Rule:228 - rule 117617 - U5Cobra4M][GTZC] default value MPCBB3 and MPCBB5 - Not Secured memory - MPCBB3 is applicable
2025-10-23 21:24:43,726 [INFO] Rule:228 - rule 117617 - U5Cobra4M][GTZC] default value MPCBB3 and MPCBB5 - Not Secured memory - MPCBB4 is applicable
2025-10-23 21:24:43,726 [INFO] Rule:228 - rule 117617 - U5Cobra4M][GTZC] default value MPCBB3 and MPCBB5 - Not Secured memory - MPCBB4 is applicable
2025-10-23 21:24:43,726 [INFO] Rule:228 - rule 117617 - U5Cobra4M][GTZC] default value MPCBB3 and MPCBB5 - Secured memory - MPCBB1 is applicable
2025-10-23 21:24:43,726 [INFO] Rule:228 - rule 117617 - U5Cobra4M][GTZC] default value MPCBB3 and MPCBB5 - Secured memory - MPCBB2 is applicable
2025-10-23 21:24:43,726 [INFO] Rule:228 - rule 117617 - U5Cobra4M][GTZC] default value MPCBB3 and MPCBB5 - Secured memory - MPCBB3 is applicable
2025-10-23 21:24:43,726 [INFO] Rule:228 - rule 117617 - U5Cobra4M][GTZC] default value MPCBB3 and MPCBB5 - Secured memory - MPCBB4 is applicable
2025-10-23 21:24:43,726 [INFO] Rule:228 - rule 117617 - U5Cobra4M][GTZC] default value MPCBB3 and MPCBB5 - Privileged memory - MPCBB1 is applicable
2025-10-23 21:24:43,726 [INFO] Rule:228 - rule 117617 - U5Cobra4M][GTZC] default value MPCBB3 and MPCBB5 - Privileged memory - MPCBB2 is applicable
2025-10-23 21:24:43,726 [INFO] Rule:228 - rule 117617 - U5Cobra4M][GTZC] default value MPCBB3 and MPCBB5 - Privileged memory - MPCBB3 is applicable
2025-10-23 21:24:43,726 [INFO] Rule:228 - rule 117617 - U5Cobra4M][GTZC] default value MPCBB3 and MPCBB5 - Privileged memory - MPCBB4 is applicable
2025-10-23 21:24:43,726 [INFO] Rule:228 - rule 117617 - U5Cobra4M][GTZC] default value MPCBB3 and MPCBB5 - Not Privileged memory - MPCBB1 is applicable
2025-10-23 21:24:43,726 [INFO] Rule:228 - rule 117617 - U5Cobra4M][GTZC] default value MPCBB3 and MPCBB5 - Not Privileged memory - MPCBB2 is applicable
2025-10-23 21:24:43,726 [INFO] Rule:228 - rule 117617 - U5Cobra4M][GTZC] default value MPCBB3 and MPCBB5 - Not Privileged memory - MPCBB3 is applicable
2025-10-23 21:24:43,726 [INFO] Rule:228 - rule 117617 - U5Cobra4M][GTZC] default value MPCBB3 and MPCBB5 - Not Privileged memory - MPCBB4 is applicable
2025-10-23 21:24:43,726 [INFO] Rule:228 - rule 117617 - U5Cobra4M][GTZC] default value MPCBB3 and MPCBB5 - Privileged memory - MPCBB1 is applicable
2025-10-23 21:24:43,726 [INFO] Rule:228 - rule 117617 - U5Cobra4M][GTZC] default value MPCBB3 and MPCBB5 - Privileged memory - MPCBB2 is applicable
2025-10-23 21:24:43,726 [INFO] Rule:228 - rule 117617 - U5Cobra4M][GTZC] default value MPCBB3 and MPCBB5 - Privileged memory - MPCBB3 is applicable
2025-10-23 21:24:43,726 [INFO] Rule:228 - rule 117617 - U5Cobra4M][GTZC] default value MPCBB3 and MPCBB5 - Privileged memory - MPCBB4 is applicable
2025-10-23 21:24:43,726 [INFO] Rule:228 - rule 117617 - U5Cobra4M][GTZC] default value MPCBB3 and MPCBB5 - Privileged memory - MPCBB1 is applicable
2025-10-23 21:24:43,726 [INFO] Rule:228 - rule 117617 - U5Cobra4M][GTZC] default value MPCBB3 and MPCBB5 - Privileged memory - MPCBB2 is applicable
2025-10-23 21:24:43,726 [INFO] Rule:228 - rule 117617 - U5Cobra4M][GTZC] default value MPCBB3 and MPCBB5 - Privileged memory - MPCBB3 is applicable
2025-10-23 21:24:43,726 [INFO] Rule:228 - rule 117617 - U5Cobra4M][GTZC] default value MPCBB3 and MPCBB5 - Privileged memory - MPCBB4 is applicable
2025-10-23 21:24:43,726 [INFO] Rule:228 - rule 117617 - U5Cobra4M][GTZC] default value MPCBB3 and MPCBB5 - Not Privileged memory - MPCBB1 is applicable
2025-10-23 21:24:43,726 [INFO] Rule:228 - rule 117617 - U5Cobra4M][GTZC] default value MPCBB3 and MPCBB5 - Not Privileged memory - MPCBB2 is applicable
2025-10-23 21:24:43,726 [INFO] Rule:228 - rule 117617 - U5Cobra4M][GTZC] default value MPCBB3 and MPCBB5 - Not Privileged memory - MPCBB3 is applicable
2025-10-23 21:24:43,726 [INFO] Rule:228 - rule 117617 - U5Cobra4M][GTZC] default value MPCBB3 and MPCBB5 - Not Privileged memory - MPCBB4 is applicable
2025-10-23 21:24:43,726 [INFO] Rule:228 - rule 117617 - U5Cobra4M][GTZC] default value MPCBB3 and MPCBB5 - Privileged memory - MPCBB1 is applicable
2025-10-23 21:24:43,726 [INFO] Rule:228 - rule 117617 - U5Cobra4M][GTZC] default value MPCBB3 and MPCBB5 - Privileged memory - MPCBB2 is applicable
2025-10-23 21:24:43,726 [INFO] Rule:228 - rule 117617 - U5Cobra4M][GTZC] default value MPCBB3 and MPCBB5 - Privileged memory - MPCBB3 is applicable
2025-10-23 21:24:43,726 [INFO] Rule:228 - rule 117617 - U5Cobra4M][GTZC] default value MPCBB3 and MPCBB5 - Privileged memory - MPCBB4 is applicable
2025-10-23 21:24:43,726 [INFO] Rule:228 - rule Rename SubGHz_Phy SUBGHZ_APPLICATION SUBGHZ_PINGPONG to SUBGHZ_ADV_APPLICATION is applicable
2025-10-23 21:24:43,726 [INFO] Rule:228 - rule Rename Enabled to IBEACON is applicable
2025-10-23 21:24:43,726 [INFO] Rule:228 - rule GTZC_S instance for project manager is applicable
2025-10-23 21:24:43,726 [INFO] Rule:228 - rule GTZC_S instance for context M33S is applicable
2025-10-23 21:24:43,726 [INFO] Rule:228 - rule GTZC_S instance value for IP GTZC is applicable
2025-10-23 21:24:43,726 [INFO] Rule:228 - rule GTZC_S instance for mcu.IP is applicable
2025-10-23 21:24:43,726 [INFO] Rule:228 - rule GTZC_S instance for VP is applicable
2025-10-23 21:24:43,726 [INFO] Rule:228 - rule GTZC_S instance for signal is applicable
2025-10-23 21:24:43,726 [INFO] Rule:228 - rule GTZC_S instance for mcu.Pin is applicable
2025-10-23 21:24:43,726 [INFO] Rule:228 - rule GTZC_S instance for VP is applicable
2025-10-23 21:24:43,726 [INFO] Rule:228 - rule GTZC_S instance for signal is applicable
2025-10-23 21:24:43,726 [INFO] Rule:228 - rule GTZC_S instance for mcu is applicable
2025-10-23 21:24:43,726 [INFO] Rule:228 - rule GTZC_S instance for mcu.Pin is applicable
2025-10-23 21:24:43,726 [INFO] Rule:228 - rule GTZC_S instance value for IP GTZC is applicable
2025-10-23 21:24:43,726 [INFO] Rule:228 - rule GTZC_S instance for project manager is applicable
2025-10-23 21:24:43,726 [INFO] Rule:228 - rule GTZC_S instance for context M33S is applicable
2025-10-23 21:24:43,726 [INFO] Rule:228 - rule GTZC_S instance for VP is applicable
2025-10-23 21:24:43,726 [INFO] Rule:228 - rule GTZC_S instance for signal is applicable
2025-10-23 21:24:43,726 [INFO] Rule:228 - rule SPDIFRX instance for mcu is applicable
2025-10-23 21:24:43,726 [INFO] Rule:228 - rule Rename Tracer Mode is applicable
2025-10-23 21:24:43,726 [INFO] Rule:228 - rule SPDIFRX instance value for IP SPDIFRX is applicable
2025-10-23 21:24:43,726 [INFO] Rule:228 - rule SPDIFRX instance for signal is applicable
2025-10-23 21:24:43,726 [INFO] Rule:228 - rule SPDIFRX instance for project manager is applicable
2025-10-23 21:24:43,726 [INFO] Rule:228 - rule SPDIFRX instance for project manager is applicable
2025-10-23 21:24:43,726 [INFO] Rule:228 - rule ADC Scan  fix with FW F7 is applicable
2025-10-23 21:24:43,726 [INFO] Rule:228 - rule ADC Scan  fix with FW F7 is applicable
2025-10-23 21:24:43,726 [INFO] Rule:228 - rule WakeUp0 Mode is applicable
2025-10-23 21:24:43,726 [INFO] Rule:228 - rule WakeUp0 SIGNAL is applicable
2025-10-23 21:24:43,726 [INFO] Rule:228 - rule WakeUp1 Mode is applicable
2025-10-23 21:24:43,726 [INFO] Rule:228 - rule WakeUp1 SIGNAL is applicable
2025-10-23 21:24:43,726 [INFO] Rule:228 - rule WakeUp2 Mode is applicable
2025-10-23 21:24:43,726 [INFO] Rule:228 - rule WakeUp2 SIGNAL is applicable
2025-10-23 21:24:43,727 [INFO] Rule:228 - rule WakeUp4 Mode is applicable
2025-10-23 21:24:43,727 [INFO] Rule:228 - rule WakeUp4 SIGNAL is applicable
2025-10-23 21:24:43,727 [INFO] Rule:228 - rule WakeUp5 Mode is applicable
2025-10-23 21:24:43,727 [INFO] Rule:228 - rule WakeUp5 SIGNAL is applicable
2025-10-23 21:24:43,727 [INFO] Rule:228 - rule Add RTC Activate Clock Source is applicable
2025-10-23 21:24:43,727 [INFO] Rule:228 - rule Add RTC Activate Calendar 1 is applicable
2025-10-23 21:24:43,727 [INFO] Rule:228 - rule Add RTC Activate Calendar 2 is applicable
2025-10-23 21:24:43,727 [INFO] Rule:228 - rule Add RTC Activate Calendar 3 is applicable
2025-10-23 21:24:43,727 [INFO] Rule:228 - rule UART/USART TX Mode is applicable
2025-10-23 21:24:43,727 [INFO] Rule:228 - rule UART/USART RX Mode is applicable
2025-10-23 21:24:43,727 [INFO] Rule:228 - rule UART/USART RX TX Mode is applicable
2025-10-23 21:24:43,727 [INFO] Rule:228 - rule UART/USART PARITY NONE is applicable
2025-10-23 21:24:43,727 [INFO] Rule:228 - rule UART/USART PARITY EVEN is applicable
2025-10-23 21:24:43,727 [INFO] Rule:228 - rule UART/USART PARITY ODD is applicable
2025-10-23 21:24:43,727 [INFO] Rule:228 - rule USART StopBits 1 is applicable
2025-10-23 21:24:43,727 [INFO] Rule:228 - rule USART StopBits 2 is applicable
2025-10-23 21:24:43,727 [INFO] Rule:228 - rule USART StopBits 1.5 is applicable
2025-10-23 21:24:43,727 [INFO] Rule:228 - rule USART StopBits 0.5 is applicable
2025-10-23 21:24:43,727 [INFO] Rule:228 - rule UART/USART WORD LENGTH 7 is applicable
2025-10-23 21:24:43,727 [INFO] Rule:228 - rule UART/USART WORD LENGTH 8 is applicable
2025-10-23 21:24:43,727 [INFO] Rule:228 - rule UART/USART WORD LENGTH 9 is applicable
2025-10-23 21:24:43,727 [INFO] Rule:228 - rule Rename FMC NAND NCE signal is applicable
2025-10-23 21:24:43,727 [INFO] Rule:228 - rule Rename FMC NAND INT signal is applicable
2025-10-23 21:24:43,727 [INFO] Rule:228 - rule Change Default Value for LSE Drive Capability for WB family is applicable
2025-10-23 21:24:43,727 [INFO] Rule:228 - rule Change Default Value for ADC Clock Prescaler G0 family is applicable
2025-10-23 21:24:43,727 [INFO] Rule:228 - rule Change Default Value for ADC ExternalTrigConv L4 family is applicable
2025-10-23 21:24:43,727 [INFO] Rule:228 - rule Change Default Value for ADC ExternalTrigInjecConv L4 family is applicable
2025-10-23 21:24:43,727 [INFO] Rule:228 - rule Change Default Value for ADC ExternalTrigConv F3 family is applicable
2025-10-23 21:24:43,727 [INFO] Rule:228 - rule Change Default Value for ADC ExternalTrigInjecConv F3 family is applicable
2025-10-23 21:24:43,727 [INFO] Rule:228 - rule Change Default Value for ADC ExternalTrigConv Goldfish serie is applicable
2025-10-23 21:24:43,727 [INFO] Rule:228 - rule Change Default Value for ADC ExternalTrigInjecConv Goldfish serie is applicable
2025-10-23 21:24:43,727 [INFO] Rule:228 - rule Change Default Value for ADC ExternalTrigConv L0 family is applicable
2025-10-23 21:24:43,727 [INFO] Rule:228 - rule Change Default Value for ADC ExternalTrigConv F0 family is applicable
2025-10-23 21:24:43,727 [INFO] Rule:228 - rule Change Default Value for ADC ExternalTrigConvn L1 family is applicable
2025-10-23 21:24:43,727 [INFO] Rule:228 - rule Change Default Value for ADC ExternalTrigInjecConv L1 family is applicable
2025-10-23 21:24:43,727 [INFO] Rule:228 - rule Change Default Value for ADC ExternalTrigConv F1 family is applicable
2025-10-23 21:24:43,727 [INFO] Rule:228 - rule Change Default Value for ADC ExternalTrigInjecConv F1 family is applicable
2025-10-23 21:24:43,727 [INFO] Rule:228 - rule Change Default Value for ADC ExternalTrigConv F7 family is applicable
2025-10-23 21:24:43,727 [INFO] Rule:228 - rule Change Default Value for ADC ExternalTrigInjecConv F7 family is applicable
2025-10-23 21:24:43,727 [INFO] Rule:228 - rule Change Default Value for ADC ExternalTrigConv F4 and F2 family is applicable
2025-10-23 21:24:43,727 [INFO] Rule:228 - rule Change Default Value for ADC ExternalTrigInjecConv F4 and F2 family is applicable
2025-10-23 21:24:43,727 [INFO] Rule:228 - rule ADC SamplingTime fix with FW L0  is applicable
2025-10-23 21:24:43,727 [INFO] Rule:228 - rule ADC SamplingTime fix with FW L0  is applicable
2025-10-23 21:24:43,727 [INFO] Rule:228 - rule ADC SamplingTime fix with FW L0 is applicable
2025-10-23 21:24:43,727 [INFO] Rule:228 - rule ADC SamplingTime fix with FW L0 is applicable
2025-10-23 21:24:43,727 [INFO] Rule:228 - rule ADC SamplingTime fix with FW L0  is applicable
2025-10-23 21:24:43,727 [INFO] Rule:228 - rule ADC SamplingTime fix with FW L0 is applicable
2025-10-23 21:24:43,727 [INFO] Rule:228 - rule Rename USB_OE Signal is applicable
2025-10-23 21:24:43,727 [INFO] Rule:228 - rule Rename Activate_OE Mode is applicable
2025-10-23 21:24:43,727 [INFO] Rule:228 - rule Rename DIE462/DIE415 pin PC14/OSC32_IN -> PC14-OSC32_IN (PC14) is applicable
2025-10-23 21:24:43,727 [INFO] Rule:228 - rule Rename DIE462/DIE415 pin PC15/OSC32_OUT -> PC15-OSC32_OUT (PC15) is applicable
2025-10-23 21:24:43,727 [INFO] Rule:228 - rule Rename DIE462/DIE415 pin PH0/OSC_IN -> PH0-OSC_IN (PH0) is applicable
2025-10-23 21:24:43,727 [INFO] Rule:228 - rule Rename DIE462/DIE415 pin PH1/OSC_OUT -> PH1-OSC_OUT (PH1) is applicable
2025-10-23 21:24:43,727 [INFO] Rule:228 - rule Rename DIE462 pin PA13 -> PA13 (JTMS/SWDIO) is applicable
2025-10-23 21:24:43,727 [INFO] Rule:228 - rule Rename DIE415 pin PA13 -> PA13 (JTMS/SWDIO) is applicable
2025-10-23 21:24:43,727 [INFO] Rule:228 - rule Rename DIE462 pin PA14 -> PA14 (JTCK/SWCLK) is applicable
2025-10-23 21:24:43,727 [INFO] Rule:228 - rule Rename DIE415 pin PA14 -> PA14 (JTCK/SWCLK) is applicable
2025-10-23 21:24:43,727 [INFO] Rule:228 - rule Rename DIE462/DIE415 pin PA15 -> PA15 (JTDI) is applicable
2025-10-23 21:24:43,727 [INFO] Rule:228 - rule Rename DIE462 pin PB3 -> PB3 (JTD0/TRACESWO) is applicable
2025-10-23 21:24:43,727 [INFO] Rule:228 - rule Rename DIE415 pin PB3 -> PB3 (JTD0-TRACESWO) is applicable
2025-10-23 21:24:43,727 [INFO] Rule:228 - rule Rename DIE462/DIE415 pin PB4 -> PB4 (NJTRST) is applicable
2025-10-23 21:24:43,727 [INFO] Rule:228 - rule Rename DIE462 pin PH3/BOOT0 -> PH3-BOOT0 (BOOT0) is applicable
2025-10-23 21:24:43,727 [INFO] Rule:228 - rule Rename CRYP DataEncryptionTypesList to Algorithm is applicable
2025-10-23 21:24:43,727 [INFO] Rule:228 - rule Rename AES DataEncryptionTypesList to Algorithm is applicable
2025-10-23 21:24:43,727 [INFO] Rule:228 - rule Rename TDESECB to CRYP_TDES_ECB is applicable
2025-10-23 21:24:43,727 [INFO] Rule:228 - rule Rename TDESCBC to CRYP_TDES_CBC is applicable
2025-10-23 21:24:43,727 [INFO] Rule:228 - rule Rename DESECB to CRYP_DES_ECB is applicable
2025-10-23 21:24:43,727 [INFO] Rule:228 - rule Rename DESCBC to CRYP_DES_CBC is applicable
2025-10-23 21:24:43,728 [INFO] Rule:228 - rule Rename AESECB to CRYP_AES_ECB is applicable
2025-10-23 21:24:43,728 [INFO] Rule:228 - rule Rename AESCBC to CRYP_AES_CBC is applicable
2025-10-23 21:24:43,728 [INFO] Rule:228 - rule Rename AESCTR to CRYP_AES_CTR is applicable
2025-10-23 21:24:43,728 [INFO] Rule:228 - rule Rename AESGCM to CRYP_AES_GCM is applicable
2025-10-23 21:24:43,728 [INFO] Rule:228 - rule Rename AESCCM to CRYP_AES_CCM is applicable
2025-10-23 21:24:43,728 [INFO] Rule:228 - rule Rename CAN TimeSeg1 to BS1 is applicable
2025-10-23 21:24:43,728 [INFO] Rule:228 - rule Rename CAN TimeSeg2 to BS2 is applicable
2025-10-23 21:24:43,728 [INFO] Rule:228 - rule Rename CAN SyncJumpWidth to SJW is applicable
2025-10-23 21:24:43,728 [INFO] Rule:228 - rule TimeTriggeredMode to TTCM is applicable
2025-10-23 21:24:43,728 [INFO] Rule:228 - rule Rename CAN AutoBusOff to ABOM is applicable
2025-10-23 21:24:43,728 [INFO] Rule:228 - rule Rename CAN AutoWakeUp to AWUM is applicable
2025-10-23 21:24:43,728 [INFO] Rule:228 - rule Rename CAN AutoRetransmission to NART is applicable
2025-10-23 21:24:43,728 [INFO] Rule:228 - rule Rename CAN ReceiveFifoLocked to RFLM is applicable
2025-10-23 21:24:43,728 [INFO] Rule:228 - rule Rename CAN TransmitFifoPriority to TXFP is applicable
2025-10-23 21:24:43,728 [INFO] Rule:228 - rule Rename HRTIMER HRTIM_OUTPUTFAULTLEVEL_HIGH in HRTIMER HRTIM_OUTPUTFAULTLEVEL_HIGHZ is applicable
2025-10-23 21:24:43,728 [INFO] Rule:228 - rule Rename TIMER TIM_CLEARINPUTSOURCE_OCREFCLR in  TIMER TIM_CLEARINPUTSOURCE_NONE for F7 family is applicable
2025-10-23 21:24:43,728 [INFO] Rule:228 - rule FDCAN_R1 - Rename FDCAN mode Master into Classic is applicable
2025-10-23 21:24:43,728 [INFO] Rule:228 - rule FDCAN_R2 - Rename FDCAN mode Slave into Classic is applicable
2025-10-23 21:24:43,728 [INFO] Rule:228 - rule FDCAN1_R3 - if PA10.Mode=FullDuplex, add Pin PA12 is applicable
2025-10-23 21:24:43,728 [INFO] Rule:228 - rule FDCAN1_R3 - if PA9.Mode=FullDuplex, add Pin PA11 is applicable
2025-10-23 21:24:43,728 [INFO] Rule:228 - rule FDCAN1_R3 - Alternatepin_1 - if PE1.Mode=FullDuplex, add Pin PB9 is applicable
2025-10-23 21:24:43,728 [INFO] Rule:228 - rule FDCAN1_R3 - Alternatepin_1 - if PE0.Mode=FullDuplex, add Pin PB8 is applicable
2025-10-23 21:24:43,728 [INFO] Rule:228 - rule FDCAN1_R3 - Alternatepin_2 - if PD5.Mode=FullDuplex, add Pin PD1 is applicable
2025-10-23 21:24:43,728 [INFO] Rule:228 - rule FDCAN1_R3 - Alternatepin_2 - if PD4.Mode=FullDuplex, add Pin PD0 is applicable
2025-10-23 21:24:43,728 [INFO] Rule:228 - rule FDCAN1_R4 - Rename Mode FullDuplex into Enable FDCAN_TXFD for pin PA10 is applicable
2025-10-23 21:24:43,728 [INFO] Rule:228 - rule FDCAN1_R4 - Rename Mode FullDuplex into Enable FDCAN_TXFD for pin PA9 is applicable
2025-10-23 21:24:43,728 [INFO] Rule:228 - rule FDCAN1_R4 - Alternatepin_1 - Rename Mode FullDuplex into Enable FDCAN_TXFD for pin PE1 is applicable
2025-10-23 21:24:43,728 [INFO] Rule:228 - rule FDCAN1_R4 - Alternatepin_1 - Rename Mode FullDuplex into Enable FDCAN_TXFD for pin PE0 is applicable
2025-10-23 21:24:43,728 [INFO] Rule:228 - rule FDCAN1_R4 - Alternatepin_2 - Rename Mode FullDuplex into Enable FDCAN_TXFD for pin PD5 is applicable
2025-10-23 21:24:43,728 [INFO] Rule:228 - rule FDCAN1_R4 - Alternatepin_2 - Rename Mode FullDuplex into Enable FDCAN_TXFD for pin PD4 is applicable
2025-10-23 21:24:43,728 [INFO] Rule:228 - rule FDCAN2_R3 - if PD10.Mode=FullDuplex, add Pin PB13 is applicable
2025-10-23 21:24:43,728 [INFO] Rule:228 - rule FDCAN2_R3 - if PD9.Mode=FullDuplex, add Pin PB12 is applicable
2025-10-23 21:24:43,728 [INFO] Rule:228 - rule FDCAN2_R3 - Alternatepin_1 - if PB7.Mode=FullDuplex, add Pin PB6 is applicable
2025-10-23 21:24:43,728 [INFO] Rule:228 - rule FDCAN2_R3 - Alternatepin_1 - if PD9.Mode=FullDuplex, add Pin PB12 is applicable
2025-10-23 21:24:43,728 [INFO] Rule:228 - rule FDCAN2_R4 - Rename Mode FullDuplex into Enable FDCAN_TXFD for pin PD10 is applicable
2025-10-23 21:24:43,728 [INFO] Rule:228 - rule FDCAN2_R4 - Rename Mode FullDuplex into Enable FDCAN_TXFD for pin PD9 is applicable
2025-10-23 21:24:43,728 [INFO] Rule:228 - rule FDCAN2_R4 - Alternatepin_1 - Rename Mode FullDuplex into Enable FDCAN_TXFD for pin PB7 is applicable
2025-10-23 21:24:43,728 [INFO] Rule:228 - rule FDCAN2_R4 - Alternatepin_1 - Rename Mode FullDuplex into Enable FDCAN_TXFD for pin PD6 is applicable
2025-10-23 21:24:43,728 [INFO] Rule:228 - rule USART TxPinLevelInvertParam Mode is applicable
2025-10-23 21:24:43,728 [INFO] Rule:228 - rule USART RxPinLevelInvertParam Mode is applicable
2025-10-23 21:24:43,728 [INFO] Rule:228 - rule USART DataInvertParam Mode is applicable
2025-10-23 21:24:43,728 [INFO] Rule:228 - rule USART SwapParam Mode is applicable
2025-10-23 21:24:43,728 [INFO] Rule:228 - rule USART OverrunDisableParam Mode is applicable
2025-10-23 21:24:43,728 [INFO] Rule:228 - rule USART DMADisableonRxErrorParam Mode is applicable
2025-10-23 21:24:43,728 [INFO] Rule:228 - rule USART MSBFirstParam Mode is applicable
2025-10-23 21:24:43,728 [INFO] Rule:228 - rule Update MwName for USB_DEVICE is applicable
2025-10-23 21:24:43,728 [INFO] Rule:228 - rule Change PWR_Regulator_Voltage_Scale Default Value for RCC  H7 family is applicable
2025-10-23 21:24:43,728 [INFO] Rule:228 - rule UART/USART IPParameter rename Prescaler parameter to ClockPrescaler is applicable
2025-10-23 21:24:43,728 [INFO] Rule:228 - rule UART/USART Prescaler rename Prescaler parameter to ClockPrescaler is applicable
2025-10-23 21:24:43,728 [INFO] Rule:228 - rule TIM1CLockSelection is applicable
2025-10-23 21:24:43,728 [INFO] Rule:228 - rule TIM15CLockSelection is applicable
2025-10-23 21:24:43,728 [INFO] Rule:228 - rule align RCC SDMMC3CLockSelection default value on MP1 is applicable
2025-10-23 21:24:43,728 [INFO] Rule:228 - rule align RCC SDMMC12CLockSelection default value on MP1 is applicable
2025-10-23 21:24:43,728 [INFO] Rule:228 - rule align RCC QSPICLockSelection default value on MP1 is applicable
2025-10-23 21:24:43,728 [INFO] Rule:228 - rule align RCC QSPICLockSelection default value on MP1 is applicable
2025-10-23 21:24:43,728 [INFO] Rule:228 - rule align RCC SPI6CLockSelection default value on MP1 is applicable
2025-10-23 21:24:43,728 [INFO] Rule:228 - rule align RCC LPTIM23CLockSelection default value on MP1 is applicable
2025-10-23 21:24:43,728 [INFO] Rule:228 - rule align RCC LPTIM1CLockSelection default value on MP1 is applicable
2025-10-23 21:24:43,728 [INFO] Rule:228 - rule align RCC USART1CLockSelection default value on MP1 is applicable
2025-10-23 21:24:43,728 [INFO] Rule:228 - rule align RCC USART24CLockSelection default value on MP1 is applicable
2025-10-23 21:24:43,728 [INFO] Rule:228 - rule align RCC USART6CLockSelection default value on MP1 is applicable
2025-10-23 21:24:43,728 [INFO] Rule:228 - rule align RCC UART78CLockSelection default value on MP1 is applicable
2025-10-23 21:24:43,728 [INFO] Rule:228 - rule align RCC USART35CLockSelection default value on MP1 is applicable
2025-10-23 21:24:43,728 [INFO] Rule:228 - rule align RCC SPI45CLockSelection default value on MP1 is applicable
2025-10-23 21:24:43,728 [INFO] Rule:228 - rule align RCC I2C46CLockSelection BCLK value on MP1 is applicable
2025-10-23 21:24:43,728 [INFO] Rule:228 - rule align RCC SPI45CLockSelection default value on MP1 is applicable
2025-10-23 21:24:43,728 [INFO] Rule:228 - rule align RCC I2C12CLockSelection default value on MP1 is applicable
2025-10-23 21:24:43,729 [INFO] Rule:228 - rule align RCC I2C35CLockSelection default value on MP1 is applicable
2025-10-23 21:24:43,729 [INFO] Rule:228 - rule align RCC LPTIM45CLockSelection default value on MP1 is applicable
2025-10-23 21:24:43,729 [INFO] Rule:228 - rule Rename DCMI PIXCK signal is applicable
2025-10-23 21:24:43,729 [INFO] Rule:228 - rule Change Default Value for I2C46CLockSelection MP1 family is applicable
2025-10-23 21:24:43,729 [INFO] Rule:228 - rule Change Default Value for UART for G4, G0 and WB families is applicable
2025-10-23 21:24:43,729 [INFO] Rule:228 - rule Change Default Value for USART for G4, G0 and WB families is applicable
2025-10-23 21:24:43,729 [INFO] Rule:228 - rule Change Default Value for USART for G4 family is applicable
2025-10-23 21:24:43,729 [INFO] Rule:228 - rule Change USART1CLockSelection refparam name for MP1 is applicable
2025-10-23 21:24:43,729 [INFO] Rule:228 - rule Change USART2CLockSelection refparam name for MP1 is applicable
2025-10-23 21:24:43,729 [INFO] Rule:228 - rule Change USART3CLockSelection refparam name for MP1 is applicable
2025-10-23 21:24:43,729 [INFO] Rule:228 - rule Change UART4CLockSelection refparam name for MP1 is applicable
2025-10-23 21:24:43,729 [INFO] Rule:228 - rule Change UART5CLockSelection refparam name for MP1 is applicable
2025-10-23 21:24:43,729 [INFO] Rule:228 - rule Change LPUART1CLockSelection refparam name for MP1 is applicable
2025-10-23 21:24:43,729 [INFO] Rule:228 - rule Change LPTIM1CLockSelection refparam name for MP1 is applicable
2025-10-23 21:24:43,729 [INFO] Rule:228 - rule Change LPTIM2CLockSelection refparam name for MP1 is applicable
2025-10-23 21:24:43,729 [INFO] Rule:228 - rule Change RCC_MCO1Source refparam name for MP1 is applicable
2025-10-23 21:24:43,729 [INFO] Rule:228 - rule Change LSCOSource1 refparam name for MP1 is applicable
2025-10-23 21:24:43,729 [INFO] Rule:228 - rule Change SMPSCLockSelection refparam name for MP1 is applicable
2025-10-23 21:24:43,729 [INFO] Rule:228 - rule Change LPTIM3CLockSelection refparam name for MP1 is applicable
2025-10-23 21:24:43,729 [INFO] Rule:228 - rule Change MPCBB* Default Template Mode to Parameters is applicable
2025-10-23 21:24:43,729 [INFO] Rule:228 - rule Change MPCWM* or MPCBB* Secure Mode to Parameters is applicable
2025-10-23 21:24:43,729 [INFO] Rule:228 - rule Change MPCWM* or MPCBB* No Secure Mode to Parameters is applicable
2025-10-23 21:24:43,729 [INFO] Rule:228 - rule Change TZSC IP Secure Mode to Parameters is applicable
2025-10-23 21:24:43,729 [INFO] Rule:228 - rule Change TZSC IP No Secure Mode to Parameters is applicable
2025-10-23 21:24:43,729 [INFO] Rule:228 - rule Change TZSC IP Privilege Mode to Parameters is applicable
2025-10-23 21:24:43,729 [INFO] Rule:228 - rule Change TZSC IP No Privilege Mode to Parameters is applicable
2025-10-23 21:24:43,729 [INFO] Rule:228 - rule Change TZIC IT Secure Mode to Parameters is applicable
2025-10-23 21:24:43,729 [INFO] Rule:228 - rule Change TZIC IT No Secure Mode to Parameters is applicable
2025-10-23 21:24:43,729 [INFO] Rule:228 - rule Add MPCBB1_NonSecureArea_Start_Address value with referenced to MPCBB1_NonSecureArea_Start value is applicable
2025-10-23 21:24:43,729 [INFO] Rule:228 - rule Add MPCBB2_NonSecureArea_Start_Address value with referenced to MPCBB2_NonSecureArea_Start value is applicable
2025-10-23 21:24:43,729 [INFO] Rule:228 - rule Add MPCWM1_NonSecureArea*_Start_Address value with referenced to MPCWM1_NonSecureArea*_Start value is applicable
2025-10-23 21:24:43,729 [INFO] Rule:228 - rule Add MPCWM2_NonSecureArea*_Start_Address value with referenced to MPCWM2_NonSecureArea*_Start value is applicable
2025-10-23 21:24:43,729 [INFO] Rule:228 - rule Add MPCWM3_NonSecureArea_Start_Address value with referenced to MPCWM3_NonSecureArea_Start value is applicable
2025-10-23 21:24:43,729 [INFO] Rule:228 - rule Change Default Value for PLL1UserDefinedConfig is applicable
2025-10-23 21:24:43,729 [INFO] Rule:228 - rule Change GPIO_PuPd Default Value for USART in async mode is applicable
2025-10-23 21:24:43,729 [INFO] Rule:228 - rule Change SMPSDivider Default Value is applicable
2025-10-23 21:24:43,729 [INFO] Rule:228 - rule OPAMP is applicable
2025-10-23 21:24:43,729 [INFO] Rule:228 - rule LPUART IPParameter rename Prescaler parameter to ClockPrescaler for STM32H7 is applicable
2025-10-23 21:24:43,729 [INFO] Rule:228 - rule LPUART IPParameter rename Prescaler parameter to ClockPrescaler for STM32H7 is applicable
2025-10-23 21:24:43,729 [INFO] Rule:228 - rule LPUART IPParameter rename Prescaler parameter to ClockPrescaler for STM32WB is applicable
2025-10-23 21:24:43,729 [INFO] Rule:228 - rule LPUART IPParameter rename Prescaler parameter to ClockPrescaler for STM32WB is applicable
2025-10-23 21:24:43,729 [INFO] Rule:228 - rule LPUART IPParameter rename Prescaler parameter to ClockPrescaler for STM32G4 is applicable
2025-10-23 21:24:43,729 [INFO] Rule:228 - rule LPUART IPParameter rename Prescaler parameter to ClockPrescaler for STM32G4 is applicable
2025-10-23 21:24:43,729 [INFO] Rule:228 - rule LPUART IPParameter rename Prescaler parameter to ClockPrescaler for STM32L5 is applicable
2025-10-23 21:24:43,729 [INFO] Rule:228 - rule LPUART IPParameter rename Prescaler parameter to ClockPrescaler for STM32L5 is applicable
2025-10-23 21:24:43,729 [INFO] Rule:228 - rule LPUART IPParameter rename Prescaler parameter to ClockPrescaler for STM32G4 is applicable
2025-10-23 21:24:43,729 [INFO] Rule:228 - rule LPUART IPParameter rename Prescaler parameter to ClockPrescaler for STM32G4 is applicable
2025-10-23 21:24:43,729 [INFO] Rule:228 - rule USB device lib V2.5.3 for L0 rename USBD_SUPPORT_USER_STRING parameter to USBD_SUPPORT_USER_STRING_DESC4 is applicable
2025-10-23 21:24:43,729 [INFO] Rule:228 - rule I2SCLockSelection clock entry align is applicable
2025-10-23 21:24:43,729 [INFO] Rule:228 - rule Assign TIMx context if used as SYS timebase is applicable
2025-10-23 21:24:43,729 [INFO] Rule:228 - rule Change GPIO_Pu Default Value for I2C is applicable
2025-10-23 21:24:43,729 [INFO] Rule:228 - rule Change GPIO_Pu Default Value for SMBus is applicable
2025-10-23 21:24:43,729 [INFO] Rule:228 - rule change FDCAN default value is applicable
2025-10-23 21:24:43,729 [INFO] Rule:228 - rule Change mode sai is applicable
2025-10-23 21:24:43,729 [INFO] Rule:228 - rule **Change sai mode is applicable
2025-10-23 21:24:43,736 [INFO] DbConfProperties:307 - Apply Compatibility (49/258 Rules)
2025-10-23 21:24:43,743 [INFO] ImportTextPane:194 - (OptionalMessage_ERROR) Unable to find key (Mcu.ThirdPartyNb) in loaded IOC file
2025-10-23 21:24:43,912 [INFO] RtosManager:555 - Registered RTOS mode: class=CMSIS, group=RTOS, mode=CMSIS_V1, owner=FREERTOS
2025-10-23 21:24:43,912 [INFO] RtosManager:555 - Registered RTOS mode: class=CMSIS, group=RTOS2, mode=CMSIS_V2, owner=FREERTOS
2025-10-23 21:24:43,912 [INFO] RtosManager:555 - Registered RTOS mode: class=RTOS, group=Core, mode=CMSIS_V1, owner=FREERTOS
2025-10-23 21:24:43,912 [INFO] RtosManager:555 - Registered RTOS mode: class=RTOS, group=Core, mode=CMSIS_V2, owner=FREERTOS
2025-10-23 21:24:43,912 [WARN] ModelIntegratedComponent:184 - Missing modes for component STMicroelectronics:FreeRTOS:0.0.1:STMicroelectronics:RTOS:FreeRTOS:Core:::10.2.0:
2025-10-23 21:24:43,914 [WARN] ModelIntegratedComponent:63 - No mode defined for component null
2025-10-23 21:24:43,914 [WARN] ModelIntegratedComponent:63 - No mode defined for component null
2025-10-23 21:24:43,914 [WARN] ModelIntegratedComponent:63 - No mode defined for component null
2025-10-23 21:24:43,914 [WARN] ModelIntegratedComponent:63 - No mode defined for component null
2025-10-23 21:24:43,914 [WARN] ModelIntegratedComponent:63 - No mode defined for component null
2025-10-23 21:24:43,914 [WARN] ModelIntegratedComponent:63 - No mode defined for component null
2025-10-23 21:24:43,914 [WARN] ModelIntegratedComponent:63 - No mode defined for component null
2025-10-23 21:24:43,914 [WARN] ModelIntegratedComponent:63 - No mode defined for component null
2025-10-23 21:24:43,914 [WARN] ModelIntegratedComponent:63 - No mode defined for component null
2025-10-23 21:24:43,914 [WARN] ModelIntegratedComponent:63 - No mode defined for component null
2025-10-23 21:24:43,914 [WARN] ModelIntegratedComponent:63 - No mode defined for component null
2025-10-23 21:24:43,914 [WARN] ModelIntegratedComponent:63 - No mode defined for component null
2025-10-23 21:24:43,914 [WARN] ModelIntegratedComponent:63 - No mode defined for component null
2025-10-23 21:24:43,914 [WARN] ModelIntegratedComponent:63 - No mode defined for component null
2025-10-23 21:24:43,914 [WARN] ModelIntegratedComponent:63 - No mode defined for component null
2025-10-23 21:24:43,914 [WARN] ModelIntegratedComponent:63 - No mode defined for component null
2025-10-23 21:24:43,914 [WARN] ModelIntegratedComponent:63 - No mode defined for component null
2025-10-23 21:24:43,914 [WARN] ModelIntegratedComponent:63 - No mode defined for component null
2025-10-23 21:24:43,914 [WARN] ModelIntegratedComponent:63 - No mode defined for component null
2025-10-23 21:24:43,914 [WARN] ModelIntegratedComponent:63 - No mode defined for component null
2025-10-23 21:24:43,914 [WARN] ModelIntegratedComponent:63 - No mode defined for component null
2025-10-23 21:24:43,914 [WARN] ModelIntegratedComponent:63 - No mode defined for component null
2025-10-23 21:24:43,914 [WARN] ModelIntegratedComponent:63 - No mode defined for component null
2025-10-23 21:24:43,914 [WARN] ModelIntegratedComponent:63 - No mode defined for component null
2025-10-23 21:24:43,914 [WARN] ModelIntegratedComponent:63 - No mode defined for component null
2025-10-23 21:24:43,914 [WARN] ModelIntegratedComponent:63 - No mode defined for component null
2025-10-23 21:24:43,914 [WARN] ModelIntegratedComponent:63 - No mode defined for component null
2025-10-23 21:24:43,914 [WARN] ModelIntegratedComponent:63 - No mode defined for component null
2025-10-23 21:24:43,914 [WARN] ModelIntegratedComponent:63 - No mode defined for component null
2025-10-23 21:24:43,914 [WARN] ModelIntegratedComponent:63 - No mode defined for component null
2025-10-23 21:24:43,915 [WARN] ModelIntegratedComponent:63 - No mode defined for component null
2025-10-23 21:24:43,915 [WARN] ModelIntegratedComponent:63 - No mode defined for component null
2025-10-23 21:24:43,915 [WARN] ModelIntegratedComponent:63 - No mode defined for component null
2025-10-23 21:24:44,142 [INFO] ThirdPartyModel:298 - Start build external matchings
2025-10-23 21:24:46,854 [INFO] ThirdPartyModel:316 - End build external matchings
2025-10-23 21:24:46,930 [INFO] ImportTextPane:194 - (OptionalMessage_ERROR) IP (RCC) : Invalid parameter (48MHZClocksFreq_Value)
2025-10-23 21:24:46,931 [INFO] ImportTextPane:194 - (OptionalMessage_ERROR) IP (RCC) : Invalid parameter (EthernetFreq_Value)
2025-10-23 21:24:46,931 [INFO] ImportTextPane:194 - (OptionalMessage_ERROR) IP (RCC) : Parameter (FLatency) has Id (AdvancedSettings) currently not set
2025-10-23 21:24:46,932 [INFO] ImportTextPane:194 - (OptionalMessage_ERROR) IP (RCC) : Invalid parameter (FamilyName)
2025-10-23 21:24:46,932 [INFO] ImportTextPane:194 - (OptionalMessage_ERROR) IP (RCC) : Invalid parameter (I2SClocksFreq_Value)
2025-10-23 21:24:46,932 [INFO] ImportTextPane:194 - (OptionalMessage_ERROR) IP (RCC) : Parameter (SDIOFreq_Value) has invalid value (168000000)
2025-10-23 21:24:46,933 [INFO] ImportTextPane:194 - (OptionalMessage_ERROR) IP (RCC) : Parameter (USBFreq_Value) has invalid value (168000000)
2025-10-23 21:24:46,933 [INFO] ImportTextPane:194 - (OptionalMessage_ERROR) IP (RCC) : Invalid parameter (VCOInputMFreq_Value)
2025-10-23 21:24:46,933 [INFO] ImportTextPane:194 - (OptionalMessage_ERROR) IP (RCC) : Invalid parameter (VcooutputI2S)
2025-10-23 21:24:47,144 [INFO] UtilMem:75 - End LoadConfig() Used Memory: 701638496 Bytes (1073741824)
2025-10-23 21:24:47,163 [WARN] ThirdParty:833 - waiting for thirdparty lock release [change project]
2025-10-23 21:24:47,163 [INFO] ThirdParty:835 - entering critical section [change project]
2025-10-23 21:24:47,163 [INFO] ThirdParty:1030 - CMSIS Pack Vendor :STMicroelectronics X-CUBE-PM33A1 1.0.0
2025-10-23 21:24:47,163 [INFO] ThirdParty:1030 - CMSIS Pack Vendor :STMicroelectronics USBPD 4.1
2025-10-23 21:24:47,163 [INFO] ThirdParty:1030 - CMSIS Pack Vendor :STMicroelectronics X-CUBE-GNSS1 6.0.0
2025-10-23 21:24:47,163 [INFO] ThirdParty:1030 - CMSIS Pack Vendor :STMicroelectronics USB_HOST 2.0.0
2025-10-23 21:24:47,163 [INFO] ThirdParty:1030 - CMSIS Pack Vendor :STMicroelectronics FP-SNS-MOTENVWB1 1.4.0
2025-10-23 21:24:47,163 [INFO] ThirdParty:1030 - CMSIS Pack Vendor :STMicroelectronics X-CUBE-AZRTOS-F4 1.1.0
2025-10-23 21:24:47,163 [INFO] ThirdParty:1030 - CMSIS Pack Vendor :STMicroelectronics LIBJPEG 8.0.0
2025-10-23 21:24:47,164 [INFO] ThirdParty:1030 - CMSIS Pack Vendor :STMicroelectronics FP-ATR-ASTRA1 2.0.2
2025-10-23 21:24:47,164 [INFO] ThirdParty:1030 - CMSIS Pack Vendor :wolfSSL I-CUBE-wolfSSL 5.6.4
2025-10-23 21:24:47,164 [INFO] ThirdParty:1030 - CMSIS Pack Vendor :STMicroelectronics FP-ATR-ASTRA1 2.0.1
2025-10-23 21:24:47,164 [INFO] ThirdParty:1030 - CMSIS Pack Vendor :STMicroelectronics X-CUBE-SMBUS 2.1.0
2025-10-23 21:24:47,164 [INFO] ThirdParty:1030 - CMSIS Pack Vendor :STMicroelectronics X-CUBE-WB05N 1.1.0
2025-10-23 21:24:47,164 [INFO] ThirdParty:1030 - CMSIS Pack Vendor :STMicroelectronics X-CUBE-ISPU 2.1.0
2025-10-23 21:24:47,164 [INFO] ThirdParty:1030 - CMSIS Pack Vendor :STMicroelectronics X-CUBE-FREERTOS 1.2.0
2025-10-23 21:24:47,164 [INFO] ThirdParty:1030 - CMSIS Pack Vendor :STMicroelectronics X-CUBE-TOUCHGFX 4.23.0
2025-10-23 21:24:47,164 [INFO] ThirdParty:1030 - CMSIS Pack Vendor :STMicroelectronics X-CUBE-NFC12 1.0.0
2025-10-23 21:24:47,164 [INFO] ThirdParty:1030 - CMSIS Pack Vendor :STMicroelectronics X-CUBE-AZRTOS-F7 1.1.0
2025-10-23 21:24:47,164 [INFO] ThirdParty:1030 - CMSIS Pack Vendor :STMicroelectronics X-CUBE-AZRTOS-L5 2.0.0
2025-10-23 21:24:47,164 [INFO] ThirdParty:1030 - CMSIS Pack Vendor :STMicroelectronics USB_DEVICE 2.0.0
2025-10-23 21:24:47,164 [INFO] ThirdParty:1030 - CMSIS Pack Vendor :STMicroelectronics X-CUBE-MEMS1 9.6.0
2025-10-23 21:24:47,164 [INFO] ThirdParty:1030 - CMSIS Pack Vendor :STMicroelectronics X-CUBE-EEPRMA1 4.2.0
2025-10-23 21:24:47,164 [INFO] ThirdParty:1030 - CMSIS Pack Vendor :STMicroelectronics X-CUBE-NFC6 3.1.0
2025-10-23 21:24:47,164 [INFO] ThirdParty:1030 - CMSIS Pack Vendor :ITTIA_DB I-CUBE-ITTIADB 8.8.0
2025-10-23 21:24:47,164 [INFO] ThirdParty:1030 - CMSIS Pack Vendor :STMicroelectronics FP-SNS-MOTENV1 4.3.2
2025-10-23 21:24:47,164 [INFO] ThirdParty:1030 - CMSIS Pack Vendor :STMicroelectronics X-CUBE-MEMS1 11.0.0
2025-10-23 21:24:47,164 [INFO] ThirdParty:1030 - CMSIS Pack Vendor :STMicroelectronics FreeRTOS 0.0.1
2025-10-23 21:24:47,164 [INFO] ThirdParty:1030 - CMSIS Pack Vendor :STMicroelectronics X-CUBE-BLEMGR 2.0.0
2025-10-23 21:24:47,164 [INFO] ThirdParty:1030 - CMSIS Pack Vendor :STMicroelectronics FP-SNS-FLIGHT1 5.0.2
2025-10-23 21:24:47,164 [INFO] ThirdParty:1030 - CMSIS Pack Vendor :STMicroelectronics X-CUBE-AI 9.0.0
2025-10-23 21:24:47,164 [INFO] ThirdParty:1030 - CMSIS Pack Vendor :STMicroelectronics X-CUBE-AZRTOS-H7 3.1.0
2025-10-23 21:24:47,164 [INFO] ThirdParty:1030 - CMSIS Pack Vendor :STMicroelectronics PDM2PCM 3.3.0
2025-10-23 21:24:47,164 [INFO] ThirdParty:1030 - CMSIS Pack Vendor :STMicroelectronics X-CUBE-AZRTOS-H7 3.4.0
2025-10-23 21:24:47,164 [INFO] ThirdParty:1030 - CMSIS Pack Vendor :STMicroelectronics X-CUBE-DISPLAY 3.0.0
2025-10-23 21:24:47,164 [INFO] ThirdParty:1030 - CMSIS Pack Vendor :STMicroelectronics X-CUBE-BLE1 7.0.0
2025-10-23 21:24:47,164 [INFO] ThirdParty:1030 - CMSIS Pack Vendor :STMicroelectronics X-CUBE-NFC10 1.0.0
2025-10-23 21:24:47,164 [INFO] ThirdParty:1030 - CMSIS Pack Vendor :STMicroelectronics X-CUBE-FREERTOS 1.3.1
2025-10-23 21:24:47,164 [INFO] ThirdParty:1030 - CMSIS Pack Vendor :STMicroelectronics HAL Drivers 0.0.0
2025-10-23 21:24:47,164 [INFO] ThirdParty:1030 - CMSIS Pack Vendor :emotas I-CUBE-CANOPEN 1.3.0
2025-10-23 21:24:47,164 [INFO] ThirdParty:1030 - CMSIS Pack Vendor :STMicroelectronics X-CUBE-FREERTOS 1.3.0
2025-10-23 21:24:47,164 [INFO] ThirdParty:1030 - CMSIS Pack Vendor :STMicroelectronics X-CUBE-NFC7 1.0.1
2025-10-23 21:24:47,165 [INFO] ThirdParty:1030 - CMSIS Pack Vendor :STMicroelectronics MBEDTLS 2.14.1
2025-10-23 21:24:47,165 [INFO] ThirdParty:1030 - CMSIS Pack Vendor :STMicroelectronics X-CUBE-TOUCHGFX 4.22.1
2025-10-23 21:24:47,165 [INFO] ThirdParty:1030 - CMSIS Pack Vendor :STMicroelectronics X-CUBE-TOUCHGFX 4.26.0
2025-10-23 21:24:47,165 [INFO] ThirdParty:1030 - CMSIS Pack Vendor :STMicroelectronics X-CUBE-NFC6 3.0.0
2025-10-23 21:24:47,165 [INFO] ThirdParty:1030 - CMSIS Pack Vendor :STMicroelectronics X-CUBE-EEPRMA1 4.1.0
2025-10-23 21:24:47,165 [INFO] ThirdParty:1030 - CMSIS Pack Vendor :STMicroelectronics X-CUBE-BLEMGR 3.1.0
2025-10-23 21:24:47,165 [INFO] ThirdParty:1030 - CMSIS Pack Vendor :STMicroelectronics X-CUBE-MEMS1 11.1.0
2025-10-23 21:24:47,165 [INFO] ThirdParty:1030 - CMSIS Pack Vendor :STMicroelectronics X-CUBE-AZRTOS-WL 2.0.0
2025-10-23 21:24:47,165 [INFO] ThirdParty:1030 - CMSIS Pack Vendor :STMicroelectronics FP-SNS-MOTENV1 5.0.0
2025-10-23 21:24:47,165 [INFO] ThirdParty:1030 - CMSIS Pack Vendor :STMicroelectronics USB_DEVICE 1.0.0
2025-10-23 21:24:47,165 [INFO] ThirdParty:1030 - CMSIS Pack Vendor :STMicroelectronics X-CUBE-AI 8.1.0
2025-10-23 21:24:47,165 [INFO] ThirdParty:1030 - CMSIS Pack Vendor :wolfSSL I-CUBE-wolfMQTT 1.19.0
2025-10-23 21:24:47,165 [INFO] ThirdParty:1030 - CMSIS Pack Vendor :STMicroelectronics X-CUBE-AZRTOS-L4 2.0.0
2025-10-23 21:24:47,165 [INFO] ThirdParty:1030 - CMSIS Pack Vendor :STMicroelectronics ThreadX 0.0.2
2025-10-23 21:24:47,165 [INFO] ThirdParty:1030 - CMSIS Pack Vendor :WES I-CUBE-Cesium 1.3.0
2025-10-23 21:24:47,165 [INFO] ThirdParty:1030 - CMSIS Pack Vendor :STMicroelectronics lwIP 2.1.2
2025-10-23 21:24:47,165 [INFO] ThirdParty:1030 - CMSIS Pack Vendor :STMicroelectronics X-CUBE-SFXS2LP1 4.0.0
2025-10-23 21:24:47,165 [INFO] ThirdParty:1030 - CMSIS Pack Vendor :STMicroelectronics X-CUBE-BLE2 3.3.0
2025-10-23 21:24:47,165 [INFO] ThirdParty:1030 - CMSIS Pack Vendor :STMicroelectronics PDM2PCM 3.2.0
2025-10-23 21:24:47,165 [INFO] ThirdParty:1030 - CMSIS Pack Vendor :STMicroelectronics X-CUBE-ISPU 1.1.0
2025-10-23 21:24:47,165 [INFO] ThirdParty:1030 - CMSIS Pack Vendor :STMicroelectronics X-CUBE-AZRTOS-H7 3.3.0
2025-10-23 21:24:47,165 [INFO] ThirdParty:1030 - CMSIS Pack Vendor :STMicroelectronics X-CUBE-NFC9 1.0.0
2025-10-23 21:24:47,165 [INFO] ThirdParty:1030 - CMSIS Pack Vendor :STMicroelectronics X-CUBE-BLE1 7.1.0
2025-10-23 21:24:47,165 [INFO] ThirdParty:1030 - CMSIS Pack Vendor :STMicroelectronics USB_DEVICE 3.0.0
2025-10-23 21:24:47,165 [INFO] ThirdParty:1030 - CMSIS Pack Vendor :STMicroelectronics X-CUBE-TCPP 4.1.0
2025-10-23 21:24:47,165 [INFO] ThirdParty:1030 - CMSIS Pack Vendor :STMicroelectronics X-CUBE-EEPRMA1 5.2.0
2025-10-23 21:24:47,165 [INFO] ThirdParty:1030 - CMSIS Pack Vendor :STMicroelectronics X-CUBE-AZRTOS-WB 2.0.0
2025-10-23 21:24:47,165 [INFO] ThirdParty:1030 - CMSIS Pack Vendor :STMicroelectronics X-CUBE-GNSS1 7.0.0
2025-10-23 21:24:47,165 [INFO] ThirdParty:1030 - CMSIS Pack Vendor :STMicroelectronics X-CUBE-GNSS1 7.0.1
2025-10-23 21:24:47,166 [INFO] ThirdParty:1030 - CMSIS Pack Vendor :STMicroelectronics X-CUBE-TOUCHGFX 4.25.0
2025-10-23 21:24:47,166 [INFO] ThirdParty:1030 - CMSIS Pack Vendor :STMicroelectronics X-CUBE-ALGOBUILD 1.3.0
2025-10-23 21:24:47,166 [INFO] ThirdParty:1030 - CMSIS Pack Vendor :STMicroelectronics X-CUBE-AZRTOS-G0 1.1.0
2025-10-23 21:24:47,166 [INFO] ThirdParty:1030 - CMSIS Pack Vendor :STMicroelectronics X-CUBE-SAFEA1 1.2.2
2025-10-23 21:24:47,166 [INFO] ThirdParty:1030 - CMSIS Pack Vendor :STMicroelectronics X-CUBE-NFC4 3.0.0
2025-10-23 21:24:47,166 [INFO] ThirdParty:1030 - CMSIS Pack Vendor :STMicroelectronics X-CUBE-SUBG2 5.0.0
2025-10-23 21:24:47,166 [INFO] ThirdParty:1030 - CMSIS Pack Vendor :STMicroelectronics X-CUBE-AZRTOS-H7RS 1.1.0
2025-10-23 21:24:47,166 [INFO] ThirdParty:1030 - CMSIS Pack Vendor :STMicroelectronics STM32_WPAN 1.0.0
2025-10-23 21:24:47,166 [INFO] ThirdParty:1030 - CMSIS Pack Vendor :STMicroelectronics lwIP 2.0.3
2025-10-23 21:24:47,166 [INFO] ThirdParty:1030 - CMSIS Pack Vendor :Cesanta I-CUBE-Mongoose 7.13.0
2025-10-23 21:24:47,166 [INFO] ThirdParty:1030 - CMSIS Pack Vendor :STMicroelectronics USB_HOST 1.0.0
2025-10-23 21:24:47,166 [INFO] ThirdParty:1030 - CMSIS Pack Vendor :STMicroelectronics X-CUBE-TOF1 3.3.1
2025-10-23 21:24:47,166 [INFO] ThirdParty:1030 - CMSIS Pack Vendor :STMicroelectronics X-CUBE-AZRTOS-G4 2.0.0
2025-10-23 21:24:47,166 [INFO] ThirdParty:1030 - CMSIS Pack Vendor :STMicroelectronics X-CUBE-WB05N 2.0.0
2025-10-23 21:24:47,166 [INFO] ThirdParty:1030 - CMSIS Pack Vendor :STMicroelectronics PDM2PCM 3.1.0
2025-10-23 21:24:47,166 [INFO] ThirdParty:1030 - CMSIS Pack Vendor :Infineon AIROC-Wi-Fi-Bluetooth-STM32 1.5.1
2025-10-23 21:24:47,166 [INFO] ThirdParty:1030 - CMSIS Pack Vendor :STMicroelectronics X-CUBE-BLEMGR 3.0.0
2025-10-23 21:24:47,166 [INFO] ThirdParty:1030 - CMSIS Pack Vendor :STMicroelectronics X-CUBE-NFC7 2.0.0
2025-10-23 21:24:47,166 [INFO] ThirdParty:1030 - CMSIS Pack Vendor :STMicroelectronics FP-SNS-MOTENVWB1 1.3.1
2025-10-23 21:24:47,166 [INFO] ThirdParty:1030 - CMSIS Pack Vendor :STMicroelectronics FP-ATR-SIGFOX1 3.2.0
2025-10-23 21:24:47,166 [INFO] ThirdParty:1030 - CMSIS Pack Vendor :STMicroelectronics X-CUBE-ISPU 2.0.0
2025-10-23 21:24:47,166 [INFO] ThirdParty:1030 - CMSIS Pack Vendor :STMicroelectronics X-CUBE-EEPRMA1 5.1.0
2025-10-23 21:24:47,166 [INFO] ThirdParty:1030 - CMSIS Pack Vendor :STMicroelectronics MBEDTLS 2.16.2
2025-10-23 21:24:47,166 [INFO] ThirdParty:1030 - CMSIS Pack Vendor :STMicroelectronics X-CUBE-ALS 1.0.2
2025-10-23 21:24:47,166 [INFO] ThirdParty:1030 - CMSIS Pack Vendor :STMicroelectronics X-CUBE-MEMS1 10.0.0
2025-10-23 21:24:47,166 [INFO] ThirdParty:1030 - CMSIS Pack Vendor :STMicroelectronics X-CUBE-FREERTOS 1.1.0
2025-10-23 21:24:47,166 [INFO] ThirdParty:1030 - CMSIS Pack Vendor :STMicroelectronics X-CUBE-TOUCHGFX 4.24.0
2025-10-23 21:24:47,166 [INFO] ThirdParty:1030 - CMSIS Pack Vendor :STMicroelectronics X-CUBE-TOUCHGFX 4.24.2
2025-10-23 21:24:47,166 [INFO] ThirdParty:1030 - CMSIS Pack Vendor :STMicroelectronics X-CUBE-TOUCHGFX 4.24.1
2025-10-23 21:24:47,166 [INFO] ThirdParty:1030 - CMSIS Pack Vendor :STMicroelectronics X-CUBE-STSE01 1.0.0
2025-10-23 21:24:47,166 [INFO] ThirdParty:1030 - CMSIS Pack Vendor :wolfSSL I-CUBE-wolfTPM 3.4.0
2025-10-23 21:24:47,166 [INFO] ThirdParty:1030 - CMSIS Pack Vendor :portGmbH I-Cube-SoM-uGOAL 1.1.0
2025-10-23 21:24:47,166 [INFO] ThirdParty:1030 - CMSIS Pack Vendor :STMicroelectronics X-CUBE-ALS 1.0.1
2025-10-23 21:24:47,166 [INFO] ThirdParty:1030 - CMSIS Pack Vendor :STMicroelectronics X-CUBE-AI 10.2.0
2025-10-23 21:24:47,167 [INFO] ThirdParty:1030 - CMSIS Pack Vendor :STMicroelectronics ThreadX 1.0.0
2025-10-23 21:24:47,167 [INFO] ThirdParty:1030 - CMSIS Pack Vendor :SEGGER I-CUBE-embOS 1.3.1
2025-10-23 21:24:47,167 [INFO] ThirdParty:1030 - CMSIS Pack Vendor :STMicroelectronics X-CUBE-ALGOBUILD 1.4.0
2025-10-23 21:24:47,167 [INFO] ThirdParty:1030 - CMSIS Pack Vendor :STMicroelectronics X-CUBE-MEMS1 11.3.0
2025-10-23 21:24:47,167 [INFO] ThirdParty:1030 - CMSIS Pack Vendor :STMicroelectronics X-CUBE-AZRTOS-H7RS 1.0.0
2025-10-23 21:24:47,167 [INFO] ThirdParty:1030 - CMSIS Pack Vendor :STMicroelectronics FP-ATR-ASTRA1 2.0.0
2025-10-23 21:24:47,167 [INFO] ThirdParty:1030 - CMSIS Pack Vendor :STMicroelectronics X-CUBE-AI 9.1.0
2025-10-23 21:24:47,167 [INFO] ThirdParty:1030 - CMSIS Pack Vendor :STMicroelectronics X-CUBE-TOF1 3.4.0
2025-10-23 21:24:47,167 [INFO] ThirdParty:1030 - CMSIS Pack Vendor :STMicroelectronics X-CUBE-AZRTOS-H7 3.2.0
2025-10-23 21:24:47,167 [INFO] ThirdParty:1030 - CMSIS Pack Vendor :wolfSSL I-CUBE-wolfSSH 1.4.17
2025-10-23 21:24:47,167 [INFO] ThirdParty:841 - exiting critical section [change project]
2025-10-23 21:24:47,409 [INFO] PinOutPanel:1499 - setPackage(No Configuration,No Configuration)
2025-10-23 21:24:47,409 [INFO] PinOutPanel:1499 - setPackage(STM32F446RETx,LQFP64)
2025-10-23 21:24:47,666 [INFO] UtilMem:75 - Before build in PCC Used Memory: 898770784 Bytes (1073741824)
2025-10-23 21:24:47,880 [INFO] UtilMem:75 - After build in PCC Used Memory: 374002152 Bytes (1073741824)
2025-10-23 21:24:47,909 [INFO] IPUIPlugin:80 - create IPUIPlugin
2025-10-23 21:24:47,909 [INFO] IPUIPlugin:80 - create IPUIPlugin
2025-10-23 21:24:47,909 [INFO] IPUIPlugin:80 - create IPUIPlugin
2025-10-23 21:24:47,909 [INFO] IPUIPlugin:80 - create IPUIPlugin
2025-10-23 21:24:47,909 [INFO] IPUIPlugin:80 - create IPUIPlugin
2025-10-23 21:24:47,910 [INFO] IPUIPlugin:80 - create IPUIPlugin
2025-10-23 21:24:47,910 [INFO] IPUIPlugin:80 - create IPUIPlugin
2025-10-23 21:24:47,926 [INFO] IPUIPlugin:80 - create IPUIPlugin
2025-10-23 21:24:47,926 [INFO] IPUIPlugin:80 - create IPUIPlugin
2025-10-23 21:24:47,927 [INFO] IPUIPlugin:80 - create IPUIPlugin
2025-10-23 21:24:47,927 [INFO] IPUIPlugin:80 - create IPUIPlugin
2025-10-23 21:24:47,927 [INFO] IPUIPlugin:80 - create IPUIPlugin
2025-10-23 21:24:47,927 [INFO] IPUIPlugin:80 - create IPUIPlugin
2025-10-23 21:24:47,927 [INFO] IPUIPlugin:80 - create IPUIPlugin
2025-10-23 21:24:47,927 [INFO] IPUIPlugin:80 - create IPUIPlugin
2025-10-23 21:24:47,927 [INFO] IPUIPlugin:80 - create IPUIPlugin
2025-10-23 21:24:47,927 [INFO] IPUIPlugin:80 - create IPUIPlugin
2025-10-23 21:24:47,927 [INFO] IPUIPlugin:80 - create IPUIPlugin
2025-10-23 21:24:47,927 [INFO] IPUIPlugin:80 - create IPUIPlugin
2025-10-23 21:24:47,927 [INFO] IPUIPlugin:80 - create IPUIPlugin
2025-10-23 21:24:47,927 [INFO] IPUIPlugin:80 - create IPUIPlugin
2025-10-23 21:24:47,927 [INFO] IPUIPlugin:80 - create IPUIPlugin
2025-10-23 21:24:47,928 [INFO] IPUIPlugin:80 - create IPUIPlugin
2025-10-23 21:24:47,928 [INFO] IPUIPlugin:80 - create IPUIPlugin
2025-10-23 21:24:47,928 [INFO] IPUIPlugin:80 - create IPUIPlugin
2025-10-23 21:24:47,928 [INFO] IPUIPlugin:80 - create IPUIPlugin
2025-10-23 21:24:47,928 [INFO] IPUIPlugin:80 - create IPUIPlugin
2025-10-23 21:24:47,928 [INFO] IPUIPlugin:80 - create IPUIPlugin
2025-10-23 21:24:47,928 [INFO] IPUIPlugin:80 - create IPUIPlugin
2025-10-23 21:24:47,928 [INFO] IPUIPlugin:80 - create IPUIPlugin
2025-10-23 21:24:47,929 [INFO] IPUIPlugin:80 - create IPUIPlugin
2025-10-23 21:24:47,929 [INFO] IPUIPlugin:80 - create IPUIPlugin
2025-10-23 21:24:47,929 [INFO] IPUIPlugin:80 - create IPUIPlugin
2025-10-23 21:24:47,929 [INFO] IPUIPlugin:80 - create IPUIPlugin
2025-10-23 21:24:47,929 [INFO] IPUIPlugin:80 - create IPUIPlugin
2025-10-23 21:24:47,929 [INFO] IPUIPlugin:80 - create IPUIPlugin
2025-10-23 21:24:47,929 [INFO] IPUIPlugin:80 - create IPUIPlugin
2025-10-23 21:24:47,929 [INFO] IPUIPlugin:80 - create IPUIPlugin
2025-10-23 21:24:47,929 [INFO] IPUIPlugin:80 - create IPUIPlugin
2025-10-23 21:24:47,929 [INFO] IPUIPlugin:80 - create IPUIPlugin
2025-10-23 21:24:47,929 [INFO] IPUIPlugin:80 - create IPUIPlugin
2025-10-23 21:24:47,929 [INFO] IPUIPlugin:80 - create IPUIPlugin
2025-10-23 21:24:47,929 [INFO] IPUIPlugin:80 - create IPUIPlugin
2025-10-23 21:24:47,929 [INFO] IPUIPlugin:80 - create IPUIPlugin
2025-10-23 21:24:47,929 [INFO] IPUIPlugin:80 - create IPUIPlugin
2025-10-23 21:24:47,929 [INFO] IPUIPlugin:80 - create IPUIPlugin
2025-10-23 21:24:47,929 [INFO] IPUIPlugin:80 - create IPUIPlugin
2025-10-23 21:24:47,929 [INFO] IPUIPlugin:80 - create IPUIPlugin
2025-10-23 21:24:47,929 [INFO] IPUIPlugin:80 - create IPUIPlugin
2025-10-23 21:24:47,930 [INFO] IPUIPlugin:80 - create IPUIPlugin
2025-10-23 21:24:47,930 [INFO] IPUIPlugin:80 - create IPUIPlugin
2025-10-23 21:24:47,930 [INFO] IPUIPlugin:80 - create IPUIPlugin
2025-10-23 21:24:47,930 [INFO] IPUIPlugin:80 - create IPUIPlugin
2025-10-23 21:24:47,930 [INFO] IPUIPlugin:80 - create IPUIPlugin
2025-10-23 21:24:47,930 [INFO] IPUIPlugin:80 - create IPUIPlugin
2025-10-23 21:24:47,931 [INFO] IPUIPlugin:80 - create IPUIPlugin
2025-10-23 21:24:47,931 [INFO] IPUIPlugin:80 - create IPUIPlugin
2025-10-23 21:24:47,931 [INFO] IPUIPlugin:80 - create IPUIPlugin
2025-10-23 21:24:47,932 [INFO] IPUIPlugin:80 - create IPUIPlugin
2025-10-23 21:24:47,932 [INFO] IPUIPlugin:80 - create IPUIPlugin
2025-10-23 21:24:47,935 [INFO] ApiDbMcu:507 - Load IP Config File for PDM2PCM
2025-10-23 21:24:47,975 [INFO] CADModel:165 - CPN selected for project levelSTM32F446RET6
2025-10-23 21:24:47,975 [INFO] CADModel:114 - Register for checkConnection events
2025-10-23 21:24:48,025 [INFO] OpenFileManager:328 - Restore cursor
2025-10-23 21:24:48,449 [INFO] UtilMem:75 - End SaveConfig() Used Memory: 493146008 Bytes (1073741824)
2025-10-23 21:24:48,498 [INFO] UtilMem:75 - End SaveConfig() Used Memory: 514161472 Bytes (1073741824)
2025-10-23 21:24:48,674 [INFO] BlockDiagram:2759 - set Specific Code input for plugin: SYS
2025-10-23 21:24:48,674 [INFO] BlockDiagram:2759 - set Specific Code input for plugin: RCC
2025-10-23 21:24:48,674 [INFO] BlockDiagram:2759 - set Specific Code input for plugin: NVIC
2025-10-23 21:24:48,674 [INFO] BlockDiagram:2759 - set Specific Code input for plugin: USART
2025-10-23 21:24:48,675 [INFO] BlockDiagram:2759 - set Specific Code input for plugin: GPIO
2025-10-23 21:24:48,675 [INFO] CodeGenerator:799 - code generatio: config db path: /opt/st/stm32cubeide_1.13.2/plugins/com.st.stm32cube.common.mx_6.9.2.202309101412//db/
2025-10-23 21:24:48,922 [INFO] CodeEngine:255 - oldGeneratedFile, /home/sunbeam/CDAC/Sunbeam_internship/stm32/display1.4/MXTmpFiles/license.tmp_save
2025-10-23 21:24:49,031 [INFO] CodeEngine:279 - Generated code: /home/sunbeam/CDAC/Sunbeam_internship/stm32/display1.4/MXTmpFiles/license.tmp
2025-10-23 21:24:49,057 [INFO] CodeEngine:255 - oldGeneratedFile, /home/sunbeam/CDAC/Sunbeam_internship/stm32/display1.4/MXTmpFiles/gpio.tmp_save
2025-10-23 21:24:49,144 [INFO] CodeEngine:279 - Generated code: /home/sunbeam/CDAC/Sunbeam_internship/stm32/display1.4/MXTmpFiles/gpio.tmp
2025-10-23 21:24:49,175 [INFO] CodeEngine:255 - oldGeneratedFile, /home/sunbeam/CDAC/Sunbeam_internship/stm32/display1.4/Core/Src/stm32f4xx_it.c_save
2025-10-23 21:24:49,308 [INFO] CodeEngine:279 - Generated code: /home/sunbeam/CDAC/Sunbeam_internship/stm32/display1.4/Core/Src/stm32f4xx_it.c
2025-10-23 21:24:49,309 [INFO] CodeEngine:255 - oldGeneratedFile, /home/sunbeam/CDAC/Sunbeam_internship/stm32/display1.4/Core/Inc/stm32f4xx_it.h_save
2025-10-23 21:24:49,369 [INFO] CodeEngine:279 - Generated code: /home/sunbeam/CDAC/Sunbeam_internship/stm32/display1.4/Core/Inc/stm32f4xx_it.h
2025-10-23 21:24:49,372 [INFO] CodeEngine:255 - oldGeneratedFile, /home/sunbeam/CDAC/Sunbeam_internship/stm32/display1.4/Core/Src/stm32f4xx_hal_msp.c_save
2025-10-23 21:24:49,465 [INFO] CodeEngine:279 - Generated code: /home/sunbeam/CDAC/Sunbeam_internship/stm32/display1.4/Core/Src/stm32f4xx_hal_msp.c
2025-10-23 21:24:49,466 [INFO] CodeEngine:255 - oldGeneratedFile, /home/sunbeam/CDAC/Sunbeam_internship/stm32/display1.4/MXTmpFiles/system.tmp_save
2025-10-23 21:24:49,523 [INFO] CodeEngine:279 - Generated code: /home/sunbeam/CDAC/Sunbeam_internship/stm32/display1.4/MXTmpFiles/system.tmp
2025-10-23 21:24:49,525 [INFO] CodeEngine:311 - oldGeneratedFile, /home/sunbeam/CDAC/Sunbeam_internship/stm32/display1.4/Core/Inc/stm32f4xx_hal_conf.h_save
2025-10-23 21:24:49,594 [INFO] CodeEngine:335 - Generated code: /home/sunbeam/CDAC/Sunbeam_internship/stm32/display1.4/Core/Inc/stm32f4xx_hal_conf.h
2025-10-23 21:24:49,607 [WARN] IPConfigManager:2937 - Warning: the RefConfig PLL2P_FOR_MCO is not available in your config.xml file
2025-10-23 21:24:49,611 [INFO] CodeEngine:255 - oldGeneratedFile, /home/sunbeam/CDAC/Sunbeam_internship/stm32/display1.4/Core/Inc/main.h_save
2025-10-23 21:24:49,688 [INFO] CodeEngine:279 - Generated code: /home/sunbeam/CDAC/Sunbeam_internship/stm32/display1.4/Core/Inc/main.h
2025-10-23 21:24:49,689 [INFO] CodeEngine:255 - oldGeneratedFile, /home/sunbeam/CDAC/Sunbeam_internship/stm32/display1.4/Core/Src/main.c_save
2025-10-23 21:24:49,777 [INFO] CodeEngine:279 - Generated code: /home/sunbeam/CDAC/Sunbeam_internship/stm32/display1.4/Core/Src/main.c
2025-10-23 21:24:50,334 [INFO] ProjectBuilder:3064 - Time for Copy HAL[1] : 52mS.
2025-10-23 21:24:50,336 [INFO] ProjectBuilder:4404 - Project Generator version: 4.1.0
2025-10-23 21:24:50,587 [INFO] ConfigFileManager:1457 - The Die is : DIE421
2025-10-23 21:24:50,591 [INFO] ApiDbMcu:507 - Load IP Config File for FATFS
2025-10-23 21:24:50,598 [INFO] ApiDbMcu:507 - Load IP Config File for FREERTOS
2025-10-23 21:24:50,601 [INFO] ApiDbMcu:507 - Load IP Config File for LIBJPEG
2025-10-23 21:24:50,612 [INFO] ApiDbMcu:507 - Load IP Config File for MBEDTLS
2025-10-23 21:24:50,623 [INFO] ApiDbMcu:507 - Load IP Config File for USB_DEVICE
2025-10-23 21:24:50,631 [INFO] ApiDbMcu:507 - Load IP Config File for USB_HOST
2025-10-23 21:24:53,663 [INFO] ProjectBuilder:4626 - Time for Generating toolchain IDE Files: 3327mS.
2025-10-23 21:24:53,663 [INFO] ProjectBuilder:2935 - Time for Copy CMSIS : 0mS.
2025-10-23 21:24:53,664 [INFO] ProjectBuilder:2935 - Time for Copy CMSIS : 1mS.
2025-10-23 21:24:53,849 [INFO] McuFinderGlobals:76 - Set McuFinderConnectedMode to true
2025-10-23 21:24:53,852 [INFO] ApiDb:448 - Save user favorites file /home/sunbeam/.stm32cubeide/favorites.mcus.txt: 0 item(s)
2025-10-23 21:24:53,852 [INFO] ApiDb:452 - User favorites MCUs=[]
2025-10-23 21:24:53,854 [INFO] ApiDb:448 - Save user favorites file /home/sunbeam/.stm32cubeide/favorites.boards.txt: 3 item(s)
2025-10-23 21:24:53,854 [INFO] ApiDb:452 - User favorites Boards=[NUCLEO-F446RE, STM32F407G-DISC1, STM32F411E-DISCO]
2025-10-23 21:27:00,241 [INFO] NvicIntPanel:101 - NVIC parent = com.st.microxplorer.plugins.ip.nvic.MultiNvicIntPanel[,0,0,0x0,invalid,layout=javax.swing.BoxLayout,alignmentX=0.0,alignmentY=0.0,border=,flags=9,maximumSize=,minimumSize=,preferredSize=]
2025-10-23 21:27:03,337 [INFO] NvicIntPanel:101 - NVIC parent = com.st.microxplorer.plugins.ip.nvic.MultiNvicIntPanel[,0,0,0x0,invalid,layout=javax.swing.BoxLayout,alignmentX=0.0,alignmentY=0.0,border=,flags=9,maximumSize=,minimumSize=,preferredSize=]
2025-10-23 21:27:14,097 [WARN] IP:2114 - I2C_Coeff_DF not found: check if there is a RefParameter without a condition.
2025-10-23 21:27:14,097 [WARN] IP:2114 - Analog_Filter not found: check if there is a RefParameter without a condition.
2025-10-23 21:27:14,171 [WARN] IP:2114 - I2C_Coeff_DF not found: check if there is a RefParameter without a condition.
2025-10-23 21:27:14,171 [WARN] IP:2114 - Analog_Filter not found: check if there is a RefParameter without a condition.
2025-10-23 21:27:14,171 [WARN] IP:2114 - I2C_Coeff_DF not found: check if there is a RefParameter without a condition.
2025-10-23 21:27:14,171 [WARN] IP:2114 - Analog_Filter not found: check if there is a RefParameter without a condition.
2025-10-23 21:27:14,228 [WARN] IP:2114 - I2C_Coeff_DF not found: check if there is a RefParameter without a condition.
2025-10-23 21:27:14,228 [WARN] IP:2114 - Analog_Filter not found: check if there is a RefParameter without a condition.
2025-10-23 21:27:14,230 [WARN] IP:2114 - I2C_Coeff_DF not found: check if there is a RefParameter without a condition.
2025-10-23 21:27:14,230 [WARN] IP:2114 - Analog_Filter not found: check if there is a RefParameter without a condition.
2025-10-23 21:31:28,158 [WARN] IP:2114 - I2C_Coeff_DF not found: check if there is a RefParameter without a condition.
2025-10-23 21:31:28,159 [WARN] IP:2114 - Analog_Filter not found: check if there is a RefParameter without a condition.
2025-10-23 21:31:28,159 [WARN] IP:2114 - I2C_Coeff_DF not found: check if there is a RefParameter without a condition.
2025-10-23 21:31:28,159 [WARN] IP:2114 - Analog_Filter not found: check if there is a RefParameter without a condition.
2025-10-23 21:31:28,206 [WARN] IP:2114 - I2C_Coeff_DF not found: check if there is a RefParameter without a condition.
2025-10-23 21:31:28,207 [WARN] IP:2114 - Analog_Filter not found: check if there is a RefParameter without a condition.
2025-10-23 21:31:28,256 [WARN] IP:2114 - I2C_Coeff_DF not found: check if there is a RefParameter without a condition.
2025-10-23 21:31:28,257 [WARN] IP:2114 - Analog_Filter not found: check if there is a RefParameter without a condition.
2025-10-23 21:31:32,584 [WARN] IP:2114 - I2C_Coeff_DF not found: check if there is a RefParameter without a condition.
2025-10-23 21:31:32,584 [WARN] IP:2114 - Analog_Filter not found: check if there is a RefParameter without a condition.
2025-10-23 21:31:32,723 [WARN] IP:2114 - I2C_Coeff_DF not found: check if there is a RefParameter without a condition.
2025-10-23 21:31:32,723 [WARN] IP:2114 - Analog_Filter not found: check if there is a RefParameter without a condition.
2025-10-23 21:31:32,724 [WARN] IP:2114 - I2C_Coeff_DF not found: check if there is a RefParameter without a condition.
2025-10-23 21:31:32,724 [WARN] IP:2114 - Analog_Filter not found: check if there is a RefParameter without a condition.
2025-10-23 21:31:32,772 [WARN] IP:2114 - I2C_Coeff_DF not found: check if there is a RefParameter without a condition.
2025-10-23 21:31:32,772 [WARN] IP:2114 - Analog_Filter not found: check if there is a RefParameter without a condition.
2025-10-23 21:31:32,816 [WARN] IP:2114 - I2C_Coeff_DF not found: check if there is a RefParameter without a condition.
2025-10-23 21:31:32,816 [WARN] IP:2114 - Analog_Filter not found: check if there is a RefParameter without a condition.
2025-10-23 21:31:36,213 [WARN] IP:2114 - I2C_Coeff_DF not found: check if there is a RefParameter without a condition.
2025-10-23 21:31:36,213 [WARN] IP:2114 - Analog_Filter not found: check if there is a RefParameter without a condition.
2025-10-23 21:31:36,326 [WARN] IP:2114 - I2C_Coeff_DF not found: check if there is a RefParameter without a condition.
2025-10-23 21:31:36,326 [WARN] IP:2114 - Analog_Filter not found: check if there is a RefParameter without a condition.
2025-10-23 21:31:36,326 [WARN] IP:2114 - I2C_Coeff_DF not found: check if there is a RefParameter without a condition.
2025-10-23 21:31:36,326 [WARN] IP:2114 - Analog_Filter not found: check if there is a RefParameter without a condition.
2025-10-23 21:31:36,367 [WARN] IP:2114 - I2C_Coeff_DF not found: check if there is a RefParameter without a condition.
2025-10-23 21:31:36,367 [WARN] IP:2114 - Analog_Filter not found: check if there is a RefParameter without a condition.
2025-10-23 21:31:36,408 [WARN] IP:2114 - I2C_Coeff_DF not found: check if there is a RefParameter without a condition.
2025-10-23 21:31:36,408 [WARN] IP:2114 - Analog_Filter not found: check if there is a RefParameter without a condition.
2025-10-23 21:31:40,441 [WARN] IP:2114 - I2C_Coeff_DF not found: check if there is a RefParameter without a condition.
2025-10-23 21:31:40,441 [WARN] IP:2114 - Analog_Filter not found: check if there is a RefParameter without a condition.
2025-10-23 21:31:40,562 [WARN] IP:2114 - I2C_Coeff_DF not found: check if there is a RefParameter without a condition.
2025-10-23 21:31:40,562 [WARN] IP:2114 - Analog_Filter not found: check if there is a RefParameter without a condition.
2025-10-23 21:31:40,563 [WARN] IP:2114 - I2C_Coeff_DF not found: check if there is a RefParameter without a condition.
2025-10-23 21:31:40,563 [WARN] IP:2114 - Analog_Filter not found: check if there is a RefParameter without a condition.
2025-10-23 21:31:40,606 [WARN] IP:2114 - I2C_Coeff_DF not found: check if there is a RefParameter without a condition.
2025-10-23 21:31:40,606 [WARN] IP:2114 - Analog_Filter not found: check if there is a RefParameter without a condition.
2025-10-23 21:31:40,646 [WARN] IP:2114 - I2C_Coeff_DF not found: check if there is a RefParameter without a condition.
2025-10-23 21:31:40,646 [WARN] IP:2114 - Analog_Filter not found: check if there is a RefParameter without a condition.
2025-10-23 21:31:45,929 [WARN] IP:2114 - I2C_Coeff_DF not found: check if there is a RefParameter without a condition.
2025-10-23 21:31:45,929 [WARN] IP:2114 - Analog_Filter not found: check if there is a RefParameter without a condition.
2025-10-23 21:31:46,071 [WARN] IP:2114 - I2C_Coeff_DF not found: check if there is a RefParameter without a condition.
2025-10-23 21:31:46,072 [WARN] IP:2114 - Analog_Filter not found: check if there is a RefParameter without a condition.
2025-10-23 21:31:46,072 [WARN] IP:2114 - I2C_Coeff_DF not found: check if there is a RefParameter without a condition.
2025-10-23 21:31:46,072 [WARN] IP:2114 - Analog_Filter not found: check if there is a RefParameter without a condition.
2025-10-23 21:31:46,119 [WARN] IP:2114 - I2C_Coeff_DF not found: check if there is a RefParameter without a condition.
2025-10-23 21:31:46,120 [WARN] IP:2114 - Analog_Filter not found: check if there is a RefParameter without a condition.
2025-10-23 21:31:46,163 [WARN] IP:2114 - I2C_Coeff_DF not found: check if there is a RefParameter without a condition.
2025-10-23 21:31:46,163 [WARN] IP:2114 - Analog_Filter not found: check if there is a RefParameter without a condition.
2025-10-23 21:31:49,564 [WARN] IP:2114 - I2C_Coeff_DF not found: check if there is a RefParameter without a condition.
2025-10-23 21:31:49,565 [WARN] IP:2114 - Analog_Filter not found: check if there is a RefParameter without a condition.
2025-10-23 21:31:49,685 [WARN] IP:2114 - I2C_Coeff_DF not found: check if there is a RefParameter without a condition.
2025-10-23 21:31:49,686 [WARN] IP:2114 - Analog_Filter not found: check if there is a RefParameter without a condition.
2025-10-23 21:31:49,686 [WARN] IP:2114 - I2C_Coeff_DF not found: check if there is a RefParameter without a condition.
2025-10-23 21:31:49,686 [WARN] IP:2114 - Analog_Filter not found: check if there is a RefParameter without a condition.
2025-10-23 21:31:49,734 [WARN] IP:2114 - I2C_Coeff_DF not found: check if there is a RefParameter without a condition.
2025-10-23 21:31:49,734 [WARN] IP:2114 - Analog_Filter not found: check if there is a RefParameter without a condition.
2025-10-23 21:31:49,781 [WARN] IP:2114 - I2C_Coeff_DF not found: check if there is a RefParameter without a condition.
2025-10-23 21:31:49,781 [WARN] IP:2114 - Analog_Filter not found: check if there is a RefParameter without a condition.
2025-10-23 21:31:54,835 [WARN] IP:2114 - I2C_Coeff_DF not found: check if there is a RefParameter without a condition.
2025-10-23 21:31:54,835 [WARN] IP:2114 - Analog_Filter not found: check if there is a RefParameter without a condition.
2025-10-23 21:31:54,980 [WARN] IP:2114 - I2C_Coeff_DF not found: check if there is a RefParameter without a condition.
2025-10-23 21:31:54,980 [WARN] IP:2114 - Analog_Filter not found: check if there is a RefParameter without a condition.
2025-10-23 21:31:54,981 [WARN] IP:2114 - I2C_Coeff_DF not found: check if there is a RefParameter without a condition.
2025-10-23 21:31:54,981 [WARN] IP:2114 - Analog_Filter not found: check if there is a RefParameter without a condition.
2025-10-23 21:31:55,026 [WARN] IP:2114 - I2C_Coeff_DF not found: check if there is a RefParameter without a condition.
2025-10-23 21:31:55,026 [WARN] IP:2114 - Analog_Filter not found: check if there is a RefParameter without a condition.
2025-10-23 21:31:55,063 [WARN] IP:2114 - I2C_Coeff_DF not found: check if there is a RefParameter without a condition.
2025-10-23 21:31:55,063 [WARN] IP:2114 - Analog_Filter not found: check if there is a RefParameter without a condition.
2025-10-23 21:32:01,447 [WARN] IP:2114 - I2C_Coeff_DF not found: check if there is a RefParameter without a condition.
2025-10-23 21:32:01,447 [WARN] IP:2114 - Analog_Filter not found: check if there is a RefParameter without a condition.
2025-10-23 21:32:01,574 [WARN] IP:2114 - I2C_Coeff_DF not found: check if there is a RefParameter without a condition.
2025-10-23 21:32:01,574 [WARN] IP:2114 - Analog_Filter not found: check if there is a RefParameter without a condition.
2025-10-23 21:32:01,575 [WARN] IP:2114 - I2C_Coeff_DF not found: check if there is a RefParameter without a condition.
2025-10-23 21:32:01,575 [WARN] IP:2114 - Analog_Filter not found: check if there is a RefParameter without a condition.
2025-10-23 21:32:01,613 [WARN] IP:2114 - I2C_Coeff_DF not found: check if there is a RefParameter without a condition.
2025-10-23 21:32:01,613 [WARN] IP:2114 - Analog_Filter not found: check if there is a RefParameter without a condition.
2025-10-23 21:32:01,646 [WARN] IP:2114 - I2C_Coeff_DF not found: check if there is a RefParameter without a condition.
2025-10-23 21:32:01,646 [WARN] IP:2114 - Analog_Filter not found: check if there is a RefParameter without a condition.
2025-10-23 21:32:07,366 [INFO] Gpio:273 - dependency for GPIO [I2C1, RCC]
2025-10-23 21:37:19,410 [INFO] UtilMem:75 - End SaveConfig() Used Memory: 861282744 Bytes (975175680)
2025-10-23 21:37:22,155 [INFO] UtilMem:75 - End SaveConfig() Used Memory: 329248856 Bytes (975175680)
2025-10-23 21:37:25,145 [INFO] UtilMem:75 - End SaveConfig() Used Memory: 489677576 Bytes (975175680)
2025-10-23 21:37:25,344 [INFO] BlockDiagram:2759 - set Specific Code input for plugin: SYS
2025-10-23 21:37:25,344 [INFO] BlockDiagram:2759 - set Specific Code input for plugin: RCC
2025-10-23 21:37:25,344 [INFO] BlockDiagram:2759 - set Specific Code input for plugin: I2C
2025-10-23 21:37:25,344 [INFO] BlockDiagram:2759 - set Specific Code input for plugin: NVIC
2025-10-23 21:37:25,345 [INFO] BlockDiagram:2759 - set Specific Code input for plugin: GPIO
2025-10-23 21:37:25,345 [INFO] CodeGenerator:799 - code generatio: config db path: /opt/st/stm32cubeide_1.13.2/plugins/com.st.stm32cube.common.mx_6.9.2.202309101412//db/
2025-10-23 21:37:25,346 [WARN] IP:2114 - I2C_Coeff_DF not found: check if there is a RefParameter without a condition.
2025-10-23 21:37:25,346 [WARN] IP:2114 - Analog_Filter not found: check if there is a RefParameter without a condition.
2025-10-23 21:37:25,522 [INFO] CodeEngine:255 - oldGeneratedFile, /home/sunbeam/CDAC/Sunbeam_internship/stm32/display1.4/MXTmpFiles/license.tmp_save
2025-10-23 21:37:25,627 [INFO] CodeEngine:279 - Generated code: /home/sunbeam/CDAC/Sunbeam_internship/stm32/display1.4/MXTmpFiles/license.tmp
2025-10-23 21:37:25,643 [INFO] CodeEngine:255 - oldGeneratedFile, /home/sunbeam/CDAC/Sunbeam_internship/stm32/display1.4/MXTmpFiles/gpio.tmp_save
2025-10-23 21:37:25,732 [INFO] CodeEngine:279 - Generated code: /home/sunbeam/CDAC/Sunbeam_internship/stm32/display1.4/MXTmpFiles/gpio.tmp
2025-10-23 21:37:25,786 [INFO] CodeEngine:255 - oldGeneratedFile, /home/sunbeam/CDAC/Sunbeam_internship/stm32/display1.4/Core/Src/stm32f4xx_it.c_save
2025-10-23 21:37:25,910 [INFO] CodeEngine:279 - Generated code: /home/sunbeam/CDAC/Sunbeam_internship/stm32/display1.4/Core/Src/stm32f4xx_it.c
2025-10-23 21:37:25,912 [INFO] CodeEngine:255 - oldGeneratedFile, /home/sunbeam/CDAC/Sunbeam_internship/stm32/display1.4/Core/Inc/stm32f4xx_it.h_save
2025-10-23 21:37:26,006 [INFO] CodeEngine:279 - Generated code: /home/sunbeam/CDAC/Sunbeam_internship/stm32/display1.4/Core/Inc/stm32f4xx_it.h
2025-10-23 21:37:26,012 [INFO] CodeEngine:255 - oldGeneratedFile, /home/sunbeam/CDAC/Sunbeam_internship/stm32/display1.4/Core/Src/stm32f4xx_hal_msp.c_save
2025-10-23 21:37:26,150 [INFO] CodeEngine:279 - Generated code: /home/sunbeam/CDAC/Sunbeam_internship/stm32/display1.4/Core/Src/stm32f4xx_hal_msp.c
2025-10-23 21:37:26,152 [INFO] CodeEngine:255 - oldGeneratedFile, /home/sunbeam/CDAC/Sunbeam_internship/stm32/display1.4/MXTmpFiles/system.tmp_save
2025-10-23 21:37:26,248 [INFO] CodeEngine:279 - Generated code: /home/sunbeam/CDAC/Sunbeam_internship/stm32/display1.4/MXTmpFiles/system.tmp
2025-10-23 21:37:26,251 [INFO] CodeEngine:311 - oldGeneratedFile, /home/sunbeam/CDAC/Sunbeam_internship/stm32/display1.4/Core/Inc/stm32f4xx_hal_conf.h_save
2025-10-23 21:37:26,355 [INFO] CodeEngine:335 - Generated code: /home/sunbeam/CDAC/Sunbeam_internship/stm32/display1.4/Core/Inc/stm32f4xx_hal_conf.h
2025-10-23 21:37:26,368 [WARN] IPConfigManager:2937 - Warning: the RefConfig PLL2P_FOR_MCO is not available in your config.xml file
2025-10-23 21:37:26,371 [INFO] CodeEngine:255 - oldGeneratedFile, /home/sunbeam/CDAC/Sunbeam_internship/stm32/display1.4/Core/Inc/main.h_save
2025-10-23 21:37:26,481 [INFO] CodeEngine:279 - Generated code: /home/sunbeam/CDAC/Sunbeam_internship/stm32/display1.4/Core/Inc/main.h
2025-10-23 21:37:26,483 [INFO] CodeEngine:255 - oldGeneratedFile, /home/sunbeam/CDAC/Sunbeam_internship/stm32/display1.4/Core/Src/main.c_save
2025-10-23 21:37:26,610 [INFO] CodeEngine:279 - Generated code: /home/sunbeam/CDAC/Sunbeam_internship/stm32/display1.4/Core/Src/main.c
2025-10-23 21:37:27,213 [INFO] ProjectBuilder:3064 - Time for Copy HAL[1] : 32mS.
2025-10-23 21:37:27,215 [INFO] ProjectBuilder:4404 - Project Generator version: 4.1.0
2025-10-23 21:37:27,528 [INFO] ConfigFileManager:1457 - The Die is : DIE421
2025-10-23 21:37:28,757 [INFO] ProjectBuilder:4626 - Time for Generating toolchain IDE Files: 1541mS.
2025-10-23 21:37:28,757 [INFO] ProjectBuilder:2935 - Time for Copy CMSIS : 0mS.
2025-10-23 21:37:28,758 [INFO] ProjectBuilder:2935 - Time for Copy CMSIS : 0mS.
