2025-10-21 21:13:13,306 [INFO] Activator:176 - 


2025-10-21 21:13:13,323 [INFO] Activator:177 - !SESSION log4j initialized
2025-10-21 21:13:19,577 [INFO] LogOutputStream:77 - [STDOUT_REDIRECT] 
2025-10-21 21:13:21,228 [INFO] ApplicationProperties:184 - Using Application install path: /opt/st/stm32cubeide_1.13.2/plugins/com.st.stm32cube.common.mx_6.9.2.202309101412
2025-10-21 21:13:21,259 [INFO] DbMcusXml:78 - Set database path to: /opt/st/stm32cubeide_1.13.2/plugins/com.st.stm32cube.common.mx_6.9.2.202309101412//db//mcu/
2025-10-21 21:13:21,260 [INFO] ApiDb:274 - Set plugin database path to: /opt/st/stm32cubeide_1.13.2/plugins/com.st.stm32cube.common.mx_6.9.2.202309101412//db//plugins/boardmanager/
2025-10-21 21:13:21,261 [WARN] ApiDb:259 - Overriding images path with different value:  => /opt/st/stm32cubeide_1.13.2/plugins/com.st.stm32cube.common.mx_6.9.2.202309101412//db//plugins/mcufinder/images/
2025-10-21 21:13:21,289 [INFO] ApiDb:250 - Set database path to: /home/sunbeam/.stmcufinder/plugins/mcufinder//mcu/
2025-10-21 21:13:21,292 [INFO] DbMcusAds:125 - Set database path to: /home/sunbeam/.stmcufinder/plugins/mcufinder//mcu/
2025-10-21 21:13:21,299 [INFO] CrossReferenceDbSqlite:203 - Set database path to: /home/sunbeam/.stmcufinder/plugins/mcufinder//mcu/cs/
2025-10-21 21:13:21,465 [INFO] RulesReader:64 - Compatibility file has been processed (293 Rules)
2025-10-21 21:13:21,579 [INFO] DbMcusXml:78 - Set database path to: /opt/st/stm32cubeide_1.13.2/plugins/com.st.stm32cube.common.mx_6.9.2.202309101412//db//mcu/
2025-10-21 21:13:21,580 [INFO] ApiDb:274 - Set plugin database path to: /opt/st/stm32cubeide_1.13.2/plugins/com.st.stm32cube.common.mx_6.9.2.202309101412//db//plugins/boardmanager/
2025-10-21 21:13:21,580 [INFO] ApiDb:261 - Set plugin images path to: /opt/st/stm32cubeide_1.13.2/plugins/com.st.stm32cube.common.mx_6.9.2.202309101412//db//plugins/mcufinder/images/
2025-10-21 21:13:21,580 [WARN] DbFile:41 - Overriding database path with different value: /home/sunbeam/.stmcufinder/plugins/mcufinder/ => /home/sunbeam/.stmcufinder/plugins/mcufinder
2025-10-21 21:13:21,581 [INFO] ApiDb:250 - Set database path to: /home/sunbeam/.stmcufinder/plugins/mcufinder//mcu/
2025-10-21 21:13:21,584 [WARN] DbFile:41 - Overriding database path with different value: /home/sunbeam/.stmcufinder/plugins/mcufinder/ => /home/sunbeam/.stmcufinder/plugins/mcufinder
2025-10-21 21:13:21,584 [INFO] DbMcusAds:125 - Set database path to: /home/sunbeam/.stmcufinder/plugins/mcufinder//mcu/
2025-10-21 21:13:21,584 [WARN] DbFile:41 - Overriding database path with different value: /home/sunbeam/.stmcufinder/plugins/mcufinder/ => /home/sunbeam/.stmcufinder/plugins/mcufinder
2025-10-21 21:13:21,584 [WARN] DbFile:41 - Overriding database path with different value: /home/sunbeam/.stmcufinder/plugins/mcufinder/ => /home/sunbeam/.stmcufinder/plugins/mcufinder
2025-10-21 21:13:21,585 [INFO] CrossReferenceDbSqlite:203 - Set database path to: /home/sunbeam/.stmcufinder/plugins/mcufinder//mcu/cs/
2025-10-21 21:13:21,695 [INFO] MainPanel:262 - HeapMemory: 268435456
2025-10-21 21:13:21,826 [INFO] DbMcusXml:78 - Set database path to: /opt/st/stm32cubeide_1.13.2/plugins/com.st.stm32cube.common.mx_6.9.2.202309101412//db//mcu/
2025-10-21 21:13:21,826 [INFO] ApiDb:274 - Set plugin database path to: /opt/st/stm32cubeide_1.13.2/plugins/com.st.stm32cube.common.mx_6.9.2.202309101412//db//plugins/boardmanager/
2025-10-21 21:13:21,826 [INFO] ApiDb:261 - Set plugin images path to: /opt/st/stm32cubeide_1.13.2/plugins/com.st.stm32cube.common.mx_6.9.2.202309101412//db//plugins/mcufinder/images/
2025-10-21 21:13:21,827 [WARN] DbFile:41 - Overriding database path with different value: /home/sunbeam/.stmcufinder/plugins/mcufinder/ => /home/sunbeam/.stmcufinder/plugins/mcufinder
2025-10-21 21:13:21,827 [INFO] ApiDb:250 - Set database path to: /home/sunbeam/.stmcufinder/plugins/mcufinder//mcu/
2025-10-21 21:13:21,827 [WARN] DbFile:41 - Overriding database path with different value: /home/sunbeam/.stmcufinder/plugins/mcufinder/ => /home/sunbeam/.stmcufinder/plugins/mcufinder
2025-10-21 21:13:21,828 [INFO] DbMcusAds:125 - Set database path to: /home/sunbeam/.stmcufinder/plugins/mcufinder//mcu/
2025-10-21 21:13:21,828 [WARN] DbFile:41 - Overriding database path with different value: /home/sunbeam/.stmcufinder/plugins/mcufinder/ => /home/sunbeam/.stmcufinder/plugins/mcufinder
2025-10-21 21:13:21,828 [WARN] DbFile:41 - Overriding database path with different value: /home/sunbeam/.stmcufinder/plugins/mcufinder/ => /home/sunbeam/.stmcufinder/plugins/mcufinder
2025-10-21 21:13:21,828 [INFO] CrossReferenceDbSqlite:203 - Set database path to: /home/sunbeam/.stmcufinder/plugins/mcufinder//mcu/cs/
2025-10-21 21:13:21,850 [INFO] ApplicationProperties:184 - Using Application install path: /opt/st/stm32cubeide_1.13.2/plugins/com.st.stm32cube.common.mx_6.9.2.202309101412
2025-10-21 21:13:21,851 [INFO] PluginManage:196 - Search for loadable plugins [exclusion list=, ]
2025-10-21 21:13:21,853 [INFO] PluginManage:310 - Check plugin analytics
2025-10-21 21:13:22,111 [INFO] AnalyticsPlugin:253 - Accepted Software Licenses: 
2025-10-21 21:13:22,111 [INFO] AnalyticsPlugin:255 - Accepted CMSIS Pack Licenses: 
2025-10-21 21:13:22,112 [INFO] AnalyticsPlugin:257 - Accepted Firmware Licenses: 
2025-10-21 21:13:22,116 [INFO] PluginManage:359 - Loaded plugin analytics (category:tool,tabindex:-1)
2025-10-21 21:13:22,117 [INFO] PluginManage:310 - Check plugin cadmodel
2025-10-21 21:13:22,192 [INFO] CADModel:105 - Init CAD model plugin
2025-10-21 21:13:22,192 [INFO] PluginManage:359 - Loaded plugin cadmodel (category:power,tabindex:5)
2025-10-21 21:13:22,193 [INFO] PluginManage:310 - Check plugin clock
2025-10-21 21:13:22,217 [INFO] PluginManage:359 - Loaded plugin clock (category:base,tabindex:2)
2025-10-21 21:13:22,218 [INFO] PluginManage:310 - Check plugin ddr
2025-10-21 21:13:22,222 [INFO] PluginManage:359 - Loaded plugin ddr (category:tool,tabindex:6)
2025-10-21 21:13:22,222 [INFO] PluginManage:310 - Check plugin filemanager
2025-10-21 21:13:22,443 [INFO] PluginManage:359 - Loaded plugin filemanager (category:base,tabindex:10)
2025-10-21 21:13:22,443 [INFO] PluginManage:310 - Check plugin ipmanager
2025-10-21 21:13:22,453 [INFO] PluginManage:359 - Loaded plugin ipmanager (category:base,tabindex:5)
2025-10-21 21:13:22,453 [INFO] PluginManage:310 - Check plugin lpbam
2025-10-21 21:13:22,469 [INFO] PluginManage:359 - Loaded plugin lpbam (category:base,tabindex:0)
2025-10-21 21:13:22,469 [INFO] PluginManage:310 - Check plugin memorymap
2025-10-21 21:13:22,487 [INFO] PluginManage:359 - Loaded plugin memorymap (category:base,tabindex:4)
2025-10-21 21:13:22,487 [INFO] PluginManage:310 - Check plugin pinoutandconfiguration
2025-10-21 21:13:22,500 [INFO] PluginManage:359 - Loaded plugin pinoutandconfiguration (category:base,tabindex:1)
2025-10-21 21:13:22,500 [INFO] PluginManage:310 - Check plugin pinoutconfig
2025-10-21 21:13:22,637 [WARN] SupportedApi:132 - Cannot load RTOS API schema: s4s-elt-must-match.1: The content of 'definitions' must match (annotation?, (simpleType | complexType)?, (unique | key | keyref)*)). A problem was found starting at: attribute.
2025-10-21 21:13:22,844 [INFO] PluginManage:359 - Loaded plugin pinoutconfig (category:base,tabindex:0)
2025-10-21 21:13:22,844 [INFO] PluginManage:310 - Check plugin power
2025-10-21 21:13:22,858 [INFO] PluginManage:359 - Loaded plugin power (category:power,tabindex:4)
2025-10-21 21:13:22,858 [INFO] PluginManage:310 - Check plugin projectmanager
2025-10-21 21:13:22,875 [INFO] PluginManage:359 - Loaded plugin projectmanager (category:projectmanager,tabindex:3)
2025-10-21 21:13:22,875 [INFO] PluginManage:310 - Check plugin thirdparty
2025-10-21 21:13:23,059 [WARN] IntegrityCheckThread:84 - waiting for thirdparty lock release [integrity check]
2025-10-21 21:13:23,060 [INFO] IntegrityCheckThread:86 - entering critical section [integrity check]
2025-10-21 21:13:23,061 [INFO] ThirdPartyUpdaterWithRetryManager:70 - Updater plugin not ready yet. [1/15]
2025-10-21 21:13:23,062 [INFO] PluginManage:359 - Loaded plugin thirdparty (category:base,tabindex:-1)
2025-10-21 21:13:23,062 [INFO] PluginManage:310 - Check plugin tools
2025-10-21 21:13:23,065 [INFO] PluginManage:359 - Loaded plugin tools (category:base,tabindex:7)
2025-10-21 21:13:23,066 [INFO] PluginManage:310 - Check plugin tutovideos
2025-10-21 21:13:23,299 [INFO] PluginManage:359 - Loaded plugin tutovideos (category:base,tabindex:-1)
2025-10-21 21:13:23,300 [INFO] PluginManage:310 - Check plugin updater
2025-10-21 21:13:23,313 [INFO] PluginManage:359 - Loaded plugin updater (category:base,tabindex:12)
2025-10-21 21:13:23,313 [INFO] PluginManage:310 - Check plugin userauth
2025-10-21 21:13:23,321 [INFO] UserAuth:113 - Init User Auth plugin
2025-10-21 21:13:23,322 [INFO] PluginManage:359 - Loaded plugin userauth (category:base,tabindex:14)
2025-10-21 21:13:23,323 [INFO] PluginManage:283 - PluginManage : Loaded plugins [17]
2025-10-21 21:13:23,614 [INFO] PinOutPanel:1499 - setPackage(No Configuration,No Configuration)
2025-10-21 21:13:23,774 [INFO] CADModel:165 - CPN selected for project level
2025-10-21 21:13:23,774 [INFO] CADModel:114 - Register for checkConnection events
2025-10-21 21:13:23,791 [INFO] IPUIPlugin:80 - create IPUIPlugin
2025-10-21 21:13:23,792 [INFO] PluginManager:220 - loadIPPluginJar : add i2s
2025-10-21 21:13:23,796 [INFO] IPUIPlugin:80 - create IPUIPlugin
2025-10-21 21:13:23,796 [INFO] PluginManager:220 - loadIPPluginJar : add tim
2025-10-21 21:13:23,808 [INFO] IPUIPlugin:80 - create IPUIPlugin
2025-10-21 21:13:23,808 [INFO] PluginManager:220 - loadIPPluginJar : add stm32_wpan
2025-10-21 21:13:23,812 [INFO] IPUIPlugin:80 - create IPUIPlugin
2025-10-21 21:13:23,812 [INFO] PluginManager:220 - loadIPPluginJar : add hash
2025-10-21 21:13:23,818 [INFO] IPUIPlugin:80 - create IPUIPlugin
2025-10-21 21:13:23,818 [INFO] PluginManager:220 - loadIPPluginJar : add openamp
2025-10-21 21:13:23,825 [INFO] IPUIPlugin:80 - create IPUIPlugin
2025-10-21 21:13:23,826 [INFO] PluginManager:220 - loadIPPluginJar : add gic
2025-10-21 21:13:23,829 [INFO] IPUIPlugin:80 - create IPUIPlugin
2025-10-21 21:13:23,830 [INFO] PluginManager:220 - loadIPPluginJar : add resmgrutility
2025-10-21 21:13:23,832 [INFO] IPUIPlugin:80 - create IPUIPlugin
2025-10-21 21:13:23,832 [INFO] PluginManager:220 - loadIPPluginJar : add pdm2pcm
2025-10-21 21:13:23,833 [INFO] IPUIPlugin:80 - create IPUIPlugin
2025-10-21 21:13:23,834 [INFO] PluginManager:220 - loadIPPluginJar : add tsc
2025-10-21 21:13:23,834 [INFO] IPUIPlugin:80 - create IPUIPlugin
2025-10-21 21:13:23,834 [INFO] PluginManager:220 - loadIPPluginJar : add ltdc
2025-10-21 21:13:23,837 [INFO] IPUIPlugin:80 - create IPUIPlugin
2025-10-21 21:13:23,837 [INFO] PluginManager:220 - loadIPPluginJar : add i3c
2025-10-21 21:13:23,839 [INFO] IPUIPlugin:80 - create IPUIPlugin
2025-10-21 21:13:23,840 [INFO] PluginManager:220 - loadIPPluginJar : add usbx
2025-10-21 21:13:23,842 [INFO] IPUIPlugin:80 - create IPUIPlugin
2025-10-21 21:13:23,842 [INFO] PluginManager:220 - loadIPPluginJar : add can
2025-10-21 21:13:23,844 [INFO] IPUIPlugin:80 - create IPUIPlugin
2025-10-21 21:13:23,844 [INFO] PluginManager:220 - loadIPPluginJar : add tracer_emb
2025-10-21 21:13:23,845 [INFO] IPUIPlugin:80 - create IPUIPlugin
2025-10-21 21:13:23,845 [INFO] PluginManager:220 - loadIPPluginJar : add quadspi
2025-10-21 21:13:23,851 [INFO] IPUIPlugin:80 - create IPUIPlugin
2025-10-21 21:13:23,851 [INFO] PluginManager:220 - loadIPPluginJar : add fmc
2025-10-21 21:13:23,854 [INFO] IPUIPlugin:80 - create IPUIPlugin
2025-10-21 21:13:23,854 [INFO] PluginManager:220 - loadIPPluginJar : add ucpd
2025-10-21 21:13:23,857 [INFO] IPUIPlugin:80 - create IPUIPlugin
2025-10-21 21:13:23,857 [INFO] PluginManager:220 - loadIPPluginJar : add i2c
2025-10-21 21:13:23,859 [INFO] IPUIPlugin:80 - create IPUIPlugin
2025-10-21 21:13:23,859 [INFO] PluginManager:220 - loadIPPluginJar : add comp
2025-10-21 21:13:23,861 [INFO] IPUIPlugin:80 - create IPUIPlugin
2025-10-21 21:13:23,861 [INFO] PluginManager:220 - loadIPPluginJar : add spi
2025-10-21 21:13:23,862 [INFO] IPUIPlugin:80 - create IPUIPlugin
2025-10-21 21:13:23,862 [INFO] PluginManager:220 - loadIPPluginJar : add genericplugin
2025-10-21 21:13:23,865 [INFO] IPUIPlugin:80 - create IPUIPlugin
2025-10-21 21:13:23,865 [INFO] PluginManager:220 - loadIPPluginJar : add aes
2025-10-21 21:13:23,867 [INFO] IPUIPlugin:80 - create IPUIPlugin
2025-10-21 21:13:23,868 [INFO] PluginManager:220 - loadIPPluginJar : add ts
2025-10-21 21:13:23,870 [INFO] IPUIPlugin:80 - create IPUIPlugin
2025-10-21 21:13:23,871 [INFO] PluginManager:220 - loadIPPluginJar : add cryp
2025-10-21 21:13:23,879 [INFO] IPUIPlugin:80 - create IPUIPlugin
2025-10-21 21:13:23,879 [INFO] PluginManager:220 - loadIPPluginJar : add gpio
2025-10-21 21:13:23,884 [INFO] IPUIPlugin:80 - create IPUIPlugin
2025-10-21 21:13:23,884 [INFO] PluginManager:220 - loadIPPluginJar : add dfsdm
2025-10-21 21:13:23,894 [INFO] IPUIPlugin:80 - create IPUIPlugin
2025-10-21 21:13:23,899 [INFO] PluginManager:220 - loadIPPluginJar : add plateformsettings
2025-10-21 21:13:23,903 [INFO] IPUIPlugin:80 - create IPUIPlugin
2025-10-21 21:13:23,903 [INFO] PluginManager:220 - loadIPPluginJar : add opamp
2025-10-21 21:13:23,913 [INFO] IPUIPlugin:80 - create IPUIPlugin
2025-10-21 21:13:23,913 [INFO] PluginManager:220 - loadIPPluginJar : add mdma
2025-10-21 21:13:23,917 [INFO] IPUIPlugin:80 - create IPUIPlugin
2025-10-21 21:13:23,918 [INFO] PluginManager:220 - loadIPPluginJar : add gtzc
2025-10-21 21:13:23,919 [INFO] IPUIPlugin:80 - create IPUIPlugin
2025-10-21 21:13:23,920 [INFO] PluginManager:220 - loadIPPluginJar : add fatfs
2025-10-21 21:13:23,924 [INFO] IPUIPlugin:80 - create IPUIPlugin
2025-10-21 21:13:23,924 [INFO] PluginManager:220 - loadIPPluginJar : add usart
2025-10-21 21:13:23,928 [INFO] IPUIPlugin:80 - create IPUIPlugin
2025-10-21 21:13:23,929 [INFO] PluginManager:220 - loadIPPluginJar : add lorawan
2025-10-21 21:13:23,938 [INFO] IPUIPlugin:80 - create IPUIPlugin
2025-10-21 21:13:23,938 [INFO] PluginManager:220 - loadIPPluginJar : add adc
2025-10-21 21:13:23,948 [INFO] IPUIPlugin:80 - create IPUIPlugin
2025-10-21 21:13:23,948 [INFO] PluginManager:220 - loadIPPluginJar : add linkedlist
2025-10-21 21:13:23,953 [INFO] IPUIPlugin:80 - create IPUIPlugin
2025-10-21 21:13:23,954 [INFO] PluginManager:220 - loadIPPluginJar : add ipddr
2025-10-21 21:13:23,957 [INFO] IPUIPlugin:80 - create IPUIPlugin
2025-10-21 21:13:23,958 [INFO] PluginManager:220 - loadIPPluginJar : add dma3
2025-10-21 21:13:23,970 [INFO] IPUIPlugin:80 - create IPUIPlugin
2025-10-21 21:13:23,971 [INFO] PluginManager:220 - loadIPPluginJar : add nvic
2025-10-21 21:13:23,986 [INFO] IPUIPlugin:80 - create IPUIPlugin
2025-10-21 21:13:23,987 [INFO] PluginManager:220 - loadIPPluginJar : add sai
2025-10-21 21:13:23,991 [INFO] IPUIPlugin:80 - create IPUIPlugin
2025-10-21 21:13:23,991 [INFO] PluginManager:220 - loadIPPluginJar : add gfxmmu
2025-10-21 21:13:24,012 [INFO] IPUIPlugin:80 - create IPUIPlugin
2025-10-21 21:13:24,013 [INFO] PluginManager:220 - loadIPPluginJar : add dma
2025-10-21 21:13:24,021 [INFO] IPUIPlugin:80 - create IPUIPlugin
2025-10-21 21:13:24,022 [INFO] PluginManager:220 - loadIPPluginJar : add freertos
2025-10-21 21:13:24,028 [INFO] IPUIPlugin:80 - create IPUIPlugin
2025-10-21 21:13:24,028 [INFO] PluginManager:220 - loadIPPluginJar : add touchsensing
2025-10-21 21:13:24,163 [INFO] CADModel:165 - CPN selected for project level
2025-10-21 21:13:24,164 [INFO] CADModel:114 - Register for checkConnection events
2025-10-21 21:13:24,164 [FATAL] Updater:308 - Updater called before beeing initialized
2025-10-21 21:13:24,164 [ERROR] CADModel:125 - Updater not yet initialized, retry later 
2025-10-21 21:13:24,407 [INFO] CADModel:165 - CPN selected for project level
2025-10-21 21:13:24,408 [INFO] CADModel:114 - Register for checkConnection events
2025-10-21 21:13:24,408 [FATAL] Updater:308 - Updater called before beeing initialized
2025-10-21 21:13:24,408 [ERROR] CADModel:125 - Updater not yet initialized, retry later 
2025-10-21 21:13:24,419 [FATAL] Updater:308 - Updater called before beeing initialized
2025-10-21 21:13:24,568 [FATAL] Updater:308 - Updater called before beeing initialized
2025-10-21 21:13:24,581 [INFO] DbMcusAds:53 - JSON generation date=Thu Oct 02 15:06:05 IST 2025 (1759397765645)
2025-10-21 21:13:24,581 [FATAL] Updater:308 - Updater called before beeing initialized
2025-10-21 21:13:24,641 [WARN] DetailPanel:346 - Failed to get advertising image, set to default
2025-10-21 21:13:24,780 [FATAL] Updater:308 - Updater called before beeing initialized
2025-10-21 21:13:24,790 [FATAL] Updater:308 - Updater called before beeing initialized
2025-10-21 21:13:24,790 [FATAL] Updater:308 - Updater called before beeing initialized
2025-10-21 21:13:24,790 [WARN] DetailPanel:346 - Failed to get advertising image, set to default
2025-10-21 21:13:24,797 [FATAL] Updater:308 - Updater called before beeing initialized
2025-10-21 21:13:24,865 [ERROR] Updater:1120 - MainUpdater not yet initialized. External WinMGr cannot be set.
2025-10-21 21:13:24,868 [INFO] Updater:1056 - Updater Version found : 6.9.2
2025-10-21 21:13:24,907 [INFO] ApplicationProperties:184 - Using Application install path: /opt/st/stm32cubeide_1.13.2/plugins/com.st.stm32cube.common.mx_6.9.2.202309101412
2025-10-21 21:13:26,061 [INFO] ThirdPartyUpdaterWithRetryManager:70 - Updater plugin not ready yet. [2/15]
2025-10-21 21:13:29,062 [FATAL] Updater:308 - Updater called before beeing initialized
2025-10-21 21:13:29,064 [ERROR] IntegrityCheckThread:130 - Cannot retrieve database content from updater: error 21
2025-10-21 21:13:29,065 [INFO] ThirdParty:978 - Integrity check success = false
2025-10-21 21:13:29,065 [INFO] IntegrityCheckThread:100 - exiting critical section [integrity check]
2025-10-21 21:13:29,065 [INFO] IntegrityCheckThread:103 - End integrity checks thread
2025-10-21 21:13:30,280 [INFO] MainUpdater:2868 - connection check result : 10
2025-10-21 21:13:30,281 [INFO] MainUpdater:3562 - Updater definition file requires update
2025-10-21 21:13:30,283 [INFO] MainUpdater:285 - Updater Check For Update Now.
2025-10-21 21:13:30,284 [INFO] MicroXplorer:498 - Change Database Version : DB.6.0.92
2025-10-21 21:13:30,303 [INFO] McuFinderGlobals:63 - Set McuFinder mode to 2 (CubeIDE integrated)
2025-10-21 21:13:30,339 [INFO] ServerAccessManage:473 - Download File updaters.zip
2025-10-21 21:13:30,511 [INFO] FileExtend:240 - Unzip File : updaters.zip
2025-10-21 21:13:30,512 [INFO] FileExtend:255 - Standard Zip Deflate
2025-10-21 21:13:30,780 [INFO] ServerAccessManage:473 - Download File PacksControlFlags.xml
2025-10-21 21:13:30,887 [INFO] ServerAccessManage:473 - Download File cubemx.pidx
2025-10-21 21:13:34,052 [INFO] ServerAccessManage:473 - Download File STMicroelectronics.X-CUBE-FREERTOS.pdsc
2025-10-21 21:13:36,678 [INFO] ServerAccessManage:473 - Download File STMicroelectronics.X-CUBE-ST60.pdsc
2025-10-21 21:13:37,049 [INFO] ServerAccessManage:473 - Download File STMicroelectronics.X-CUBE-TOUCHGFX.pdsc
2025-10-21 21:13:39,791 [WARN] PackLoader:240 - Cannot read IP mode file for STMicroelectronics.X-CUBE-FREERTOS.1.3.1
2025-10-21 21:13:39,799 [WARN] PopulateThirdPartyThread:106 - Error when creating pack: /home/sunbeam/.stm32cubemx/thirdparties/pdsc/STMicroelectronics.X-CUBE-ST60.pdsc
2025-10-21 21:13:39,804 [WARN] PackLoader:240 - Cannot read IP mode file for STMicroelectronics.X-CUBE-TOUCHGFX.4.26.0
2025-10-21 21:13:39,805 [INFO] PopulateThirdPartyThread:66 - Ending populate Thread
2025-10-21 21:13:39,807 [INFO] ThirdParty:1030 - CMSIS Pack Vendor :STMicroelectronics X-CUBE-FREERTOS 1.3.1
2025-10-21 21:13:39,808 [INFO] ThirdParty:1030 - CMSIS Pack Vendor :STMicroelectronics X-CUBE-TOUCHGFX 4.26.0
2025-10-21 21:13:39,808 [INFO] LoadServerUpdatesThread:373 - End of LoadServerUpdate Thread
2025-10-21 21:13:39,933 [INFO] CheckServerUpdateThread:120 - End of CheckServer Thread
2025-10-21 21:13:48,696 [INFO] McuFinderGlobals:63 - Set McuFinder mode to 2 (CubeIDE integrated)
2025-10-21 21:13:48,701 [INFO] MainUpdater:2868 - connection check result : 10
2025-10-21 21:13:48,704 [INFO] McuFinderGlobals:76 - Set McuFinderConnectedMode to true
2025-10-21 21:13:49,155 [INFO] ServerAccessManage:473 - Download File mcusAds.json._tmp_
2025-10-21 21:13:49,266 [INFO] LoadUrlFilesThread:156 - End of LoadUrlFiles Thread
2025-10-21 21:13:49,541 [INFO] ServerAccessManage:473 - Download File cube-finder-db.zip
2025-10-21 21:13:50,760 [ERROR] LogOutputStream:75 - [STDERR_REDIRECT] SLF4J: Failed to load class "org.slf4j.impl.StaticLoggerBinder".
2025-10-21 21:13:50,761 [ERROR] LogOutputStream:75 - [STDERR_REDIRECT] SLF4J: Defaulting to no-operation (NOP) logger implementation
2025-10-21 21:13:50,762 [ERROR] LogOutputStream:75 - [STDERR_REDIRECT] SLF4J: See http://www.slf4j.org/codes.html#StaticLoggerBinder for further details.
2025-10-21 21:14:01,495 [INFO] FileExtend:240 - Unzip File : cube-finder-db.zip
2025-10-21 21:14:01,496 [INFO] FileExtend:255 - Standard Zip Deflate
2025-10-21 21:14:02,431 [INFO] LoadUrlFilesThread:156 - End of LoadUrlFiles Thread
2025-10-21 21:14:08,330 [INFO] ServerAccessManage:473 - Download File crdb.zip
2025-10-21 21:14:09,888 [INFO] FileExtend:240 - Unzip File : crdb.zip
2025-10-21 21:14:09,888 [INFO] FileExtend:255 - Standard Zip Deflate
2025-10-21 21:14:10,018 [INFO] LoadUrlFilesThread:156 - End of LoadUrlFiles Thread
2025-10-21 21:14:10,653 [INFO] ServerAccessManage:473 - Download File tutoVideoDB.zip
2025-10-21 21:14:10,684 [INFO] FileExtend:240 - Unzip File : tutoVideoDB.zip
2025-10-21 21:14:10,685 [INFO] FileExtend:255 - Standard Zip Deflate
2025-10-21 21:14:10,790 [INFO] LoadUrlFilesThread:156 - End of LoadUrlFiles Thread
2025-10-21 21:14:10,795 [WARN] DbFile:41 - Overriding database path with different value: /home/sunbeam/.stmcufinder/plugins/mcufinder/ => /home/sunbeam/.stmcufinder/plugins/mcufinder
2025-10-21 21:14:10,939 [INFO] ServerAccessManage:473 - Download File api_config.json
2025-10-21 21:14:11,045 [INFO] LoadUrlFilesThread:156 - End of LoadUrlFiles Thread
2025-10-21 21:14:11,049 [INFO] DbMcusAds:53 - JSON generation date=Thu Oct 02 15:06:05 IST 2025 (1759397765645)
2025-10-21 21:14:11,105 [INFO] LoadUrlFilesThread:185 - End of LoadServerUrlFiles without Thread
2025-10-21 21:14:11,105 [INFO] TargetSelectorAdapter:259 - Refresh data is successful
2025-10-21 21:14:11,234 [INFO] ApiDb:581 - Connected to CubeFinder SQLite database (/home/sunbeam/.stmcufinder/plugins/mcufinder/mcu/cube-finder-db.db)
2025-10-21 21:14:11,300 [INFO] ApiDb:668 - CubeFinder database Data Model version=2.1
2025-10-21 21:14:11,300 [INFO] ApiDb:669 - CubeFinder database Configuration version=3.0.39
2025-10-21 21:14:11,301 [INFO] ApiDb:670 - CubeFinder database generation date=2025-08-25 (1756130511)
2025-10-21 21:14:11,301 [INFO] ApiDb:671 - CubeFinder database FW Pack versions=[FP-ATR-ASTRA1_V2.0.0, FP-SNS-FLIGHT1_V5.1.0, FP-SNS-MOTENV1_V5.0.0, FP-SNS-MOTENVWB1_V1.4.0, FP-SNS-SMARTAG2_V1.2.0, FP-SNS-STBOX1_V2.1.0, STM32Cube_FW_C0_V1.4.0, STM32Cube_FW_F4_V1.28.3, STM32Cube_FW_F7_V1.17.4, STM32Cube_FW_G0_V1.6.2, STM32Cube_FW_G4_V1.6.1, STM32Cube_FW_H5_V1.5.0, STM32Cube_FW_H7RS_V1.2.0, STM32Cube_FW_H7_V1.12.1, STM32Cube_FW_L0_V1.12.2, STM32Cube_FW_L4_V1.18.1, STM32Cube_FW_L5_V1.5.1, STM32Cube_FW_N6_V1.2.0, STM32Cube_FW_U0_V1.3.0, STM32Cube_FW_U3_V1.2.0, STM32Cube_FW_U5_V1.8.0, STM32Cube_FW_WB0_V1.3.0, STM32Cube_FW_WBA_V1.7.0, STM32Cube_FW_WB_V1.23.0, STM32Cube_FW_WL3_V1.2.0, STM32Cube_FW_WL_V1.3.1, X-CUBE-ALGOBUILD_V1.4.0, X-CUBE-ALS_V1.0.2, X-CUBE-AZRTOS-F4_V1.1.0, X-CUBE-AZRTOS-F7_V1.1.0, X-CUBE-AZRTOS-G0_V1.1.0, X-CUBE-AZRTOS-G4_V2.0.0, X-CUBE-AZRTOS-H7RS_V1.1.0, X-CUBE-AZRTOS-H7_V3.4.0, X-CUBE-AZRTOS-L4_V2.0.0, X-CUBE-AZRTOS-L5_V2.0.0, X-CUBE-AZRTOS-WB_V2.0.0, X-CUBE-AZRTOS-WL_V2.0.0, X-CUBE-BLE1_V7.1.0, X-CUBE-BLE2_V3.3.0, X-CUBE-BLEMGR_V4.1.0, X-CUBE-EEPRMA1_V5.2.0, X-CUBE-FREERTOS_V1.3.1, X-CUBE-GNSS1_V6.0.0, X-CUBE-MEMS1_V11.3.0, X-CUBE-NFC4_V3.0.0, X-CUBE-NFC7_V2.0.0, X-CUBE-SFXS2LP1_V4.0.0, X-CUBE-ST67W61_V1.0.0, X-CUBE-SUBG2_V5.0.0, X-CUBE-TOF1_V3.4.3]
2025-10-21 21:14:14,854 [INFO] ApiDb:240 - Found 323 in-development CPN: [B-G473E-ZEST1S, B-WB1M-WPAN1, B-WL5M-SUBG1, NUCLEO-C031C6, NUCLEO-H503RB, NUCLEO-H563ZI, NUCLEO-U545RE-Q, NUCLEO-U5A5ZJ-Q, NUCLEO-WBA52CG, STEVAL-PROTEUS1, STEVAL-SMARTAG2, STEVAL-STWINBX1, STM320518-EVAL, STM32C0116-DK, STM32C011D6Y3TR, STM32C011D6Y6TR, STM32C011F4P3, STM32C011F4P6, STM32C011F4U3, STM32C011F4U6TR, STM32C011F6P3, STM32C011F6P6, STM32C011F6U3, STM32C011F6U6TR, STM32C011J4M3, STM32C011J4M6, STM32C011J6M3, STM32C011J6M6, STM32C0316-DK, STM32C031C4T3, STM32C031C4T6, STM32C031C4U3, STM32C031C4U6, STM32C031C6T3, STM32C031C6T6, STM32C031C6U3, STM32C031C6U6, STM32C031F4P3, STM32C031F4P6, STM32C031F6P3, STM32C031F6P6, STM32C031G4U3, STM32C031G4U6, STM32C031G6U3, STM32C031G6U6, STM32C031K4T3, STM32C031K4T6, STM32C031K4U3, STM32C031K4U6, STM32C031K6T3, STM32C031K6T6, STM32C031K6U3, STM32C031K6U6, STM32G071K8TXN, STM32G071K8UXN, STM32G081GBU6N, STM32G081KBT6N, STM32G081KBUXN, STM32G0B1CCT6N, STM32G0B1KCT6, STM32G0B1NEY6TR, STM32G0B1RCT6N, STM32G0C1CCT6, STM32G0C1CCT6N, STM32G0C1CCU6N, STM32G0C1CET6N, STM32G0C1CEU6N, STM32G0C1KCT6, STM32G0C1NEY6TR, STM32G0C1RCI6N, STM32G0C1RCT6N, STM32G0C1REI6N, STM32G0C1RET6N, STM32G0C1VCI6, STM32G0C1VEI6, STM32G471CCT6, STM32G471CCU6, STM32G471CET3, STM32G471CET6, STM32G471CEU3, STM32G471CEU6, STM32G471MCT6, STM32G471MET3, STM32G471MET6, STM32G471MEY6TR, STM32G471QCT6, STM32G471QET3, STM32G471RCT6, STM32G471RET3, STM32G471RET6, STM32G471VCH6, STM32G471VCI6, STM32G471VCT6, STM32G471VEH3, STM32G471VEH6, STM32G471VEI3, STM32G471VEI6, STM32G471VET3, STM32G471VET6, STM32G474CCT6, STM32H503CBT6, STM32H503CBU6, STM32H503EBY6TR, STM32H503KBU6, STM32H503RBT6, STM32H562AGI6, STM32H562AII6, STM32H562IGK6, STM32H562IGT6, STM32H562IIK6, STM32H562IIT6, STM32H562RGT6, STM32H562RGV6, STM32H562RIT6, STM32H562RIV6, STM32H562VGT6, STM32H562VIT6, STM32H562ZGT6, STM32H562ZIT6, STM32H563AGI6, STM32H563AII3Q, STM32H563AII6, STM32H563IGK6, STM32H563IGT6, STM32H563IIK3Q, STM32H563IIK6, STM32H563IIT3Q, STM32H563IIT6, STM32H563MIY3QTR, STM32H563RGT6, STM32H563RGV6, STM32H563RIT6, STM32H563RIV6, STM32H563VGT6, STM32H563VIT3Q, STM32H563VIT6, STM32H563ZGT6, STM32H563ZIT3Q, STM32H563ZIT6, STM32H573AII3Q, STM32H573AII6, STM32H573I-DK, STM32H573IIK3Q, STM32H573IIK6, STM32H573IIT3Q, STM32H573IIT6, STM32H573MIY3QTR, STM32H573RIT6, STM32H573RIV6, STM32H573VIT3Q, STM32H573VIT6, STM32H573ZIT3Q, STM32H573ZIT6, STM32L4R5QGI6STR, STM32MP131AAE3, STM32MP131AAF3, STM32MP131AAG3, STM32MP131CAE3, STM32MP131CAF3, STM32MP131CAG3, STM32MP131DAE7, STM32MP131DAF7, STM32MP131DAG7, STM32MP131FAE7, STM32MP131FAF7, STM32MP131FAG7, STM32MP133AAE3, STM32MP133AAF3, STM32MP133AAG3, STM32MP133CAE3, STM32MP133CAF3, STM32MP133CAG3, STM32MP133DAE7, STM32MP133DAF7, STM32MP133DAG7, STM32MP133FAE7, STM32MP133FAF7, STM32MP133FAG7, STM32MP135AAE3, STM32MP135AAF3, STM32MP135AAG3, STM32MP135CAE3, STM32MP135CAF3, STM32MP135CAG3, STM32MP135DAE7, STM32MP135DAF7, STM32MP135DAG7, STM32MP135F-DK, STM32MP135FAE7, STM32MP135FAF7, STM32MP135FAF7T, STM32MP135FAF7U, STM32MP135FAG7, STM32U535CBT6, STM32U535CBT6Q, STM32U535CBU6, STM32U535CBU6Q, STM32U535CCT6, STM32U535CCT6Q, STM32U535CCU6, STM32U535CCU6Q, STM32U535CET6, STM32U535CET6Q, STM32U535CEU6, STM32U535CEU6Q, STM32U535JEY6QTR, STM32U535NCY6QTR, STM32U535NEY6QTR, STM32U535RBI6, STM32U535RBI6Q, STM32U535RBT6, STM32U535RBT6Q, STM32U535RCI6, STM32U535RCI6Q, STM32U535RCT6, STM32U535RCT6Q, STM32U535REI6, STM32U535REI6Q, STM32U535RET6, STM32U535RET6Q, STM32U535VCI6, STM32U535VCI6Q, STM32U535VCT6, STM32U535VCT6Q, STM32U535VEI6, STM32U535VEI6Q, STM32U535VET6, STM32U535VET6Q, STM32U545CET6, STM32U545CET6Q, STM32U545CEU6, STM32U545CEU6Q, STM32U545JEY6QTR, STM32U545NEY6QTR, STM32U545REI6, STM32U545REI6Q, STM32U545RET6, STM32U545RET6Q, STM32U545VEI6, STM32U545VEI6Q, STM32U545VET6, STM32U545VET6Q, STM32U595AIH6, STM32U595AIH6Q, STM32U595AJH6, STM32U595AJH6Q, STM32U595QII6, STM32U595QII6Q, STM32U595QJI6, STM32U595QJI6Q, STM32U595RIT6, STM32U595RIT6Q, STM32U595RJT6, STM32U595RJT6Q, STM32U595VIT6, STM32U595VIT6Q, STM32U595VJT6, STM32U595VJT6Q, STM32U595ZIT6, STM32U595ZIT6Q, STM32U595ZIY6QTR, STM32U595ZJT6, STM32U595ZJT6Q, STM32U595ZJY6QTR, STM32U599BJY6QTR, STM32U599NIH6Q, STM32U599NJH6Q, STM32U599VIT6Q, STM32U599VJT6, STM32U599VJT6Q, STM32U599ZIT6Q, STM32U599ZIY6QTR, STM32U599ZJT6Q, STM32U599ZJY6QTR, STM32U5A5AJH6, STM32U5A5AJH6Q, STM32U5A5QJI6, STM32U5A5QJI6Q, STM32U5A5RJT6, STM32U5A5RJT6Q, STM32U5A5VJT6, STM32U5A5VJT6Q, STM32U5A5ZJT6, STM32U5A5ZJT6Q, STM32U5A5ZJY6QTR, STM32U5A9BJY6QTR, STM32U5A9J-DK, STM32U5A9NJH6Q, STM32U5A9VJT6Q, STM32U5A9ZJT6Q, STM32U5A9ZJY6QTR, STM32U5F7VIT6, STM32U5F7VIT6Q, STM32U5F7VJT6, STM32U5F7VJT6Q, STM32U5F9BJY6QTR, STM32U5F9NJH6Q, STM32U5F9VIT6Q, STM32U5F9VJT6Q, STM32U5F9ZIJ6QTR, STM32U5F9ZIT6Q, STM32U5F9ZJJ6QTR, STM32U5F9ZJT6Q, STM32U5G7VJT6, STM32U5G7VJT6Q, STM32U5G9BJY6QTR, STM32U5G9J-DK1, STM32U5G9J-DK2, STM32U5G9NJH6Q, STM32U5G9VJT6Q, STM32U5G9ZJJ6QTR, STM32U5G9ZJT6Q, STM32WB1MMCH6, STM32WBA52CEU6, STM32WBA52CEU6T, STM32WBA52CGU6, STM32WBA52CGU6T, STM32WBA52KEU6, STM32WBA52KEU6T, STM32WBA52KGU6, STM32WBA52KGU6T, STM32WL5MOCH6, STM32WL5MOCH6TR]
2025-10-21 21:14:14,862 [INFO] DbMcus:217 - Found 4718 MCUs, 4718 are supported
2025-10-21 21:14:14,864 [INFO] ApiDb:423 - Load user favorites file /home/sunbeam/.stm32cubeide/favorites.mcus.txt: 0 item(s)
2025-10-21 21:14:14,865 [INFO] ApiDb:427 - User favorites MCUs=[]
2025-10-21 21:14:14,865 [INFO] DbMcus:223 - Set 0 / 0 favorites MCUs
2025-10-21 21:14:15,680 [INFO] ApiDb:668 - CubeFinder database Data Model version=2.1
2025-10-21 21:14:15,680 [INFO] ApiDb:669 - CubeFinder database Configuration version=3.0.39
2025-10-21 21:14:15,680 [INFO] ApiDb:670 - CubeFinder database generation date=2025-08-25 (1756130511)
2025-10-21 21:14:15,680 [INFO] ApiDb:671 - CubeFinder database FW Pack versions=[FP-ATR-ASTRA1_V2.0.0, FP-SNS-FLIGHT1_V5.1.0, FP-SNS-MOTENV1_V5.0.0, FP-SNS-MOTENVWB1_V1.4.0, FP-SNS-SMARTAG2_V1.2.0, FP-SNS-STBOX1_V2.1.0, STM32Cube_FW_C0_V1.4.0, STM32Cube_FW_F4_V1.28.3, STM32Cube_FW_F7_V1.17.4, STM32Cube_FW_G0_V1.6.2, STM32Cube_FW_G4_V1.6.1, STM32Cube_FW_H5_V1.5.0, STM32Cube_FW_H7RS_V1.2.0, STM32Cube_FW_H7_V1.12.1, STM32Cube_FW_L0_V1.12.2, STM32Cube_FW_L4_V1.18.1, STM32Cube_FW_L5_V1.5.1, STM32Cube_FW_N6_V1.2.0, STM32Cube_FW_U0_V1.3.0, STM32Cube_FW_U3_V1.2.0, STM32Cube_FW_U5_V1.8.0, STM32Cube_FW_WB0_V1.3.0, STM32Cube_FW_WBA_V1.7.0, STM32Cube_FW_WB_V1.23.0, STM32Cube_FW_WL3_V1.2.0, STM32Cube_FW_WL_V1.3.1, X-CUBE-ALGOBUILD_V1.4.0, X-CUBE-ALS_V1.0.2, X-CUBE-AZRTOS-F4_V1.1.0, X-CUBE-AZRTOS-F7_V1.1.0, X-CUBE-AZRTOS-G0_V1.1.0, X-CUBE-AZRTOS-G4_V2.0.0, X-CUBE-AZRTOS-H7RS_V1.1.0, X-CUBE-AZRTOS-H7_V3.4.0, X-CUBE-AZRTOS-L4_V2.0.0, X-CUBE-AZRTOS-L5_V2.0.0, X-CUBE-AZRTOS-WB_V2.0.0, X-CUBE-AZRTOS-WL_V2.0.0, X-CUBE-BLE1_V7.1.0, X-CUBE-BLE2_V3.3.0, X-CUBE-BLEMGR_V4.1.0, X-CUBE-EEPRMA1_V5.2.0, X-CUBE-FREERTOS_V1.3.1, X-CUBE-GNSS1_V6.0.0, X-CUBE-MEMS1_V11.3.0, X-CUBE-NFC4_V3.0.0, X-CUBE-NFC7_V2.0.0, X-CUBE-SFXS2LP1_V4.0.0, X-CUBE-ST67W61_V1.0.0, X-CUBE-SUBG2_V5.0.0, X-CUBE-TOF1_V3.4.3]
2025-10-21 21:14:15,739 [INFO] DbBoardsSqlite:226 - include board P-NUCLEO-WB55-NUCLEO as a kit item of type 'Nucleo-64'
2025-10-21 21:14:15,740 [INFO] DbBoardsSqlite:226 - include board P-NUCLEO-WB55-USBDONGLE as a kit item of type 'Nucleo USB Dongle'
2025-10-21 21:14:15,740 [INFO] DbBoardsSqlite:226 - include board STEVAL-IDP005V1 as a kit item of type 'Evaluation Board'
2025-10-21 21:14:15,740 [INFO] DbBoardsSqlite:226 - include board STEVAL-IDP005V2 as a kit item of type 'Evaluation Board'
2025-10-21 21:14:15,802 [INFO] ApiDb:240 - Found 323 in-development CPN: [B-G473E-ZEST1S, B-WB1M-WPAN1, B-WL5M-SUBG1, NUCLEO-C031C6, NUCLEO-H503RB, NUCLEO-H563ZI, NUCLEO-U545RE-Q, NUCLEO-U5A5ZJ-Q, NUCLEO-WBA52CG, STEVAL-PROTEUS1, STEVAL-SMARTAG2, STEVAL-STWINBX1, STM320518-EVAL, STM32C0116-DK, STM32C011D6Y3TR, STM32C011D6Y6TR, STM32C011F4P3, STM32C011F4P6, STM32C011F4U3, STM32C011F4U6TR, STM32C011F6P3, STM32C011F6P6, STM32C011F6U3, STM32C011F6U6TR, STM32C011J4M3, STM32C011J4M6, STM32C011J6M3, STM32C011J6M6, STM32C0316-DK, STM32C031C4T3, STM32C031C4T6, STM32C031C4U3, STM32C031C4U6, STM32C031C6T3, STM32C031C6T6, STM32C031C6U3, STM32C031C6U6, STM32C031F4P3, STM32C031F4P6, STM32C031F6P3, STM32C031F6P6, STM32C031G4U3, STM32C031G4U6, STM32C031G6U3, STM32C031G6U6, STM32C031K4T3, STM32C031K4T6, STM32C031K4U3, STM32C031K4U6, STM32C031K6T3, STM32C031K6T6, STM32C031K6U3, STM32C031K6U6, STM32G071K8TXN, STM32G071K8UXN, STM32G081GBU6N, STM32G081KBT6N, STM32G081KBUXN, STM32G0B1CCT6N, STM32G0B1KCT6, STM32G0B1NEY6TR, STM32G0B1RCT6N, STM32G0C1CCT6, STM32G0C1CCT6N, STM32G0C1CCU6N, STM32G0C1CET6N, STM32G0C1CEU6N, STM32G0C1KCT6, STM32G0C1NEY6TR, STM32G0C1RCI6N, STM32G0C1RCT6N, STM32G0C1REI6N, STM32G0C1RET6N, STM32G0C1VCI6, STM32G0C1VEI6, STM32G471CCT6, STM32G471CCU6, STM32G471CET3, STM32G471CET6, STM32G471CEU3, STM32G471CEU6, STM32G471MCT6, STM32G471MET3, STM32G471MET6, STM32G471MEY6TR, STM32G471QCT6, STM32G471QET3, STM32G471RCT6, STM32G471RET3, STM32G471RET6, STM32G471VCH6, STM32G471VCI6, STM32G471VCT6, STM32G471VEH3, STM32G471VEH6, STM32G471VEI3, STM32G471VEI6, STM32G471VET3, STM32G471VET6, STM32G474CCT6, STM32H503CBT6, STM32H503CBU6, STM32H503EBY6TR, STM32H503KBU6, STM32H503RBT6, STM32H562AGI6, STM32H562AII6, STM32H562IGK6, STM32H562IGT6, STM32H562IIK6, STM32H562IIT6, STM32H562RGT6, STM32H562RGV6, STM32H562RIT6, STM32H562RIV6, STM32H562VGT6, STM32H562VIT6, STM32H562ZGT6, STM32H562ZIT6, STM32H563AGI6, STM32H563AII3Q, STM32H563AII6, STM32H563IGK6, STM32H563IGT6, STM32H563IIK3Q, STM32H563IIK6, STM32H563IIT3Q, STM32H563IIT6, STM32H563MIY3QTR, STM32H563RGT6, STM32H563RGV6, STM32H563RIT6, STM32H563RIV6, STM32H563VGT6, STM32H563VIT3Q, STM32H563VIT6, STM32H563ZGT6, STM32H563ZIT3Q, STM32H563ZIT6, STM32H573AII3Q, STM32H573AII6, STM32H573I-DK, STM32H573IIK3Q, STM32H573IIK6, STM32H573IIT3Q, STM32H573IIT6, STM32H573MIY3QTR, STM32H573RIT6, STM32H573RIV6, STM32H573VIT3Q, STM32H573VIT6, STM32H573ZIT3Q, STM32H573ZIT6, STM32L4R5QGI6STR, STM32MP131AAE3, STM32MP131AAF3, STM32MP131AAG3, STM32MP131CAE3, STM32MP131CAF3, STM32MP131CAG3, STM32MP131DAE7, STM32MP131DAF7, STM32MP131DAG7, STM32MP131FAE7, STM32MP131FAF7, STM32MP131FAG7, STM32MP133AAE3, STM32MP133AAF3, STM32MP133AAG3, STM32MP133CAE3, STM32MP133CAF3, STM32MP133CAG3, STM32MP133DAE7, STM32MP133DAF7, STM32MP133DAG7, STM32MP133FAE7, STM32MP133FAF7, STM32MP133FAG7, STM32MP135AAE3, STM32MP135AAF3, STM32MP135AAG3, STM32MP135CAE3, STM32MP135CAF3, STM32MP135CAG3, STM32MP135DAE7, STM32MP135DAF7, STM32MP135DAG7, STM32MP135F-DK, STM32MP135FAE7, STM32MP135FAF7, STM32MP135FAF7T, STM32MP135FAF7U, STM32MP135FAG7, STM32U535CBT6, STM32U535CBT6Q, STM32U535CBU6, STM32U535CBU6Q, STM32U535CCT6, STM32U535CCT6Q, STM32U535CCU6, STM32U535CCU6Q, STM32U535CET6, STM32U535CET6Q, STM32U535CEU6, STM32U535CEU6Q, STM32U535JEY6QTR, STM32U535NCY6QTR, STM32U535NEY6QTR, STM32U535RBI6, STM32U535RBI6Q, STM32U535RBT6, STM32U535RBT6Q, STM32U535RCI6, STM32U535RCI6Q, STM32U535RCT6, STM32U535RCT6Q, STM32U535REI6, STM32U535REI6Q, STM32U535RET6, STM32U535RET6Q, STM32U535VCI6, STM32U535VCI6Q, STM32U535VCT6, STM32U535VCT6Q, STM32U535VEI6, STM32U535VEI6Q, STM32U535VET6, STM32U535VET6Q, STM32U545CET6, STM32U545CET6Q, STM32U545CEU6, STM32U545CEU6Q, STM32U545JEY6QTR, STM32U545NEY6QTR, STM32U545REI6, STM32U545REI6Q, STM32U545RET6, STM32U545RET6Q, STM32U545VEI6, STM32U545VEI6Q, STM32U545VET6, STM32U545VET6Q, STM32U595AIH6, STM32U595AIH6Q, STM32U595AJH6, STM32U595AJH6Q, STM32U595QII6, STM32U595QII6Q, STM32U595QJI6, STM32U595QJI6Q, STM32U595RIT6, STM32U595RIT6Q, STM32U595RJT6, STM32U595RJT6Q, STM32U595VIT6, STM32U595VIT6Q, STM32U595VJT6, STM32U595VJT6Q, STM32U595ZIT6, STM32U595ZIT6Q, STM32U595ZIY6QTR, STM32U595ZJT6, STM32U595ZJT6Q, STM32U595ZJY6QTR, STM32U599BJY6QTR, STM32U599NIH6Q, STM32U599NJH6Q, STM32U599VIT6Q, STM32U599VJT6, STM32U599VJT6Q, STM32U599ZIT6Q, STM32U599ZIY6QTR, STM32U599ZJT6Q, STM32U599ZJY6QTR, STM32U5A5AJH6, STM32U5A5AJH6Q, STM32U5A5QJI6, STM32U5A5QJI6Q, STM32U5A5RJT6, STM32U5A5RJT6Q, STM32U5A5VJT6, STM32U5A5VJT6Q, STM32U5A5ZJT6, STM32U5A5ZJT6Q, STM32U5A5ZJY6QTR, STM32U5A9BJY6QTR, STM32U5A9J-DK, STM32U5A9NJH6Q, STM32U5A9VJT6Q, STM32U5A9ZJT6Q, STM32U5A9ZJY6QTR, STM32U5F7VIT6, STM32U5F7VIT6Q, STM32U5F7VJT6, STM32U5F7VJT6Q, STM32U5F9BJY6QTR, STM32U5F9NJH6Q, STM32U5F9VIT6Q, STM32U5F9VJT6Q, STM32U5F9ZIJ6QTR, STM32U5F9ZIT6Q, STM32U5F9ZJJ6QTR, STM32U5F9ZJT6Q, STM32U5G7VJT6, STM32U5G7VJT6Q, STM32U5G9BJY6QTR, STM32U5G9J-DK1, STM32U5G9J-DK2, STM32U5G9NJH6Q, STM32U5G9VJT6Q, STM32U5G9ZJJ6QTR, STM32U5G9ZJT6Q, STM32WB1MMCH6, STM32WBA52CEU6, STM32WBA52CEU6T, STM32WBA52CGU6, STM32WBA52CGU6T, STM32WBA52KEU6, STM32WBA52KEU6T, STM32WBA52KGU6, STM32WBA52KGU6T, STM32WL5MOCH6, STM32WL5MOCH6TR]
2025-10-21 21:14:15,852 [INFO] BoardInfo:880 - No configuration file found for board B-WBA5M-WPAN
2025-10-21 21:14:15,852 [INFO] DbBoards:157 - Board is not supported: B-WBA5M-WPAN
2025-10-21 21:14:15,857 [INFO] BoardInfo:880 - No configuration file found for board NUCLEO-C051C8
2025-10-21 21:14:15,857 [INFO] DbBoards:157 - Board is not supported: NUCLEO-C051C8
2025-10-21 21:14:15,858 [INFO] BoardInfo:880 - No configuration file found for board NUCLEO-C071RB
2025-10-21 21:14:15,858 [INFO] DbBoards:157 - Board is not supported: NUCLEO-C071RB
2025-10-21 21:14:15,860 [INFO] BoardInfo:880 - No configuration file found for board NUCLEO-C092RC
2025-10-21 21:14:15,860 [INFO] DbBoards:157 - Board is not supported: NUCLEO-C092RC
2025-10-21 21:14:15,903 [INFO] BoardInfo:880 - No configuration file found for board NUCLEO-H533RE
2025-10-21 21:14:15,904 [INFO] DbBoards:157 - Board is not supported: NUCLEO-H533RE
2025-10-21 21:14:15,912 [INFO] BoardInfo:880 - No configuration file found for board NUCLEO-H7S3L8
2025-10-21 21:14:15,912 [INFO] DbBoards:157 - Board is not supported: NUCLEO-H7S3L8
2025-10-21 21:14:15,930 [INFO] BoardInfo:880 - No configuration file found for board NUCLEO-N657X0-Q
2025-10-21 21:14:15,930 [INFO] DbBoards:157 - Board is not supported: NUCLEO-N657X0-Q
2025-10-21 21:14:15,931 [INFO] BoardInfo:880 - No configuration file found for board NUCLEO-U031R8
2025-10-21 21:14:15,931 [INFO] DbBoards:157 - Board is not supported: NUCLEO-U031R8
2025-10-21 21:14:15,932 [INFO] BoardInfo:880 - No configuration file found for board NUCLEO-U083RC
2025-10-21 21:14:15,932 [INFO] DbBoards:157 - Board is not supported: NUCLEO-U083RC
2025-10-21 21:14:15,933 [INFO] BoardInfo:880 - No configuration file found for board NUCLEO-U385RG-Q
2025-10-21 21:14:15,933 [INFO] DbBoards:157 - Board is not supported: NUCLEO-U385RG-Q
2025-10-21 21:14:15,936 [INFO] BoardInfo:880 - No configuration file found for board NUCLEO-WB05KZ
2025-10-21 21:14:15,937 [INFO] DbBoards:157 - Board is not supported: NUCLEO-WB05KZ
2025-10-21 21:14:15,938 [INFO] BoardInfo:880 - No configuration file found for board NUCLEO-WB07CC
2025-10-21 21:14:15,938 [INFO] DbBoards:157 - Board is not supported: NUCLEO-WB07CC
2025-10-21 21:14:15,939 [INFO] BoardInfo:880 - No configuration file found for board NUCLEO-WB09KE
2025-10-21 21:14:15,939 [INFO] DbBoards:157 - Board is not supported: NUCLEO-WB09KE
2025-10-21 21:14:15,942 [INFO] BoardInfo:880 - No configuration file found for board NUCLEO-WBA55CG
2025-10-21 21:14:15,942 [INFO] DbBoards:157 - Board is not supported: NUCLEO-WBA55CG
2025-10-21 21:14:15,943 [INFO] BoardInfo:880 - No configuration file found for board NUCLEO-WBA65RI
2025-10-21 21:14:15,943 [INFO] DbBoards:157 - Board is not supported: NUCLEO-WBA65RI
2025-10-21 21:14:15,944 [INFO] BoardInfo:880 - No configuration file found for board NUCLEO-WL33CC1
2025-10-21 21:14:15,944 [INFO] DbBoards:157 - Board is not supported: NUCLEO-WL33CC1
2025-10-21 21:14:15,944 [INFO] BoardInfo:880 - No configuration file found for board NUCLEO-WL33CC2
2025-10-21 21:14:15,944 [INFO] DbBoards:157 - Board is not supported: NUCLEO-WL33CC2
2025-10-21 21:14:15,948 [INFO] BoardInfo:880 - No configuration file found for board P-NUCLEO-WB55
2025-10-21 21:14:15,948 [INFO] DbBoards:157 - Kit is not supported: P-NUCLEO-WB55
2025-10-21 21:14:15,951 [INFO] BoardInfo:880 - No configuration file found for board STEVAL-BFA001V1B
2025-10-21 21:14:15,952 [INFO] DbBoards:157 - Kit is not supported: STEVAL-BFA001V1B
2025-10-21 21:14:15,952 [INFO] BoardInfo:880 - No configuration file found for board STEVAL-BFA001V2B
2025-10-21 21:14:15,952 [INFO] DbBoards:157 - Kit is not supported: STEVAL-BFA001V2B
2025-10-21 21:14:15,955 [INFO] BoardInfo:880 - No configuration file found for board STEVAL-MKBOXPRO
2025-10-21 21:14:15,955 [INFO] DbBoards:157 - Board is not supported: STEVAL-MKBOXPRO
2025-10-21 21:14:16,008 [INFO] BoardInfo:880 - No configuration file found for board STM32H7S78-DK
2025-10-21 21:14:16,008 [INFO] DbBoards:157 - Board is not supported: STM32H7S78-DK
2025-10-21 21:14:16,025 [INFO] BoardInfo:880 - No configuration file found for board STM32MP257F-DK
2025-10-21 21:14:16,025 [INFO] DbBoards:157 - Board is not supported: STM32MP257F-DK
2025-10-21 21:14:16,026 [INFO] BoardInfo:880 - No configuration file found for board STM32MP257F-EV1
2025-10-21 21:14:16,026 [INFO] DbBoards:157 - Board is not supported: STM32MP257F-EV1
2025-10-21 21:14:16,027 [INFO] BoardInfo:880 - No configuration file found for board STM32N6570-DK
2025-10-21 21:14:16,027 [INFO] DbBoards:157 - Board is not supported: STM32N6570-DK
2025-10-21 21:14:16,028 [INFO] BoardInfo:880 - No configuration file found for board STM32U083C-DK
2025-10-21 21:14:16,028 [INFO] DbBoards:157 - Board is not supported: STM32U083C-DK
2025-10-21 21:14:16,033 [INFO] BoardInfo:880 - No configuration file found for board STM32WBA55G-DK1
2025-10-21 21:14:16,034 [INFO] DbBoards:157 - Board is not supported: STM32WBA55G-DK1
2025-10-21 21:14:16,034 [INFO] BoardInfo:880 - No configuration file found for board STM32WBA65I-DK1
2025-10-21 21:14:16,034 [INFO] DbBoards:157 - Board is not supported: STM32WBA65I-DK1
2025-10-21 21:14:16,035 [INFO] DbBoards:161 - Found 211 boards, 183 are supported
2025-10-21 21:14:16,039 [INFO] ApiDb:423 - Load user favorites file /home/sunbeam/.stm32cubeide/favorites.boards.txt: 3 item(s)
2025-10-21 21:14:16,039 [INFO] ApiDb:427 - User favorites Boards=[NUCLEO-F446RE, STM32F407G-DISC1, STM32F411E-DISCO]
2025-10-21 21:14:16,039 [INFO] DbBoards:190 - Set 3 / 3 favorites Boards
2025-10-21 21:14:16,042 [INFO] ApiDb:668 - CubeFinder database Data Model version=2.1
2025-10-21 21:14:16,043 [INFO] ApiDb:669 - CubeFinder database Configuration version=3.0.39
2025-10-21 21:14:16,043 [INFO] ApiDb:670 - CubeFinder database generation date=2025-08-25 (1756130511)
2025-10-21 21:14:16,043 [INFO] ApiDb:671 - CubeFinder database FW Pack versions=[FP-ATR-ASTRA1_V2.0.0, FP-SNS-FLIGHT1_V5.1.0, FP-SNS-MOTENV1_V5.0.0, FP-SNS-MOTENVWB1_V1.4.0, FP-SNS-SMARTAG2_V1.2.0, FP-SNS-STBOX1_V2.1.0, STM32Cube_FW_C0_V1.4.0, STM32Cube_FW_F4_V1.28.3, STM32Cube_FW_F7_V1.17.4, STM32Cube_FW_G0_V1.6.2, STM32Cube_FW_G4_V1.6.1, STM32Cube_FW_H5_V1.5.0, STM32Cube_FW_H7RS_V1.2.0, STM32Cube_FW_H7_V1.12.1, STM32Cube_FW_L0_V1.12.2, STM32Cube_FW_L4_V1.18.1, STM32Cube_FW_L5_V1.5.1, STM32Cube_FW_N6_V1.2.0, STM32Cube_FW_U0_V1.3.0, STM32Cube_FW_U3_V1.2.0, STM32Cube_FW_U5_V1.8.0, STM32Cube_FW_WB0_V1.3.0, STM32Cube_FW_WBA_V1.7.0, STM32Cube_FW_WB_V1.23.0, STM32Cube_FW_WL3_V1.2.0, STM32Cube_FW_WL_V1.3.1, X-CUBE-ALGOBUILD_V1.4.0, X-CUBE-ALS_V1.0.2, X-CUBE-AZRTOS-F4_V1.1.0, X-CUBE-AZRTOS-F7_V1.1.0, X-CUBE-AZRTOS-G0_V1.1.0, X-CUBE-AZRTOS-G4_V2.0.0, X-CUBE-AZRTOS-H7RS_V1.1.0, X-CUBE-AZRTOS-H7_V3.4.0, X-CUBE-AZRTOS-L4_V2.0.0, X-CUBE-AZRTOS-L5_V2.0.0, X-CUBE-AZRTOS-WB_V2.0.0, X-CUBE-AZRTOS-WL_V2.0.0, X-CUBE-BLE1_V7.1.0, X-CUBE-BLE2_V3.3.0, X-CUBE-BLEMGR_V4.1.0, X-CUBE-EEPRMA1_V5.2.0, X-CUBE-FREERTOS_V1.3.1, X-CUBE-GNSS1_V6.0.0, X-CUBE-MEMS1_V11.3.0, X-CUBE-NFC4_V3.0.0, X-CUBE-NFC7_V2.0.0, X-CUBE-SFXS2LP1_V4.0.0, X-CUBE-ST67W61_V1.0.0, X-CUBE-SUBG2_V5.0.0, X-CUBE-TOF1_V3.4.3]
2025-10-21 21:14:16,968 [ERROR] DbExamplesSqlite:437 - Missing JSON key: board_cpn
2025-10-21 21:14:16,969 [ERROR] DbExamplesSqlite:437 - Missing JSON key: board_cpn
2025-10-21 21:14:16,969 [ERROR] DbExamplesSqlite:437 - Missing JSON key: board_cpn
2025-10-21 21:14:16,969 [ERROR] DbExamplesSqlite:437 - Missing JSON key: board_cpn
2025-10-21 21:14:17,395 [ERROR] DbExamplesSqlite:437 - Missing JSON key: board_cpn
2025-10-21 21:14:17,396 [ERROR] DbExamplesSqlite:437 - Missing JSON key: board_cpn
2025-10-21 21:14:17,401 [INFO] DbExamplesSqlite:395 - Ignored 33 examples not supported by CubeIDE
2025-10-21 21:14:17,401 [INFO] DbExamplesSqlite:396 - Found 10871 examples active
2025-10-21 21:14:17,401 [INFO] DbExamplesSqlite:397 - Found 0 examples obsolete
2025-10-21 21:14:17,402 [INFO] DbExamplesSqlite:398 - Found 0 examples under development
2025-10-21 21:14:17,402 [INFO] DbExamplesSqlite:399 - Found 65 examples not building
2025-10-21 21:14:17,405 [INFO] DbExamples:125 - Found 10903 examples
2025-10-21 21:14:17,435 [INFO] DbExamples:222 - Found 134 boards with related examples
2025-10-21 21:14:17,437 [INFO] DbExamples:235 - Found 111 MCUs with related examples
2025-10-21 21:14:17,467 [INFO] ApiDb:414 - User favorites file not found: /home/sunbeam/.stm32cubeide/favorites.examples.txt
2025-10-21 21:14:17,468 [INFO] DbExamples:250 - Set 0 / 0 favorites Examples
2025-10-21 21:14:17,622 [INFO] McuFinderGlobals:76 - Set McuFinderConnectedMode to true
2025-10-21 21:14:17,633 [INFO] MultiScanPanel:200 - Auto-refresh data requested => check proxy status ongoing
2025-10-21 21:14:17,639 [INFO] FinderPluginLoader:95 - Searching for filters in installed packs
2025-10-21 21:14:20,147 [INFO] LoadUrlFilesThread:185 - End of LoadServerUrlFiles without Thread
2025-10-21 21:14:20,165 [INFO] DetailPanel:341 - Set advertising image to /home/sunbeam/STM32Cube/Repository//en.mcu-finder-stm32n6dk.jpg
2025-10-21 21:14:25,385 [INFO] MultiScanPanel:200 - Auto-refresh data requested => check proxy status ongoing
2025-10-21 21:14:25,668 [INFO] LoadUrlFilesThread:185 - End of LoadServerUrlFiles without Thread
2025-10-21 21:14:25,669 [INFO] DetailPanel:341 - Set advertising image to /home/sunbeam/STM32Cube/Repository//en.mcu-finder-stm32n6dk.jpg
2025-10-21 21:14:25,686 [INFO] DbBoards:634 - Loading board mini-images...
2025-10-21 21:14:28,880 [INFO] DbBoards:657 - Loaded 211 board mini-images
2025-10-21 21:14:50,316 [INFO] MainUpdater:2868 - connection check result : 10
2025-10-21 21:14:50,316 [INFO] MainUpdater:2868 - connection check result : 10
2025-10-21 21:14:50,332 [INFO] MicroXplorer:468 - Change Database Path : 
2025-10-21 21:14:50,332 [INFO] MicroXplorer:498 - Change Database Version : DB.6.0.92
2025-10-21 21:14:50,340 [WARN] ThirdParty:871 - waiting for thirdparty lock release [close project]
2025-10-21 21:14:50,341 [INFO] ThirdParty:873 - entering critical section [close project]
2025-10-21 21:14:50,343 [INFO] ThirdParty:883 - exiting critical section [close project]
2025-10-21 21:14:50,347 [INFO] PinOutPanel:1499 - setPackage(No Configuration,No Configuration)
2025-10-21 21:14:50,359 [INFO] UtilMem:75 - Begin LoadConfig() Used Memory: 855861160 Bytes (1073741824)
2025-10-21 21:14:50,365 [INFO] OpenFileManager:308 - Change cursor
2025-10-21 21:14:50,385 [WARN] IntegrityCheckThread:84 - waiting for thirdparty lock release [integrity check]
2025-10-21 21:14:50,386 [INFO] IntegrityCheckThread:86 - entering critical section [integrity check]
2025-10-21 21:14:50,611 [WARN] PackLoader:240 - Cannot read IP mode file for STMicroelectronics.FP-SNS-MOTENVWB1.1.4.0
2025-10-21 21:14:50,619 [WARN] PackLoader:240 - Cannot read IP mode file for STMicroelectronics.FP-ATR-ASTRA1.2.0.2
2025-10-21 21:14:50,624 [WARN] PackLoader:240 - Cannot read IP mode file for STMicroelectronics.FP-ATR-ASTRA1.2.0.1
2025-10-21 21:14:50,633 [WARN] PackLoader:240 - Cannot read IP mode file for STMicroelectronics.X-CUBE-SMBUS.2.1.0
2025-10-21 21:14:50,642 [WARN] PackLoader:240 - Cannot read IP mode file for STMicroelectronics.X-CUBE-WB05N.1.1.0
2025-10-21 21:14:50,647 [ERROR] Engine:466 - /home/sunbeam/.stm32cubemx/thirdparties/pdsc/STMicroelectronics.X-CUBE-ST60.1.0.0.pdsc: PDSC version is not supported
2025-10-21 21:14:50,651 [WARN] PackLoader:240 - Cannot read IP mode file for STMicroelectronics.X-CUBE-TOUCHGFX.4.23.0
2025-10-21 21:14:50,681 [WARN] PackLoader:240 - Cannot read IP mode file for STMicroelectronics.X-CUBE-AZRTOS-F7.1.1.0
2025-10-21 21:14:50,697 [WARN] PackLoader:240 - Cannot read IP mode file for STMicroelectronics.FP-SNS-MOTENV1.4.3.2
2025-10-21 21:14:50,788 [WARN] PackLoader:240 - Cannot read IP mode file for STMicroelectronics.X-CUBE-MEMS1.11.0.0
2025-10-21 21:14:51,019 [WARN] PackLoader:240 - Cannot read IP mode file for STMicroelectronics.FP-SNS-FLIGHT1.5.0.2
2025-10-21 21:14:51,047 [WARN] PackLoader:240 - Cannot read IP mode file for STMicroelectronics.X-CUBE-AZRTOS-H7.3.4.0
2025-10-21 21:14:51,070 [WARN] PackLoader:240 - Cannot read IP mode file for STMicroelectronics.X-CUBE-DISPLAY.3.0.0
2025-10-21 21:14:51,088 [WARN] PackLoader:240 - Cannot read IP mode file for STMicroelectronics.X-CUBE-BLE1.7.0.0
2025-10-21 21:14:51,098 [WARN] PackLoader:240 - Cannot read IP mode file for STMicroelectronics.X-CUBE-NFC10.1.0.0
2025-10-21 21:14:51,105 [ERROR] Engine:466 - /home/sunbeam/.stm32cubemx/thirdparties/pdsc/STMicroelectronics.X-CUBE-BLEMGR.4.0.0.pdsc: PDSC version is not supported
2025-10-21 21:14:51,109 [ERROR] Engine:466 - /home/sunbeam/.stm32cubemx/thirdparties/pdsc/STMicroelectronics.X-CUBE-ST60.1.1.0.pdsc: PDSC version is not supported
2025-10-21 21:14:51,121 [WARN] PackLoader:240 - Cannot read IP mode file for emotas.I-CUBE-CANOPEN.1.3.0
2025-10-21 21:14:51,129 [WARN] PackLoader:240 - Cannot read IP mode file for STMicroelectronics.X-CUBE-TOUCHGFX.4.22.1
2025-10-21 21:14:51,150 [WARN] PackLoader:240 - Cannot read IP mode file for STMicroelectronics.X-CUBE-BLEMGR.3.1.0
2025-10-21 21:14:51,165 [ERROR] Engine:466 - /home/sunbeam/.stm32cubemx/thirdparties/pdsc/STMicroelectronics.FP-SNS-STBOX1.2.1.0.pdsc: PDSC version is not supported
2025-10-21 21:14:51,170 [ERROR] Engine:466 - /home/sunbeam/.stm32cubemx/thirdparties/pdsc/STMicroelectronics.FP-SNS-FLIGHT1.5.1.0.pdsc: PDSC version is not supported
2025-10-21 21:14:51,243 [WARN] PackLoader:240 - Cannot read IP mode file for STMicroelectronics.X-CUBE-MEMS1.11.1.0
2025-10-21 21:14:51,490 [INFO] LogOutputStream:77 - [STDOUT_REDIRECT] 1 : Invalid condition id : UX_CORESTACK_Condition cause : null
2025-10-21 21:14:51,491 [INFO] LogOutputStream:77 - [STDOUT_REDIRECT] 1 : Invalid condition id : UX_CORESTACK_Condition cause : null
2025-10-21 21:14:51,492 [INFO] LogOutputStream:77 - [STDOUT_REDIRECT] 1 : Invalid condition id : UX_CORESTACK_Condition cause : null
2025-10-21 21:14:51,492 [INFO] LogOutputStream:77 - [STDOUT_REDIRECT] 1 : Invalid condition id : UX_CORESTACK_Condition cause : null
2025-10-21 21:14:51,496 [INFO] LogOutputStream:77 - [STDOUT_REDIRECT] 1 : Invalid condition id : UX_CORESTACK_Condition cause : null
2025-10-21 21:14:51,500 [WARN] PackLoader:240 - Cannot read IP mode file for STMicroelectronics.X-CUBE-AZRTOS-WL.2.0.0
2025-10-21 21:14:51,507 [WARN] PackLoader:240 - Cannot read IP mode file for STMicroelectronics.FP-SNS-MOTENV1.5.0.0
2025-10-21 21:14:51,516 [WARN] PackLoader:240 - Cannot read IP mode file for wolfSSL.I-CUBE-wolfMQTT.1.19.0
2025-10-21 21:14:51,522 [WARN] PackLoader:240 - Cannot read IP mode file for WES.I-CUBE-Cesium.1.3.0
2025-10-21 21:14:51,528 [WARN] PackLoader:240 - Cannot read IP mode file for STMicroelectronics.X-CUBE-BLE2.3.3.0
2025-10-21 21:14:51,534 [WARN] PackLoader:240 - Cannot read IP mode file for STMicroelectronics.X-CUBE-NFC9.1.0.0
2025-10-21 21:14:51,540 [WARN] PackLoader:240 - Cannot read IP mode file for STMicroelectronics.X-CUBE-BLE1.7.1.0
2025-10-21 21:14:51,546 [WARN] PackLoader:240 - Cannot read IP mode file for STMicroelectronics.X-CUBE-TCPP.4.1.0
2025-10-21 21:14:51,556 [WARN] PackLoader:240 - Cannot read IP mode file for STMicroelectronics.X-CUBE-EEPRMA1.5.2.0
2025-10-21 21:14:51,562 [ERROR] Engine:466 - /home/sunbeam/.stm32cubemx/thirdparties/pdsc/STMicroelectronics.X-CUBE-ST67W61.1.1.0.pdsc: PDSC version is not supported
2025-10-21 21:14:51,566 [WARN] PackLoader:240 - Cannot read IP mode file for STMicroelectronics.X-CUBE-ALGOBUILD.1.3.0
2025-10-21 21:14:51,598 [WARN] PackLoader:240 - Cannot read IP mode file for STMicroelectronics.X-CUBE-AZRTOS-G0.1.1.0
2025-10-21 21:14:51,607 [WARN] PackLoader:240 - Cannot read IP mode file for STMicroelectronics.X-CUBE-SAFEA1.1.2.2
2025-10-21 21:14:51,617 [WARN] PackLoader:240 - Cannot read IP mode file for STMicroelectronics.X-CUBE-NFC4.3.0.0
2025-10-21 21:14:51,624 [ERROR] Engine:466 - /home/sunbeam/.stm32cubemx/thirdparties/pdsc/EmbeddedOffice.I-CUBE-FS-RTOS.1.0.1.pdsc: PDSC version is not supported
2025-10-21 21:14:51,630 [WARN] PackLoader:240 - Cannot read IP mode file for STMicroelectronics.X-CUBE-WB05N.2.0.0
2025-10-21 21:14:51,642 [WARN] PackLoader:240 - Cannot read IP mode file for STMicroelectronics.X-CUBE-BLEMGR.3.0.0
2025-10-21 21:14:51,649 [ERROR] Engine:466 - /home/sunbeam/.stm32cubemx/thirdparties/pdsc/STMicroelectronics.X-CUBE-TCPP.4.2.0.pdsc: PDSC version is not supported
2025-10-21 21:14:51,652 [ERROR] Engine:466 - /home/sunbeam/.stm32cubemx/thirdparties/pdsc/RealThread.X-CUBE-RT-Thread_Nano.4.1.1.pdsc: PDSC version is not supported
2025-10-21 21:14:51,656 [WARN] PackLoader:240 - Cannot read IP mode file for STMicroelectronics.FP-ATR-SIGFOX1.3.2.0
2025-10-21 21:14:51,659 [ERROR] Engine:466 - /home/sunbeam/.stm32cubemx/thirdparties/pdsc/quantropi.X-CUBE-qispace-sdk-base.1.9.3.pdsc: PDSC version is not supported
2025-10-21 21:14:51,665 [WARN] PackLoader:240 - Cannot read IP mode file for STMicroelectronics.X-CUBE-EEPRMA1.5.1.0
2025-10-21 21:14:51,669 [ERROR] Engine:466 - /home/sunbeam/.stm32cubemx/thirdparties/pdsc/STMicroelectronics.X-CUBE-ST67W61.1.0.0.pdsc: PDSC version is not supported
2025-10-21 21:14:51,674 [WARN] PackLoader:240 - Cannot read IP mode file for STMicroelectronics.X-CUBE-AI.10.2.0
2025-10-21 21:14:51,715 [WARN] PackLoader:240 - Cannot read IP mode file for SEGGER.I-CUBE-embOS.1.3.1
2025-10-21 21:14:51,774 [WARN] PackLoader:240 - Cannot read IP mode file for STMicroelectronics.X-CUBE-ALGOBUILD.1.4.0
2025-10-21 21:14:51,934 [WARN] PackLoader:240 - Cannot read IP mode file for STMicroelectronics.X-CUBE-MEMS1.11.3.0
2025-10-21 21:14:52,106 [WARN] PackLoader:240 - Cannot read IP mode file for STMicroelectronics.X-CUBE-AI.9.1.0
2025-10-21 21:14:52,110 [WARN] PackLoader:240 - Cannot read IP mode file for STMicroelectronics.X-CUBE-PM33A1.1.0.0
2025-10-21 21:14:52,116 [WARN] PackLoader:240 - Cannot read IP mode file for STMicroelectronics.X-CUBE-GNSS1.6.0.0
2025-10-21 21:14:52,137 [WARN] PackLoader:240 - Cannot read IP mode file for STMicroelectronics.X-CUBE-AZRTOS-F4.1.1.0
2025-10-21 21:14:52,145 [WARN] PackLoader:240 - Cannot read IP mode file for wolfSSL.I-CUBE-wolfSSL.5.6.4
2025-10-21 21:14:52,148 [ERROR] Engine:466 - /home/sunbeam/.stm32cubemx/thirdparties/pdsc/Avnet-IotConnect.X-CUBE-IoTC-DA16k-PMOD.1.0.0.pdsc: PDSC version is not supported
2025-10-21 21:14:52,152 [WARN] PackLoader:240 - Cannot read IP mode file for STMicroelectronics.X-CUBE-ISPU.2.1.0
2025-10-21 21:14:52,159 [ERROR] Engine:466 - /home/sunbeam/.stm32cubemx/thirdparties/pdsc/STMicroelectronics.X-CUBE-IPS.3.2.0.pdsc: PDSC version is not supported
2025-10-21 21:14:52,174 [WARN] PackLoader:240 - Cannot read IP mode file for STMicroelectronics.X-CUBE-FREERTOS.1.2.0
2025-10-21 21:14:52,179 [WARN] PackLoader:240 - Cannot read IP mode file for STMicroelectronics.X-CUBE-NFC12.1.0.0
2025-10-21 21:14:52,195 [WARN] PackLoader:240 - Cannot read IP mode file for STMicroelectronics.X-CUBE-AZRTOS-L5.2.0.0
2025-10-21 21:14:52,277 [WARN] PackLoader:240 - Cannot read IP mode file for STMicroelectronics.X-CUBE-MEMS1.9.6.0
2025-10-21 21:14:52,421 [WARN] PackLoader:240 - Cannot read IP mode file for STMicroelectronics.X-CUBE-EEPRMA1.4.2.0
2025-10-21 21:14:52,429 [WARN] PackLoader:240 - Cannot read IP mode file for STMicroelectronics.X-CUBE-NFC6.3.1.0
2025-10-21 21:14:52,436 [WARN] PackLoader:240 - Cannot read IP mode file for ITTIA_DB.I-CUBE-ITTIADB.8.8.0
2025-10-21 21:14:52,445 [WARN] PackLoader:240 - Cannot read IP mode file for STMicroelectronics.X-CUBE-BLEMGR.2.0.0
2025-10-21 21:14:52,450 [ERROR] Engine:466 - /home/sunbeam/.stm32cubemx/thirdparties/pdsc/STMicroelectronics.X-CUBE-DPower.1.2.0.pdsc: PDSC version is not supported
2025-10-21 21:14:52,454 [WARN] PackLoader:240 - Cannot read IP mode file for STMicroelectronics.X-CUBE-AI.9.0.0
2025-10-21 21:14:52,472 [WARN] ConditionMgr:438 - getConditionDescription Invalid condition id : UX DEVICE CLASS RTOS Condition cause : null
2025-10-21 21:14:52,473 [WARN] ConditionMgr:438 - getConditionDescription Invalid condition id : UX DEVICE CLASS RTOS Condition cause : null
2025-10-21 21:14:52,477 [WARN] PackLoader:240 - Cannot read IP mode file for STMicroelectronics.X-CUBE-AZRTOS-H7.3.1.0
2025-10-21 21:14:52,479 [WARN] ConditionMgr:1039 - genDependencies : Invalid condition id : UX DEVICE CLASS RTOS Condition cause : null
2025-10-21 21:14:52,479 [WARN] ConditionMgr:1039 - genDependencies : Invalid condition id : UX DEVICE CLASS RTOS Condition cause : null
2025-10-21 21:14:52,480 [WARN] ConditionMgr:1039 - genDependencies : Invalid condition id : UX DEVICE CLASS RTOS Condition cause : null
2025-10-21 21:14:52,480 [WARN] ConditionMgr:1039 - genDependencies : Invalid condition id : UX DEVICE CLASS RTOS Condition cause : null
2025-10-21 21:14:52,480 [WARN] ConditionMgr:1039 - genDependencies : Invalid condition id : UX DEVICE CLASS RTOS Condition cause : null
2025-10-21 21:14:52,488 [WARN] PackLoader:240 - Cannot read IP mode file for STMicroelectronics.X-CUBE-FREERTOS.1.3.1
2025-10-21 21:14:52,493 [WARN] PackLoader:240 - Cannot read IP mode file for STMicroelectronics.X-CUBE-FREERTOS.1.3.0
2025-10-21 21:14:52,498 [WARN] PackLoader:240 - Cannot read IP mode file for STMicroelectronics.X-CUBE-NFC7.1.0.1
2025-10-21 21:14:52,502 [WARN] PackLoader:240 - Cannot read IP mode file for STMicroelectronics.X-CUBE-TOUCHGFX.4.26.0
2025-10-21 21:14:52,510 [WARN] PackLoader:240 - Cannot read IP mode file for STMicroelectronics.X-CUBE-NFC6.3.0.0
2025-10-21 21:14:52,517 [WARN] PackLoader:240 - Cannot read IP mode file for STMicroelectronics.X-CUBE-EEPRMA1.4.1.0
2025-10-21 21:14:52,522 [ERROR] Engine:466 - /home/sunbeam/.stm32cubemx/thirdparties/pdsc/STMicroelectronics.FP-SNS-STAIOTCFT.1.0.0.pdsc: PDSC version is not supported
2025-10-21 21:14:52,525 [ERROR] Engine:466 - /home/sunbeam/.stm32cubemx/thirdparties/pdsc/STMicroelectronics.X-CUBE-DPower.1.3.0.pdsc: PDSC version is not supported
2025-10-21 21:14:52,528 [WARN] PackLoader:240 - Cannot read IP mode file for STMicroelectronics.X-CUBE-AI.8.1.0
2025-10-21 21:14:52,547 [WARN] ConditionMgr:438 - getConditionDescription Invalid condition id : LAN8742 Phy interface Condition cause : null
2025-10-21 21:14:52,548 [WARN] PackLoader:240 - Cannot read IP mode file for STMicroelectronics.X-CUBE-AZRTOS-L4.2.0.0
2025-10-21 21:14:52,549 [WARN] ConditionMgr:1039 - genDependencies : Invalid condition id : LAN8742 Phy interface Condition cause : null
2025-10-21 21:14:52,550 [WARN] ConditionMgr:1039 - genDependencies : Invalid condition id : LAN8742 Phy interface Condition cause : null
2025-10-21 21:14:52,550 [WARN] ConditionMgr:1039 - genDependencies : Invalid condition id : LAN8742 Phy interface Condition cause : null
2025-10-21 21:14:52,565 [WARN] PackLoader:240 - Cannot read IP mode file for STMicroelectronics.X-CUBE-SFXS2LP1.4.0.0
2025-10-21 21:14:52,571 [WARN] PackLoader:240 - Cannot read IP mode file for STMicroelectronics.X-CUBE-ISPU.1.1.0
2025-10-21 21:14:52,642 [WARN] PackLoader:240 - Cannot read IP mode file for STMicroelectronics.X-CUBE-AZRTOS-H7.3.3.0
2025-10-21 21:14:52,659 [ERROR] Engine:466 - /home/sunbeam/.stm32cubemx/thirdparties/pdsc/STMicroelectronics.X-CUBE-BLEMGR.4.1.0.pdsc: PDSC version is not supported
2025-10-21 21:14:52,670 [ERROR] Engine:466 - /home/sunbeam/.stm32cubemx/thirdparties/pdsc/STMicroelectronics.X-CUBE-IPS.3.0.0.pdsc: PDSC version is not supported
2025-10-21 21:14:52,704 [WARN] ConditionMgr:438 - getConditionDescription Invalid condition id : UX DEVICE CLASS RTOS Condition cause : null
2025-10-21 21:14:52,705 [WARN] ConditionMgr:438 - getConditionDescription Invalid condition id : UX DEVICE CLASS RTOS Condition cause : null
2025-10-21 21:14:52,708 [WARN] PackLoader:240 - Cannot read IP mode file for STMicroelectronics.X-CUBE-AZRTOS-WB.2.0.0
2025-10-21 21:14:52,709 [WARN] ConditionMgr:1039 - genDependencies : Invalid condition id : UX DEVICE CLASS RTOS Condition cause : null
2025-10-21 21:14:52,709 [WARN] ConditionMgr:1039 - genDependencies : Invalid condition id : UX DEVICE CLASS RTOS Condition cause : null
2025-10-21 21:14:52,710 [WARN] ConditionMgr:1039 - genDependencies : Invalid condition id : UX DEVICE CLASS RTOS Condition cause : null
2025-10-21 21:14:52,710 [WARN] ConditionMgr:1039 - genDependencies : Invalid condition id : UX DEVICE CLASS RTOS Condition cause : null
2025-10-21 21:14:52,710 [WARN] ConditionMgr:1039 - genDependencies : Invalid condition id : UX DEVICE CLASS RTOS Condition cause : null
2025-10-21 21:14:52,719 [WARN] PackLoader:240 - Cannot read IP mode file for STMicroelectronics.X-CUBE-GNSS1.7.0.0
2025-10-21 21:14:52,740 [WARN] PackLoader:240 - Cannot read IP mode file for STMicroelectronics.X-CUBE-GNSS1.7.0.1
2025-10-21 21:14:52,748 [WARN] PackLoader:240 - Cannot read IP mode file for STMicroelectronics.X-CUBE-TOUCHGFX.4.25.0
2025-10-21 21:14:52,759 [ERROR] Engine:466 - /home/sunbeam/.stm32cubemx/thirdparties/pdsc/STMicroelectronics.FP-SNS-STBOX1.2.0.0.pdsc: PDSC version is not supported
2025-10-21 21:14:52,781 [WARN] PackLoader:240 - Cannot read IP mode file for STMicroelectronics.X-CUBE-SUBG2.5.0.0
2025-10-21 21:14:52,817 [WARN] PackLoader:240 - Cannot read IP mode file for STMicroelectronics.X-CUBE-AZRTOS-H7RS.1.1.0
2025-10-21 21:14:52,825 [WARN] PackLoader:240 - Cannot read IP mode file for Cesanta.I-CUBE-Mongoose.7.13.0
2025-10-21 21:14:52,836 [WARN] PackLoader:240 - Cannot read IP mode file for STMicroelectronics.X-CUBE-TOF1.3.3.1
2025-10-21 21:14:52,876 [WARN] PackLoader:240 - Cannot read IP mode file for STMicroelectronics.X-CUBE-AZRTOS-G4.2.0.0
2025-10-21 21:14:52,891 [WARN] PackLoader:240 - Cannot read IP mode file for Infineon.AIROC-Wi-Fi-Bluetooth-STM32.1.5.1
2025-10-21 21:14:52,900 [WARN] PackLoader:240 - Cannot read IP mode file for STMicroelectronics.X-CUBE-NFC7.2.0.0
2025-10-21 21:14:52,906 [WARN] PackLoader:240 - Cannot read IP mode file for STMicroelectronics.FP-SNS-MOTENVWB1.1.3.1
2025-10-21 21:14:52,911 [WARN] PackLoader:240 - Cannot read IP mode file for STMicroelectronics.X-CUBE-ISPU.2.0.0
2025-10-21 21:14:52,918 [ERROR] Engine:466 - /home/sunbeam/.stm32cubemx/thirdparties/pdsc/STMicroelectronics.X-CUBE-IPS.3.1.0.pdsc: PDSC version is not supported
2025-10-21 21:14:52,922 [WARN] PackLoader:240 - Cannot read IP mode file for STMicroelectronics.X-CUBE-ALS.1.0.2
2025-10-21 21:14:52,976 [WARN] PackLoader:240 - Cannot read IP mode file for STMicroelectronics.X-CUBE-MEMS1.10.0.0
2025-10-21 21:14:53,198 [WARN] PackLoader:240 - Cannot read IP mode file for STMicroelectronics.X-CUBE-FREERTOS.1.1.0
2025-10-21 21:14:53,202 [WARN] PackLoader:240 - Cannot read IP mode file for STMicroelectronics.X-CUBE-TOUCHGFX.4.24.0
2025-10-21 21:14:53,205 [WARN] PackLoader:240 - Cannot read IP mode file for STMicroelectronics.X-CUBE-TOUCHGFX.4.24.2
2025-10-21 21:14:53,209 [WARN] PackLoader:240 - Cannot read IP mode file for STMicroelectronics.X-CUBE-TOUCHGFX.4.24.1
2025-10-21 21:14:53,215 [WARN] PackLoader:240 - Cannot read IP mode file for STMicroelectronics.X-CUBE-STSE01.1.0.0
2025-10-21 21:14:53,219 [WARN] PackLoader:240 - Cannot read IP mode file for wolfSSL.I-CUBE-wolfTPM.3.4.0
2025-10-21 21:14:53,224 [WARN] PackLoader:240 - Cannot read IP mode file for portGmbH.I-Cube-SoM-uGOAL.1.1.0
2025-10-21 21:14:53,226 [WARN] PackLoader:240 - Cannot read IP mode file for STMicroelectronics.X-CUBE-ALS.1.0.1
2025-10-21 21:14:53,239 [WARN] PackLoader:240 - Cannot read IP mode file for STMicroelectronics.X-CUBE-AZRTOS-H7RS.1.0.0
2025-10-21 21:14:53,244 [WARN] PackLoader:240 - Cannot read IP mode file for STMicroelectronics.FP-ATR-ASTRA1.2.0.0
2025-10-21 21:14:53,248 [ERROR] Engine:466 - /home/sunbeam/.stm32cubemx/thirdparties/pdsc/STMicroelectronics.X-CUBE-TOF1.3.4.2.pdsc: PDSC version is not supported
2025-10-21 21:14:53,252 [ERROR] Engine:466 - /home/sunbeam/.stm32cubemx/thirdparties/pdsc/STMicroelectronics.X-CUBE-TOF1.3.4.3.pdsc: PDSC version is not supported
2025-10-21 21:14:53,259 [WARN] PackLoader:240 - Cannot read IP mode file for STMicroelectronics.X-CUBE-TOF1.3.4.0
2025-10-21 21:14:53,284 [WARN] PackLoader:240 - Cannot read IP mode file for STMicroelectronics.X-CUBE-AZRTOS-H7.3.2.0
2025-10-21 21:14:53,291 [WARN] PackLoader:240 - Cannot read IP mode file for wolfSSL.I-CUBE-wolfSSH.1.4.17
2025-10-21 21:14:53,291 [INFO] ThirdParty:978 - Integrity check success = true
2025-10-21 21:14:53,291 [INFO] IntegrityCheckThread:100 - exiting critical section [integrity check]
2025-10-21 21:14:53,291 [INFO] IntegrityCheckThread:103 - End integrity checks thread
2025-10-21 21:14:53,314 [INFO] ProjectFactory:402 - No CPN specified for board NUCLEO-F446RE => set CPN to STM32F446RET6
2025-10-21 21:14:53,315 [INFO] Mcu:1946 - Initializing MCU STM32F446R(C-E)Tx STM32F446RETx STM32F446RET6
2025-10-21 21:14:55,446 [INFO] Context:659 - Trying to add GPIOservice into a context  which must be forbidden
2025-10-21 21:14:56,081 [INFO] Rule:228 - rule 117617 - U5Cobra4M][GTZC] default value MPCBB3 and MPCBB5 - Not Secured memory - MPCBB1 is applicable
2025-10-21 21:14:56,082 [INFO] Rule:228 - rule 117617 - U5Cobra4M][GTZC] default value MPCBB3 and MPCBB5 - Not Secured memory - MPCBB1 is applicable
2025-10-21 21:14:56,082 [INFO] Rule:228 - rule 117617 - U5Cobra4M][GTZC] default value MPCBB3 and MPCBB5 - Not Secured memory - MPCBB2 is applicable
2025-10-21 21:14:56,082 [INFO] Rule:228 - rule 117617 - U5Cobra4M][GTZC] default value MPCBB3 and MPCBB5 - Not Secured memory - MPCBB2 is applicable
2025-10-21 21:14:56,082 [INFO] Rule:228 - rule 117617 - U5Cobra4M][GTZC] default value MPCBB3 and MPCBB5 - Not Secured memory - MPCBB3 is applicable
2025-10-21 21:14:56,082 [INFO] Rule:228 - rule 117617 - U5Cobra4M][GTZC] default value MPCBB3 and MPCBB5 - Not Secured memory - MPCBB3 is applicable
2025-10-21 21:14:56,082 [INFO] Rule:228 - rule 117617 - U5Cobra4M][GTZC] default value MPCBB3 and MPCBB5 - Not Secured memory - MPCBB4 is applicable
2025-10-21 21:14:56,082 [INFO] Rule:228 - rule 117617 - U5Cobra4M][GTZC] default value MPCBB3 and MPCBB5 - Not Secured memory - MPCBB4 is applicable
2025-10-21 21:14:56,082 [INFO] Rule:228 - rule 117617 - U5Cobra4M][GTZC] default value MPCBB3 and MPCBB5 - Secured memory - MPCBB1 is applicable
2025-10-21 21:14:56,082 [INFO] Rule:228 - rule 117617 - U5Cobra4M][GTZC] default value MPCBB3 and MPCBB5 - Secured memory - MPCBB2 is applicable
2025-10-21 21:14:56,082 [INFO] Rule:228 - rule 117617 - U5Cobra4M][GTZC] default value MPCBB3 and MPCBB5 - Secured memory - MPCBB3 is applicable
2025-10-21 21:14:56,082 [INFO] Rule:228 - rule 117617 - U5Cobra4M][GTZC] default value MPCBB3 and MPCBB5 - Secured memory - MPCBB4 is applicable
2025-10-21 21:14:56,082 [INFO] Rule:228 - rule 117617 - U5Cobra4M][GTZC] default value MPCBB3 and MPCBB5 - Privileged memory - MPCBB1 is applicable
2025-10-21 21:14:56,082 [INFO] Rule:228 - rule 117617 - U5Cobra4M][GTZC] default value MPCBB3 and MPCBB5 - Privileged memory - MPCBB2 is applicable
2025-10-21 21:14:56,082 [INFO] Rule:228 - rule 117617 - U5Cobra4M][GTZC] default value MPCBB3 and MPCBB5 - Privileged memory - MPCBB3 is applicable
2025-10-21 21:14:56,083 [INFO] Rule:228 - rule 117617 - U5Cobra4M][GTZC] default value MPCBB3 and MPCBB5 - Privileged memory - MPCBB4 is applicable
2025-10-21 21:14:56,083 [INFO] Rule:228 - rule 117617 - U5Cobra4M][GTZC] default value MPCBB3 and MPCBB5 - Not Privileged memory - MPCBB1 is applicable
2025-10-21 21:14:56,083 [INFO] Rule:228 - rule 117617 - U5Cobra4M][GTZC] default value MPCBB3 and MPCBB5 - Not Privileged memory - MPCBB2 is applicable
2025-10-21 21:14:56,083 [INFO] Rule:228 - rule 117617 - U5Cobra4M][GTZC] default value MPCBB3 and MPCBB5 - Not Privileged memory - MPCBB3 is applicable
2025-10-21 21:14:56,083 [INFO] Rule:228 - rule 117617 - U5Cobra4M][GTZC] default value MPCBB3 and MPCBB5 - Not Privileged memory - MPCBB4 is applicable
2025-10-21 21:14:56,083 [INFO] Rule:228 - rule 117617 - U5Cobra4M][GTZC] default value MPCBB3 and MPCBB5 - Privileged memory - MPCBB1 is applicable
2025-10-21 21:14:56,084 [INFO] Rule:228 - rule 117617 - U5Cobra4M][GTZC] default value MPCBB3 and MPCBB5 - Privileged memory - MPCBB2 is applicable
2025-10-21 21:14:56,084 [INFO] Rule:228 - rule 117617 - U5Cobra4M][GTZC] default value MPCBB3 and MPCBB5 - Privileged memory - MPCBB3 is applicable
2025-10-21 21:14:56,084 [INFO] Rule:228 - rule 117617 - U5Cobra4M][GTZC] default value MPCBB3 and MPCBB5 - Privileged memory - MPCBB4 is applicable
2025-10-21 21:14:56,084 [INFO] Rule:228 - rule 117617 - U5Cobra4M][GTZC] default value MPCBB3 and MPCBB5 - Privileged memory - MPCBB1 is applicable
2025-10-21 21:14:56,084 [INFO] Rule:228 - rule 117617 - U5Cobra4M][GTZC] default value MPCBB3 and MPCBB5 - Privileged memory - MPCBB2 is applicable
2025-10-21 21:14:56,084 [INFO] Rule:228 - rule 117617 - U5Cobra4M][GTZC] default value MPCBB3 and MPCBB5 - Privileged memory - MPCBB3 is applicable
2025-10-21 21:14:56,084 [INFO] Rule:228 - rule 117617 - U5Cobra4M][GTZC] default value MPCBB3 and MPCBB5 - Privileged memory - MPCBB4 is applicable
2025-10-21 21:14:56,084 [INFO] Rule:228 - rule 117617 - U5Cobra4M][GTZC] default value MPCBB3 and MPCBB5 - Not Privileged memory - MPCBB1 is applicable
2025-10-21 21:14:56,084 [INFO] Rule:228 - rule 117617 - U5Cobra4M][GTZC] default value MPCBB3 and MPCBB5 - Not Privileged memory - MPCBB2 is applicable
2025-10-21 21:14:56,084 [INFO] Rule:228 - rule 117617 - U5Cobra4M][GTZC] default value MPCBB3 and MPCBB5 - Not Privileged memory - MPCBB3 is applicable
2025-10-21 21:14:56,084 [INFO] Rule:228 - rule 117617 - U5Cobra4M][GTZC] default value MPCBB3 and MPCBB5 - Not Privileged memory - MPCBB4 is applicable
2025-10-21 21:14:56,084 [INFO] Rule:228 - rule 117617 - U5Cobra4M][GTZC] default value MPCBB3 and MPCBB5 - Privileged memory - MPCBB1 is applicable
2025-10-21 21:14:56,084 [INFO] Rule:228 - rule 117617 - U5Cobra4M][GTZC] default value MPCBB3 and MPCBB5 - Privileged memory - MPCBB2 is applicable
2025-10-21 21:14:56,084 [INFO] Rule:228 - rule 117617 - U5Cobra4M][GTZC] default value MPCBB3 and MPCBB5 - Privileged memory - MPCBB3 is applicable
2025-10-21 21:14:56,084 [INFO] Rule:228 - rule 117617 - U5Cobra4M][GTZC] default value MPCBB3 and MPCBB5 - Privileged memory - MPCBB4 is applicable
2025-10-21 21:14:56,084 [INFO] Rule:228 - rule Rename SubGHz_Phy SUBGHZ_APPLICATION SUBGHZ_PINGPONG to SUBGHZ_ADV_APPLICATION is applicable
2025-10-21 21:14:56,084 [INFO] Rule:228 - rule Rename Enabled to IBEACON is applicable
2025-10-21 21:14:56,085 [INFO] Rule:228 - rule GTZC_S instance for project manager is applicable
2025-10-21 21:14:56,085 [INFO] Rule:228 - rule GTZC_S instance for context M33S is applicable
2025-10-21 21:14:56,085 [INFO] Rule:228 - rule GTZC_S instance value for IP GTZC is applicable
2025-10-21 21:14:56,085 [INFO] Rule:228 - rule GTZC_S instance for mcu.IP is applicable
2025-10-21 21:14:56,085 [INFO] Rule:228 - rule GTZC_S instance for VP is applicable
2025-10-21 21:14:56,085 [INFO] Rule:228 - rule GTZC_S instance for signal is applicable
2025-10-21 21:14:56,085 [INFO] Rule:228 - rule GTZC_S instance for mcu.Pin is applicable
2025-10-21 21:14:56,085 [INFO] Rule:228 - rule GTZC_S instance for VP is applicable
2025-10-21 21:14:56,085 [INFO] Rule:228 - rule GTZC_S instance for signal is applicable
2025-10-21 21:14:56,085 [INFO] Rule:228 - rule GTZC_S instance for mcu is applicable
2025-10-21 21:14:56,085 [INFO] Rule:228 - rule GTZC_S instance for mcu.Pin is applicable
2025-10-21 21:14:56,085 [INFO] Rule:228 - rule GTZC_S instance value for IP GTZC is applicable
2025-10-21 21:14:56,085 [INFO] Rule:228 - rule GTZC_S instance for project manager is applicable
2025-10-21 21:14:56,085 [INFO] Rule:228 - rule GTZC_S instance for context M33S is applicable
2025-10-21 21:14:56,085 [INFO] Rule:228 - rule GTZC_S instance for VP is applicable
2025-10-21 21:14:56,085 [INFO] Rule:228 - rule GTZC_S instance for signal is applicable
2025-10-21 21:14:56,085 [INFO] Rule:228 - rule SPDIFRX instance for mcu is applicable
2025-10-21 21:14:56,085 [INFO] Rule:228 - rule Rename Tracer Mode is applicable
2025-10-21 21:14:56,086 [INFO] Rule:228 - rule SPDIFRX instance value for IP SPDIFRX is applicable
2025-10-21 21:14:56,086 [INFO] Rule:228 - rule SPDIFRX instance for signal is applicable
2025-10-21 21:14:56,086 [INFO] Rule:228 - rule SPDIFRX instance for project manager is applicable
2025-10-21 21:14:56,086 [INFO] Rule:228 - rule SPDIFRX instance for project manager is applicable
2025-10-21 21:14:56,086 [INFO] Rule:228 - rule ADC Scan  fix with FW F7 is applicable
2025-10-21 21:14:56,086 [INFO] Rule:228 - rule ADC Scan  fix with FW F7 is applicable
2025-10-21 21:14:56,086 [INFO] Rule:228 - rule WakeUp0 Mode is applicable
2025-10-21 21:14:56,086 [INFO] Rule:228 - rule WakeUp0 SIGNAL is applicable
2025-10-21 21:14:56,086 [INFO] Rule:228 - rule WakeUp1 Mode is applicable
2025-10-21 21:14:56,086 [INFO] Rule:228 - rule WakeUp1 SIGNAL is applicable
2025-10-21 21:14:56,087 [INFO] Rule:228 - rule WakeUp2 Mode is applicable
2025-10-21 21:14:56,087 [INFO] Rule:228 - rule WakeUp2 SIGNAL is applicable
2025-10-21 21:14:56,087 [INFO] Rule:228 - rule WakeUp4 Mode is applicable
2025-10-21 21:14:56,087 [INFO] Rule:228 - rule WakeUp4 SIGNAL is applicable
2025-10-21 21:14:56,087 [INFO] Rule:228 - rule WakeUp5 Mode is applicable
2025-10-21 21:14:56,087 [INFO] Rule:228 - rule WakeUp5 SIGNAL is applicable
2025-10-21 21:14:56,087 [INFO] Rule:228 - rule Add RTC Activate Clock Source is applicable
2025-10-21 21:14:56,087 [INFO] Rule:228 - rule Add RTC Activate Calendar 1 is applicable
2025-10-21 21:14:56,087 [INFO] Rule:228 - rule Add RTC Activate Calendar 2 is applicable
2025-10-21 21:14:56,087 [INFO] Rule:228 - rule Add RTC Activate Calendar 3 is applicable
2025-10-21 21:14:56,087 [INFO] Rule:228 - rule UART/USART TX Mode is applicable
2025-10-21 21:14:56,087 [INFO] Rule:228 - rule UART/USART RX Mode is applicable
2025-10-21 21:14:56,087 [INFO] Rule:228 - rule UART/USART RX TX Mode is applicable
2025-10-21 21:14:56,087 [INFO] Rule:228 - rule UART/USART PARITY NONE is applicable
2025-10-21 21:14:56,087 [INFO] Rule:228 - rule UART/USART PARITY EVEN is applicable
2025-10-21 21:14:56,087 [INFO] Rule:228 - rule UART/USART PARITY ODD is applicable
2025-10-21 21:14:56,088 [INFO] Rule:228 - rule USART StopBits 1 is applicable
2025-10-21 21:14:56,088 [INFO] Rule:228 - rule USART StopBits 2 is applicable
2025-10-21 21:14:56,088 [INFO] Rule:228 - rule USART StopBits 1.5 is applicable
2025-10-21 21:14:56,088 [INFO] Rule:228 - rule USART StopBits 0.5 is applicable
2025-10-21 21:14:56,088 [INFO] Rule:228 - rule UART/USART WORD LENGTH 7 is applicable
2025-10-21 21:14:56,088 [INFO] Rule:228 - rule UART/USART WORD LENGTH 8 is applicable
2025-10-21 21:14:56,088 [INFO] Rule:228 - rule UART/USART WORD LENGTH 9 is applicable
2025-10-21 21:14:56,088 [INFO] Rule:228 - rule Rename FMC NAND NCE signal is applicable
2025-10-21 21:14:56,088 [INFO] Rule:228 - rule Rename FMC NAND INT signal is applicable
2025-10-21 21:14:56,088 [INFO] Rule:228 - rule Change Default Value for LSE Drive Capability for WB family is applicable
2025-10-21 21:14:56,088 [INFO] Rule:228 - rule Change Default Value for ADC Clock Prescaler G0 family is applicable
2025-10-21 21:14:56,088 [INFO] Rule:228 - rule Change Default Value for ADC ExternalTrigConv L4 family is applicable
2025-10-21 21:14:56,088 [INFO] Rule:228 - rule Change Default Value for ADC ExternalTrigInjecConv L4 family is applicable
2025-10-21 21:14:56,088 [INFO] Rule:228 - rule Change Default Value for ADC ExternalTrigConv F3 family is applicable
2025-10-21 21:14:56,088 [INFO] Rule:228 - rule Change Default Value for ADC ExternalTrigInjecConv F3 family is applicable
2025-10-21 21:14:56,088 [INFO] Rule:228 - rule Change Default Value for ADC ExternalTrigConv Goldfish serie is applicable
2025-10-21 21:14:56,089 [INFO] Rule:228 - rule Change Default Value for ADC ExternalTrigInjecConv Goldfish serie is applicable
2025-10-21 21:14:56,089 [INFO] Rule:228 - rule Change Default Value for ADC ExternalTrigConv L0 family is applicable
2025-10-21 21:14:56,089 [INFO] Rule:228 - rule Change Default Value for ADC ExternalTrigConv F0 family is applicable
2025-10-21 21:14:56,089 [INFO] Rule:228 - rule Change Default Value for ADC ExternalTrigConvn L1 family is applicable
2025-10-21 21:14:56,089 [INFO] Rule:228 - rule Change Default Value for ADC ExternalTrigInjecConv L1 family is applicable
2025-10-21 21:14:56,089 [INFO] Rule:228 - rule Change Default Value for ADC ExternalTrigConv F1 family is applicable
2025-10-21 21:14:56,089 [INFO] Rule:228 - rule Change Default Value for ADC ExternalTrigInjecConv F1 family is applicable
2025-10-21 21:14:56,089 [INFO] Rule:228 - rule Change Default Value for ADC ExternalTrigConv F7 family is applicable
2025-10-21 21:14:56,089 [INFO] Rule:228 - rule Change Default Value for ADC ExternalTrigInjecConv F7 family is applicable
2025-10-21 21:14:56,089 [INFO] Rule:228 - rule Change Default Value for ADC ExternalTrigConv F4 and F2 family is applicable
2025-10-21 21:14:56,089 [INFO] Rule:228 - rule Change Default Value for ADC ExternalTrigInjecConv F4 and F2 family is applicable
2025-10-21 21:14:56,089 [INFO] Rule:228 - rule ADC SamplingTime fix with FW L0  is applicable
2025-10-21 21:14:56,089 [INFO] Rule:228 - rule ADC SamplingTime fix with FW L0  is applicable
2025-10-21 21:14:56,089 [INFO] Rule:228 - rule ADC SamplingTime fix with FW L0 is applicable
2025-10-21 21:14:56,089 [INFO] Rule:228 - rule ADC SamplingTime fix with FW L0 is applicable
2025-10-21 21:14:56,089 [INFO] Rule:228 - rule ADC SamplingTime fix with FW L0  is applicable
2025-10-21 21:14:56,089 [INFO] Rule:228 - rule ADC SamplingTime fix with FW L0 is applicable
2025-10-21 21:14:56,089 [INFO] Rule:228 - rule Rename USB_OE Signal is applicable
2025-10-21 21:14:56,089 [INFO] Rule:228 - rule Rename Activate_OE Mode is applicable
2025-10-21 21:14:56,089 [INFO] Rule:228 - rule Rename DIE462/DIE415 pin PC14/OSC32_IN -> PC14-OSC32_IN (PC14) is applicable
2025-10-21 21:14:56,090 [INFO] Rule:228 - rule Rename DIE462/DIE415 pin PC15/OSC32_OUT -> PC15-OSC32_OUT (PC15) is applicable
2025-10-21 21:14:56,090 [INFO] Rule:228 - rule Rename DIE462/DIE415 pin PH0/OSC_IN -> PH0-OSC_IN (PH0) is applicable
2025-10-21 21:14:56,090 [INFO] Rule:228 - rule Rename DIE462/DIE415 pin PH1/OSC_OUT -> PH1-OSC_OUT (PH1) is applicable
2025-10-21 21:14:56,090 [INFO] Rule:228 - rule Rename DIE462 pin PA13 -> PA13 (JTMS/SWDIO) is applicable
2025-10-21 21:14:56,090 [INFO] Rule:228 - rule Rename DIE415 pin PA13 -> PA13 (JTMS/SWDIO) is applicable
2025-10-21 21:14:56,090 [INFO] Rule:228 - rule Rename DIE462 pin PA14 -> PA14 (JTCK/SWCLK) is applicable
2025-10-21 21:14:56,090 [INFO] Rule:228 - rule Rename DIE415 pin PA14 -> PA14 (JTCK/SWCLK) is applicable
2025-10-21 21:14:56,090 [INFO] Rule:228 - rule Rename DIE462/DIE415 pin PA15 -> PA15 (JTDI) is applicable
2025-10-21 21:14:56,108 [INFO] Rule:228 - rule Rename DIE462 pin PB3 -> PB3 (JTD0/TRACESWO) is applicable
2025-10-21 21:14:56,109 [INFO] Rule:228 - rule Rename DIE415 pin PB3 -> PB3 (JTD0-TRACESWO) is applicable
2025-10-21 21:14:56,109 [INFO] Rule:228 - rule Rename DIE462/DIE415 pin PB4 -> PB4 (NJTRST) is applicable
2025-10-21 21:14:56,109 [INFO] Rule:228 - rule Rename DIE462 pin PH3/BOOT0 -> PH3-BOOT0 (BOOT0) is applicable
2025-10-21 21:14:56,109 [INFO] Rule:228 - rule Rename CRYP DataEncryptionTypesList to Algorithm is applicable
2025-10-21 21:14:56,109 [INFO] Rule:228 - rule Rename AES DataEncryptionTypesList to Algorithm is applicable
2025-10-21 21:14:56,109 [INFO] Rule:228 - rule Rename TDESECB to CRYP_TDES_ECB is applicable
2025-10-21 21:14:56,109 [INFO] Rule:228 - rule Rename TDESCBC to CRYP_TDES_CBC is applicable
2025-10-21 21:14:56,110 [INFO] Rule:228 - rule Rename DESECB to CRYP_DES_ECB is applicable
2025-10-21 21:14:56,110 [INFO] Rule:228 - rule Rename DESCBC to CRYP_DES_CBC is applicable
2025-10-21 21:14:56,110 [INFO] Rule:228 - rule Rename AESECB to CRYP_AES_ECB is applicable
2025-10-21 21:14:56,110 [INFO] Rule:228 - rule Rename AESCBC to CRYP_AES_CBC is applicable
2025-10-21 21:14:56,110 [INFO] Rule:228 - rule Rename AESCTR to CRYP_AES_CTR is applicable
2025-10-21 21:14:56,110 [INFO] Rule:228 - rule Rename AESGCM to CRYP_AES_GCM is applicable
2025-10-21 21:14:56,110 [INFO] Rule:228 - rule Rename AESCCM to CRYP_AES_CCM is applicable
2025-10-21 21:14:56,110 [INFO] Rule:228 - rule Rename CAN TimeSeg1 to BS1 is applicable
2025-10-21 21:14:56,110 [INFO] Rule:228 - rule Rename CAN TimeSeg2 to BS2 is applicable
2025-10-21 21:14:56,110 [INFO] Rule:228 - rule Rename CAN SyncJumpWidth to SJW is applicable
2025-10-21 21:14:56,110 [INFO] Rule:228 - rule TimeTriggeredMode to TTCM is applicable
2025-10-21 21:14:56,110 [INFO] Rule:228 - rule Rename CAN AutoBusOff to ABOM is applicable
2025-10-21 21:14:56,111 [INFO] Rule:228 - rule Rename CAN AutoWakeUp to AWUM is applicable
2025-10-21 21:14:56,111 [INFO] Rule:228 - rule Rename CAN AutoRetransmission to NART is applicable
2025-10-21 21:14:56,111 [INFO] Rule:228 - rule Rename CAN ReceiveFifoLocked to RFLM is applicable
2025-10-21 21:14:56,111 [INFO] Rule:228 - rule Rename CAN TransmitFifoPriority to TXFP is applicable
2025-10-21 21:14:56,111 [INFO] Rule:228 - rule Rename HRTIMER HRTIM_OUTPUTFAULTLEVEL_HIGH in HRTIMER HRTIM_OUTPUTFAULTLEVEL_HIGHZ is applicable
2025-10-21 21:14:56,111 [INFO] Rule:228 - rule Rename TIMER TIM_CLEARINPUTSOURCE_OCREFCLR in  TIMER TIM_CLEARINPUTSOURCE_NONE for F7 family is applicable
2025-10-21 21:14:56,111 [INFO] Rule:228 - rule FDCAN_R1 - Rename FDCAN mode Master into Classic is applicable
2025-10-21 21:14:56,111 [INFO] Rule:228 - rule FDCAN_R2 - Rename FDCAN mode Slave into Classic is applicable
2025-10-21 21:14:56,111 [INFO] Rule:228 - rule FDCAN1_R3 - if PA10.Mode=FullDuplex, add Pin PA12 is applicable
2025-10-21 21:14:56,111 [INFO] Rule:228 - rule FDCAN1_R3 - if PA9.Mode=FullDuplex, add Pin PA11 is applicable
2025-10-21 21:14:56,111 [INFO] Rule:228 - rule FDCAN1_R3 - Alternatepin_1 - if PE1.Mode=FullDuplex, add Pin PB9 is applicable
2025-10-21 21:14:56,111 [INFO] Rule:228 - rule FDCAN1_R3 - Alternatepin_1 - if PE0.Mode=FullDuplex, add Pin PB8 is applicable
2025-10-21 21:14:56,112 [INFO] Rule:228 - rule FDCAN1_R3 - Alternatepin_2 - if PD5.Mode=FullDuplex, add Pin PD1 is applicable
2025-10-21 21:14:56,112 [INFO] Rule:228 - rule FDCAN1_R3 - Alternatepin_2 - if PD4.Mode=FullDuplex, add Pin PD0 is applicable
2025-10-21 21:14:56,112 [INFO] Rule:228 - rule FDCAN1_R4 - Rename Mode FullDuplex into Enable FDCAN_TXFD for pin PA10 is applicable
2025-10-21 21:14:56,112 [INFO] Rule:228 - rule FDCAN1_R4 - Rename Mode FullDuplex into Enable FDCAN_TXFD for pin PA9 is applicable
2025-10-21 21:14:56,112 [INFO] Rule:228 - rule FDCAN1_R4 - Alternatepin_1 - Rename Mode FullDuplex into Enable FDCAN_TXFD for pin PE1 is applicable
2025-10-21 21:14:56,112 [INFO] Rule:228 - rule FDCAN1_R4 - Alternatepin_1 - Rename Mode FullDuplex into Enable FDCAN_TXFD for pin PE0 is applicable
2025-10-21 21:14:56,112 [INFO] Rule:228 - rule FDCAN1_R4 - Alternatepin_2 - Rename Mode FullDuplex into Enable FDCAN_TXFD for pin PD5 is applicable
2025-10-21 21:14:56,112 [INFO] Rule:228 - rule FDCAN1_R4 - Alternatepin_2 - Rename Mode FullDuplex into Enable FDCAN_TXFD for pin PD4 is applicable
2025-10-21 21:14:56,112 [INFO] Rule:228 - rule FDCAN2_R3 - if PD10.Mode=FullDuplex, add Pin PB13 is applicable
2025-10-21 21:14:56,112 [INFO] Rule:228 - rule FDCAN2_R3 - if PD9.Mode=FullDuplex, add Pin PB12 is applicable
2025-10-21 21:14:56,112 [INFO] Rule:228 - rule FDCAN2_R3 - Alternatepin_1 - if PB7.Mode=FullDuplex, add Pin PB6 is applicable
2025-10-21 21:14:56,112 [INFO] Rule:228 - rule FDCAN2_R3 - Alternatepin_1 - if PD9.Mode=FullDuplex, add Pin PB12 is applicable
2025-10-21 21:14:56,112 [INFO] Rule:228 - rule FDCAN2_R4 - Rename Mode FullDuplex into Enable FDCAN_TXFD for pin PD10 is applicable
2025-10-21 21:14:56,113 [INFO] Rule:228 - rule FDCAN2_R4 - Rename Mode FullDuplex into Enable FDCAN_TXFD for pin PD9 is applicable
2025-10-21 21:14:56,113 [INFO] Rule:228 - rule FDCAN2_R4 - Alternatepin_1 - Rename Mode FullDuplex into Enable FDCAN_TXFD for pin PB7 is applicable
2025-10-21 21:14:56,113 [INFO] Rule:228 - rule FDCAN2_R4 - Alternatepin_1 - Rename Mode FullDuplex into Enable FDCAN_TXFD for pin PD6 is applicable
2025-10-21 21:14:56,113 [INFO] Rule:228 - rule USART TxPinLevelInvertParam Mode is applicable
2025-10-21 21:14:56,113 [INFO] Rule:228 - rule USART RxPinLevelInvertParam Mode is applicable
2025-10-21 21:14:56,113 [INFO] Rule:228 - rule USART DataInvertParam Mode is applicable
2025-10-21 21:14:56,113 [INFO] Rule:228 - rule USART SwapParam Mode is applicable
2025-10-21 21:14:56,113 [INFO] Rule:228 - rule USART OverrunDisableParam Mode is applicable
2025-10-21 21:14:56,113 [INFO] Rule:228 - rule USART DMADisableonRxErrorParam Mode is applicable
2025-10-21 21:14:56,113 [INFO] Rule:228 - rule USART MSBFirstParam Mode is applicable
2025-10-21 21:14:56,113 [INFO] Rule:228 - rule Update MwName for USB_DEVICE is applicable
2025-10-21 21:14:56,113 [INFO] Rule:228 - rule Change PWR_Regulator_Voltage_Scale Default Value for RCC  H7 family is applicable
2025-10-21 21:14:56,113 [INFO] Rule:228 - rule UART/USART IPParameter rename Prescaler parameter to ClockPrescaler is applicable
2025-10-21 21:14:56,113 [INFO] Rule:228 - rule UART/USART Prescaler rename Prescaler parameter to ClockPrescaler is applicable
2025-10-21 21:14:56,113 [INFO] Rule:228 - rule TIM1CLockSelection is applicable
2025-10-21 21:14:56,114 [INFO] Rule:228 - rule TIM15CLockSelection is applicable
2025-10-21 21:14:56,114 [INFO] Rule:228 - rule align RCC SDMMC3CLockSelection default value on MP1 is applicable
2025-10-21 21:14:56,114 [INFO] Rule:228 - rule align RCC SDMMC12CLockSelection default value on MP1 is applicable
2025-10-21 21:14:56,114 [INFO] Rule:228 - rule align RCC QSPICLockSelection default value on MP1 is applicable
2025-10-21 21:14:56,114 [INFO] Rule:228 - rule align RCC QSPICLockSelection default value on MP1 is applicable
2025-10-21 21:14:56,114 [INFO] Rule:228 - rule align RCC SPI6CLockSelection default value on MP1 is applicable
2025-10-21 21:14:56,114 [INFO] Rule:228 - rule align RCC LPTIM23CLockSelection default value on MP1 is applicable
2025-10-21 21:14:56,114 [INFO] Rule:228 - rule align RCC LPTIM1CLockSelection default value on MP1 is applicable
2025-10-21 21:14:56,114 [INFO] Rule:228 - rule align RCC USART1CLockSelection default value on MP1 is applicable
2025-10-21 21:14:56,114 [INFO] Rule:228 - rule align RCC USART24CLockSelection default value on MP1 is applicable
2025-10-21 21:14:56,114 [INFO] Rule:228 - rule align RCC USART6CLockSelection default value on MP1 is applicable
2025-10-21 21:14:56,114 [INFO] Rule:228 - rule align RCC UART78CLockSelection default value on MP1 is applicable
2025-10-21 21:14:56,114 [INFO] Rule:228 - rule align RCC USART35CLockSelection default value on MP1 is applicable
2025-10-21 21:14:56,114 [INFO] Rule:228 - rule align RCC SPI45CLockSelection default value on MP1 is applicable
2025-10-21 21:14:56,114 [INFO] Rule:228 - rule align RCC I2C46CLockSelection BCLK value on MP1 is applicable
2025-10-21 21:14:56,114 [INFO] Rule:228 - rule align RCC SPI45CLockSelection default value on MP1 is applicable
2025-10-21 21:14:56,114 [INFO] Rule:228 - rule align RCC I2C12CLockSelection default value on MP1 is applicable
2025-10-21 21:14:56,115 [INFO] Rule:228 - rule align RCC I2C35CLockSelection default value on MP1 is applicable
2025-10-21 21:14:56,115 [INFO] Rule:228 - rule align RCC LPTIM45CLockSelection default value on MP1 is applicable
2025-10-21 21:14:56,115 [INFO] Rule:228 - rule Rename DCMI PIXCK signal is applicable
2025-10-21 21:14:56,115 [INFO] Rule:228 - rule Change Default Value for I2C46CLockSelection MP1 family is applicable
2025-10-21 21:14:56,115 [INFO] Rule:228 - rule Change Default Value for UART for G4, G0 and WB families is applicable
2025-10-21 21:14:56,115 [INFO] Rule:228 - rule Change Default Value for USART for G4, G0 and WB families is applicable
2025-10-21 21:14:56,115 [INFO] Rule:228 - rule Change Default Value for USART for G4 family is applicable
2025-10-21 21:14:56,115 [INFO] Rule:228 - rule Change USART1CLockSelection refparam name for MP1 is applicable
2025-10-21 21:14:56,115 [INFO] Rule:228 - rule Change USART2CLockSelection refparam name for MP1 is applicable
2025-10-21 21:14:56,115 [INFO] Rule:228 - rule Change USART3CLockSelection refparam name for MP1 is applicable
2025-10-21 21:14:56,115 [INFO] Rule:228 - rule Change UART4CLockSelection refparam name for MP1 is applicable
2025-10-21 21:14:56,115 [INFO] Rule:228 - rule Change UART5CLockSelection refparam name for MP1 is applicable
2025-10-21 21:14:56,115 [INFO] Rule:228 - rule Change LPUART1CLockSelection refparam name for MP1 is applicable
2025-10-21 21:14:56,115 [INFO] Rule:228 - rule Change LPTIM1CLockSelection refparam name for MP1 is applicable
2025-10-21 21:14:56,115 [INFO] Rule:228 - rule Change LPTIM2CLockSelection refparam name for MP1 is applicable
2025-10-21 21:14:56,115 [INFO] Rule:228 - rule Change RCC_MCO1Source refparam name for MP1 is applicable
2025-10-21 21:14:56,115 [INFO] Rule:228 - rule Change LSCOSource1 refparam name for MP1 is applicable
2025-10-21 21:14:56,115 [INFO] Rule:228 - rule Change SMPSCLockSelection refparam name for MP1 is applicable
2025-10-21 21:14:56,116 [INFO] Rule:228 - rule Change LPTIM3CLockSelection refparam name for MP1 is applicable
2025-10-21 21:14:56,116 [INFO] Rule:228 - rule Change MPCBB* Default Template Mode to Parameters is applicable
2025-10-21 21:14:56,116 [INFO] Rule:228 - rule Change MPCWM* or MPCBB* Secure Mode to Parameters is applicable
2025-10-21 21:14:56,116 [INFO] Rule:228 - rule Change MPCWM* or MPCBB* No Secure Mode to Parameters is applicable
2025-10-21 21:14:56,116 [INFO] Rule:228 - rule Change TZSC IP Secure Mode to Parameters is applicable
2025-10-21 21:14:56,116 [INFO] Rule:228 - rule Change TZSC IP No Secure Mode to Parameters is applicable
2025-10-21 21:14:56,116 [INFO] Rule:228 - rule Change TZSC IP Privilege Mode to Parameters is applicable
2025-10-21 21:14:56,116 [INFO] Rule:228 - rule Change TZSC IP No Privilege Mode to Parameters is applicable
2025-10-21 21:14:56,116 [INFO] Rule:228 - rule Change TZIC IT Secure Mode to Parameters is applicable
2025-10-21 21:14:56,116 [INFO] Rule:228 - rule Change TZIC IT No Secure Mode to Parameters is applicable
2025-10-21 21:14:56,116 [INFO] Rule:228 - rule Add MPCBB1_NonSecureArea_Start_Address value with referenced to MPCBB1_NonSecureArea_Start value is applicable
2025-10-21 21:14:56,116 [INFO] Rule:228 - rule Add MPCBB2_NonSecureArea_Start_Address value with referenced to MPCBB2_NonSecureArea_Start value is applicable
2025-10-21 21:14:56,116 [INFO] Rule:228 - rule Add MPCWM1_NonSecureArea*_Start_Address value with referenced to MPCWM1_NonSecureArea*_Start value is applicable
2025-10-21 21:14:56,116 [INFO] Rule:228 - rule Add MPCWM2_NonSecureArea*_Start_Address value with referenced to MPCWM2_NonSecureArea*_Start value is applicable
2025-10-21 21:14:56,116 [INFO] Rule:228 - rule Add MPCWM3_NonSecureArea_Start_Address value with referenced to MPCWM3_NonSecureArea_Start value is applicable
2025-10-21 21:14:56,116 [INFO] Rule:228 - rule Change Default Value for PLL1UserDefinedConfig is applicable
2025-10-21 21:14:56,116 [INFO] Rule:228 - rule Change GPIO_PuPd Default Value for USART in async mode is applicable
2025-10-21 21:14:56,116 [INFO] Rule:228 - rule Change SMPSDivider Default Value is applicable
2025-10-21 21:14:56,116 [INFO] Rule:228 - rule OPAMP is applicable
2025-10-21 21:14:56,116 [INFO] Rule:228 - rule LPUART IPParameter rename Prescaler parameter to ClockPrescaler for STM32H7 is applicable
2025-10-21 21:14:56,116 [INFO] Rule:228 - rule LPUART IPParameter rename Prescaler parameter to ClockPrescaler for STM32H7 is applicable
2025-10-21 21:14:56,116 [INFO] Rule:228 - rule LPUART IPParameter rename Prescaler parameter to ClockPrescaler for STM32WB is applicable
2025-10-21 21:14:56,116 [INFO] Rule:228 - rule LPUART IPParameter rename Prescaler parameter to ClockPrescaler for STM32WB is applicable
2025-10-21 21:14:56,116 [INFO] Rule:228 - rule LPUART IPParameter rename Prescaler parameter to ClockPrescaler for STM32G4 is applicable
2025-10-21 21:14:56,116 [INFO] Rule:228 - rule LPUART IPParameter rename Prescaler parameter to ClockPrescaler for STM32G4 is applicable
2025-10-21 21:14:56,116 [INFO] Rule:228 - rule LPUART IPParameter rename Prescaler parameter to ClockPrescaler for STM32L5 is applicable
2025-10-21 21:14:56,116 [INFO] Rule:228 - rule LPUART IPParameter rename Prescaler parameter to ClockPrescaler for STM32L5 is applicable
2025-10-21 21:14:56,116 [INFO] Rule:228 - rule LPUART IPParameter rename Prescaler parameter to ClockPrescaler for STM32G4 is applicable
2025-10-21 21:14:56,117 [INFO] Rule:228 - rule LPUART IPParameter rename Prescaler parameter to ClockPrescaler for STM32G4 is applicable
2025-10-21 21:14:56,117 [INFO] Rule:228 - rule USB device lib V2.5.3 for L0 rename USBD_SUPPORT_USER_STRING parameter to USBD_SUPPORT_USER_STRING_DESC4 is applicable
2025-10-21 21:14:56,117 [INFO] Rule:228 - rule I2SCLockSelection clock entry align is applicable
2025-10-21 21:14:56,117 [INFO] Rule:228 - rule Assign TIMx context if used as SYS timebase is applicable
2025-10-21 21:14:56,117 [INFO] Rule:228 - rule Change GPIO_Pu Default Value for I2C is applicable
2025-10-21 21:14:56,117 [INFO] Rule:228 - rule Change GPIO_Pu Default Value for SMBus is applicable
2025-10-21 21:14:56,117 [INFO] Rule:228 - rule change FDCAN default value is applicable
2025-10-21 21:14:56,117 [INFO] Rule:228 - rule Change mode sai is applicable
2025-10-21 21:14:56,117 [INFO] Rule:228 - rule **Change sai mode is applicable
2025-10-21 21:14:56,130 [INFO] DbConfProperties:307 - Apply Compatibility (49/258 Rules)
2025-10-21 21:14:56,159 [INFO] ImportTextPane:194 - (OptionalMessage_ERROR) Unable to find key (Mcu.ThirdPartyNb) in loaded IOC file
2025-10-21 21:14:56,650 [INFO] RtosManager:555 - Registered RTOS mode: class=CMSIS, group=RTOS, mode=CMSIS_V1, owner=FREERTOS
2025-10-21 21:14:56,650 [INFO] RtosManager:555 - Registered RTOS mode: class=CMSIS, group=RTOS2, mode=CMSIS_V2, owner=FREERTOS
2025-10-21 21:14:56,650 [INFO] RtosManager:555 - Registered RTOS mode: class=RTOS, group=Core, mode=CMSIS_V1, owner=FREERTOS
2025-10-21 21:14:56,650 [INFO] RtosManager:555 - Registered RTOS mode: class=RTOS, group=Core, mode=CMSIS_V2, owner=FREERTOS
2025-10-21 21:14:56,651 [WARN] ModelIntegratedComponent:184 - Missing modes for component STMicroelectronics:FreeRTOS:0.0.1:STMicroelectronics:RTOS:FreeRTOS:Core:::10.2.0:
2025-10-21 21:14:56,657 [WARN] ModelIntegratedComponent:63 - No mode defined for component null
2025-10-21 21:14:56,657 [WARN] ModelIntegratedComponent:63 - No mode defined for component null
2025-10-21 21:14:56,657 [WARN] ModelIntegratedComponent:63 - No mode defined for component null
2025-10-21 21:14:56,657 [WARN] ModelIntegratedComponent:63 - No mode defined for component null
2025-10-21 21:14:56,657 [WARN] ModelIntegratedComponent:63 - No mode defined for component null
2025-10-21 21:14:56,657 [WARN] ModelIntegratedComponent:63 - No mode defined for component null
2025-10-21 21:14:56,657 [WARN] ModelIntegratedComponent:63 - No mode defined for component null
2025-10-21 21:14:56,657 [WARN] ModelIntegratedComponent:63 - No mode defined for component null
2025-10-21 21:14:56,657 [WARN] ModelIntegratedComponent:63 - No mode defined for component null
2025-10-21 21:14:56,657 [WARN] ModelIntegratedComponent:63 - No mode defined for component null
2025-10-21 21:14:56,657 [WARN] ModelIntegratedComponent:63 - No mode defined for component null
2025-10-21 21:14:56,657 [WARN] ModelIntegratedComponent:63 - No mode defined for component null
2025-10-21 21:14:56,657 [WARN] ModelIntegratedComponent:63 - No mode defined for component null
2025-10-21 21:14:56,657 [WARN] ModelIntegratedComponent:63 - No mode defined for component null
2025-10-21 21:14:56,657 [WARN] ModelIntegratedComponent:63 - No mode defined for component null
2025-10-21 21:14:56,657 [WARN] ModelIntegratedComponent:63 - No mode defined for component null
2025-10-21 21:14:56,657 [WARN] ModelIntegratedComponent:63 - No mode defined for component null
2025-10-21 21:14:56,657 [WARN] ModelIntegratedComponent:63 - No mode defined for component null
2025-10-21 21:14:56,658 [WARN] ModelIntegratedComponent:63 - No mode defined for component null
2025-10-21 21:14:56,658 [WARN] ModelIntegratedComponent:63 - No mode defined for component null
2025-10-21 21:14:56,658 [WARN] ModelIntegratedComponent:63 - No mode defined for component null
2025-10-21 21:14:56,658 [WARN] ModelIntegratedComponent:63 - No mode defined for component null
2025-10-21 21:14:56,658 [WARN] ModelIntegratedComponent:63 - No mode defined for component null
2025-10-21 21:14:56,658 [WARN] ModelIntegratedComponent:63 - No mode defined for component null
2025-10-21 21:14:56,658 [WARN] ModelIntegratedComponent:63 - No mode defined for component null
2025-10-21 21:14:56,658 [WARN] ModelIntegratedComponent:63 - No mode defined for component null
2025-10-21 21:14:56,658 [WARN] ModelIntegratedComponent:63 - No mode defined for component null
2025-10-21 21:14:56,658 [WARN] ModelIntegratedComponent:63 - No mode defined for component null
2025-10-21 21:14:56,658 [WARN] ModelIntegratedComponent:63 - No mode defined for component null
2025-10-21 21:14:56,658 [WARN] ModelIntegratedComponent:63 - No mode defined for component null
2025-10-21 21:14:56,658 [WARN] ModelIntegratedComponent:63 - No mode defined for component null
2025-10-21 21:14:56,658 [WARN] ModelIntegratedComponent:63 - No mode defined for component null
2025-10-21 21:14:56,658 [WARN] ModelIntegratedComponent:63 - No mode defined for component null
2025-10-21 21:14:57,214 [INFO] ThirdPartyModel:298 - Start build external matchings
2025-10-21 21:15:01,587 [INFO] ThirdPartyModel:316 - End build external matchings
2025-10-21 21:15:01,707 [INFO] ImportTextPane:194 - (OptionalMessage_ERROR) IP (RCC) : Invalid parameter (48MHZClocksFreq_Value)
2025-10-21 21:15:01,708 [INFO] ImportTextPane:194 - (OptionalMessage_ERROR) IP (RCC) : Invalid parameter (EthernetFreq_Value)
2025-10-21 21:15:01,711 [INFO] ImportTextPane:194 - (OptionalMessage_ERROR) IP (RCC) : Parameter (FLatency) has Id (AdvancedSettings) currently not set
2025-10-21 21:15:01,711 [INFO] ImportTextPane:194 - (OptionalMessage_ERROR) IP (RCC) : Invalid parameter (FamilyName)
2025-10-21 21:15:01,712 [INFO] ImportTextPane:194 - (OptionalMessage_ERROR) IP (RCC) : Invalid parameter (I2SClocksFreq_Value)
2025-10-21 21:15:01,714 [INFO] ImportTextPane:194 - (OptionalMessage_ERROR) IP (RCC) : Parameter (SDIOFreq_Value) has invalid value (168000000)
2025-10-21 21:15:01,715 [INFO] ImportTextPane:194 - (OptionalMessage_ERROR) IP (RCC) : Parameter (USBFreq_Value) has invalid value (168000000)
2025-10-21 21:15:01,716 [INFO] ImportTextPane:194 - (OptionalMessage_ERROR) IP (RCC) : Invalid parameter (VCOInputMFreq_Value)
2025-10-21 21:15:01,716 [INFO] ImportTextPane:194 - (OptionalMessage_ERROR) IP (RCC) : Invalid parameter (VcooutputI2S)
2025-10-21 21:15:02,031 [INFO] UtilMem:75 - End LoadConfig() Used Memory: 828242200 Bytes (1073741824)
2025-10-21 21:15:02,230 [WARN] ThirdParty:833 - waiting for thirdparty lock release [change project]
2025-10-21 21:15:02,231 [INFO] ThirdParty:835 - entering critical section [change project]
2025-10-21 21:15:02,231 [INFO] ThirdParty:1030 - CMSIS Pack Vendor :STMicroelectronics X-CUBE-PM33A1 1.0.0
2025-10-21 21:15:02,231 [INFO] ThirdParty:1030 - CMSIS Pack Vendor :STMicroelectronics USBPD 4.1
2025-10-21 21:15:02,231 [INFO] ThirdParty:1030 - CMSIS Pack Vendor :STMicroelectronics X-CUBE-GNSS1 6.0.0
2025-10-21 21:15:02,231 [INFO] ThirdParty:1030 - CMSIS Pack Vendor :STMicroelectronics USB_HOST 2.0.0
2025-10-21 21:15:02,231 [INFO] ThirdParty:1030 - CMSIS Pack Vendor :STMicroelectronics FP-SNS-MOTENVWB1 1.4.0
2025-10-21 21:15:02,231 [INFO] ThirdParty:1030 - CMSIS Pack Vendor :STMicroelectronics X-CUBE-AZRTOS-F4 1.1.0
2025-10-21 21:15:02,231 [INFO] ThirdParty:1030 - CMSIS Pack Vendor :STMicroelectronics LIBJPEG 8.0.0
2025-10-21 21:15:02,231 [INFO] ThirdParty:1030 - CMSIS Pack Vendor :STMicroelectronics FP-ATR-ASTRA1 2.0.2
2025-10-21 21:15:02,232 [INFO] ThirdParty:1030 - CMSIS Pack Vendor :wolfSSL I-CUBE-wolfSSL 5.6.4
2025-10-21 21:15:02,232 [INFO] ThirdParty:1030 - CMSIS Pack Vendor :STMicroelectronics FP-ATR-ASTRA1 2.0.1
2025-10-21 21:15:02,232 [INFO] ThirdParty:1030 - CMSIS Pack Vendor :STMicroelectronics X-CUBE-SMBUS 2.1.0
2025-10-21 21:15:02,232 [INFO] ThirdParty:1030 - CMSIS Pack Vendor :STMicroelectronics X-CUBE-WB05N 1.1.0
2025-10-21 21:15:02,232 [INFO] ThirdParty:1030 - CMSIS Pack Vendor :STMicroelectronics X-CUBE-ISPU 2.1.0
2025-10-21 21:15:02,232 [INFO] ThirdParty:1030 - CMSIS Pack Vendor :STMicroelectronics X-CUBE-FREERTOS 1.2.0
2025-10-21 21:15:02,232 [INFO] ThirdParty:1030 - CMSIS Pack Vendor :STMicroelectronics X-CUBE-TOUCHGFX 4.23.0
2025-10-21 21:15:02,232 [INFO] ThirdParty:1030 - CMSIS Pack Vendor :STMicroelectronics X-CUBE-NFC12 1.0.0
2025-10-21 21:15:02,232 [INFO] ThirdParty:1030 - CMSIS Pack Vendor :STMicroelectronics X-CUBE-AZRTOS-F7 1.1.0
2025-10-21 21:15:02,232 [INFO] ThirdParty:1030 - CMSIS Pack Vendor :STMicroelectronics X-CUBE-AZRTOS-L5 2.0.0
2025-10-21 21:15:02,232 [INFO] ThirdParty:1030 - CMSIS Pack Vendor :STMicroelectronics USB_DEVICE 2.0.0
2025-10-21 21:15:02,232 [INFO] ThirdParty:1030 - CMSIS Pack Vendor :STMicroelectronics X-CUBE-MEMS1 9.6.0
2025-10-21 21:15:02,232 [INFO] ThirdParty:1030 - CMSIS Pack Vendor :STMicroelectronics X-CUBE-EEPRMA1 4.2.0
2025-10-21 21:15:02,232 [INFO] ThirdParty:1030 - CMSIS Pack Vendor :STMicroelectronics X-CUBE-NFC6 3.1.0
2025-10-21 21:15:02,232 [INFO] ThirdParty:1030 - CMSIS Pack Vendor :ITTIA_DB I-CUBE-ITTIADB 8.8.0
2025-10-21 21:15:02,232 [INFO] ThirdParty:1030 - CMSIS Pack Vendor :STMicroelectronics FP-SNS-MOTENV1 4.3.2
2025-10-21 21:15:02,232 [INFO] ThirdParty:1030 - CMSIS Pack Vendor :STMicroelectronics X-CUBE-MEMS1 11.0.0
2025-10-21 21:15:02,233 [INFO] ThirdParty:1030 - CMSIS Pack Vendor :STMicroelectronics FreeRTOS 0.0.1
2025-10-21 21:15:02,233 [INFO] ThirdParty:1030 - CMSIS Pack Vendor :STMicroelectronics X-CUBE-BLEMGR 2.0.0
2025-10-21 21:15:02,233 [INFO] ThirdParty:1030 - CMSIS Pack Vendor :STMicroelectronics FP-SNS-FLIGHT1 5.0.2
2025-10-21 21:15:02,233 [INFO] ThirdParty:1030 - CMSIS Pack Vendor :STMicroelectronics X-CUBE-AI 9.0.0
2025-10-21 21:15:02,233 [INFO] ThirdParty:1030 - CMSIS Pack Vendor :STMicroelectronics X-CUBE-AZRTOS-H7 3.1.0
2025-10-21 21:15:02,233 [INFO] ThirdParty:1030 - CMSIS Pack Vendor :STMicroelectronics PDM2PCM 3.3.0
2025-10-21 21:15:02,233 [INFO] ThirdParty:1030 - CMSIS Pack Vendor :STMicroelectronics X-CUBE-AZRTOS-H7 3.4.0
2025-10-21 21:15:02,233 [INFO] ThirdParty:1030 - CMSIS Pack Vendor :STMicroelectronics X-CUBE-DISPLAY 3.0.0
2025-10-21 21:15:02,233 [INFO] ThirdParty:1030 - CMSIS Pack Vendor :STMicroelectronics X-CUBE-BLE1 7.0.0
2025-10-21 21:15:02,233 [INFO] ThirdParty:1030 - CMSIS Pack Vendor :STMicroelectronics X-CUBE-NFC10 1.0.0
2025-10-21 21:15:02,233 [INFO] ThirdParty:1030 - CMSIS Pack Vendor :STMicroelectronics X-CUBE-FREERTOS 1.3.1
2025-10-21 21:15:02,233 [INFO] ThirdParty:1030 - CMSIS Pack Vendor :STMicroelectronics HAL Drivers 0.0.0
2025-10-21 21:15:02,233 [INFO] ThirdParty:1030 - CMSIS Pack Vendor :emotas I-CUBE-CANOPEN 1.3.0
2025-10-21 21:15:02,233 [INFO] ThirdParty:1030 - CMSIS Pack Vendor :STMicroelectronics X-CUBE-FREERTOS 1.3.0
2025-10-21 21:15:02,233 [INFO] ThirdParty:1030 - CMSIS Pack Vendor :STMicroelectronics X-CUBE-NFC7 1.0.1
2025-10-21 21:15:02,233 [INFO] ThirdParty:1030 - CMSIS Pack Vendor :STMicroelectronics MBEDTLS 2.14.1
2025-10-21 21:15:02,233 [INFO] ThirdParty:1030 - CMSIS Pack Vendor :STMicroelectronics X-CUBE-TOUCHGFX 4.22.1
2025-10-21 21:15:02,233 [INFO] ThirdParty:1030 - CMSIS Pack Vendor :STMicroelectronics X-CUBE-TOUCHGFX 4.26.0
2025-10-21 21:15:02,234 [INFO] ThirdParty:1030 - CMSIS Pack Vendor :STMicroelectronics X-CUBE-NFC6 3.0.0
2025-10-21 21:15:02,234 [INFO] ThirdParty:1030 - CMSIS Pack Vendor :STMicroelectronics X-CUBE-EEPRMA1 4.1.0
2025-10-21 21:15:02,234 [INFO] ThirdParty:1030 - CMSIS Pack Vendor :STMicroelectronics X-CUBE-BLEMGR 3.1.0
2025-10-21 21:15:02,234 [INFO] ThirdParty:1030 - CMSIS Pack Vendor :STMicroelectronics X-CUBE-MEMS1 11.1.0
2025-10-21 21:15:02,234 [INFO] ThirdParty:1030 - CMSIS Pack Vendor :STMicroelectronics X-CUBE-AZRTOS-WL 2.0.0
2025-10-21 21:15:02,234 [INFO] ThirdParty:1030 - CMSIS Pack Vendor :STMicroelectronics FP-SNS-MOTENV1 5.0.0
2025-10-21 21:15:02,234 [INFO] ThirdParty:1030 - CMSIS Pack Vendor :STMicroelectronics USB_DEVICE 1.0.0
2025-10-21 21:15:02,234 [INFO] ThirdParty:1030 - CMSIS Pack Vendor :STMicroelectronics X-CUBE-AI 8.1.0
2025-10-21 21:15:02,234 [INFO] ThirdParty:1030 - CMSIS Pack Vendor :wolfSSL I-CUBE-wolfMQTT 1.19.0
2025-10-21 21:15:02,234 [INFO] ThirdParty:1030 - CMSIS Pack Vendor :STMicroelectronics X-CUBE-AZRTOS-L4 2.0.0
2025-10-21 21:15:02,234 [INFO] ThirdParty:1030 - CMSIS Pack Vendor :STMicroelectronics ThreadX 0.0.2
2025-10-21 21:15:02,234 [INFO] ThirdParty:1030 - CMSIS Pack Vendor :WES I-CUBE-Cesium 1.3.0
2025-10-21 21:15:02,234 [INFO] ThirdParty:1030 - CMSIS Pack Vendor :STMicroelectronics lwIP 2.1.2
2025-10-21 21:15:02,234 [INFO] ThirdParty:1030 - CMSIS Pack Vendor :STMicroelectronics X-CUBE-SFXS2LP1 4.0.0
2025-10-21 21:15:02,234 [INFO] ThirdParty:1030 - CMSIS Pack Vendor :STMicroelectronics X-CUBE-BLE2 3.3.0
2025-10-21 21:15:02,234 [INFO] ThirdParty:1030 - CMSIS Pack Vendor :STMicroelectronics PDM2PCM 3.2.0
2025-10-21 21:15:02,234 [INFO] ThirdParty:1030 - CMSIS Pack Vendor :STMicroelectronics X-CUBE-ISPU 1.1.0
2025-10-21 21:15:02,234 [INFO] ThirdParty:1030 - CMSIS Pack Vendor :STMicroelectronics X-CUBE-AZRTOS-H7 3.3.0
2025-10-21 21:15:02,234 [INFO] ThirdParty:1030 - CMSIS Pack Vendor :STMicroelectronics X-CUBE-NFC9 1.0.0
2025-10-21 21:15:02,235 [INFO] ThirdParty:1030 - CMSIS Pack Vendor :STMicroelectronics X-CUBE-BLE1 7.1.0
2025-10-21 21:15:02,235 [INFO] ThirdParty:1030 - CMSIS Pack Vendor :STMicroelectronics USB_DEVICE 3.0.0
2025-10-21 21:15:02,235 [INFO] ThirdParty:1030 - CMSIS Pack Vendor :STMicroelectronics X-CUBE-TCPP 4.1.0
2025-10-21 21:15:02,235 [INFO] ThirdParty:1030 - CMSIS Pack Vendor :STMicroelectronics X-CUBE-EEPRMA1 5.2.0
2025-10-21 21:15:02,235 [INFO] ThirdParty:1030 - CMSIS Pack Vendor :STMicroelectronics X-CUBE-AZRTOS-WB 2.0.0
2025-10-21 21:15:02,235 [INFO] ThirdParty:1030 - CMSIS Pack Vendor :STMicroelectronics X-CUBE-GNSS1 7.0.0
2025-10-21 21:15:02,235 [INFO] ThirdParty:1030 - CMSIS Pack Vendor :STMicroelectronics X-CUBE-GNSS1 7.0.1
2025-10-21 21:15:02,235 [INFO] ThirdParty:1030 - CMSIS Pack Vendor :STMicroelectronics X-CUBE-TOUCHGFX 4.25.0
2025-10-21 21:15:02,235 [INFO] ThirdParty:1030 - CMSIS Pack Vendor :STMicroelectronics X-CUBE-ALGOBUILD 1.3.0
2025-10-21 21:15:02,235 [INFO] ThirdParty:1030 - CMSIS Pack Vendor :STMicroelectronics X-CUBE-AZRTOS-G0 1.1.0
2025-10-21 21:15:02,235 [INFO] ThirdParty:1030 - CMSIS Pack Vendor :STMicroelectronics X-CUBE-SAFEA1 1.2.2
2025-10-21 21:15:02,235 [INFO] ThirdParty:1030 - CMSIS Pack Vendor :STMicroelectronics X-CUBE-NFC4 3.0.0
2025-10-21 21:15:02,235 [INFO] ThirdParty:1030 - CMSIS Pack Vendor :STMicroelectronics X-CUBE-SUBG2 5.0.0
2025-10-21 21:15:02,235 [INFO] ThirdParty:1030 - CMSIS Pack Vendor :STMicroelectronics X-CUBE-AZRTOS-H7RS 1.1.0
2025-10-21 21:15:02,235 [INFO] ThirdParty:1030 - CMSIS Pack Vendor :STMicroelectronics STM32_WPAN 1.0.0
2025-10-21 21:15:02,235 [INFO] ThirdParty:1030 - CMSIS Pack Vendor :STMicroelectronics lwIP 2.0.3
2025-10-21 21:15:02,235 [INFO] ThirdParty:1030 - CMSIS Pack Vendor :Cesanta I-CUBE-Mongoose 7.13.0
2025-10-21 21:15:02,235 [INFO] ThirdParty:1030 - CMSIS Pack Vendor :STMicroelectronics USB_HOST 1.0.0
2025-10-21 21:15:02,236 [INFO] ThirdParty:1030 - CMSIS Pack Vendor :STMicroelectronics X-CUBE-TOF1 3.3.1
2025-10-21 21:15:02,236 [INFO] ThirdParty:1030 - CMSIS Pack Vendor :STMicroelectronics X-CUBE-AZRTOS-G4 2.0.0
2025-10-21 21:15:02,236 [INFO] ThirdParty:1030 - CMSIS Pack Vendor :STMicroelectronics X-CUBE-WB05N 2.0.0
2025-10-21 21:15:02,236 [INFO] ThirdParty:1030 - CMSIS Pack Vendor :STMicroelectronics PDM2PCM 3.1.0
2025-10-21 21:15:02,236 [INFO] ThirdParty:1030 - CMSIS Pack Vendor :Infineon AIROC-Wi-Fi-Bluetooth-STM32 1.5.1
2025-10-21 21:15:02,236 [INFO] ThirdParty:1030 - CMSIS Pack Vendor :STMicroelectronics X-CUBE-BLEMGR 3.0.0
2025-10-21 21:15:02,236 [INFO] ThirdParty:1030 - CMSIS Pack Vendor :STMicroelectronics X-CUBE-NFC7 2.0.0
2025-10-21 21:15:02,236 [INFO] ThirdParty:1030 - CMSIS Pack Vendor :STMicroelectronics FP-SNS-MOTENVWB1 1.3.1
2025-10-21 21:15:02,236 [INFO] ThirdParty:1030 - CMSIS Pack Vendor :STMicroelectronics FP-ATR-SIGFOX1 3.2.0
2025-10-21 21:15:02,236 [INFO] ThirdParty:1030 - CMSIS Pack Vendor :STMicroelectronics X-CUBE-ISPU 2.0.0
2025-10-21 21:15:02,236 [INFO] ThirdParty:1030 - CMSIS Pack Vendor :STMicroelectronics X-CUBE-EEPRMA1 5.1.0
2025-10-21 21:15:02,237 [INFO] ThirdParty:1030 - CMSIS Pack Vendor :STMicroelectronics MBEDTLS 2.16.2
2025-10-21 21:15:02,237 [INFO] ThirdParty:1030 - CMSIS Pack Vendor :STMicroelectronics X-CUBE-ALS 1.0.2
2025-10-21 21:15:02,237 [INFO] ThirdParty:1030 - CMSIS Pack Vendor :STMicroelectronics X-CUBE-MEMS1 10.0.0
2025-10-21 21:15:02,237 [INFO] ThirdParty:1030 - CMSIS Pack Vendor :STMicroelectronics X-CUBE-FREERTOS 1.1.0
2025-10-21 21:15:02,237 [INFO] ThirdParty:1030 - CMSIS Pack Vendor :STMicroelectronics X-CUBE-TOUCHGFX 4.24.0
2025-10-21 21:15:02,237 [INFO] ThirdParty:1030 - CMSIS Pack Vendor :STMicroelectronics X-CUBE-TOUCHGFX 4.24.2
2025-10-21 21:15:02,237 [INFO] ThirdParty:1030 - CMSIS Pack Vendor :STMicroelectronics X-CUBE-TOUCHGFX 4.24.1
2025-10-21 21:15:02,237 [INFO] ThirdParty:1030 - CMSIS Pack Vendor :STMicroelectronics X-CUBE-STSE01 1.0.0
2025-10-21 21:15:02,237 [INFO] ThirdParty:1030 - CMSIS Pack Vendor :wolfSSL I-CUBE-wolfTPM 3.4.0
2025-10-21 21:15:02,237 [INFO] ThirdParty:1030 - CMSIS Pack Vendor :portGmbH I-Cube-SoM-uGOAL 1.1.0
2025-10-21 21:15:02,237 [INFO] ThirdParty:1030 - CMSIS Pack Vendor :STMicroelectronics X-CUBE-ALS 1.0.1
2025-10-21 21:15:02,237 [INFO] ThirdParty:1030 - CMSIS Pack Vendor :STMicroelectronics X-CUBE-AI 10.2.0
2025-10-21 21:15:02,237 [INFO] ThirdParty:1030 - CMSIS Pack Vendor :STMicroelectronics ThreadX 1.0.0
2025-10-21 21:15:02,237 [INFO] ThirdParty:1030 - CMSIS Pack Vendor :SEGGER I-CUBE-embOS 1.3.1
2025-10-21 21:15:02,237 [INFO] ThirdParty:1030 - CMSIS Pack Vendor :STMicroelectronics X-CUBE-ALGOBUILD 1.4.0
2025-10-21 21:15:02,237 [INFO] ThirdParty:1030 - CMSIS Pack Vendor :STMicroelectronics X-CUBE-MEMS1 11.3.0
2025-10-21 21:15:02,237 [INFO] ThirdParty:1030 - CMSIS Pack Vendor :STMicroelectronics X-CUBE-AZRTOS-H7RS 1.0.0
2025-10-21 21:15:02,238 [INFO] ThirdParty:1030 - CMSIS Pack Vendor :STMicroelectronics FP-ATR-ASTRA1 2.0.0
2025-10-21 21:15:02,238 [INFO] ThirdParty:1030 - CMSIS Pack Vendor :STMicroelectronics X-CUBE-AI 9.1.0
2025-10-21 21:15:02,238 [INFO] ThirdParty:1030 - CMSIS Pack Vendor :STMicroelectronics X-CUBE-TOF1 3.4.0
2025-10-21 21:15:02,238 [INFO] ThirdParty:1030 - CMSIS Pack Vendor :STMicroelectronics X-CUBE-AZRTOS-H7 3.2.0
2025-10-21 21:15:02,238 [INFO] ThirdParty:1030 - CMSIS Pack Vendor :wolfSSL I-CUBE-wolfSSH 1.4.17
2025-10-21 21:15:02,238 [INFO] ThirdParty:841 - exiting critical section [change project]
2025-10-21 21:15:02,916 [INFO] PinOutPanel:1499 - setPackage(No Configuration,No Configuration)
2025-10-21 21:15:02,917 [INFO] PinOutPanel:1499 - setPackage(STM32F446RETx,LQFP64)
2025-10-21 21:15:03,676 [INFO] UtilMem:75 - Before build in PCC Used Memory: 927897312 Bytes (1073741824)
2025-10-21 21:15:04,649 [INFO] UtilMem:75 - After build in PCC Used Memory: 882756256 Bytes (1073741824)
2025-10-21 21:15:04,698 [INFO] IPUIPlugin:80 - create IPUIPlugin
2025-10-21 21:15:04,699 [INFO] IPUIPlugin:80 - create IPUIPlugin
2025-10-21 21:15:04,699 [INFO] IPUIPlugin:80 - create IPUIPlugin
2025-10-21 21:15:04,699 [INFO] IPUIPlugin:80 - create IPUIPlugin
2025-10-21 21:15:04,699 [INFO] IPUIPlugin:80 - create IPUIPlugin
2025-10-21 21:15:04,699 [INFO] IPUIPlugin:80 - create IPUIPlugin
2025-10-21 21:15:04,699 [INFO] IPUIPlugin:80 - create IPUIPlugin
2025-10-21 21:15:04,699 [INFO] IPUIPlugin:80 - create IPUIPlugin
2025-10-21 21:15:04,699 [INFO] IPUIPlugin:80 - create IPUIPlugin
2025-10-21 21:15:04,699 [INFO] IPUIPlugin:80 - create IPUIPlugin
2025-10-21 21:15:04,700 [INFO] IPUIPlugin:80 - create IPUIPlugin
2025-10-21 21:15:04,700 [INFO] IPUIPlugin:80 - create IPUIPlugin
2025-10-21 21:15:04,700 [INFO] IPUIPlugin:80 - create IPUIPlugin
2025-10-21 21:15:04,700 [INFO] IPUIPlugin:80 - create IPUIPlugin
2025-10-21 21:15:04,700 [INFO] IPUIPlugin:80 - create IPUIPlugin
2025-10-21 21:15:04,700 [INFO] IPUIPlugin:80 - create IPUIPlugin
2025-10-21 21:15:04,700 [INFO] IPUIPlugin:80 - create IPUIPlugin
2025-10-21 21:15:04,700 [INFO] IPUIPlugin:80 - create IPUIPlugin
2025-10-21 21:15:04,700 [INFO] IPUIPlugin:80 - create IPUIPlugin
2025-10-21 21:15:04,700 [INFO] IPUIPlugin:80 - create IPUIPlugin
2025-10-21 21:15:04,701 [INFO] IPUIPlugin:80 - create IPUIPlugin
2025-10-21 21:15:04,701 [INFO] IPUIPlugin:80 - create IPUIPlugin
2025-10-21 21:15:04,701 [INFO] IPUIPlugin:80 - create IPUIPlugin
2025-10-21 21:15:04,701 [INFO] IPUIPlugin:80 - create IPUIPlugin
2025-10-21 21:15:04,701 [INFO] IPUIPlugin:80 - create IPUIPlugin
2025-10-21 21:15:04,701 [INFO] IPUIPlugin:80 - create IPUIPlugin
2025-10-21 21:15:04,701 [INFO] IPUIPlugin:80 - create IPUIPlugin
2025-10-21 21:15:04,702 [INFO] IPUIPlugin:80 - create IPUIPlugin
2025-10-21 21:15:04,702 [INFO] IPUIPlugin:80 - create IPUIPlugin
2025-10-21 21:15:04,702 [INFO] IPUIPlugin:80 - create IPUIPlugin
2025-10-21 21:15:04,702 [INFO] IPUIPlugin:80 - create IPUIPlugin
2025-10-21 21:15:04,702 [INFO] IPUIPlugin:80 - create IPUIPlugin
2025-10-21 21:15:04,702 [INFO] IPUIPlugin:80 - create IPUIPlugin
2025-10-21 21:15:04,703 [INFO] IPUIPlugin:80 - create IPUIPlugin
2025-10-21 21:15:04,703 [INFO] IPUIPlugin:80 - create IPUIPlugin
2025-10-21 21:15:04,703 [INFO] IPUIPlugin:80 - create IPUIPlugin
2025-10-21 21:15:04,703 [INFO] IPUIPlugin:80 - create IPUIPlugin
2025-10-21 21:15:04,703 [INFO] IPUIPlugin:80 - create IPUIPlugin
2025-10-21 21:15:04,703 [INFO] IPUIPlugin:80 - create IPUIPlugin
2025-10-21 21:15:04,703 [INFO] IPUIPlugin:80 - create IPUIPlugin
2025-10-21 21:15:04,703 [INFO] IPUIPlugin:80 - create IPUIPlugin
2025-10-21 21:15:04,703 [INFO] IPUIPlugin:80 - create IPUIPlugin
2025-10-21 21:15:04,703 [INFO] IPUIPlugin:80 - create IPUIPlugin
2025-10-21 21:15:04,703 [INFO] IPUIPlugin:80 - create IPUIPlugin
2025-10-21 21:15:04,703 [INFO] IPUIPlugin:80 - create IPUIPlugin
2025-10-21 21:15:04,703 [INFO] IPUIPlugin:80 - create IPUIPlugin
2025-10-21 21:15:04,703 [INFO] IPUIPlugin:80 - create IPUIPlugin
2025-10-21 21:15:04,703 [INFO] IPUIPlugin:80 - create IPUIPlugin
2025-10-21 21:15:04,703 [INFO] IPUIPlugin:80 - create IPUIPlugin
2025-10-21 21:15:04,704 [INFO] IPUIPlugin:80 - create IPUIPlugin
2025-10-21 21:15:04,704 [INFO] IPUIPlugin:80 - create IPUIPlugin
2025-10-21 21:15:04,704 [INFO] IPUIPlugin:80 - create IPUIPlugin
2025-10-21 21:15:04,704 [INFO] IPUIPlugin:80 - create IPUIPlugin
2025-10-21 21:15:04,704 [INFO] IPUIPlugin:80 - create IPUIPlugin
2025-10-21 21:15:04,705 [INFO] IPUIPlugin:80 - create IPUIPlugin
2025-10-21 21:15:04,705 [INFO] IPUIPlugin:80 - create IPUIPlugin
2025-10-21 21:15:04,705 [INFO] IPUIPlugin:80 - create IPUIPlugin
2025-10-21 21:15:04,706 [INFO] IPUIPlugin:80 - create IPUIPlugin
2025-10-21 21:15:04,707 [INFO] IPUIPlugin:80 - create IPUIPlugin
2025-10-21 21:15:04,707 [INFO] IPUIPlugin:80 - create IPUIPlugin
2025-10-21 21:15:04,746 [INFO] ApiDbMcu:507 - Load IP Config File for PDM2PCM
2025-10-21 21:15:05,057 [INFO] CADModel:165 - CPN selected for project levelSTM32F446RET6
2025-10-21 21:15:05,057 [INFO] CADModel:114 - Register for checkConnection events
2025-10-21 21:15:05,104 [INFO] OpenFileManager:328 - Restore cursor
2025-10-21 21:15:06,021 [INFO] UtilMem:75 - End SaveConfig() Used Memory: 852447040 Bytes (1073741824)
2025-10-21 21:15:06,096 [INFO] UtilMem:75 - End SaveConfig() Used Memory: 873408352 Bytes (1073741824)
2025-10-21 21:15:06,846 [INFO] BlockDiagram:2759 - set Specific Code input for plugin: SYS
2025-10-21 21:15:06,846 [INFO] BlockDiagram:2759 - set Specific Code input for plugin: RCC
2025-10-21 21:15:06,846 [INFO] BlockDiagram:2759 - set Specific Code input for plugin: NVIC
2025-10-21 21:15:06,846 [INFO] BlockDiagram:2759 - set Specific Code input for plugin: USART
2025-10-21 21:15:06,847 [INFO] BlockDiagram:2759 - set Specific Code input for plugin: GPIO
2025-10-21 21:15:06,848 [INFO] CodeGenerator:799 - code generatio: config db path: /opt/st/stm32cubeide_1.13.2/plugins/com.st.stm32cube.common.mx_6.9.2.202309101412//db/
2025-10-21 21:15:07,278 [INFO] CodeEngine:255 - oldGeneratedFile, /home/sunbeam/CDAC/Sunbeam_internship/stm32/keypad1.1/MXTmpFiles/license.tmp_save
2025-10-21 21:15:07,912 [INFO] CodeEngine:279 - Generated code: /home/sunbeam/CDAC/Sunbeam_internship/stm32/keypad1.1/MXTmpFiles/license.tmp
2025-10-21 21:15:07,983 [INFO] CodeEngine:255 - oldGeneratedFile, /home/sunbeam/CDAC/Sunbeam_internship/stm32/keypad1.1/MXTmpFiles/gpio.tmp_save
2025-10-21 21:15:08,213 [INFO] CodeEngine:279 - Generated code: /home/sunbeam/CDAC/Sunbeam_internship/stm32/keypad1.1/MXTmpFiles/gpio.tmp
2025-10-21 21:15:08,327 [INFO] CodeEngine:255 - oldGeneratedFile, /home/sunbeam/CDAC/Sunbeam_internship/stm32/keypad1.1/Core/Src/stm32f4xx_it.c_save
2025-10-21 21:15:08,512 [INFO] CodeEngine:279 - Generated code: /home/sunbeam/CDAC/Sunbeam_internship/stm32/keypad1.1/Core/Src/stm32f4xx_it.c
2025-10-21 21:15:08,514 [INFO] CodeEngine:255 - oldGeneratedFile, /home/sunbeam/CDAC/Sunbeam_internship/stm32/keypad1.1/Core/Inc/stm32f4xx_it.h_save
2025-10-21 21:15:08,618 [INFO] CodeEngine:279 - Generated code: /home/sunbeam/CDAC/Sunbeam_internship/stm32/keypad1.1/Core/Inc/stm32f4xx_it.h
2025-10-21 21:15:08,628 [INFO] CodeEngine:255 - oldGeneratedFile, /home/sunbeam/CDAC/Sunbeam_internship/stm32/keypad1.1/Core/Src/stm32f4xx_hal_msp.c_save
2025-10-21 21:15:08,809 [INFO] CodeEngine:279 - Generated code: /home/sunbeam/CDAC/Sunbeam_internship/stm32/keypad1.1/Core/Src/stm32f4xx_hal_msp.c
2025-10-21 21:15:08,816 [INFO] CodeEngine:255 - oldGeneratedFile, /home/sunbeam/CDAC/Sunbeam_internship/stm32/keypad1.1/MXTmpFiles/system.tmp_save
2025-10-21 21:15:08,925 [INFO] CodeEngine:279 - Generated code: /home/sunbeam/CDAC/Sunbeam_internship/stm32/keypad1.1/MXTmpFiles/system.tmp
2025-10-21 21:15:08,934 [INFO] CodeEngine:311 - oldGeneratedFile, /home/sunbeam/CDAC/Sunbeam_internship/stm32/keypad1.1/Core/Inc/stm32f4xx_hal_conf.h_save
2025-10-21 21:15:09,035 [INFO] CodeEngine:335 - Generated code: /home/sunbeam/CDAC/Sunbeam_internship/stm32/keypad1.1/Core/Inc/stm32f4xx_hal_conf.h
2025-10-21 21:15:09,094 [WARN] IPConfigManager:2937 - Warning: the RefConfig PLL2P_FOR_MCO is not available in your config.xml file
2025-10-21 21:15:09,111 [INFO] CodeEngine:255 - oldGeneratedFile, /home/sunbeam/CDAC/Sunbeam_internship/stm32/keypad1.1/Core/Inc/main.h_save
2025-10-21 21:15:09,251 [INFO] CodeEngine:279 - Generated code: /home/sunbeam/CDAC/Sunbeam_internship/stm32/keypad1.1/Core/Inc/main.h
2025-10-21 21:15:09,256 [INFO] CodeEngine:255 - oldGeneratedFile, /home/sunbeam/CDAC/Sunbeam_internship/stm32/keypad1.1/Core/Src/main.c_save
2025-10-21 21:15:09,531 [INFO] CodeEngine:279 - Generated code: /home/sunbeam/CDAC/Sunbeam_internship/stm32/keypad1.1/Core/Src/main.c
2025-10-21 21:15:10,196 [INFO] ProjectBuilder:3064 - Time for Copy HAL[1] : 83mS.
2025-10-21 21:15:10,203 [INFO] ProjectBuilder:4404 - Project Generator version: 4.1.0
2025-10-21 21:15:10,817 [INFO] ConfigFileManager:1457 - The Die is : DIE421
2025-10-21 21:15:10,851 [INFO] ApiDbMcu:507 - Load IP Config File for FATFS
2025-10-21 21:15:10,862 [INFO] ApiDbMcu:507 - Load IP Config File for FREERTOS
2025-10-21 21:15:10,871 [INFO] ApiDbMcu:507 - Load IP Config File for LIBJPEG
2025-10-21 21:15:10,885 [INFO] ApiDbMcu:507 - Load IP Config File for MBEDTLS
2025-10-21 21:15:10,895 [INFO] ApiDbMcu:507 - Load IP Config File for USB_DEVICE
2025-10-21 21:15:10,901 [INFO] ApiDbMcu:507 - Load IP Config File for USB_HOST
2025-10-21 21:15:11,788 [INFO] LogOutputStream:77 - [STDOUT_REDIRECT] 
2025-10-21 21:15:15,323 [INFO] ProjectBuilder:4626 - Time for Generating toolchain IDE Files: 5116mS.
2025-10-21 21:15:15,325 [INFO] ProjectBuilder:2935 - Time for Copy CMSIS : 0mS.
2025-10-21 21:15:15,330 [INFO] ProjectBuilder:2935 - Time for Copy CMSIS : 0mS.
2025-10-21 21:15:16,050 [INFO] McuFinderGlobals:76 - Set McuFinderConnectedMode to true
2025-10-21 21:15:16,058 [INFO] ApiDb:448 - Save user favorites file /home/sunbeam/.stm32cubeide/favorites.mcus.txt: 0 item(s)
2025-10-21 21:15:16,058 [INFO] ApiDb:452 - User favorites MCUs=[]
2025-10-21 21:15:16,060 [INFO] ApiDb:448 - Save user favorites file /home/sunbeam/.stm32cubeide/favorites.boards.txt: 3 item(s)
2025-10-21 21:15:16,060 [INFO] ApiDb:452 - User favorites Boards=[NUCLEO-F446RE, STM32F407G-DISC1, STM32F411E-DISCO]
2025-10-21 21:15:37,937 [INFO] UtilMem:75 - End SaveConfig() Used Memory: 568779536 Bytes (822083584)
2025-10-21 21:15:40,408 [INFO] UtilMem:75 - End SaveConfig() Used Memory: 482565992 Bytes (822083584)
2025-10-21 21:15:43,016 [INFO] UtilMem:75 - End SaveConfig() Used Memory: 485555200 Bytes (822083584)
2025-10-21 21:15:43,229 [INFO] BlockDiagram:2759 - set Specific Code input for plugin: SYS
2025-10-21 21:15:43,230 [INFO] BlockDiagram:2759 - set Specific Code input for plugin: RCC
2025-10-21 21:15:43,230 [INFO] BlockDiagram:2759 - set Specific Code input for plugin: NVIC
2025-10-21 21:15:43,231 [INFO] CodeGenerator:799 - code generatio: config db path: /opt/st/stm32cubeide_1.13.2/plugins/com.st.stm32cube.common.mx_6.9.2.202309101412//db/
2025-10-21 21:15:43,495 [INFO] CodeEngine:255 - oldGeneratedFile, /home/sunbeam/CDAC/Sunbeam_internship/stm32/keypad1.1/MXTmpFiles/license.tmp_save
2025-10-21 21:15:43,628 [INFO] CodeEngine:279 - Generated code: /home/sunbeam/CDAC/Sunbeam_internship/stm32/keypad1.1/MXTmpFiles/license.tmp
2025-10-21 21:15:43,642 [INFO] CodeEngine:255 - oldGeneratedFile, /home/sunbeam/CDAC/Sunbeam_internship/stm32/keypad1.1/Core/Src/stm32f4xx_it.c_save
2025-10-21 21:15:44,008 [INFO] CodeEngine:279 - Generated code: /home/sunbeam/CDAC/Sunbeam_internship/stm32/keypad1.1/Core/Src/stm32f4xx_it.c
2025-10-21 21:15:44,010 [INFO] CodeEngine:255 - oldGeneratedFile, /home/sunbeam/CDAC/Sunbeam_internship/stm32/keypad1.1/Core/Inc/stm32f4xx_it.h_save
2025-10-21 21:15:44,161 [INFO] CodeEngine:279 - Generated code: /home/sunbeam/CDAC/Sunbeam_internship/stm32/keypad1.1/Core/Inc/stm32f4xx_it.h
2025-10-21 21:15:44,167 [INFO] CodeEngine:255 - oldGeneratedFile, /home/sunbeam/CDAC/Sunbeam_internship/stm32/keypad1.1/Core/Src/stm32f4xx_hal_msp.c_save
2025-10-21 21:15:44,320 [INFO] CodeEngine:279 - Generated code: /home/sunbeam/CDAC/Sunbeam_internship/stm32/keypad1.1/Core/Src/stm32f4xx_hal_msp.c
2025-10-21 21:15:44,322 [INFO] CodeEngine:255 - oldGeneratedFile, /home/sunbeam/CDAC/Sunbeam_internship/stm32/keypad1.1/MXTmpFiles/system.tmp_save
2025-10-21 21:15:44,455 [INFO] CodeEngine:279 - Generated code: /home/sunbeam/CDAC/Sunbeam_internship/stm32/keypad1.1/MXTmpFiles/system.tmp
2025-10-21 21:15:44,459 [INFO] CodeEngine:311 - oldGeneratedFile, /home/sunbeam/CDAC/Sunbeam_internship/stm32/keypad1.1/Core/Inc/stm32f4xx_hal_conf.h_save
2025-10-21 21:15:44,580 [INFO] CodeEngine:335 - Generated code: /home/sunbeam/CDAC/Sunbeam_internship/stm32/keypad1.1/Core/Inc/stm32f4xx_hal_conf.h
2025-10-21 21:15:44,607 [WARN] IPConfigManager:2937 - Warning: the RefConfig PLL2P_FOR_MCO is not available in your config.xml file
2025-10-21 21:15:44,618 [INFO] CodeEngine:255 - oldGeneratedFile, /home/sunbeam/CDAC/Sunbeam_internship/stm32/keypad1.1/Core/Inc/main.h_save
2025-10-21 21:15:44,810 [INFO] CodeEngine:279 - Generated code: /home/sunbeam/CDAC/Sunbeam_internship/stm32/keypad1.1/Core/Inc/main.h
2025-10-21 21:15:44,817 [INFO] CodeEngine:255 - oldGeneratedFile, /home/sunbeam/CDAC/Sunbeam_internship/stm32/keypad1.1/Core/Src/main.c_save
2025-10-21 21:15:44,962 [INFO] CodeEngine:279 - Generated code: /home/sunbeam/CDAC/Sunbeam_internship/stm32/keypad1.1/Core/Src/main.c
2025-10-21 21:15:45,496 [INFO] ProjectBuilder:3064 - Time for Copy HAL[1] : 37mS.
2025-10-21 21:15:45,499 [INFO] ProjectBuilder:4404 - Project Generator version: 4.1.0
2025-10-21 21:15:45,862 [INFO] ConfigFileManager:1457 - The Die is : DIE421
2025-10-21 21:15:47,415 [INFO] ProjectBuilder:4626 - Time for Generating toolchain IDE Files: 1916mS.
2025-10-21 21:15:47,416 [INFO] ProjectBuilder:2935 - Time for Copy CMSIS : 1mS.
2025-10-21 21:15:47,416 [INFO] ProjectBuilder:2935 - Time for Copy CMSIS : 0mS.
